claim_id,age,policy_state,policy_deductable,policy_annual_premium,umbrella_limit,insured_sex,insured_education_level,insured_occupation,insured_relationship,capital_gains,capital_loss,incident_type,collision_type,incident_severity,authorities_contacted,incident_hour_of_the_day,number_of_vehicles_involved,property_damage,bodily_injuries,witnesses,police_report_available,total_claim_amount,injury_claim,property_claim,vehicle_claim,auto_make,auto_year,fraud
1,56,FL,2000,1227.0444306950703,0,MALE,Masters,Other-service,other-relative,88864.21138365172,22092.451723886632,Parked Car,Front Collision,Total Loss,Fire,10,4,NO,1,2,YES,14812.346057811936,6043.203897670988,24599.394242473107,3367.2909051801867,Mercedes,2017,0
2,69,CA,1000,748.6618102449136,2000000,FEMALE,High School,Priv-house-serv,other-relative,48384.99700332233,38534.59853801169,Multi-vehicle Collision,Unknown,Major Damage,Police,2,1,NO,2,0,YES,50586.10631795181,29813.10127033088,11521.421482725731,756.7952997224129,BMW,2001,0
3,46,FL,500,1918.5472205004235,5000000,FEMALE,Masters,Priv-house-serv,husband,72842.24872994382,13200.64230359465,Multi-vehicle Collision,Front Collision,Total Loss,Police,2,1,YES,1,1,Unknown,64045.054123438116,14784.752276984576,18296.127547690674,21391.311678007813,BMW,2015,0
4,32,IL,2000,1774.9630572209928,1000000,FEMALE,JD,Other-service,unmarried,31645.457653345766,269.92710918387064,Single Vehicle Collision,Front Collision,Trivial Damage,Police,21,3,YES,2,1,YES,17520.47920706849,17185.980119005577,15064.801674684446,16990.96766788818,Chevrolet,2003,0
5,60,IL,500,1503.5335059936624,5000000,FEMALE,PhD,Protective-serv,husband,34218.64057586574,33425.24505754914,Multi-vehicle Collision,Rear Collision,Total Loss,None,4,4,YES,0,1,NO,86112.85147480998,4992.605565673576,21555.99878910109,31943.45201611969,Ford,2012,1
6,25,IL,500,1193.4433415009107,5000000,FEMALE,College,Protective-serv,wife,19446.351918231376,48631.33022162763,Multi-vehicle Collision,Rear Collision,Total Loss,Police,21,2,YES,2,2,Unknown,53435.341127004656,26830.06826275589,4684.9487696270635,21934.8352241313,Toyota,1998,0
7,38,IL,1000,1117.6483123767628,1000000,FEMALE,College,Handlers-cleaners,other-relative,56194.81099932393,30341.328179429143,Parked Car,Unknown,Major Damage,Police,22,1,YES,0,3,YES,41388.712405454426,6937.9289894733865,27613.231094508563,37499.88871359791,Volkswagen,1996,0
8,56,NY,2000,1476.4602007264311,1000000,FEMALE,PhD,Exec-managerial,wife,31456.415092736523,5996.092946356507,Multi-vehicle Collision,Side Collision,Trivial Damage,None,10,4,YES,1,2,YES,60404.34045624099,5689.4289005860965,19308.98392650106,8247.561555009443,BMW,2018,0
9,36,IL,500,1318.1478041103583,1000000,MALE,High School,Adm-clerical,other-relative,8437.089643850504,16036.654617233653,Vehicle Theft,Side Collision,Total Loss,None,2,1,Unknown,1,3,NO,63677.89444074278,6843.672099609846,8128.611947403218,39610.938445209074,Ford,2022,1
10,40,TX,500,593.4096588228284,1000000,FEMALE,High School,Exec-managerial,other-relative,68500.60866631787,43382.08073601117,Parked Car,Unknown,Minor Damage,Ambulance,12,3,Unknown,2,2,Unknown,4756.936457887517,27588.65107923026,3697.611244141771,12267.8081753282,Dodge,2021,0
11,28,TX,2000,1268.7539731554975,2000000,FEMALE,Masters,Priv-house-serv,own-child,70775.32076053982,11628.40371284143,Parked Car,Unknown,Total Loss,None,20,4,Unknown,0,1,Unknown,99989.3203371524,21085.401215305475,4491.76692438571,25875.746956145584,Toyota,1995,1
12,28,NY,500,1709.6054258492593,2000000,FEMALE,PhD,Priv-house-serv,wife,35999.241877905784,30384.7951748804,Parked Car,Side Collision,Total Loss,Fire,7,4,NO,0,1,YES,36709.997892045314,23057.89183470825,23479.887806883242,20323.221687857727,Volkswagen,2019,0
13,41,IL,500,1188.859816395437,2000000,FEMALE,High School,Priv-house-serv,wife,7672.33994560228,20133.56041269989,Single Vehicle Collision,Front Collision,Trivial Damage,None,19,3,YES,2,1,NO,6623.493367534671,11311.090745527583,17643.30159938874,14703.267849345351,Dodge,2006,0
14,70,IL,2000,577.9348663314026,2000000,MALE,PhD,Exec-managerial,own-child,42629.77174034259,10392.18607098245,Parked Car,Unknown,Total Loss,None,9,2,YES,0,0,NO,85306.15589016376,27275.31044791684,11422.7487215455,6002.712738985141,Ford,2007,1
15,53,IL,2000,1679.4172990760496,0,MALE,JD,Adm-clerical,unmarried,44233.545805021546,40670.34467823398,Multi-vehicle Collision,Front Collision,Minor Damage,Police,1,1,Unknown,0,0,NO,99305.35858162507,23682.238570181693,9987.0253856064,5825.948982362361,Mercedes,2008,0
16,57,FL,2000,802.0456732039615,2000000,MALE,College,Handlers-cleaners,wife,66867.0884897893,37141.563823284516,Vehicle Theft,Unknown,Trivial Damage,Ambulance,3,3,NO,0,3,NO,81727.67166700098,22517.920875219635,25672.740132015904,28604.480181438717,Chevrolet,1999,0
17,41,CA,2000,887.9312523320582,1000000,MALE,College,Exec-managerial,husband,31541.639125868347,33079.55329796327,Parked Car,Unknown,Major Damage,Police,17,4,Unknown,1,0,NO,85262.30774105465,29128.20851018855,26242.87571344383,15416.834627564298,Chevrolet,2021,0
18,20,FL,1000,747.0595301484439,5000000,MALE,College,Adm-clerical,own-child,68259.92797813054,11816.82951343756,Parked Car,Front Collision,Minor Damage,Ambulance,18,3,YES,1,2,NO,62780.54386483537,10985.904923800459,17437.86115257879,38471.269978251235,Volkswagen,2022,0
19,39,CA,2000,995.3225973072463,2000000,MALE,PhD,Protective-serv,wife,87148.85417573883,4892.850135822502,Vehicle Theft,Front Collision,Trivial Damage,Police,3,4,YES,1,2,Unknown,92271.39503298282,18329.209403876433,15736.32196995109,13363.115217000353,Dodge,1997,0
20,70,IL,1000,1635.1272585329525,0,FEMALE,PhD,Protective-serv,unmarried,23748.604236219984,28807.96649129831,Parked Car,Side Collision,Total Loss,Fire,19,3,Unknown,0,3,YES,4055.98589688302,27297.890969316486,24493.441262297147,39349.18700904453,Ford,2022,0
21,19,IL,1000,1279.078789255906,1000000,MALE,Masters,Priv-house-serv,wife,97891.95561198998,27683.891676971667,Single Vehicle Collision,Unknown,Total Loss,Police,8,2,Unknown,1,3,YES,76789.024363943,23726.668295578576,22480.05539383126,8614.218635512878,Ford,2021,1
22,41,FL,1000,807.3219112260688,5000000,MALE,College,Other-service,other-relative,38636.8137136807,9419.25046674365,Multi-vehicle Collision,Rear Collision,Trivial Damage,Police,15,4,YES,0,1,NO,67235.66771924052,16901.36874676845,12009.755499833653,4561.168256126615,Mercedes,1998,0
23,61,FL,500,1816.7451172280612,5000000,FEMALE,Masters,Priv-house-serv,husband,26725.868514706173,2812.334715758624,Vehicle Theft,Rear Collision,Total Loss,Fire,5,3,Unknown,0,0,Unknown,5433.704567138223,2286.4105434059657,2482.16054252571,12846.504474156807,Audi,2011,0
24,47,CA,1000,1819.3727824272937,2000000,MALE,College,Other-service,own-child,42151.11825102905,4035.422709699299,Vehicle Theft,Unknown,Minor Damage,Fire,3,2,YES,2,1,Unknown,54625.3711081597,19581.7031866702,23055.003220883336,35480.599182429265,Chevrolet,2013,0
25,55,TX,1000,1805.8676375690104,5000000,FEMALE,Masters,Adm-clerical,other-relative,9439.747590385916,49638.54932563669,Single Vehicle Collision,Unknown,Total Loss,None,8,2,Unknown,0,0,NO,51748.504402908016,15796.666706035565,5061.030868207313,21113.151807563747,Audi,2005,0
26,19,CA,500,858.1943170723089,2000000,FEMALE,Masters,Protective-serv,unmarried,12570.590651211565,39179.194737144186,Multi-vehicle Collision,Unknown,Major Damage,Police,12,1,NO,1,0,YES,69307.65539515918,5525.413844538793,491.3071943543501,5858.179184519719,Audi,2002,0
27,38,FL,500,1176.8590162714822,2000000,MALE,JD,Exec-managerial,other-relative,41443.40469683314,46099.37379825863,Single Vehicle Collision,Front Collision,Minor Damage,Fire,8,4,YES,1,3,NO,8214.375455112668,26467.59370027792,25299.080256119723,8498.712459361754,Mercedes,2006,0
28,50,FL,500,1977.4844842113125,1000000,FEMALE,Masters,Other-service,other-relative,76244.45219391001,9752.736111818167,Multi-vehicle Collision,Rear Collision,Total Loss,Fire,5,1,NO,0,1,Unknown,80625.239140177,10297.457846962297,17347.615360101558,12794.79615490775,Audi,2012,1
29,29,NY,2000,1658.0187144649856,1000000,MALE,PhD,Adm-clerical,unmarried,90031.2239574491,48028.426816171755,Single Vehicle Collision,Rear Collision,Total Loss,None,20,2,Unknown,1,1,NO,14370.642480144716,11624.396805518909,26749.981066072753,23811.58614360196,Audi,2012,1
30,39,FL,500,540.7511318383397,0,MALE,Masters,Protective-serv,other-relative,66481.79907162709,7132.717573658104,Parked Car,Rear Collision,Total Loss,Ambulance,18,1,NO,0,0,YES,42157.12903945633,20172.04646389232,14537.642495928541,13628.968125166017,Mercedes,2003,1
31,61,NY,500,597.806886890738,1000000,FEMALE,College,Exec-managerial,own-child,10521.955523816972,25454.091428323554,Single Vehicle Collision,Unknown,Total Loss,Fire,13,1,Unknown,2,0,YES,88188.15674641279,14663.96226123723,27794.43302134209,30008.636242528424,BMW,1999,1
32,42,TX,1000,1195.8970652184992,1000000,FEMALE,Masters,Other-service,wife,67201.9762180535,41484.7842208532,Vehicle Theft,Front Collision,Major Damage,Fire,20,3,NO,0,3,Unknown,56272.894746801896,2678.4322883744817,10619.152439365913,24843.595469319214,Audi,2015,0
33,66,CA,500,1863.8303087923402,2000000,MALE,High School,Priv-house-serv,other-relative,63542.7920702972,17490.16772557897,Vehicle Theft,Unknown,Total Loss,Police,14,1,NO,0,2,NO,38269.295918596064,11623.248520657042,21735.660070028785,35016.037625456935,Chevrolet,2011,0
34,44,CA,2000,1308.0526969290713,1000000,FEMALE,College,Priv-house-serv,own-child,80576.39182933312,21241.426658845026,Vehicle Theft,Side Collision,Total Loss,None,2,2,NO,2,1,NO,5296.12308356076,2833.9835381469934,9029.595277853505,20287.99214119489,Mercedes,2007,0
35,59,NY,500,1246.7187620514353,2000000,FEMALE,High School,Priv-house-serv,wife,82524.86666521808,6409.2555149548925,Single Vehicle Collision,Side Collision,Minor Damage,Police,4,1,YES,1,1,Unknown,67391.21496157131,5722.512093701436,34.90992983935293,13581.468356992178,Toyota,2000,0
36,45,CA,2000,658.2105499349459,2000000,MALE,College,Adm-clerical,wife,86820.3075778979,6146.093999948637,Vehicle Theft,Rear Collision,Total Loss,Ambulance,20,4,NO,2,3,NO,98661.40314802501,215.23315051361513,11392.336036468701,39852.72692822656,Audi,2018,1
37,33,FL,500,1485.1701570864411,1000000,MALE,PhD,Priv-house-serv,other-relative,41413.15145790984,30978.41123893298,Vehicle Theft,Unknown,Major Damage,None,17,3,Unknown,2,3,Unknown,91223.7416764591,5439.392444539865,22132.96539327716,14547.516211390552,BMW,2016,0
38,32,IL,500,1733.1547409003383,0,FEMALE,PhD,Handlers-cleaners,own-child,69786.43953521443,33776.61843100283,Parked Car,Side Collision,Total Loss,Police,13,2,Unknown,0,1,NO,71870.95971855609,9913.420619950826,4500.725383395417,17429.804271330227,Chevrolet,2008,1
39,64,NY,500,1070.6300112613435,0,MALE,PhD,Protective-serv,other-relative,26825.035892231073,38866.62570410966,Parked Car,Side Collision,Total Loss,Fire,15,1,YES,0,1,YES,10976.639396466531,16146.55301196884,15144.060996221791,32460.52540164449,Saab,2009,0
40,68,CA,500,1663.4177763879911,5000000,MALE,High School,Adm-clerical,unmarried,99933.62799835042,27834.102634087678,Multi-vehicle Collision,Unknown,Total Loss,Fire,13,4,YES,2,0,Unknown,24324.28929333922,27578.316335481966,6369.64454552145,4001.131238777158,Chevrolet,2017,0
41,61,NY,2000,1946.7149808512174,5000000,MALE,JD,Exec-managerial,wife,17533.424137685994,32287.964613065295,Multi-vehicle Collision,Front Collision,Total Loss,None,8,2,Unknown,1,2,NO,19091.477435602057,16209.806017261657,2238.723642573087,15766.359189311328,Dodge,2008,1
42,72,NY,2000,805.6496886915336,1000000,MALE,College,Priv-house-serv,other-relative,1011.443166083581,675.8635849860028,Multi-vehicle Collision,Unknown,Minor Damage,Fire,14,1,NO,2,1,NO,35868.43320543671,21168.106240930247,18523.559458329488,3885.548690812216,Toyota,1998,0
43,69,IL,1000,1284.9944467921118,0,MALE,PhD,Protective-serv,wife,14880.8714518176,8108.536356859403,Single Vehicle Collision,Unknown,Major Damage,Police,6,3,Unknown,1,3,NO,23933.96416525778,10730.312739173225,28559.028669102092,6002.5817335739375,Ford,2012,0
44,74,FL,2000,930.7069371268633,2000000,MALE,College,Other-service,own-child,77587.22895441267,49245.73830084523,Multi-vehicle Collision,Front Collision,Minor Damage,None,13,1,YES,2,0,Unknown,24821.724874183474,22548.92380701802,9321.126561537512,683.3126071712736,Dodge,1995,0
45,20,NY,500,1689.281628550759,5000000,MALE,High School,Priv-house-serv,husband,44678.36765082115,3799.6753157915896,Single Vehicle Collision,Rear Collision,Major Damage,Fire,5,2,YES,2,0,YES,61864.628569852866,18614.06238154432,17419.37401079851,876.9995570038209,Mercedes,2006,0
46,54,CA,1000,1366.3900488217364,2000000,FEMALE,JD,Protective-serv,other-relative,44750.024781042826,33939.41111301225,Single Vehicle Collision,Rear Collision,Total Loss,Fire,20,2,Unknown,1,3,NO,32210.914268157656,13793.820398245838,28608.101032523835,15521.371635362653,Mercedes,2016,0
47,68,TX,1000,1451.8736263254557,5000000,MALE,High School,Handlers-cleaners,other-relative,95502.29196116685,8804.13165158581,Multi-vehicle Collision,Rear Collision,Total Loss,Ambulance,14,2,NO,2,3,Unknown,67877.70620901107,5813.0638467367735,19514.500499840626,32461.97029543716,Ford,2003,0
48,24,NY,1000,1696.8712394238412,1000000,FEMALE,College,Other-service,wife,91963.49080280743,35835.929288382096,Multi-vehicle Collision,Front Collision,Minor Damage,Ambulance,19,4,NO,0,0,NO,94815.02108504497,9106.227239918968,20193.399069298626,23686.67224337188,Volkswagen,2004,0
49,38,NY,500,1093.9557089936825,0,FEMALE,JD,Handlers-cleaners,own-child,31119.47378040092,35299.52014809967,Single Vehicle Collision,Side Collision,Major Damage,None,7,1,YES,2,3,YES,64028.55270301729,18628.382621272653,5367.855346825077,25579.104743436914,Volkswagen,2015,0
50,26,IL,2000,1872.635102610565,5000000,FEMALE,JD,Exec-managerial,unmarried,20905.812878086617,11709.95298940451,Parked Car,Front Collision,Minor Damage,Ambulance,1,1,Unknown,0,0,YES,75289.83938243194,12781.689730937189,14778.2903655848,21010.344884603015,Ford,2022,0
51,56,FL,500,1299.5433008692098,0,MALE,High School,Protective-serv,own-child,84848.22099337397,13481.719960960208,Vehicle Theft,Unknown,Minor Damage,Police,7,1,Unknown,1,3,YES,75282.25132064238,26681.596702471557,11012.482412617399,32881.82919473707,Mercedes,2012,0
52,35,TX,1000,736.932234253022,2000000,MALE,PhD,Handlers-cleaners,other-relative,90601.90710443632,32738.535680104414,Vehicle Theft,Front Collision,Total Loss,Fire,0,3,YES,1,0,Unknown,33404.927445731446,7045.208146067559,14128.705571730901,35274.95964485388,Chevrolet,2011,1
53,21,CA,500,1543.8486772532037,1000000,FEMALE,College,Exec-managerial,unmarried,54159.69227984869,19504.301939010682,Vehicle Theft,Side Collision,Major Damage,Fire,16,4,Unknown,0,1,NO,1988.320462046832,2192.1795675981693,24024.797293256313,34064.75876174232,Toyota,2013,0
54,42,TX,500,1689.8920256573815,0,MALE,Masters,Protective-serv,own-child,62942.37111171005,9727.398484995565,Parked Car,Side Collision,Minor Damage,Fire,18,4,YES,2,1,Unknown,5977.272317924337,17680.457295164535,13820.969632382948,32579.21817922004,BMW,1998,0
55,31,CA,2000,975.14251560129,1000000,FEMALE,Masters,Protective-serv,husband,25691.428469229337,36583.97993937409,Single Vehicle Collision,Unknown,Minor Damage,None,4,3,NO,0,3,NO,28564.994963013563,26581.525205702277,1885.5203477350524,7717.166405749711,Toyota,2010,0
56,67,FL,2000,1785.7688854981295,0,MALE,High School,Handlers-cleaners,wife,80080.26879785246,7707.376216816708,Multi-vehicle Collision,Rear Collision,Major Damage,None,21,4,NO,0,2,Unknown,69109.54677393101,10942.17088319366,27166.24983452589,23958.110901926233,Ford,2001,0
57,26,CA,1000,1859.2148821486496,2000000,MALE,College,Protective-serv,own-child,63212.242844902314,42782.18320724733,Single Vehicle Collision,Side Collision,Major Damage,Ambulance,19,3,Unknown,1,1,NO,90714.97229550511,19431.340046044952,16344.47662355912,23495.44624588562,Mercedes,2003,0
58,43,IL,500,915.3567310667133,2000000,FEMALE,College,Priv-house-serv,own-child,50351.35112979966,25733.476202591377,Single Vehicle Collision,Side Collision,Minor Damage,Fire,15,2,NO,0,0,Unknown,95900.42708797926,6942.378665314459,27734.83075590876,21353.78814803182,Volkswagen,2002,0
59,70,IL,500,1975.282209072833,1000000,FEMALE,High School,Protective-serv,husband,6010.855607839582,5285.030193965034,Multi-vehicle Collision,Side Collision,Total Loss,Fire,6,2,NO,2,2,NO,3071.942052087308,16754.15765018065,17170.63536082873,19492.105177222256,Mercedes,2019,1
60,19,IL,2000,711.0672920731377,2000000,FEMALE,College,Adm-clerical,other-relative,91593.49625111537,34703.61667654922,Parked Car,Unknown,Total Loss,Fire,6,4,YES,0,0,Unknown,99013.68094046073,23603.763025879594,2089.089479251818,4022.233848862148,Volkswagen,2001,1
61,37,IL,500,803.0235026037349,5000000,MALE,PhD,Exec-managerial,wife,61545.1420384406,25958.151978727023,Vehicle Theft,Side Collision,Total Loss,Fire,17,2,YES,1,0,YES,32588.47322649103,26010.947963300518,16586.081805773138,4535.447739295767,Toyota,2004,0
62,45,TX,500,776.3372588570392,0,FEMALE,High School,Protective-serv,own-child,19269.109469296796,14902.878589740476,Vehicle Theft,Rear Collision,Major Damage,Fire,17,2,Unknown,2,1,Unknown,84374.14470939396,3153.5738955719007,17272.16797478042,36140.12203240462,Dodge,2002,0
63,64,FL,500,1840.9845650118057,2000000,MALE,PhD,Adm-clerical,unmarried,60638.61169830528,21126.96901119274,Single Vehicle Collision,Unknown,Minor Damage,Police,1,2,YES,1,3,YES,18439.398339329648,10691.235488797363,6430.196380289268,25392.364345287348,Chevrolet,2018,0
64,24,CA,2000,1481.4388284874428,5000000,MALE,College,Protective-serv,own-child,67746.33542399734,14916.887179374939,Parked Car,Rear Collision,Major Damage,Fire,14,1,Unknown,0,3,YES,6758.376631882489,19189.333258076105,14130.872523131302,10861.529972671253,Toyota,2011,0
65,61,CA,1000,728.1564248334093,1000000,MALE,High School,Protective-serv,wife,52577.03366832255,13151.291787139202,Vehicle Theft,Side Collision,Total Loss,Police,13,2,Unknown,0,0,NO,38146.36469423741,1041.6860428095665,13783.24535620954,11532.365373931521,Chevrolet,2006,0
66,25,IL,1000,1160.4851275525234,5000000,FEMALE,College,Handlers-cleaners,own-child,71810.17379560226,8180.42104218561,Parked Car,Side Collision,Total Loss,Fire,17,1,YES,1,1,YES,85963.07615880396,20718.45600452481,18686.28447061811,24602.69585012089,Audi,2008,1
67,64,IL,500,1422.947037604703,1000000,FEMALE,High School,Priv-house-serv,husband,58145.394792862426,18138.356656873795,Multi-vehicle Collision,Rear Collision,Total Loss,None,8,3,NO,1,0,YES,22472.079129842696,15841.016484114814,7788.422960217611,16573.93149810865,Toyota,2006,0
68,52,NY,1000,625.196127484075,1000000,FEMALE,College,Exec-managerial,own-child,94776.95820321482,12549.360315803537,Single Vehicle Collision,Unknown,Trivial Damage,None,13,3,NO,2,2,NO,15818.753912308297,8656.988376600793,17452.452538445814,17932.304753911234,Saab,2019,0
69,31,FL,2000,1823.624552611008,0,MALE,PhD,Priv-house-serv,own-child,5369.707859930683,34171.724352695855,Single Vehicle Collision,Unknown,Minor Damage,Police,4,3,NO,1,0,Unknown,91025.53073054395,24439.633517821516,7228.561279108284,2895.674626070051,Saab,1996,1
70,34,TX,2000,1705.4053031623027,0,MALE,PhD,Other-service,unmarried,10624.57084695605,34193.837058165314,Parked Car,Rear Collision,Minor Damage,Fire,10,3,NO,1,1,Unknown,93864.55166083518,8701.521368873255,13393.3581661172,5980.197890834917,Chevrolet,2006,0
71,53,CA,1000,1257.8101603649575,5000000,FEMALE,College,Handlers-cleaners,husband,17367.163695433985,25092.01212778192,Vehicle Theft,Side Collision,Minor Damage,None,7,3,Unknown,0,0,YES,1748.5458192964381,29742.451386114102,3681.1709801192105,16037.341849264672,Audi,2021,0
72,67,NY,1000,1950.6899228887557,0,MALE,High School,Handlers-cleaners,husband,69017.10706043322,38897.22637351605,Parked Car,Front Collision,Trivial Damage,None,4,2,NO,0,1,Unknown,72879.85587284042,24491.105673400212,1119.0164358443456,28137.61358742335,Chevrolet,2008,0
73,57,NY,500,1126.6414689126495,0,MALE,Masters,Priv-house-serv,own-child,64559.58727498087,42066.98595030241,Multi-vehicle Collision,Rear Collision,Major Damage,Fire,10,2,Unknown,1,3,YES,31266.169784668,21239.41504149263,9617.619179752017,2397.0028101965695,Ford,2001,0
74,21,CA,1000,1976.1654785547466,0,FEMALE,PhD,Handlers-cleaners,unmarried,89205.88602096941,28988.322871713655,Vehicle Theft,Rear Collision,Total Loss,Fire,4,2,YES,1,1,Unknown,37783.08481173537,1840.4267388793805,8237.152519492245,13715.032816827787,Saab,2023,1
75,19,TX,500,1501.8799982054406,5000000,FEMALE,PhD,Priv-house-serv,own-child,73287.74528838984,30946.75813817169,Vehicle Theft,Rear Collision,Minor Damage,None,16,3,YES,0,2,Unknown,47175.746007673246,27129.311159618206,12208.077360940402,27955.34210141338,Mercedes,2020,0
76,23,NY,500,1452.0069098809122,2000000,FEMALE,Masters,Handlers-cleaners,own-child,50835.548756459226,14144.29548931826,Parked Car,Side Collision,Major Damage,Fire,21,3,Unknown,2,1,Unknown,42965.70153236469,23701.65917212653,28859.478600010192,31786.006222786506,Chevrolet,2020,0
77,71,NY,2000,748.9323429436774,0,MALE,College,Protective-serv,wife,99183.17924636303,44743.46003527599,Multi-vehicle Collision,Unknown,Major Damage,Ambulance,3,1,NO,2,2,YES,51739.89160571947,6870.752378754068,15666.878843109853,8013.717811764876,Chevrolet,2007,0
78,59,FL,2000,1822.891637456966,0,MALE,High School,Priv-house-serv,wife,26610.795616929918,1210.3022211264913,Vehicle Theft,Side Collision,Total Loss,Fire,14,4,Unknown,2,2,NO,58444.99071613162,11767.44543980667,16595.301184102696,29393.741709791557,BMW,2015,0
79,21,TX,2000,1141.2345318809228,5000000,MALE,College,Priv-house-serv,unmarried,83319.1659785454,17430.123472142284,Single Vehicle Collision,Rear Collision,Total Loss,None,18,2,NO,2,0,Unknown,46826.75273137346,8058.946548574286,28248.03116362123,38238.761916121664,BMW,1998,0
80,71,NY,2000,743.350108673719,2000000,MALE,JD,Adm-clerical,other-relative,42679.03721939193,36090.0210774928,Multi-vehicle Collision,Side Collision,Minor Damage,None,21,4,NO,0,2,Unknown,70305.572278707,29532.481025431996,27634.414127754993,36319.07992880971,Volkswagen,1995,0
81,46,TX,1000,518.9112799636385,0,MALE,PhD,Handlers-cleaners,wife,64873.51388757342,4004.475483558062,Vehicle Theft,Side Collision,Total Loss,Police,1,3,Unknown,1,1,Unknown,72000.86545279314,25625.893344166783,26523.358617012535,31680.3550564116,Audi,2011,1
82,35,CA,2000,1339.6335254575738,1000000,FEMALE,JD,Handlers-cleaners,other-relative,72726.8470452434,9158.476371414632,Parked Car,Rear Collision,Major Damage,Ambulance,23,3,Unknown,2,3,YES,44315.74014390641,27906.759080853077,2939.842260891391,28636.90409863286,Saab,1997,0
83,43,IL,1000,1291.0994331840145,5000000,MALE,PhD,Priv-house-serv,husband,63375.408719033636,29464.286393142556,Vehicle Theft,Side Collision,Minor Damage,None,16,3,NO,0,1,NO,14675.083234667303,23663.227091262896,19028.92231560991,9787.963166780928,Saab,2011,0
84,61,NY,2000,1579.0304335537378,0,MALE,PhD,Protective-serv,wife,14050.730310859328,27999.683573177896,Single Vehicle Collision,Front Collision,Total Loss,Ambulance,11,4,Unknown,1,3,YES,64243.57267135221,13690.447232107426,24242.969414805353,25539.177468400438,BMW,2002,0
85,51,FL,1000,1835.3870795267032,0,MALE,JD,Protective-serv,wife,44295.101074793274,36946.41480654775,Multi-vehicle Collision,Side Collision,Minor Damage,Fire,23,1,NO,2,2,Unknown,77409.19287889554,6163.027494440552,25067.240687312846,25909.322755506688,Chevrolet,1997,0
86,27,CA,500,619.1098769645442,1000000,FEMALE,JD,Exec-managerial,unmarried,56143.837793312436,40630.63195440859,Vehicle Theft,Side Collision,Major Damage,None,16,3,Unknown,1,0,YES,63991.897359792994,6242.404707292014,17337.214275056882,16569.442617661174,Chevrolet,2021,0
87,53,TX,1000,1597.2447355105435,1000000,FEMALE,College,Protective-serv,other-relative,84904.37591785968,6428.978925583456,Single Vehicle Collision,Unknown,Total Loss,Police,9,1,YES,2,2,Unknown,59011.44920175815,4550.48545100031,524.8664245850731,19974.110737187035,Saab,2004,0
88,31,CA,1000,781.1179161463733,5000000,FEMALE,JD,Handlers-cleaners,wife,44364.57487985723,919.0494887621026,Vehicle Theft,Unknown,Minor Damage,None,17,1,NO,1,2,Unknown,23326.49312784333,16399.48650910191,29211.38704925205,27914.125282900917,Audi,1996,0
89,48,NY,2000,1787.2655797357459,5000000,MALE,College,Adm-clerical,wife,91874.73048042515,34481.92598294531,Vehicle Theft,Rear Collision,Total Loss,Police,18,2,YES,2,3,YES,64691.135561516196,27598.995685909278,14165.901082743643,38108.010660561675,Dodge,2016,0
90,65,TX,1000,1728.5952707924841,1000000,FEMALE,College,Priv-house-serv,unmarried,44037.42230252107,15069.58978831796,Multi-vehicle Collision,Rear Collision,Total Loss,Ambulance,17,4,Unknown,2,1,Unknown,33818.19335033309,29753.942101372988,11807.876858207945,12164.595233420749,Ford,1998,0
91,32,IL,500,1311.1906324783167,5000000,FEMALE,College,Other-service,unmarried,54877.98592630117,31299.19569589768,Parked Car,Unknown,Minor Damage,Police,12,3,YES,1,0,Unknown,91996.10684992187,8618.994001102945,11848.46141031789,10231.344502318861,Saab,2023,0
92,25,CA,500,1565.3641979349673,1000000,FEMALE,PhD,Adm-clerical,other-relative,79628.5682942801,7527.229403111235,Parked Car,Front Collision,Major Damage,Fire,13,1,Unknown,1,0,NO,65545.14922961808,20919.43620890188,12724.526401747995,24271.37224580543,Volkswagen,2023,0
93,31,NY,2000,971.5251697756225,0,MALE,PhD,Other-service,husband,58306.768442214365,23452.002333298144,Single Vehicle Collision,Side Collision,Minor Damage,Fire,23,4,NO,1,0,YES,28178.877832476115,17912.940468311335,7265.42154518259,5666.564901933717,Dodge,2008,0
94,40,FL,500,1206.751848399222,1000000,FEMALE,JD,Adm-clerical,husband,96021.80723828246,25221.237303171845,Single Vehicle Collision,Front Collision,Total Loss,Fire,15,4,Unknown,0,0,YES,47556.227481711045,14668.083506289333,9820.008772494895,23510.046804268648,Saab,2005,1
95,74,TX,1000,1732.4553465657075,1000000,MALE,PhD,Protective-serv,own-child,66033.58305141276,29253.890818660806,Single Vehicle Collision,Front Collision,Minor Damage,None,17,3,Unknown,0,1,Unknown,84734.83695056192,19973.059314361242,29560.728293242177,4009.6336603215173,BMW,2008,0
96,57,CA,500,1188.8977957598208,2000000,MALE,JD,Handlers-cleaners,wife,52270.945406760104,25658.50081652822,Multi-vehicle Collision,Unknown,Minor Damage,Fire,17,2,NO,1,0,Unknown,33878.663142673424,11140.890569402069,11045.040007682826,19878.063244378096,Saab,2007,0
97,38,CA,2000,1036.6973979881627,1000000,FEMALE,PhD,Other-service,other-relative,2359.1967780795862,24784.538511435694,Parked Car,Rear Collision,Minor Damage,Fire,15,2,Unknown,0,3,YES,52781.33673016192,28334.543252803487,15801.75049421367,25006.36780118458,Dodge,2021,0
98,33,IL,1000,1241.3186708754497,1000000,MALE,High School,Adm-clerical,wife,41373.28975803298,16636.707699192775,Single Vehicle Collision,Side Collision,Minor Damage,None,16,1,NO,2,3,YES,68127.1623385265,21163.46603119011,25448.827979256555,3269.3307512772535,Ford,2023,0
99,62,IL,2000,1742.3738786558276,2000000,FEMALE,High School,Handlers-cleaners,other-relative,29924.841926016044,3559.011815904312,Single Vehicle Collision,Rear Collision,Total Loss,Ambulance,6,2,Unknown,1,0,YES,75575.6692132608,22626.032759773345,15822.834333265904,8674.649501970856,Chevrolet,1998,0
100,35,FL,1000,1002.8120710563092,5000000,MALE,JD,Other-service,other-relative,74810.56678874893,4476.009839842116,Vehicle Theft,Front Collision,Minor Damage,Fire,11,2,NO,0,0,Unknown,17802.271418942113,7272.662850182218,9733.602648545027,13747.284252741234,Toyota,1996,0
101,64,FL,500,760.6423897036157,2000000,FEMALE,PhD,Priv-house-serv,other-relative,20827.76751535458,21688.913720357683,Vehicle Theft,Front Collision,Major Damage,Fire,1,2,YES,1,1,NO,56732.65431539026,5057.460104928583,15712.529307555904,15059.648459853279,BMW,1996,0
102,70,NY,2000,1568.021030496171,0,FEMALE,PhD,Adm-clerical,wife,20522.00872940718,17789.65639104965,Single Vehicle Collision,Rear Collision,Minor Damage,None,9,4,Unknown,2,1,NO,91263.89009937203,11830.22379282969,3422.5893131729235,27206.13340853926,Dodge,2005,0
103,41,NY,2000,1738.9673190621227,2000000,FEMALE,College,Priv-house-serv,unmarried,18951.90432373768,25806.74023372489,Vehicle Theft,Rear Collision,Minor Damage,Ambulance,4,3,Unknown,2,0,Unknown,96851.79826021455,23000.17456008462,3900.2086569830954,21396.3429521012,Volkswagen,2016,0
104,43,FL,1000,650.9562177852999,0,MALE,Masters,Protective-serv,wife,12561.561315623592,15241.908462813348,Vehicle Theft,Unknown,Total Loss,Ambulance,20,4,Unknown,0,1,Unknown,65786.43173465614,28163.877292585727,20823.22596692007,15593.284577060413,Volkswagen,1999,0
105,42,FL,2000,859.811169133917,5000000,FEMALE,JD,Priv-house-serv,other-relative,31100.70036708874,34395.504572766215,Vehicle Theft,Rear Collision,Major Damage,Ambulance,2,4,NO,2,2,Unknown,98374.25001391857,12819.894779220234,27523.819717792372,18301.712046495177,Mercedes,2003,0
106,62,TX,1000,712.9579846414908,2000000,MALE,Masters,Priv-house-serv,own-child,88592.21144434251,43197.74110047553,Multi-vehicle Collision,Rear Collision,Total Loss,None,18,3,Unknown,1,0,YES,57288.15727312601,23224.70377491498,21770.344004655548,1012.5784906844492,Toyota,2014,1
107,58,IL,1000,1021.9121173732499,2000000,FEMALE,Masters,Exec-managerial,husband,77492.8472305955,14943.159439343384,Single Vehicle Collision,Unknown,Major Damage,Police,12,4,NO,0,1,Unknown,44539.20046320286,14112.228584004286,2238.397219720716,30935.748532651385,Saab,2015,0
108,46,NY,1000,1175.526468358119,5000000,MALE,JD,Adm-clerical,other-relative,73525.12163067935,9649.20039695143,Single Vehicle Collision,Rear Collision,Minor Damage,Police,11,1,Unknown,1,3,YES,55382.95216535047,8856.847486663914,12086.86833093017,2119.685203443907,Mercedes,2011,0
109,32,IL,1000,1623.2395054449596,0,MALE,PhD,Protective-serv,own-child,79733.68056499626,5809.028712704456,Vehicle Theft,Front Collision,Major Damage,Fire,2,1,YES,1,0,NO,12013.383229220448,22177.954521775428,76.607648041912,33258.040970441354,Volkswagen,2006,0
110,62,IL,500,1476.7213773225112,2000000,FEMALE,JD,Priv-house-serv,unmarried,26941.788932957166,30812.70202854062,Multi-vehicle Collision,Rear Collision,Minor Damage,Fire,5,4,Unknown,1,0,Unknown,40470.73400869608,23946.06401943982,15336.202299768986,21869.362595881837,Saab,2022,0
111,18,FL,1000,1431.3928512176467,0,FEMALE,Masters,Handlers-cleaners,other-relative,88744.16907524878,22192.79955702847,Vehicle Theft,Side Collision,Minor Damage,Fire,13,2,YES,2,3,Unknown,46111.3027765376,6085.223822420407,5796.134546455542,21348.85805336842,Mercedes,2012,0
112,42,TX,2000,1028.5624199144816,2000000,FEMALE,PhD,Other-service,own-child,13730.33751416044,9400.785859814448,Multi-vehicle Collision,Front Collision,Total Loss,Police,3,4,NO,1,3,YES,84938.46597273732,9155.08506135992,26044.3994618597,28330.855797041375,Saab,1997,1
113,24,CA,500,1762.1713296271398,1000000,FEMALE,High School,Priv-house-serv,other-relative,33634.57267155819,32656.83666459277,Single Vehicle Collision,Unknown,Total Loss,None,12,2,YES,2,1,YES,75985.5349778735,14843.305304209867,3130.051586072472,34452.601539811876,Ford,1999,1
114,26,TX,2000,1206.9307510972467,2000000,FEMALE,JD,Protective-serv,wife,58674.81189673429,7424.15915026422,Vehicle Theft,Front Collision,Trivial Damage,Fire,18,4,Unknown,1,3,YES,60341.94522986768,5595.654893006301,43.001959410912114,37734.52278594674,Toyota,2022,0
115,41,TX,500,1968.6574070227318,5000000,MALE,JD,Priv-house-serv,own-child,10290.508834200064,27715.035292397628,Single Vehicle Collision,Unknown,Minor Damage,None,17,1,Unknown,2,2,NO,35054.08487018886,27865.028962613775,13534.381293412811,21963.1105461374,BMW,2015,0
116,18,IL,1000,1451.2132074436054,5000000,FEMALE,PhD,Other-service,wife,73013.01877764249,26357.419081263233,Multi-vehicle Collision,Side Collision,Trivial Damage,Fire,2,2,NO,2,0,NO,19109.94127641938,17740.017376822452,4662.999117772175,6451.000163562271,BMW,2014,0
117,61,TX,500,689.397112346754,0,FEMALE,High School,Protective-serv,wife,38724.6048203475,36711.39005930417,Parked Car,Side Collision,Total Loss,None,19,1,Unknown,2,2,Unknown,35102.61958100548,3636.09832115078,22139.59146825485,35205.921583833784,BMW,2008,0
118,25,NY,500,1514.266343113151,2000000,MALE,High School,Adm-clerical,own-child,78440.56656084,2755.481997033338,Multi-vehicle Collision,Front Collision,Total Loss,None,5,4,Unknown,1,1,Unknown,68140.50506043361,5520.8959404738625,27598.041953441847,2106.5447256195393,Volkswagen,2010,0
119,41,IL,2000,987.6560231475485,0,FEMALE,PhD,Protective-serv,husband,49289.628558460274,44393.64659256652,Parked Car,Rear Collision,Minor Damage,Police,15,3,NO,1,3,YES,26672.261008960795,28630.660359745332,1258.140429077015,32389.818243432423,Ford,2020,0
120,28,NY,2000,1529.490795029146,0,FEMALE,College,Adm-clerical,own-child,18087.452442533635,35149.58630734097,Single Vehicle Collision,Front Collision,Minor Damage,None,19,2,NO,2,0,NO,42975.22622306201,22145.05757089855,11867.463357482902,27376.6542438131,Toyota,2013,0
121,68,CA,1000,604.4617222436086,1000000,MALE,JD,Protective-serv,husband,73476.18113553444,10806.299917438111,Single Vehicle Collision,Front Collision,Trivial Damage,Ambulance,23,2,YES,1,3,Unknown,38983.63837072736,22032.152535149584,29904.44928212849,36236.74049320637,Dodge,2003,0
122,34,IL,500,762.322155763939,1000000,FEMALE,JD,Other-service,other-relative,25214.395583894355,9170.267430486983,Vehicle Theft,Side Collision,Total Loss,Police,2,4,NO,2,3,YES,76676.2113472105,2174.957820151636,21980.159100020057,35949.79443477415,Audi,2011,1
123,25,CA,500,1783.6058883586795,5000000,FEMALE,Masters,Other-service,other-relative,49081.03012680428,21583.010707189173,Parked Car,Unknown,Total Loss,Fire,11,4,Unknown,1,1,YES,88436.81269488437,26858.96513126841,28595.629311174212,2599.5863747646467,Dodge,2016,1
124,52,IL,500,840.7693355352724,0,FEMALE,PhD,Protective-serv,own-child,7553.326915690761,40878.266477229845,Multi-vehicle Collision,Front Collision,Trivial Damage,Police,18,2,NO,2,1,NO,70087.4102026922,13312.060876758138,4922.498556484667,24573.13308343905,BMW,2001,0
125,52,FL,1000,1755.56168786441,5000000,MALE,Masters,Priv-house-serv,other-relative,61786.66544120367,42147.499656955355,Single Vehicle Collision,Rear Collision,Minor Damage,Ambulance,18,3,Unknown,2,1,NO,34489.4249628369,19791.519679197787,6641.056784758606,5424.52247914397,Dodge,2004,0
126,50,TX,1000,918.9141326816157,2000000,FEMALE,Masters,Other-service,unmarried,66585.77662162772,26022.80460696915,Parked Car,Side Collision,Total Loss,Ambulance,23,4,YES,0,1,Unknown,43601.116373100784,28790.67657342042,4644.337217904778,3599.510163890162,Saab,1998,1
127,22,FL,1000,1464.3228650880615,0,MALE,High School,Adm-clerical,wife,37867.42099727836,43040.54313433687,Multi-vehicle Collision,Front Collision,Total Loss,None,3,4,NO,1,0,Unknown,14763.34032834528,3000.3714106967072,9071.071013278148,18206.947260313857,Saab,2004,0
128,59,CA,1000,1541.2258602647464,0,FEMALE,JD,Adm-clerical,wife,95442.27803210738,272.18545958452853,Parked Car,Front Collision,Minor Damage,Ambulance,0,4,Unknown,1,2,YES,17225.69605277768,14468.293784597361,21731.522049871557,4355.102824025255,Dodge,1997,0
129,56,TX,1000,1268.9821297175795,2000000,MALE,Masters,Handlers-cleaners,husband,87416.89214820684,1758.7315765798305,Multi-vehicle Collision,Rear Collision,Minor Damage,Ambulance,1,3,NO,0,2,YES,16847.11046888824,1488.3820998579533,4948.399822745646,29252.144132947415,Chevrolet,2018,0
130,58,IL,2000,957.9660150450969,2000000,FEMALE,High School,Exec-managerial,other-relative,70794.09157399947,45591.07968183714,Multi-vehicle Collision,Front Collision,Total Loss,Ambulance,12,2,NO,2,0,YES,13493.342577350366,14986.362699711462,15727.021136498655,38773.158065050186,Mercedes,2003,1
131,45,TX,500,818.9665645566442,5000000,MALE,PhD,Exec-managerial,husband,71365.20744937427,38766.5964942958,Multi-vehicle Collision,Front Collision,Total Loss,Ambulance,12,1,NO,2,3,Unknown,18368.33223665845,7567.782314627132,8076.297573431942,22998.526832432162,Audi,2007,0
132,24,NY,500,549.7840318436394,5000000,MALE,Masters,Exec-managerial,wife,25240.171494215123,22535.302912519284,Multi-vehicle Collision,Front Collision,Major Damage,Fire,1,4,NO,0,0,NO,20667.476156546585,27331.96587821612,24875.87337410746,9789.17034768662,Volkswagen,1995,0
133,26,TX,500,955.9196018610858,2000000,MALE,JD,Adm-clerical,wife,65681.52310884489,37680.50657389936,Parked Car,Front Collision,Minor Damage,Fire,18,3,YES,0,2,Unknown,11628.671407864475,11954.774828192605,197.77216016817033,33806.65246525312,Dodge,2009,0
134,25,NY,500,1479.7441857969245,5000000,MALE,Masters,Handlers-cleaners,other-relative,19820.626523551964,47781.97308617108,Parked Car,Rear Collision,Trivial Damage,Police,21,2,Unknown,2,2,NO,64205.94182748059,19016.173381562374,6693.448756160004,34197.58330973602,Toyota,2009,0
135,29,TX,500,1907.457227672724,2000000,MALE,PhD,Exec-managerial,unmarried,14400.322391982212,38604.47619406425,Vehicle Theft,Front Collision,Minor Damage,None,23,2,NO,1,0,Unknown,99044.95269092885,25808.617944436468,18157.22272716546,29445.04590839358,Chevrolet,2005,0
136,51,NY,500,1806.806723394578,0,MALE,Masters,Exec-managerial,unmarried,99946.78942025802,42118.5666909161,Parked Car,Front Collision,Total Loss,Fire,15,3,Unknown,0,1,Unknown,87979.08109289948,29510.755752515295,2901.315059215277,24797.72130012736,Ford,2022,1
137,50,CA,500,1649.0971648029538,0,FEMALE,JD,Protective-serv,other-relative,62237.59314731741,38030.32906950309,Parked Car,Front Collision,Total Loss,Ambulance,11,4,YES,0,3,NO,5037.471020695578,15114.581109856379,13989.366478379688,34777.8019626931,Chevrolet,2004,0
138,65,FL,500,1682.671014879948,1000000,FEMALE,High School,Protective-serv,other-relative,43098.78726571905,8410.55462167708,Vehicle Theft,Side Collision,Minor Damage,None,0,1,Unknown,0,0,Unknown,42594.351515074115,13672.731085843678,13086.21889447109,6950.021438903583,Audi,2019,1
139,72,IL,2000,1497.4773552139927,0,MALE,JD,Protective-serv,husband,28816.452288395132,41678.70548228684,Parked Car,Rear Collision,Minor Damage,Fire,8,4,Unknown,0,2,Unknown,86001.40263366085,2272.1893588937614,25575.69020465291,37298.204990589766,Toyota,2001,0
140,40,TX,500,890.4302863490045,2000000,MALE,High School,Priv-house-serv,other-relative,60392.04436622274,9755.441001210502,Multi-vehicle Collision,Side Collision,Major Damage,Police,16,2,YES,0,1,YES,13900.144390203644,382.16830011645106,18761.9157950044,37914.524393817446,Chevrolet,1995,0
141,41,FL,2000,1860.7925460587448,5000000,MALE,College,Exec-managerial,unmarried,4959.350822008612,44630.56640220735,Single Vehicle Collision,Side Collision,Major Damage,Ambulance,9,1,NO,0,3,NO,84840.69209187826,18264.062774954884,19191.06186477308,34943.69877288677,Volkswagen,2001,0
142,54,IL,1000,1506.098467858751,1000000,MALE,JD,Priv-house-serv,other-relative,9468.099050479506,22932.494904053798,Single Vehicle Collision,Rear Collision,Minor Damage,None,17,4,Unknown,2,2,NO,59473.713464870976,1963.9305644293804,28554.22805367498,10401.150371102949,Mercedes,1999,0
143,52,IL,500,1340.6609464706598,5000000,FEMALE,JD,Handlers-cleaners,husband,3285.6697740396344,33848.83761555143,Vehicle Theft,Side Collision,Total Loss,Fire,18,1,Unknown,2,3,YES,93164.20598331312,11411.368111154197,29470.81125970125,34398.04625926985,Toyota,2020,1
144,61,NY,1000,666.4842038202216,2000000,MALE,PhD,Adm-clerical,husband,49916.98332626617,24862.042394032174,Parked Car,Side Collision,Total Loss,None,6,3,NO,0,1,NO,87665.8918693103,108.19308319384491,19601.841964585157,20156.709367588825,Saab,2023,1
145,57,CA,1000,1170.583315709638,0,FEMALE,Masters,Exec-managerial,husband,60060.662918718255,4699.5464708301015,Parked Car,Side Collision,Minor Damage,Fire,18,4,NO,2,2,YES,67864.91504484239,18456.824968970122,15660.043504561627,23999.744377332598,Volkswagen,2023,0
146,39,CA,1000,1190.5374068028896,1000000,FEMALE,High School,Adm-clerical,husband,6247.976135782085,14536.115381033254,Vehicle Theft,Rear Collision,Total Loss,Police,23,2,Unknown,1,1,NO,65953.3546573332,12762.454813214887,18237.601753946394,33703.724588913734,BMW,2017,0
147,44,FL,2000,1796.845414284005,2000000,MALE,High School,Protective-serv,own-child,72122.44674989165,49186.5926998503,Single Vehicle Collision,Front Collision,Major Damage,Ambulance,14,2,YES,1,0,NO,21709.83813799486,3810.6230935886356,11473.311151624812,1668.522359536882,Ford,2010,0
148,52,CA,1000,1319.9723302816828,1000000,MALE,PhD,Exec-managerial,other-relative,23039.50715145644,48035.73758349087,Multi-vehicle Collision,Unknown,Total Loss,Police,8,1,NO,0,0,NO,12116.92023222185,8891.028205224662,29623.69850880232,14836.232390938007,Audi,2022,0
149,18,TX,1000,1070.6008234556143,1000000,FEMALE,PhD,Other-service,wife,68520.1453769866,16024.344882777365,Parked Car,Unknown,Trivial Damage,Ambulance,9,3,NO,1,3,NO,41831.64628189544,17089.820969157736,21150.637784905764,32719.888401156393,Audi,2019,0
150,52,CA,1000,1965.200492765989,0,FEMALE,Masters,Priv-house-serv,other-relative,98189.71400352457,49814.84021226129,Vehicle Theft,Rear Collision,Minor Damage,Ambulance,22,4,YES,1,1,YES,19064.71392956591,19701.40104029931,8730.20383137494,32651.21396016806,Dodge,2002,0
151,54,FL,500,666.0808899894735,2000000,MALE,Masters,Priv-house-serv,own-child,69110.58700538511,42277.55977484498,Multi-vehicle Collision,Unknown,Total Loss,None,19,3,Unknown,2,1,YES,10690.463408937016,13870.076389903405,1732.9889691620526,34023.17311187585,Audi,2016,0
152,64,CA,500,1133.822642467917,5000000,MALE,JD,Exec-managerial,husband,88319.30529236085,30547.974971612733,Vehicle Theft,Rear Collision,Total Loss,Fire,19,3,NO,2,3,NO,30581.509960652904,24118.773482728375,1341.6578745590346,7184.028055509905,Audi,1996,1
153,31,TX,2000,563.037012757108,1000000,MALE,College,Protective-serv,own-child,94819.85067430674,2006.2310130504745,Vehicle Theft,Rear Collision,Total Loss,Police,3,1,Unknown,2,3,Unknown,86118.74930826652,3373.212351089571,6147.389415796175,28382.52142000442,Mercedes,2002,1
154,20,NY,2000,1609.8561811503955,1000000,FEMALE,Masters,Priv-house-serv,unmarried,48675.104835231556,45072.34147691898,Vehicle Theft,Unknown,Total Loss,Police,5,1,Unknown,2,3,YES,2206.241324826942,2536.3716783722334,6987.391627593348,6286.881949964034,Ford,2022,0
155,18,FL,500,1877.114828298726,5000000,FEMALE,PhD,Protective-serv,unmarried,70232.49794197068,27871.463963215985,Single Vehicle Collision,Side Collision,Minor Damage,Police,3,4,Unknown,1,0,NO,29617.449331356474,1327.3280705342495,12451.364818617007,31511.3713535655,Mercedes,2008,0
156,22,NY,2000,920.0559943257342,2000000,MALE,Masters,Handlers-cleaners,other-relative,85196.92535558417,43423.80756013848,Single Vehicle Collision,Front Collision,Major Damage,None,4,2,YES,0,3,YES,42693.19242884198,16074.835183483267,6445.380349087615,10182.477175953047,Saab,1998,0
157,43,NY,500,1787.5125151986813,1000000,FEMALE,High School,Adm-clerical,other-relative,35660.891287438615,41721.45599528711,Vehicle Theft,Unknown,Major Damage,None,8,4,Unknown,2,0,Unknown,51301.69008672101,21186.95112703374,18927.312925852337,29643.800239684366,Toyota,2018,0
158,72,NY,1000,938.3273456928466,1000000,FEMALE,College,Other-service,wife,26139.73165603949,41650.3107600543,Parked Car,Unknown,Minor Damage,None,11,3,Unknown,1,3,Unknown,18566.962084107432,3915.6419826758915,6337.641924317453,18472.563931854915,Chevrolet,2009,0
159,31,IL,1000,1866.1552424658728,1000000,MALE,JD,Adm-clerical,wife,94659.85727783387,34908.69303574525,Multi-vehicle Collision,Unknown,Major Damage,Ambulance,22,1,NO,2,1,Unknown,96439.90988388409,19168.368655661776,5636.296168234379,39457.40684983451,Ford,2001,0
160,56,IL,2000,1630.942855395176,2000000,MALE,High School,Adm-clerical,unmarried,72630.35003688179,14570.756933802431,Parked Car,Unknown,Total Loss,Police,7,3,NO,1,1,NO,58097.86783543285,14308.432985686042,14137.109784011098,23405.806314596597,Chevrolet,2014,0
161,44,NY,500,1707.360165262158,2000000,FEMALE,High School,Handlers-cleaners,husband,21968.21333758263,16808.012887225992,Single Vehicle Collision,Rear Collision,Major Damage,Ambulance,20,1,YES,2,3,NO,52449.999432175886,29620.335004533456,26660.057979714566,25486.884886701304,BMW,2002,0
162,26,FL,500,527.0098334006817,5000000,FEMALE,College,Priv-house-serv,own-child,44908.33926761134,15423.460629134317,Multi-vehicle Collision,Rear Collision,Minor Damage,Police,4,2,YES,0,3,Unknown,1377.8475985689452,21524.208277992344,14049.164621359027,15042.458797125853,Mercedes,2021,0
163,32,TX,2000,1944.2155356110388,2000000,MALE,JD,Other-service,wife,79645.17695378095,1002.2999766282347,Vehicle Theft,Front Collision,Minor Damage,Police,10,3,NO,2,0,YES,48828.6802499027,19724.200055748777,12415.46233716501,29513.546234973608,Volkswagen,2005,0
164,32,TX,500,1590.006488105485,2000000,MALE,PhD,Priv-house-serv,wife,54706.299091844216,29128.44546074056,Parked Car,Front Collision,Total Loss,Fire,22,1,NO,0,2,YES,83848.22763079082,17113.492046170337,17342.847223791265,20047.982823640985,Chevrolet,2022,1
165,43,CA,1000,957.1266430792,0,MALE,JD,Exec-managerial,husband,64995.209816588904,34941.68352230164,Parked Car,Unknown,Total Loss,Police,10,4,YES,2,0,Unknown,22354.63203359865,29920.985446491115,7716.410362548854,1213.6320862866337,Volkswagen,2021,0
166,59,FL,2000,1744.0919972882705,5000000,MALE,Masters,Adm-clerical,husband,75376.82020450523,42693.299676260176,Vehicle Theft,Unknown,Total Loss,None,12,4,Unknown,2,1,NO,35445.15305444809,29413.77512563732,10603.096634713032,24538.973116087982,Dodge,1996,0
167,30,IL,2000,922.281797622395,1000000,MALE,High School,Exec-managerial,other-relative,62200.91888089806,7008.271669136518,Parked Car,Unknown,Total Loss,None,13,4,YES,2,3,YES,2546.8607364257073,16143.453764835647,6415.057670013917,33303.15382195978,Ford,2003,0
168,68,NY,500,1809.130759349192,2000000,FEMALE,Masters,Protective-serv,own-child,54007.932192219574,27209.157448840087,Single Vehicle Collision,Front Collision,Minor Damage,None,7,3,Unknown,1,1,YES,97704.28766626262,13655.50042002785,17154.29983823051,9853.6699173878,Dodge,2000,0
169,49,CA,2000,668.8705856179056,1000000,FEMALE,PhD,Adm-clerical,husband,74961.42843877735,400.40703368914296,Vehicle Theft,Unknown,Total Loss,Fire,17,1,NO,1,2,YES,7131.853814240061,13863.44768105257,20921.62684707646,9232.018325864792,Toyota,2017,0
170,56,TX,500,1555.5289661911936,1000000,FEMALE,Masters,Priv-house-serv,wife,72756.30354322007,4754.682385536474,Parked Car,Side Collision,Total Loss,Fire,18,1,NO,0,0,NO,89873.00182900215,12850.271709700968,20210.959229717155,24551.004233211184,Dodge,2020,0
171,66,IL,500,1311.0477149673657,0,FEMALE,JD,Adm-clerical,wife,62987.24001831789,2710.587210299653,Vehicle Theft,Front Collision,Total Loss,Ambulance,11,1,NO,0,1,Unknown,31642.27756095524,15941.949209889666,7644.534538942853,32810.18141880701,Volkswagen,1995,0
172,69,IL,500,644.8017052931613,2000000,MALE,Masters,Protective-serv,unmarried,35978.94133819296,36273.901700774346,Multi-vehicle Collision,Side Collision,Minor Damage,Police,11,3,Unknown,1,0,NO,58961.86199759492,8207.528034431121,23389.44617243901,10360.003344821245,Audi,1997,0
173,49,NY,500,862.8407423882585,5000000,MALE,PhD,Handlers-cleaners,husband,40581.20922002716,4052.978193880158,Vehicle Theft,Unknown,Minor Damage,Police,17,1,YES,0,3,YES,68091.89622661733,27803.663493432796,7678.609957497907,37324.374724100046,Mercedes,2004,0
174,21,TX,500,518.6060544159722,2000000,MALE,PhD,Exec-managerial,other-relative,97043.85488840974,35822.6490779395,Parked Car,Rear Collision,Major Damage,None,9,2,Unknown,0,1,Unknown,14512.502159395894,14706.902443858058,4509.346538032889,37131.800588921185,Dodge,1999,0
175,47,FL,2000,1203.151948196759,1000000,FEMALE,PhD,Exec-managerial,own-child,11238.593229152582,12481.235220529168,Single Vehicle Collision,Side Collision,Minor Damage,None,6,3,YES,1,2,NO,44654.05808914338,25260.234355158274,10494.262460615832,8421.198540363366,Toyota,2006,0
176,54,IL,1000,951.8978911400006,5000000,FEMALE,JD,Priv-house-serv,other-relative,26850.491725283533,43885.64803484698,Vehicle Theft,Front Collision,Minor Damage,None,17,2,YES,1,0,Unknown,32883.876974540915,14259.1102400286,17932.32267512649,10919.48427624422,Ford,2017,0
177,40,NY,1000,1397.5362264466382,2000000,FEMALE,PhD,Adm-clerical,wife,49240.17592043357,40657.49941819071,Vehicle Theft,Side Collision,Minor Damage,None,11,2,YES,1,0,YES,6131.945327743801,21548.70821730729,4260.0545641319395,28173.653032452377,Toyota,1995,0
178,56,FL,2000,945.8567115629257,1000000,MALE,High School,Priv-house-serv,other-relative,83672.96861437858,47891.51087376383,Parked Car,Front Collision,Total Loss,None,13,4,NO,1,2,NO,83402.76861212148,10106.458934297401,19442.613363253688,38093.45780646482,Mercedes,2003,1
179,62,TX,2000,949.878667260477,1000000,FEMALE,PhD,Handlers-cleaners,wife,16367.566372972786,44188.1007729016,Single Vehicle Collision,Unknown,Total Loss,None,14,3,YES,2,1,Unknown,4994.191771499034,18744.205731997816,25892.03988760473,28540.36620666443,Chevrolet,2015,0
180,32,IL,1000,1614.789798097405,0,MALE,Masters,Adm-clerical,wife,27695.461812460988,46666.47095581736,Single Vehicle Collision,Side Collision,Total Loss,Police,15,1,NO,1,1,NO,65499.16696864474,14951.14336352758,8794.215307742115,18073.55196791125,Saab,2007,0
181,60,FL,1000,572.2142539675301,0,MALE,Masters,Adm-clerical,wife,6579.821779523898,42937.11982566539,Multi-vehicle Collision,Rear Collision,Minor Damage,Fire,1,2,YES,0,0,YES,31750.698953774776,11013.427696008295,13506.198483453583,7175.553183846872,Ford,2022,0
182,46,FL,1000,1854.3424927879807,0,MALE,Masters,Priv-house-serv,wife,70598.52660508185,34669.09503074277,Multi-vehicle Collision,Side Collision,Major Damage,None,17,3,YES,2,2,Unknown,19616.868056585725,26446.68783204003,6849.312768755343,18709.889029165035,Volkswagen,2013,0
183,53,FL,1000,1778.3958115867722,1000000,MALE,JD,Priv-house-serv,wife,23820.943547561612,8512.957606271799,Parked Car,Rear Collision,Minor Damage,Police,11,1,NO,2,0,YES,66875.06210788676,3381.350482467269,10837.851872111847,24467.3277828369,Saab,2001,0
184,30,IL,1000,1501.7070248396099,2000000,MALE,Masters,Protective-serv,unmarried,38867.475067095045,13585.375942704648,Single Vehicle Collision,Front Collision,Major Damage,None,15,4,NO,0,0,Unknown,57666.50259535748,14607.69444957331,659.1171240752225,13572.600798787687,Toyota,2020,0
185,49,IL,500,1389.8323551610765,0,MALE,JD,Handlers-cleaners,other-relative,44370.14470296678,10636.348306513655,Single Vehicle Collision,Unknown,Total Loss,Ambulance,12,3,Unknown,2,3,YES,31867.997608795573,5831.072197984102,28613.08188638481,20655.183937403548,Toyota,2010,1
186,24,CA,2000,1838.4537472094783,2000000,FEMALE,JD,Protective-serv,unmarried,89131.39356064556,30179.28938291028,Multi-vehicle Collision,Unknown,Total Loss,Ambulance,19,3,YES,0,1,YES,51539.5944517943,25831.652736527743,12476.706396365853,5643.458068983885,Toyota,2002,0
187,68,TX,500,777.9952692930717,0,MALE,PhD,Exec-managerial,unmarried,41133.02903312368,25180.99689868007,Multi-vehicle Collision,Rear Collision,Minor Damage,Police,16,3,NO,2,1,NO,25000.59157001784,7604.080341469902,23666.10329454241,18361.430128247164,Saab,2020,0
188,39,NY,1000,618.4537432862429,5000000,MALE,High School,Adm-clerical,husband,14522.501991524905,43353.99985792118,Parked Car,Front Collision,Minor Damage,Fire,17,1,Unknown,2,3,YES,86437.79767076788,19002.910203354648,4279.303120695289,4085.644847717383,Dodge,2020,0
189,45,FL,1000,859.2652548643072,5000000,FEMALE,PhD,Priv-house-serv,husband,52431.4938340121,47633.64332495378,Single Vehicle Collision,Unknown,Total Loss,Ambulance,2,2,Unknown,0,1,NO,31724.96864255258,4966.905452560622,24370.651323011964,2439.0056229851284,Mercedes,2013,0
190,19,CA,1000,1691.8674180502853,0,MALE,PhD,Adm-clerical,husband,96295.79946486297,20242.99448090722,Vehicle Theft,Front Collision,Total Loss,Ambulance,22,2,NO,0,1,YES,24892.726440377373,12147.410084125098,25804.419328866028,34360.976666173425,Ford,2001,0
191,59,NY,500,552.005400089725,1000000,FEMALE,JD,Adm-clerical,own-child,60768.5641050811,25317.52766404062,Multi-vehicle Collision,Rear Collision,Minor Damage,Fire,9,3,YES,0,1,YES,75307.45425043529,26980.715869480926,21464.313860630376,8600.72257376996,Mercedes,2017,1
192,62,CA,500,1374.2102526252345,0,FEMALE,JD,Other-service,husband,98338.72204605726,48575.81784020696,Parked Car,Rear Collision,Trivial Damage,Ambulance,0,3,Unknown,0,2,YES,2250.4525553945314,4981.933332058214,27096.249749502163,23218.635500553366,Ford,1998,0
193,74,IL,1000,1993.1562742869648,0,FEMALE,Masters,Exec-managerial,other-relative,84110.73089388701,13811.947081157177,Single Vehicle Collision,Side Collision,Trivial Damage,None,5,1,YES,1,3,Unknown,27167.167342564495,19895.874760450188,5015.913884044091,6384.8189571947005,Ford,2004,0
194,70,FL,500,1783.5441407563092,1000000,MALE,Masters,Other-service,unmarried,3596.57562134128,39619.538767940685,Single Vehicle Collision,Unknown,Total Loss,Fire,2,4,YES,1,0,NO,37851.82445479173,6135.311116678643,14294.4548636586,10869.839050917008,Chevrolet,2019,0
195,23,NY,500,1282.1685335653842,5000000,MALE,PhD,Adm-clerical,other-relative,65839.95953770418,11261.995116762313,Multi-vehicle Collision,Unknown,Trivial Damage,Ambulance,18,3,Unknown,0,2,Unknown,88282.67719824248,12472.471575964977,18603.285960484718,14772.907080894633,Toyota,1995,0
196,45,NY,1000,595.4613639299635,2000000,FEMALE,College,Priv-house-serv,husband,28676.687755788367,34073.0057712636,Parked Car,Side Collision,Minor Damage,Fire,3,3,NO,1,0,NO,95068.95935356025,16218.50653123798,17885.78912092462,6175.219236013424,BMW,2011,0
197,45,NY,500,1747.0602715785647,0,MALE,College,Adm-clerical,own-child,55961.685564472384,12680.781381928207,Vehicle Theft,Rear Collision,Minor Damage,None,19,4,YES,0,3,YES,71789.557707938,17319.192545692433,25831.228035788943,2315.5107319388576,Mercedes,2015,0
198,61,NY,2000,1398.467762265816,1000000,MALE,Masters,Exec-managerial,own-child,27934.519093122657,44186.66944156934,Multi-vehicle Collision,Rear Collision,Minor Damage,Ambulance,22,3,NO,0,3,Unknown,49506.912210461145,18075.34012659466,6470.741039186571,35147.812179711436,Chevrolet,2007,0
199,61,NY,2000,672.3994955893502,0,FEMALE,College,Other-service,unmarried,34887.04166052904,28073.89718683384,Parked Car,Rear Collision,Total Loss,Police,2,2,Unknown,2,3,NO,64241.84413124002,19203.942461727667,5269.3149761659915,967.3970172509992,Toyota,2013,0
200,37,CA,2000,640.7859272350343,1000000,FEMALE,Masters,Priv-house-serv,other-relative,92316.87117541794,9296.68204371923,Single Vehicle Collision,Rear Collision,Minor Damage,Ambulance,7,3,YES,0,1,YES,41693.10464229264,8153.0609302139255,7601.357845738543,2922.1788219851787,Audi,2020,0
201,47,FL,2000,1864.4402291548886,2000000,MALE,JD,Adm-clerical,wife,20664.31848917053,11218.458784924302,Vehicle Theft,Front Collision,Trivial Damage,Ambulance,7,2,NO,0,2,NO,30233.17026894245,12041.024571514772,26746.501482386124,32300.350352710047,Audi,2007,0
202,28,IL,1000,1503.8003944071177,2000000,FEMALE,PhD,Handlers-cleaners,other-relative,87410.91180258305,24692.45978540501,Parked Car,Unknown,Minor Damage,None,6,1,NO,0,3,NO,95093.46277989303,1119.5599072519324,28230.812479727243,11639.329302535712,Dodge,2003,0
203,72,IL,1000,1743.9301989751334,5000000,FEMALE,High School,Exec-managerial,husband,3045.780807049681,48080.10127874394,Vehicle Theft,Unknown,Total Loss,Police,1,1,YES,0,0,YES,11981.327786487418,23062.70929594125,17088.90312809992,29051.401894030543,Saab,1999,1
204,45,IL,1000,1818.468350423401,1000000,FEMALE,PhD,Exec-managerial,wife,9087.653836964837,38482.10819418272,Parked Car,Rear Collision,Major Damage,Police,20,2,NO,2,1,Unknown,34966.160020985844,25112.98505366707,15041.158037115592,6275.917094107594,Audi,2017,0
205,42,IL,2000,1357.6585280724835,1000000,MALE,Masters,Handlers-cleaners,own-child,85467.50413842636,24415.482141292254,Parked Car,Rear Collision,Minor Damage,Police,5,2,NO,0,1,YES,89959.35151607901,5977.102904566366,18161.568240379693,9872.629069570414,Volkswagen,1995,0
206,56,CA,2000,1276.1695276325618,5000000,MALE,Masters,Adm-clerical,unmarried,63055.60309091953,16885.957228110852,Parked Car,Rear Collision,Minor Damage,None,15,4,Unknown,2,2,Unknown,72452.57234344797,6043.318938890455,18489.22949540082,23124.67240558124,Toyota,1996,0
207,50,TX,500,1145.6411154814853,5000000,MALE,PhD,Exec-managerial,unmarried,74723.61380395503,27463.424667422132,Parked Car,Unknown,Total Loss,None,9,2,Unknown,0,2,NO,3395.594406636171,1261.0920657126212,5109.141148304874,39551.115620326695,BMW,2005,0
208,18,FL,500,975.419881686679,1000000,FEMALE,Masters,Priv-house-serv,own-child,20941.767082185426,37418.04167143098,Vehicle Theft,Unknown,Minor Damage,None,3,2,NO,2,2,NO,2798.417505712589,29111.514683774625,20592.326448693908,3401.0565712893153,Toyota,2022,0
209,74,NY,2000,1151.8939412880677,5000000,MALE,College,Adm-clerical,husband,53708.34555901035,39196.42942264,Multi-vehicle Collision,Rear Collision,Minor Damage,None,12,3,NO,1,1,NO,51892.99003114517,24215.597043516875,13570.533070452768,16321.906620282374,Audi,1998,0
210,44,TX,2000,1660.8194835952345,2000000,FEMALE,College,Adm-clerical,own-child,73721.92235713048,16230.439904847233,Vehicle Theft,Front Collision,Minor Damage,None,9,4,YES,2,3,Unknown,48683.17909488716,10821.096087180962,15521.458765441355,2201.69831523403,BMW,2003,0
211,74,IL,2000,1402.8851465226974,0,MALE,Masters,Other-service,husband,62731.41370102625,36057.96341069386,Parked Car,Side Collision,Total Loss,Police,20,2,Unknown,2,0,YES,44577.65809630366,14457.24814409476,909.4981300546646,8369.444484911008,Dodge,1999,0
212,69,TX,2000,1838.7849349322692,2000000,MALE,Masters,Exec-managerial,wife,47169.876689120945,32889.4390018093,Vehicle Theft,Side Collision,Trivial Damage,Fire,13,2,YES,0,3,Unknown,30583.204302981387,8759.008819526058,22936.69897593091,36345.10556012093,Dodge,1999,0
213,30,FL,500,1165.0700215687816,5000000,FEMALE,College,Exec-managerial,own-child,95978.37864377147,47955.6145998147,Vehicle Theft,Side Collision,Major Damage,None,8,2,NO,2,0,NO,98670.55262145709,17917.319049662532,25062.838838036452,4310.1740996959015,Chevrolet,2019,0
214,58,NY,2000,1410.634368078131,1000000,MALE,Masters,Handlers-cleaners,husband,67615.73334534453,46554.514525400744,Vehicle Theft,Unknown,Minor Damage,Fire,10,3,YES,2,3,NO,27562.738636846454,21519.252370005248,18582.646618036397,34345.808894337526,Volkswagen,2002,0
215,20,NY,500,1446.961329637983,1000000,FEMALE,Masters,Other-service,wife,90775.08002412379,39468.96628017885,Parked Car,Unknown,Total Loss,Ambulance,22,3,NO,0,2,YES,49259.00054083591,13421.054339756161,22461.70905889988,7523.22790534821,Audi,1996,0
216,56,FL,2000,1387.5457434594882,2000000,MALE,PhD,Other-service,own-child,72977.05115736813,36169.73444274642,Vehicle Theft,Side Collision,Total Loss,Ambulance,17,3,Unknown,1,0,Unknown,40786.863133895095,26207.825798748705,15681.180095163058,34540.501438239306,Volkswagen,2001,0
217,23,FL,2000,1553.9506596282745,1000000,MALE,High School,Exec-managerial,unmarried,73546.35285976832,13702.079485213791,Single Vehicle Collision,Side Collision,Trivial Damage,None,10,1,Unknown,1,1,NO,17439.817883193336,15510.7758665643,18550.601369356667,21751.86754385917,Mercedes,2011,0
218,25,IL,2000,856.1502025622094,5000000,FEMALE,College,Adm-clerical,own-child,8001.826975767934,42298.262804926664,Parked Car,Front Collision,Minor Damage,Ambulance,16,3,NO,1,0,Unknown,20660.572502965217,4327.598072334324,11837.150953897157,35189.16363196032,Chevrolet,2020,0
219,44,NY,500,1268.545666318686,2000000,FEMALE,PhD,Other-service,other-relative,35946.46218539435,21375.28518566831,Vehicle Theft,Unknown,Total Loss,Fire,1,2,Unknown,2,1,Unknown,91871.1228299724,18668.741275129247,23756.22795187538,6492.293963735056,Chevrolet,2021,1
220,26,TX,500,656.3372042125216,1000000,FEMALE,High School,Handlers-cleaners,own-child,85836.94067196584,13612.027125302235,Single Vehicle Collision,Unknown,Major Damage,Ambulance,2,3,NO,0,3,YES,85898.83242416753,13866.928977234076,14048.127907934779,30600.443776659125,Mercedes,2005,0
221,54,CA,1000,1076.7669914672188,0,MALE,Masters,Other-service,other-relative,23260.386214875594,19208.037897673126,Vehicle Theft,Side Collision,Trivial Damage,Ambulance,10,3,YES,1,2,YES,20304.908429125062,28070.155892451774,20406.387132566477,27387.59454518278,Volkswagen,2009,0
222,50,CA,2000,1231.5006029318965,0,MALE,Masters,Handlers-cleaners,wife,11550.586615646618,41796.7745008254,Multi-vehicle Collision,Front Collision,Minor Damage,Fire,17,4,NO,1,0,NO,87628.4310789966,11756.817628077404,18642.88135858514,21945.868802022018,Dodge,2019,0
223,68,FL,1000,1478.3363893182086,5000000,MALE,PhD,Other-service,own-child,32610.605663879345,7431.66077889425,Vehicle Theft,Front Collision,Minor Damage,Ambulance,2,2,YES,1,1,YES,21314.01994304383,12085.972174503122,21069.435551572493,32518.200104233434,Mercedes,1997,0
224,59,IL,1000,1925.7965788793053,1000000,FEMALE,Masters,Handlers-cleaners,wife,22043.788489261395,22807.937055991122,Vehicle Theft,Side Collision,Minor Damage,None,14,3,NO,1,3,Unknown,62841.35901389586,19523.201693448307,23556.4762537567,26106.902964868066,Toyota,2007,0
225,61,CA,500,1400.976599822534,5000000,FEMALE,JD,Other-service,wife,92528.81947931551,24617.879726474483,Multi-vehicle Collision,Side Collision,Minor Damage,Fire,10,1,Unknown,0,2,YES,8587.412070409033,15809.58654979284,15381.404447789853,35143.35352200611,Saab,2012,0
226,41,NY,500,1615.3908742648398,2000000,FEMALE,PhD,Other-service,husband,86796.66420021311,1831.48487994097,Parked Car,Unknown,Total Loss,Fire,10,4,NO,1,2,Unknown,88096.77781278225,11233.496326153045,24391.97847767006,15551.95479802986,BMW,2014,1
227,32,FL,1000,1259.3990892428042,0,MALE,High School,Priv-house-serv,wife,49968.32302829042,9787.301477408268,Multi-vehicle Collision,Side Collision,Total Loss,Police,19,3,NO,2,2,NO,5624.279796813964,29693.232470402687,14917.71711814827,23801.965541815694,Dodge,2014,0
228,71,TX,2000,1451.156047064497,2000000,MALE,PhD,Handlers-cleaners,wife,6134.387448386802,41337.12142879282,Parked Car,Rear Collision,Total Loss,Police,10,4,NO,2,3,Unknown,55716.8174804881,9065.565299982505,28699.029685918103,34888.73328174061,Dodge,1997,0
229,49,FL,500,606.3983242006601,1000000,FEMALE,College,Handlers-cleaners,own-child,71456.23460931562,41538.36942973803,Multi-vehicle Collision,Front Collision,Minor Damage,Fire,18,4,Unknown,0,3,YES,78081.2967554483,8325.863759550857,22580.152458443827,8985.155532113318,Ford,1996,0
230,49,TX,2000,881.5873712627705,5000000,MALE,PhD,Handlers-cleaners,own-child,62341.17313362646,14620.754194212399,Vehicle Theft,Side Collision,Minor Damage,Fire,0,1,NO,1,3,YES,12125.05627286278,25932.8288556631,5134.249492381925,19686.783586365742,Dodge,1999,0
231,41,FL,2000,1042.779639807708,5000000,FEMALE,Masters,Protective-serv,unmarried,97055.46707284958,43744.861729896315,Vehicle Theft,Rear Collision,Minor Damage,Police,4,1,Unknown,1,2,NO,40745.78661626876,101.18830651666522,24887.53414090294,38449.30195828243,Chevrolet,2014,0
232,58,FL,1000,1208.7400325097703,5000000,MALE,Masters,Other-service,husband,55895.3240270377,38589.14695341739,Parked Car,Front Collision,Minor Damage,None,9,1,NO,2,0,YES,4674.040073259986,6037.594827147229,16547.629824199023,19207.271159040036,Dodge,1999,0
233,69,FL,1000,568.4731182535756,2000000,MALE,JD,Handlers-cleaners,wife,33639.37234029094,20895.37418977047,Parked Car,Rear Collision,Major Damage,Ambulance,9,2,YES,0,1,NO,68433.88144532594,17713.400647859282,29533.828739215962,10486.763085223842,Toyota,2007,0
234,66,TX,1000,710.0361463299765,0,FEMALE,JD,Exec-managerial,husband,51902.16935785558,37420.31722025189,Single Vehicle Collision,Rear Collision,Minor Damage,Ambulance,13,4,NO,2,3,NO,31091.234698654516,4873.515835339946,21564.57131020582,14367.51143035791,Dodge,2022,0
235,66,TX,1000,915.2214616869587,2000000,MALE,JD,Protective-serv,other-relative,97926.32914045163,48066.731559740314,Single Vehicle Collision,Side Collision,Minor Damage,Ambulance,1,3,YES,0,0,YES,56159.82684152776,29574.117681707645,2531.7223971057324,35460.82271525114,Chevrolet,2022,0
236,69,FL,500,1957.299036351576,2000000,MALE,High School,Priv-house-serv,wife,69636.24325330305,22948.48590326744,Vehicle Theft,Front Collision,Total Loss,Fire,3,1,Unknown,0,1,Unknown,93306.86090682598,13925.86867264893,11848.812828310463,38217.88003131824,Mercedes,2002,1
237,29,CA,500,997.0205106545761,1000000,FEMALE,JD,Handlers-cleaners,husband,67197.61379270512,11921.358947674182,Vehicle Theft,Rear Collision,Total Loss,None,1,1,Unknown,0,2,NO,30932.881745486815,17920.922248816525,15518.262080197996,38029.2518861025,Mercedes,2021,0
238,56,IL,1000,1223.0615871681239,1000000,FEMALE,High School,Handlers-cleaners,unmarried,24068.15897258854,47090.825002507794,Single Vehicle Collision,Unknown,Total Loss,Police,17,4,NO,2,0,Unknown,5338.433427710131,4811.203953155794,25170.408094794057,28108.224482758564,Audi,2010,1
239,19,IL,500,794.1465691075894,1000000,MALE,JD,Protective-serv,unmarried,74360.25175606177,30187.214428162824,Single Vehicle Collision,Front Collision,Major Damage,None,12,4,Unknown,0,2,YES,67724.96288602069,8681.343026157834,21880.36602989318,20629.274608572192,Saab,2012,0
240,20,IL,1000,1416.1701066136525,0,FEMALE,High School,Other-service,wife,75027.18294717718,5263.258124021264,Parked Car,Unknown,Minor Damage,None,18,4,NO,2,1,Unknown,78790.69288415967,18438.743480382465,11080.802118349167,7716.212928840003,Saab,2019,0
241,66,TX,2000,921.0248232739614,0,MALE,PhD,Exec-managerial,other-relative,31728.898377590533,28634.140792834474,Multi-vehicle Collision,Side Collision,Major Damage,Ambulance,4,3,Unknown,2,3,Unknown,95807.92170781881,16486.60119859193,19602.980625078868,5367.229976783349,Saab,2020,1
242,54,TX,2000,810.4888676576402,1000000,FEMALE,PhD,Priv-house-serv,unmarried,48371.38323907132,25029.044472414935,Parked Car,Unknown,Total Loss,Police,19,2,YES,1,2,Unknown,16201.187264053748,23530.91836323498,17307.32723695138,2860.781001833176,Dodge,2010,0
243,66,CA,2000,1274.8589426689687,1000000,MALE,Masters,Handlers-cleaners,unmarried,29460.333294045606,42779.44470377817,Single Vehicle Collision,Front Collision,Total Loss,None,1,2,Unknown,2,0,Unknown,39517.92254905691,8076.995357229485,3781.5782685722065,1199.7389256042857,Mercedes,1995,0
244,73,IL,1000,508.25869874063125,0,MALE,High School,Other-service,other-relative,25870.507032428668,26534.759488176067,Vehicle Theft,Rear Collision,Trivial Damage,Police,10,1,YES,2,3,YES,84491.97577253474,19606.26440119602,7045.760789958015,35185.61052317444,Dodge,2002,0
245,34,IL,2000,511.496048973838,5000000,FEMALE,College,Exec-managerial,husband,2589.6070249485147,12761.621717214171,Single Vehicle Collision,Rear Collision,Minor Damage,Fire,17,2,NO,1,0,YES,80783.70363025351,8729.265172465963,10233.66938142943,32458.909474232107,Ford,2022,0
246,66,FL,500,828.6032136527867,0,MALE,Masters,Exec-managerial,unmarried,28521.17446533321,33782.20319324442,Vehicle Theft,Front Collision,Total Loss,Ambulance,5,3,NO,1,1,Unknown,62667.172879719314,17602.578592383612,5864.502190905087,22928.944529768596,Audi,2015,0
247,19,TX,2000,555.0820437512317,0,MALE,PhD,Priv-house-serv,own-child,55396.994987827486,27128.772626779006,Vehicle Theft,Rear Collision,Minor Damage,Police,22,2,NO,1,1,YES,27302.170247668048,18150.929030556257,4504.015374900766,39949.5685542397,Mercedes,1996,0
248,19,IL,2000,662.038631196037,0,FEMALE,High School,Adm-clerical,unmarried,160.11875490288264,11652.231413343623,Vehicle Theft,Unknown,Total Loss,Fire,9,3,YES,0,3,YES,28761.51141975237,3655.173340634663,1745.9331039086112,38145.55685196482,Saab,2018,1
249,45,CA,2000,1008.2909740081275,1000000,FEMALE,JD,Exec-managerial,husband,28321.908380966743,28681.39289714539,Vehicle Theft,Rear Collision,Major Damage,Fire,21,1,NO,0,0,NO,12838.297965102183,16458.993320587982,26193.076968267902,26376.804343230902,BMW,1999,0
250,71,CA,500,1703.8785193697192,5000000,MALE,College,Adm-clerical,husband,88141.033232325,41076.778894484305,Multi-vehicle Collision,Rear Collision,Major Damage,Fire,22,4,NO,1,0,YES,92224.44054169802,358.1489986254749,8668.30253894561,18850.69539809001,Dodge,2020,0
251,40,IL,1000,1358.0729650539513,0,FEMALE,PhD,Exec-managerial,wife,59364.858510736085,1428.5458862005219,Single Vehicle Collision,Unknown,Major Damage,None,16,3,YES,0,0,Unknown,17706.685706624812,15036.322541240745,8709.618118006985,6510.743286468619,Toyota,2009,0
252,54,TX,500,1269.0015889346246,1000000,FEMALE,Masters,Priv-house-serv,own-child,60786.28240809805,31542.551932255585,Parked Car,Unknown,Total Loss,None,21,4,Unknown,1,0,YES,57502.21681740069,20925.65665824225,6186.844122904663,20865.95530754692,BMW,2008,0
253,49,CA,1000,940.2332348121824,2000000,MALE,High School,Protective-serv,husband,40336.430502635325,17479.259789219603,Vehicle Theft,Unknown,Minor Damage,Ambulance,10,1,NO,0,1,YES,58642.96598972024,2184.9818696996613,14261.921155916489,6730.875078978327,Toyota,2020,0
254,50,FL,1000,1897.6305791492246,2000000,MALE,College,Priv-house-serv,other-relative,67647.2143492411,14633.572287971208,Vehicle Theft,Side Collision,Total Loss,Ambulance,18,3,Unknown,2,0,YES,37275.74139892925,28161.324492510816,15427.259037671172,16238.826517724467,Ford,2023,0
255,18,CA,2000,1095.5225618557874,0,FEMALE,High School,Priv-house-serv,own-child,18993.276623035916,19629.387518055562,Parked Car,Unknown,Major Damage,Fire,16,3,Unknown,0,1,YES,35575.58687004279,13762.665959683629,6248.4407587524,37734.60028309366,Saab,1997,0
256,36,NY,1000,630.6391501936572,2000000,FEMALE,JD,Protective-serv,own-child,81874.68103841916,17101.133212399083,Parked Car,Unknown,Minor Damage,Ambulance,23,2,NO,0,0,NO,67024.54764654883,28152.48826872186,18257.110135909516,14008.170078757677,Dodge,2001,0
257,19,NY,500,1425.5997741767019,5000000,FEMALE,Masters,Protective-serv,other-relative,11668.911993589982,41611.95533542208,Vehicle Theft,Side Collision,Total Loss,None,3,3,NO,2,0,Unknown,39135.62890587963,3221.952710733975,21689.998787812474,6535.097308916951,Dodge,1998,0
258,70,TX,500,670.7575902149022,2000000,MALE,High School,Other-service,unmarried,65600.13546531093,13739.890538395028,Parked Car,Rear Collision,Major Damage,Ambulance,23,1,YES,1,2,Unknown,25883.98163713107,28497.07783258604,11215.202578963557,23504.665867330477,Toyota,2005,0
259,61,IL,1000,1017.8347142025382,2000000,MALE,PhD,Exec-managerial,other-relative,34114.93258196831,36657.651155329266,Parked Car,Unknown,Total Loss,Police,13,4,YES,0,2,YES,40213.604388803076,3275.9129827604015,17563.55090572316,24293.384878035147,Dodge,2021,0
260,43,TX,2000,1261.1179080767133,5000000,MALE,Masters,Other-service,other-relative,74751.29705824768,4702.991011429436,Multi-vehicle Collision,Front Collision,Total Loss,None,19,3,NO,0,0,YES,80862.37672772183,13844.873953540082,15069.057154933389,8155.267577482676,Ford,2020,1
261,49,TX,2000,1811.3337870277637,0,MALE,PhD,Protective-serv,unmarried,54976.455126602,47569.81862422078,Parked Car,Unknown,Major Damage,Fire,3,1,Unknown,2,1,NO,96664.60628555296,28139.762001805968,5866.451950683065,8265.170209487429,Chevrolet,2006,0
262,23,TX,500,1240.3198705101781,0,MALE,High School,Adm-clerical,unmarried,45235.30384787162,31115.83186242759,Single Vehicle Collision,Unknown,Minor Damage,Fire,13,1,YES,2,0,YES,63777.047930157554,6981.246011666146,21900.329663237335,39587.216757330665,Chevrolet,2009,0
263,49,TX,2000,1553.3881490474964,5000000,MALE,Masters,Adm-clerical,unmarried,16942.2402093247,35335.928852228004,Single Vehicle Collision,Side Collision,Minor Damage,Ambulance,3,3,YES,2,2,NO,78319.07193566859,1043.5494257620214,24043.59083472142,10109.602378057374,Toyota,2000,0
264,72,FL,1000,1989.2252584986056,5000000,MALE,PhD,Priv-house-serv,unmarried,63682.146428435284,14901.96660472255,Single Vehicle Collision,Front Collision,Total Loss,None,5,2,NO,2,0,Unknown,53516.07370060471,23793.320250846627,19463.793467615025,33608.58537395157,Saab,2020,0
265,21,FL,1000,697.2336798469724,5000000,FEMALE,JD,Handlers-cleaners,unmarried,97476.98434204131,20604.828435405732,Vehicle Theft,Rear Collision,Total Loss,Fire,8,3,NO,1,2,Unknown,62669.90263829706,17876.509130070295,9716.88083313154,19077.79110906619,Toyota,2018,1
266,72,CA,500,912.0972882792793,2000000,FEMALE,JD,Priv-house-serv,other-relative,82560.3424907015,11188.919313548811,Single Vehicle Collision,Rear Collision,Major Damage,Fire,20,3,NO,0,0,NO,98814.6223452877,15417.63578704322,27803.774832279036,17682.074937052756,Volkswagen,1995,0
267,28,NY,1000,1091.8641133964697,5000000,MALE,High School,Priv-house-serv,wife,6000.81925890118,46626.8042901112,Multi-vehicle Collision,Front Collision,Minor Damage,None,11,2,NO,0,3,Unknown,44122.67703784019,1030.3015305965512,13660.751639853728,12151.01543846822,Dodge,2012,0
268,73,TX,500,1132.742267808247,1000000,MALE,Masters,Handlers-cleaners,wife,37622.937836119105,24405.222355068883,Single Vehicle Collision,Unknown,Minor Damage,None,7,1,YES,0,0,YES,7092.342346942894,19596.938064205355,7976.354561552936,31066.118977247064,Dodge,2008,0
269,34,CA,1000,1116.5316128983186,2000000,MALE,College,Exec-managerial,husband,92558.30091902718,31522.4057828995,Vehicle Theft,Side Collision,Minor Damage,Fire,23,3,YES,0,1,YES,95722.18832302578,5148.700556536944,12247.038624658695,35286.10469844141,Chevrolet,2023,0
270,55,NY,500,1861.4165038348324,0,FEMALE,Masters,Protective-serv,wife,50304.37475570214,36713.60152653577,Multi-vehicle Collision,Front Collision,Trivial Damage,Ambulance,3,2,YES,1,2,NO,79409.64122990299,27935.90040614086,20762.252757246293,10814.534731583672,BMW,2018,0
271,41,IL,2000,1571.0489667002846,0,MALE,JD,Adm-clerical,wife,66211.18258081791,18555.30455497695,Single Vehicle Collision,Front Collision,Total Loss,Ambulance,4,4,Unknown,0,3,Unknown,40131.88160242535,20571.80853227046,25377.953569777477,4256.318439290002,Toyota,2001,1
272,22,FL,1000,1411.8578211360555,0,FEMALE,PhD,Priv-house-serv,other-relative,91259.93455913904,36005.08272695706,Multi-vehicle Collision,Rear Collision,Total Loss,Ambulance,5,4,YES,1,2,Unknown,98248.3078354655,21211.016641015096,10697.264978486177,5908.322338981589,Saab,2004,1
273,69,NY,1000,964.059076794173,2000000,FEMALE,College,Handlers-cleaners,unmarried,87379.46904198806,33799.62448781701,Multi-vehicle Collision,Side Collision,Minor Damage,Police,4,2,YES,1,2,NO,34880.8071596883,6977.408178338414,6978.733380281241,31815.739623266643,Chevrolet,2003,0
274,51,IL,500,1735.685576331942,1000000,FEMALE,High School,Other-service,unmarried,50182.037554051094,35282.96669369733,Vehicle Theft,Front Collision,Minor Damage,None,18,1,NO,2,1,NO,37525.959502798854,26422.61514170155,18794.793955056146,17715.16299712522,Toyota,1996,0
275,23,NY,500,1932.5907672274834,5000000,FEMALE,College,Priv-house-serv,other-relative,43764.63026576021,24461.495010230643,Vehicle Theft,Side Collision,Total Loss,Fire,7,2,YES,2,0,Unknown,61168.269642397114,16131.97712349603,27636.453003188566,5710.629007223555,Mercedes,2002,0
276,39,FL,1000,1731.7974238253398,5000000,FEMALE,High School,Adm-clerical,wife,33969.26184795871,19146.869114580855,Multi-vehicle Collision,Unknown,Minor Damage,Police,8,1,YES,0,1,NO,27797.56492245799,25712.525334426915,5498.800906782648,13941.384153575169,Saab,2016,0
277,28,FL,500,502.34765778720936,0,MALE,College,Protective-serv,other-relative,71901.94431628911,11104.109410449491,Single Vehicle Collision,Rear Collision,Total Loss,Ambulance,14,4,YES,1,0,YES,70007.86277050791,8128.42424496828,24090.581468980996,20812.301572695593,Saab,1995,1
278,65,CA,1000,1454.6020552751106,0,MALE,High School,Priv-house-serv,husband,28698.679947154327,41231.31764004465,Vehicle Theft,Unknown,Total Loss,Police,3,3,NO,2,3,Unknown,15708.605243075339,22663.85139294738,14298.215444624524,34156.041511877826,BMW,2014,0
279,33,TX,2000,576.7030721631511,2000000,FEMALE,High School,Priv-house-serv,unmarried,24988.760643090012,30417.502326583934,Multi-vehicle Collision,Side Collision,Major Damage,Fire,8,2,YES,1,1,NO,11248.519276136274,17237.007109801423,23985.37511886275,25848.858541894413,Ford,1996,0
280,50,NY,500,886.4108305005827,1000000,MALE,College,Exec-managerial,own-child,35624.98946037801,22217.609804874748,Parked Car,Unknown,Total Loss,Fire,6,4,YES,2,1,NO,53720.361752633486,1452.5791743174489,15166.234493198726,7453.295642660029,Saab,2001,0
281,26,NY,1000,589.2870505216575,5000000,FEMALE,College,Handlers-cleaners,husband,17721.505687879202,47199.79533553057,Parked Car,Rear Collision,Total Loss,None,7,3,Unknown,1,2,NO,55771.62139824291,12160.269713198608,11319.833229066578,6768.757138154289,Dodge,2019,0
282,23,IL,2000,1405.6931794240816,2000000,FEMALE,High School,Other-service,husband,69511.98159457673,2391.9406253519405,Vehicle Theft,Side Collision,Minor Damage,Ambulance,14,4,Unknown,0,1,Unknown,11112.179428154217,5517.313953703946,20902.230006289523,16787.201517516238,Toyota,2010,0
283,33,FL,2000,1529.8848702389103,5000000,MALE,JD,Other-service,other-relative,61624.06493306123,42508.597260252376,Single Vehicle Collision,Front Collision,Major Damage,Ambulance,18,2,Unknown,0,0,YES,96435.53798254953,10775.207636362682,27018.81883784692,3470.1174842193773,Audi,2016,0
284,46,NY,1000,671.7314570988576,0,MALE,College,Protective-serv,wife,48287.85341158436,49879.12964729862,Parked Car,Unknown,Major Damage,Police,14,2,Unknown,1,1,YES,57542.022431904836,11500.549027956673,9607.551911105433,30345.299213712984,Audi,1998,0
285,20,FL,500,1075.7583245674691,5000000,MALE,Masters,Adm-clerical,unmarried,39032.57792615546,44347.105544143364,Parked Car,Rear Collision,Minor Damage,Ambulance,4,3,NO,2,1,Unknown,15527.981753444146,14247.850590851544,13822.444049831156,16357.425901998997,BMW,2015,0
286,37,NY,1000,1184.354763433313,1000000,MALE,PhD,Protective-serv,own-child,90906.25428967315,40521.82928078126,Parked Car,Front Collision,Trivial Damage,Police,18,2,Unknown,2,3,NO,31488.531171063754,18008.713281853892,6882.018800895675,14049.439024864916,Dodge,2021,0
287,53,CA,2000,1053.579532641375,1000000,MALE,High School,Priv-house-serv,husband,2912.3784989105284,18715.29967031623,Single Vehicle Collision,Rear Collision,Minor Damage,Fire,6,4,YES,0,0,Unknown,80123.30428634968,17129.329574945976,5502.283908520523,20609.779129461716,Saab,2011,0
288,36,TX,1000,681.5375007277896,0,FEMALE,High School,Priv-house-serv,own-child,76910.77435072992,11565.709113114675,Single Vehicle Collision,Side Collision,Minor Damage,Fire,5,3,Unknown,0,2,Unknown,52561.53702262042,1169.7421411498522,23336.704271765255,28503.793748632484,Dodge,2023,0
289,43,NY,500,1128.4216852812133,1000000,MALE,PhD,Other-service,wife,90190.95717488887,36742.526024980056,Vehicle Theft,Side Collision,Minor Damage,Fire,18,3,NO,0,0,NO,19220.760680382282,22520.676554661655,6019.923500653273,22989.20430747556,Mercedes,1998,0
290,20,FL,2000,1626.7670717126273,1000000,MALE,JD,Adm-clerical,wife,44635.457942992594,15228.76831442842,Vehicle Theft,Unknown,Trivial Damage,Fire,16,4,Unknown,2,3,Unknown,10733.472720149573,28475.516534183047,23799.545140033497,32194.90987801849,Ford,2023,0
291,36,CA,1000,606.5114967998832,2000000,MALE,PhD,Handlers-cleaners,own-child,55069.049147064674,8801.984107748534,Parked Car,Rear Collision,Total Loss,Fire,9,1,Unknown,2,0,YES,43362.054017629736,10460.438669549,12876.511555207935,25359.821272869638,Volkswagen,2020,1
292,37,NY,500,620.2700211228552,5000000,FEMALE,College,Adm-clerical,unmarried,94446.36878820379,39326.29435517956,Single Vehicle Collision,Rear Collision,Major Damage,Police,18,3,NO,0,0,Unknown,34072.763514300204,5392.407040147757,29851.461702231474,31624.82556262642,Ford,1997,0
293,49,IL,2000,1032.1569377539763,0,MALE,PhD,Priv-house-serv,wife,21227.751528551442,15627.18261183611,Multi-vehicle Collision,Rear Collision,Minor Damage,Fire,10,1,NO,1,1,NO,65763.77657195636,16200.046893461558,5920.242545738678,28022.89980580466,Saab,2003,0
294,24,TX,500,1912.5885674283875,0,FEMALE,High School,Handlers-cleaners,own-child,52013.48477846849,45722.086474366915,Parked Car,Side Collision,Total Loss,Police,14,4,NO,2,1,Unknown,92562.07520164095,21147.387847324324,2789.3397753847803,8128.352190417591,Dodge,2016,1
295,69,NY,2000,1502.858970084371,0,MALE,PhD,Adm-clerical,husband,47472.11271282129,42031.63224095626,Vehicle Theft,Unknown,Total Loss,Fire,9,4,NO,0,0,YES,25149.1634345288,20367.146835829895,2262.9920881048683,2568.000782339051,Ford,2009,0
296,58,CA,1000,1518.004935008847,0,MALE,Masters,Adm-clerical,own-child,25839.26478703701,42382.016475462755,Single Vehicle Collision,Rear Collision,Major Damage,Police,10,3,NO,1,0,Unknown,85595.77636164309,18363.287325025747,25062.540141726022,36184.17361988357,Toyota,2014,0
297,50,IL,500,1042.8799862567976,0,FEMALE,College,Handlers-cleaners,own-child,81859.3230373108,38578.48630279131,Vehicle Theft,Rear Collision,Minor Damage,Police,22,2,NO,2,2,Unknown,92085.96685529745,4386.967563846257,13133.2893317503,37853.418532592324,Ford,1997,0
298,57,CA,2000,1390.4911868128077,1000000,MALE,PhD,Priv-house-serv,other-relative,89960.05947632359,44044.07118873683,Vehicle Theft,Front Collision,Minor Damage,Police,2,3,YES,1,3,Unknown,90249.25864725519,25104.74683208995,93.7304894211488,29213.825716943153,Ford,2006,0
299,56,CA,500,515.1967760416151,2000000,MALE,High School,Adm-clerical,wife,78193.25797882088,40287.34460890601,Single Vehicle Collision,Rear Collision,Minor Damage,Ambulance,2,2,Unknown,1,1,Unknown,95231.69432957082,12768.646872564459,26243.140875100078,29106.129996489984,Toyota,2009,0
300,35,IL,500,1454.1440696143131,0,FEMALE,College,Handlers-cleaners,unmarried,19535.896084860837,30125.568178736434,Parked Car,Unknown,Major Damage,Police,17,1,Unknown,2,1,NO,84289.80790186289,6644.0574909561,26307.630207309136,11170.809679517326,Volkswagen,2023,0
301,57,CA,1000,1869.9304213643552,2000000,MALE,High School,Exec-managerial,unmarried,8674.863550138156,14791.135929093158,Single Vehicle Collision,Front Collision,Total Loss,Police,10,2,NO,0,1,YES,59551.85753696868,2587.9842318928945,24192.50022056373,21926.447500832397,Volkswagen,2014,0
302,18,IL,500,1418.8602025172288,2000000,FEMALE,JD,Exec-managerial,other-relative,60544.44853053423,44410.45966070745,Parked Car,Front Collision,Total Loss,Fire,19,3,NO,1,1,YES,41279.68682166907,12501.573449191472,7449.554490745275,39693.46671633203,Toyota,2002,0
303,28,NY,2000,1810.5478901995175,1000000,FEMALE,Masters,Priv-house-serv,unmarried,5709.476050988394,42030.181138659595,Vehicle Theft,Front Collision,Total Loss,Police,21,2,YES,0,0,YES,49422.93471036024,18539.19140541922,11182.581602015192,34317.67212376577,Dodge,2006,0
304,45,IL,2000,1585.9595831991408,0,FEMALE,JD,Handlers-cleaners,own-child,67282.58885580843,23643.966110527253,Single Vehicle Collision,Side Collision,Trivial Damage,Police,17,4,YES,2,0,Unknown,87324.91140031973,19961.33127454523,22347.786755864512,12523.576925803867,Mercedes,2015,0
305,74,IL,2000,680.8376246055354,1000000,FEMALE,Masters,Exec-managerial,other-relative,53042.422032724266,1953.9343000977594,Multi-vehicle Collision,Front Collision,Major Damage,None,14,1,NO,1,2,YES,30489.138553009652,28882.1073419177,14680.593762227558,12391.31169506667,Saab,2007,0
306,42,TX,2000,1853.6799609287625,0,FEMALE,PhD,Handlers-cleaners,husband,66278.57327436635,31927.18637009567,Parked Car,Rear Collision,Major Damage,Ambulance,6,4,YES,1,1,NO,16346.538586938892,4594.442509912723,4614.797301706574,19601.303000348336,BMW,2009,0
307,67,IL,1000,599.6657665336623,1000000,MALE,College,Adm-clerical,wife,59017.0773649744,2529.8426838290866,Multi-vehicle Collision,Side Collision,Minor Damage,None,9,4,YES,1,1,Unknown,14511.51220431262,29573.209955926563,7283.947935830171,16481.647313627487,Audi,2005,0
308,40,IL,500,1300.9512088216457,2000000,MALE,PhD,Priv-house-serv,wife,42270.256952717275,46313.99809242036,Parked Car,Side Collision,Minor Damage,Fire,20,4,NO,1,0,Unknown,82785.96368554754,19640.27641716684,29177.68610254672,15160.545328066899,Dodge,2011,0
309,48,NY,1000,713.2056856901866,0,MALE,Masters,Exec-managerial,wife,20087.718014022827,48081.56283126535,Single Vehicle Collision,Side Collision,Trivial Damage,Ambulance,22,4,NO,1,2,YES,76267.82578984472,13626.871731216044,4530.393522813187,25265.39039784108,Ford,2015,0
310,47,TX,500,517.5599160963561,5000000,FEMALE,Masters,Adm-clerical,own-child,30570.213581048854,9474.50729498021,Multi-vehicle Collision,Side Collision,Total Loss,Ambulance,19,2,NO,2,0,Unknown,50015.71143411098,26645.82677544478,21782.422700345654,953.9525505247336,Audi,2018,0
311,59,FL,500,1133.0513901914585,2000000,FEMALE,Masters,Protective-serv,husband,52450.05742189765,33819.468902745495,Single Vehicle Collision,Side Collision,Minor Damage,None,9,4,NO,1,1,Unknown,27849.707095169237,20834.392258601783,14340.549199786168,30651.915623314435,Audi,2021,0
312,52,NY,500,942.5610614812344,5000000,FEMALE,High School,Protective-serv,other-relative,65186.80936476059,4613.450228138138,Parked Car,Side Collision,Total Loss,Ambulance,12,2,Unknown,2,1,YES,67922.51096648983,10461.516445710457,22458.049786564792,29732.093368693506,Toyota,2006,0
313,24,NY,1000,1229.0007406964046,2000000,FEMALE,College,Priv-house-serv,other-relative,77948.30168845285,36475.84642865611,Parked Car,Side Collision,Trivial Damage,None,14,4,Unknown,0,3,NO,4324.093194530746,26522.57089729385,19833.39723433179,33297.8643834907,Chevrolet,2014,0
314,33,FL,500,1365.799830101826,1000000,MALE,PhD,Exec-managerial,wife,76717.07184490608,17364.38330763373,Parked Car,Front Collision,Total Loss,Police,22,3,NO,2,3,NO,57038.667658832805,19998.463704586044,13175.01571662978,33737.30159561913,Mercedes,2012,0
315,43,IL,1000,565.608608463421,0,MALE,PhD,Exec-managerial,husband,97268.87432610853,34052.50558652226,Parked Car,Unknown,Total Loss,None,17,4,YES,1,3,YES,40143.304289576634,20965.120673826583,10617.324740492013,22872.787943038504,Mercedes,2023,0
316,65,CA,2000,684.5049426856185,2000000,FEMALE,JD,Exec-managerial,husband,28584.144866340943,18643.825460108892,Vehicle Theft,Rear Collision,Major Damage,Ambulance,22,3,NO,0,2,NO,97797.03356429086,26891.696642580784,22630.777630683766,31312.92045711998,Chevrolet,2010,1
317,74,TX,2000,1337.963594675638,1000000,FEMALE,Masters,Handlers-cleaners,husband,7111.070821343679,7278.375491661787,Parked Car,Rear Collision,Total Loss,Ambulance,3,2,Unknown,2,0,NO,51002.24478649734,13452.486239071657,9694.236187794793,19949.60745648051,Saab,1997,1
318,69,CA,500,1014.7510297589873,0,MALE,Masters,Adm-clerical,unmarried,34565.69355418593,20305.499025127894,Multi-vehicle Collision,Front Collision,Minor Damage,Fire,19,1,YES,2,1,NO,55450.64136880165,19707.123178792695,23633.144402657053,38085.428538522865,Chevrolet,2021,0
319,66,FL,1000,1593.760231324172,0,FEMALE,Masters,Exec-managerial,unmarried,74329.44752240766,5633.676331739501,Parked Car,Front Collision,Trivial Damage,Fire,16,2,Unknown,2,1,Unknown,71380.0850125605,22340.67064913341,20395.291989973557,8032.591926603672,BMW,2003,0
320,19,NY,2000,1478.4374728879095,2000000,FEMALE,PhD,Adm-clerical,wife,43811.16510332952,28844.16374884729,Single Vehicle Collision,Side Collision,Trivial Damage,Fire,2,1,NO,1,2,Unknown,48711.578872001846,13618.201743923446,17330.075106995067,36666.87513691902,BMW,2001,0
321,18,NY,1000,1768.4065444848602,0,FEMALE,JD,Priv-house-serv,husband,81778.84305894194,2047.5766074739888,Vehicle Theft,Unknown,Major Damage,Fire,20,1,Unknown,1,1,Unknown,22844.57761803677,2503.563472133803,11064.026547068921,10711.949270075063,Toyota,2013,0
322,65,TX,1000,1538.739240003838,2000000,MALE,High School,Exec-managerial,husband,54932.636518601495,26365.983979992987,Multi-vehicle Collision,Side Collision,Total Loss,Ambulance,20,4,Unknown,2,1,NO,53959.14573157058,23143.19307283082,6152.440732991247,4557.573260630656,Ford,1999,0
323,29,NY,500,1144.8966160852221,0,MALE,College,Priv-house-serv,other-relative,92979.1722630503,44318.43235477704,Vehicle Theft,Front Collision,Minor Damage,Fire,1,1,Unknown,2,0,Unknown,94454.75265362668,1434.4905823008546,21312.594037219915,17844.625672575214,Audi,2013,1
324,22,NY,2000,1509.4499335916485,5000000,FEMALE,High School,Exec-managerial,other-relative,94786.34419990687,41893.663505968136,Vehicle Theft,Side Collision,Trivial Damage,None,3,2,YES,0,3,NO,41286.143322762946,21537.432051682146,2740.4768151174276,24789.231075434345,Mercedes,2004,0
325,54,TX,500,913.0717613831278,1000000,MALE,PhD,Protective-serv,wife,6930.450601874872,44139.084981324835,Vehicle Theft,Rear Collision,Minor Damage,Police,0,4,Unknown,1,3,YES,68124.27502246747,27326.256255736593,29116.26768467279,9624.099991398114,Mercedes,2014,0
326,49,TX,500,959.470248167319,5000000,FEMALE,Masters,Other-service,husband,45641.34397124243,46102.44010635537,Single Vehicle Collision,Rear Collision,Major Damage,Ambulance,14,1,YES,1,2,NO,97814.40179412565,10409.069951100555,29362.437438464625,22453.951525199765,Chevrolet,2006,0
327,72,FL,2000,1683.47773988119,2000000,FEMALE,College,Priv-house-serv,wife,60968.906124956804,5226.394393784712,Vehicle Theft,Side Collision,Trivial Damage,Fire,0,2,NO,0,3,Unknown,83077.27014185731,3061.8535541348047,3906.6784787441597,32411.787598912935,Chevrolet,2002,0
328,26,NY,2000,1169.6292746023732,5000000,MALE,PhD,Exec-managerial,other-relative,25587.25408122128,6437.360143785653,Vehicle Theft,Unknown,Total Loss,Ambulance,5,1,NO,2,3,NO,66073.8962417907,6985.919693725234,3118.059689169067,10654.856149247049,Chevrolet,1997,1
329,58,NY,1000,1697.5705107775289,2000000,FEMALE,PhD,Other-service,other-relative,40707.67793789802,27850.34031565643,Parked Car,Side Collision,Major Damage,Fire,6,1,Unknown,2,2,Unknown,73731.65058888617,16868.446923761774,12381.501812490902,23422.728713611017,Saab,2013,0
330,52,FL,2000,1733.6335605024176,0,FEMALE,PhD,Priv-house-serv,unmarried,67768.15411176984,44698.633421221464,Single Vehicle Collision,Side Collision,Major Damage,Ambulance,18,4,YES,0,2,Unknown,93680.08317769897,28279.792293182592,28910.49816781506,13902.847549626671,Chevrolet,2021,0
331,36,IL,1000,1786.3435064919256,0,MALE,College,Handlers-cleaners,wife,22673.42268983614,48717.472826201534,Multi-vehicle Collision,Unknown,Minor Damage,Fire,11,4,NO,2,3,YES,95995.33438783548,15368.481896583504,12009.32697693339,21425.85446745397,Ford,2005,0
332,65,IL,1000,1874.952853761811,2000000,FEMALE,College,Exec-managerial,wife,60198.135297445246,2313.0958669999977,Multi-vehicle Collision,Unknown,Total Loss,Police,0,2,YES,2,0,YES,96912.32896703859,3382.1186459008877,10914.063252970045,26843.301273211295,Audi,2002,1
333,33,IL,1000,1146.4778307699444,5000000,FEMALE,JD,Handlers-cleaners,husband,69744.78281643061,17788.704210033007,Multi-vehicle Collision,Unknown,Minor Damage,Fire,6,4,YES,0,2,Unknown,62751.34200615094,18833.49521149014,21107.55176996314,14341.69158673565,Dodge,2020,0
334,20,FL,2000,978.3002274817082,0,FEMALE,JD,Protective-serv,husband,9049.631109586675,10644.712732999673,Single Vehicle Collision,Rear Collision,Total Loss,None,18,4,Unknown,0,1,NO,38778.80916159104,21985.34810363824,5361.937097856811,39782.07385685929,Dodge,2007,0
335,37,NY,500,1373.2981198911707,1000000,MALE,High School,Exec-managerial,unmarried,49752.93160274527,37798.2924465624,Multi-vehicle Collision,Side Collision,Minor Damage,Ambulance,12,3,Unknown,0,2,YES,13748.736331151844,11798.510099783729,10899.704507212544,22769.120337970813,Ford,2020,0
336,41,FL,1000,1056.7586351564414,0,FEMALE,College,Protective-serv,own-child,26308.00299241908,32009.693426851598,Single Vehicle Collision,Front Collision,Total Loss,Ambulance,11,3,YES,2,1,YES,38862.02613337009,21645.421930362438,8739.223388234634,33066.23158417108,BMW,2017,1
337,71,FL,500,1401.6112502003493,1000000,MALE,College,Other-service,own-child,72438.63559980446,5994.40157419227,Parked Car,Unknown,Major Damage,None,11,2,YES,0,2,Unknown,94324.0677461941,9744.684454175693,18046.038678918787,29142.84130497625,Dodge,2017,0
338,73,IL,500,1558.378793965737,5000000,FEMALE,College,Priv-house-serv,own-child,18955.550853694047,24176.103368248576,Parked Car,Unknown,Trivial Damage,None,21,4,Unknown,2,2,NO,89034.80951894277,23672.7045478924,4882.586586424915,34185.809891266435,Saab,2004,0
339,50,CA,2000,1532.6075277382054,1000000,FEMALE,JD,Adm-clerical,wife,89223.79155381063,34272.02611856457,Single Vehicle Collision,Side Collision,Total Loss,Police,12,2,YES,1,3,YES,52604.13637525642,10232.164787102069,16461.037668187088,7365.137704273433,Volkswagen,2012,0
340,41,NY,500,1061.829330530182,1000000,FEMALE,PhD,Protective-serv,wife,43094.133651832686,38950.26969620188,Multi-vehicle Collision,Front Collision,Total Loss,Ambulance,13,3,Unknown,1,3,YES,53932.22501609544,7683.212748018778,25726.397698105346,9290.871534243002,Saab,2006,0
341,69,IL,500,750.2903025481293,1000000,FEMALE,Masters,Adm-clerical,other-relative,19800.30303075535,1002.6354892004264,Single Vehicle Collision,Side Collision,Total Loss,Police,21,3,YES,0,3,NO,31237.574784699464,26375.44217674725,15425.116401228057,19752.741526666465,Mercedes,2001,0
342,28,CA,2000,1145.7940076933114,1000000,MALE,JD,Adm-clerical,wife,43802.17963503293,44523.47869919449,Single Vehicle Collision,Side Collision,Trivial Damage,Ambulance,11,3,Unknown,2,0,YES,45723.5350620129,16454.202635261885,20504.898512942556,34166.98272117497,Dodge,2020,0
343,66,CA,1000,713.8912161228632,0,MALE,College,Priv-house-serv,wife,40874.37628085279,28464.06914752622,Vehicle Theft,Unknown,Total Loss,Ambulance,19,2,YES,2,3,NO,71587.62514696982,8554.688662250543,2257.4405303379863,8305.45996493892,BMW,2005,1
344,25,TX,500,1835.1455527757125,1000000,FEMALE,JD,Other-service,wife,42891.89594937103,40595.455747995235,Single Vehicle Collision,Unknown,Total Loss,Police,11,4,Unknown,2,3,Unknown,40541.857201955296,28052.60668941202,13470.16737741129,38857.10036823829,Chevrolet,2004,0
345,53,NY,2000,1018.8161911067862,0,FEMALE,High School,Priv-house-serv,unmarried,58556.12934974469,40396.90150071417,Vehicle Theft,Rear Collision,Trivial Damage,Ambulance,5,1,YES,0,2,YES,19204.39527156537,20725.535263981477,2846.795023075559,5540.291178448086,Chevrolet,1997,0
346,55,CA,500,731.6896208349857,1000000,FEMALE,College,Exec-managerial,wife,52117.37249135375,9492.633013548457,Parked Car,Front Collision,Total Loss,Ambulance,9,4,NO,2,2,Unknown,54315.528093095236,6621.011989667016,17983.850273599706,7415.578834630066,Audi,2001,0
347,57,IL,500,538.1716398586263,2000000,FEMALE,High School,Protective-serv,husband,14977.713168090268,5508.606012681655,Vehicle Theft,Front Collision,Trivial Damage,Police,19,2,NO,2,0,NO,22921.022689705635,18439.27063778342,8431.631135214555,7105.734442959979,BMW,2023,0
348,37,TX,1000,1468.7335794297264,5000000,FEMALE,College,Adm-clerical,husband,6557.907264663631,36064.363448691336,Single Vehicle Collision,Unknown,Trivial Damage,Fire,23,3,YES,2,1,Unknown,97441.61182325371,26110.764938670738,8617.97492975244,23647.23514486747,Mercedes,1998,0
349,52,NY,500,1455.3534761821147,1000000,FEMALE,JD,Priv-house-serv,other-relative,72941.54487265405,7821.345941080954,Parked Car,Unknown,Trivial Damage,Police,8,1,NO,1,2,Unknown,39338.82144418944,20884.594276201722,2303.002114349422,36742.87272306712,Toyota,2023,0
350,65,FL,2000,1010.9062498719375,2000000,FEMALE,PhD,Priv-house-serv,unmarried,55971.74359283135,42496.874570236185,Vehicle Theft,Unknown,Minor Damage,Ambulance,1,2,YES,2,2,Unknown,91011.66467510707,7342.774522803913,9307.135843222031,10576.899793074313,Dodge,2002,0
351,42,IL,500,607.5678332714765,1000000,FEMALE,Masters,Priv-house-serv,husband,35900.07680792637,36309.474193105256,Single Vehicle Collision,Front Collision,Total Loss,None,6,3,YES,1,1,NO,22942.622662060618,19465.449860835444,15200.315313212921,22344.955711613176,Audi,2002,0
352,52,CA,1000,1114.4433423428482,1000000,MALE,High School,Protective-serv,unmarried,80835.78224980738,42091.268218263125,Parked Car,Rear Collision,Major Damage,Fire,8,2,NO,2,0,NO,19326.296027924756,18574.781181606024,17539.80309515284,7443.0141468747,BMW,2000,0
353,42,CA,1000,966.8262425950904,1000000,MALE,JD,Other-service,unmarried,38805.847426095694,14950.633980467304,Vehicle Theft,Front Collision,Total Loss,None,11,1,YES,2,2,NO,61881.66233945387,24625.30990736066,1999.966538274699,25429.90740020804,Volkswagen,2007,0
354,46,IL,2000,1515.6809596025141,2000000,MALE,PhD,Priv-house-serv,other-relative,79596.50896006075,15829.903020528453,Single Vehicle Collision,Unknown,Total Loss,Fire,4,3,Unknown,2,3,NO,78048.2182911804,5343.977909900995,19543.775571482107,5368.230279090714,Saab,2006,1
355,35,CA,1000,1408.6688741790354,5000000,FEMALE,JD,Protective-serv,unmarried,30575.61275123747,33561.07781731588,Single Vehicle Collision,Unknown,Minor Damage,None,0,4,YES,1,0,NO,56893.07410331139,20989.040010040797,14666.272822604838,19906.775316751566,Mercedes,1997,0
356,63,TX,500,1046.89059229631,2000000,FEMALE,High School,Adm-clerical,wife,7284.529754519975,1572.297752947377,Multi-vehicle Collision,Rear Collision,Minor Damage,Fire,21,2,YES,2,1,YES,23364.67051872331,821.1207640110607,16107.240237427042,26379.681640236264,BMW,2000,0
357,35,NY,1000,826.8388313824851,5000000,FEMALE,Masters,Exec-managerial,unmarried,93263.96937999291,36324.83731687113,Multi-vehicle Collision,Side Collision,Total Loss,Police,14,1,NO,0,1,YES,4270.489106957608,20885.25901907303,24983.90021303384,23375.552711842654,Dodge,2016,1
358,19,TX,2000,1982.0539492333878,1000000,MALE,JD,Handlers-cleaners,other-relative,39455.112928137314,41789.15354273006,Vehicle Theft,Side Collision,Total Loss,Fire,7,4,Unknown,2,3,YES,62019.73770850501,28813.11911815671,10266.793359145997,6030.019066679329,Saab,2013,0
359,71,CA,1000,1181.0024317941723,0,FEMALE,College,Protective-serv,other-relative,79269.25728493779,20758.1793302052,Vehicle Theft,Front Collision,Total Loss,Fire,0,1,YES,1,3,Unknown,13538.203923872055,5231.6479874885235,5221.533340951041,6874.248174835759,BMW,2005,1
360,52,FL,1000,1532.4113536703555,1000000,MALE,PhD,Handlers-cleaners,other-relative,27914.413322230448,38243.941504423434,Vehicle Theft,Side Collision,Total Loss,Fire,17,2,YES,1,3,Unknown,34646.05050971696,9338.993184570267,16554.305271208625,27019.944690587035,Ford,1998,0
361,33,NY,1000,710.8294513675412,5000000,FEMALE,JD,Priv-house-serv,husband,64636.5112123656,8730.545849113098,Single Vehicle Collision,Side Collision,Total Loss,Ambulance,12,1,YES,0,0,NO,67740.58299028753,17486.147160856537,28350.657526057163,32451.917195546157,Audi,2009,0
362,58,NY,2000,1228.3845494890966,2000000,MALE,PhD,Priv-house-serv,wife,87331.08732577282,16113.019690974234,Vehicle Theft,Front Collision,Total Loss,None,0,3,YES,0,1,NO,10253.332338001723,21971.85137571767,15536.088575433934,36368.938899918845,BMW,1996,0
363,53,IL,1000,541.3050798041983,1000000,MALE,College,Protective-serv,husband,4164.402233998033,48715.24815552387,Single Vehicle Collision,Unknown,Total Loss,Police,4,1,YES,0,3,YES,13161.522238503601,10331.14171213603,24957.365223585195,32637.654856171615,Ford,2009,0
364,50,IL,1000,1258.182676865675,2000000,MALE,Masters,Handlers-cleaners,own-child,83063.57646860892,49316.408678006315,Vehicle Theft,Side Collision,Total Loss,None,17,2,YES,1,3,NO,6635.787627086711,19927.769314204128,22710.961633830993,38969.99321604419,Saab,2011,0
365,21,FL,500,1946.0261106765536,2000000,FEMALE,Masters,Priv-house-serv,wife,57133.30049719286,25630.252651079398,Single Vehicle Collision,Unknown,Total Loss,None,15,3,Unknown,2,1,Unknown,99609.87332622925,26978.36377608999,15549.923610294945,16625.94626452285,Saab,1996,1
366,50,NY,2000,1076.3100694787004,2000000,MALE,College,Adm-clerical,unmarried,60747.17539085692,46713.489573193845,Single Vehicle Collision,Front Collision,Minor Damage,Police,9,1,Unknown,2,2,NO,39014.13847585733,21796.763616727858,19426.643329602673,13581.047291770356,Saab,2001,0
367,31,FL,1000,558.4940188623674,1000000,FEMALE,PhD,Other-service,other-relative,52315.80008059826,26136.53390284273,Multi-vehicle Collision,Unknown,Total Loss,Ambulance,3,1,YES,0,0,YES,90626.61918959614,21330.68152806732,12200.405522899755,1613.2700676321174,Toyota,2020,1
368,38,IL,2000,546.4336863790153,2000000,FEMALE,JD,Other-service,own-child,87447.51032836424,14579.406408057866,Parked Car,Unknown,Total Loss,Fire,0,3,YES,0,2,NO,29711.771023216068,11459.119752498478,15918.860672915813,18270.88631152969,BMW,2010,1
369,65,IL,1000,1081.9801399203043,2000000,FEMALE,College,Priv-house-serv,wife,4343.335723563746,13344.964404938592,Single Vehicle Collision,Front Collision,Total Loss,Ambulance,22,4,NO,2,3,Unknown,75443.65523147932,27342.879265146024,15218.57265871904,26229.176320322684,Ford,1999,1
370,37,NY,1000,740.0374046947911,1000000,FEMALE,High School,Handlers-cleaners,husband,26102.839153584813,46475.28526840744,Vehicle Theft,Unknown,Total Loss,Ambulance,7,4,Unknown,0,0,YES,22297.1283230817,8319.688258832333,21273.310888733187,32708.641332237785,Chevrolet,2010,0
371,73,TX,1000,535.0281444922789,2000000,FEMALE,PhD,Exec-managerial,other-relative,87576.25388591553,8622.319448692955,Multi-vehicle Collision,Side Collision,Major Damage,Fire,4,3,Unknown,2,2,NO,50083.3086100009,6158.41069859102,12299.43958068848,11064.487619587628,Volkswagen,2019,0
372,25,CA,500,1634.3204209252654,1000000,MALE,Masters,Priv-house-serv,husband,75234.5702531956,28981.62291009091,Vehicle Theft,Side Collision,Minor Damage,None,1,1,YES,2,1,Unknown,82549.26605993007,10926.718011795116,2993.0136786642015,20786.855416586975,Volkswagen,2013,0
373,24,IL,500,1187.7845133228361,5000000,FEMALE,College,Exec-managerial,wife,1764.5160178605845,27776.25340313598,Vehicle Theft,Side Collision,Trivial Damage,Fire,23,4,Unknown,2,3,YES,81725.27269006072,19504.68662215482,23661.285684408685,26649.37780225484,Ford,1996,0
374,20,IL,500,933.8671579589818,5000000,FEMALE,Masters,Exec-managerial,wife,51700.62832097086,36981.084232649744,Single Vehicle Collision,Side Collision,Minor Damage,Police,16,3,Unknown,2,0,YES,79530.93137758611,25850.3395858352,20545.590099846228,22288.31320637171,Chevrolet,2009,0
375,34,TX,2000,1850.124774524721,5000000,FEMALE,PhD,Handlers-cleaners,own-child,52957.268071267485,24962.145376238735,Single Vehicle Collision,Unknown,Trivial Damage,Fire,6,2,NO,1,0,Unknown,82461.57409733601,3962.363470419512,28503.703663720964,11323.818337395105,Mercedes,1998,0
376,50,TX,2000,674.2084403007884,2000000,FEMALE,Masters,Exec-managerial,unmarried,40088.21351279104,13614.28303540671,Parked Car,Side Collision,Total Loss,None,16,1,NO,2,0,NO,21541.491989934984,24414.06531780489,12861.485275435884,31953.15631265496,Toyota,1996,0
377,65,FL,500,1933.8782434329787,0,FEMALE,College,Adm-clerical,husband,29739.33320619897,8469.824981578928,Single Vehicle Collision,Unknown,Total Loss,Ambulance,5,2,Unknown,0,0,NO,48480.51911975845,24384.701840069854,2346.1697073328414,7347.759992641381,Ford,2021,0
378,29,FL,2000,970.9500760660292,0,MALE,PhD,Handlers-cleaners,own-child,68172.4850412342,31040.94017529459,Single Vehicle Collision,Rear Collision,Minor Damage,Ambulance,21,1,Unknown,0,3,NO,48744.71172241728,17607.580697702582,3648.5695908972893,36246.70343456138,Dodge,2017,0
379,68,CA,1000,1832.6055084630218,2000000,MALE,High School,Priv-house-serv,other-relative,20779.046470475383,35949.53784266165,Parked Car,Unknown,Minor Damage,Fire,14,4,Unknown,0,3,YES,89104.99749111729,22819.43818734077,23199.586296092337,38127.57158766504,Audi,2004,0
380,39,CA,1000,1404.4143147191924,0,FEMALE,College,Adm-clerical,unmarried,79894.85620717061,28476.063934101632,Vehicle Theft,Side Collision,Minor Damage,Police,4,2,YES,0,1,YES,30040.73702524317,5456.420944547621,2032.718483358058,14940.143851972853,Audi,2016,0
381,72,NY,1000,1740.0610396122313,1000000,MALE,JD,Protective-serv,own-child,80303.71607674718,36917.563856059736,Parked Car,Rear Collision,Minor Damage,None,14,2,NO,1,1,NO,93183.8413922103,5087.580024621402,27234.78434787856,15359.180724195096,Volkswagen,2018,0
382,39,FL,500,1976.0197448156964,0,MALE,College,Other-service,husband,41526.14375728205,7076.060122498006,Parked Car,Front Collision,Total Loss,Ambulance,17,3,YES,2,1,YES,45354.175762456856,25884.001023861812,8449.50333885556,29859.49122722917,Saab,2023,0
383,63,IL,2000,932.6081567281186,2000000,FEMALE,PhD,Priv-house-serv,wife,28354.801090964764,44123.50974715677,Parked Car,Unknown,Total Loss,Fire,17,4,NO,2,2,YES,67143.80681615317,14944.453117037008,26966.371217379743,18523.399642804026,Dodge,1999,0
384,47,FL,500,1941.7032281113895,2000000,MALE,College,Priv-house-serv,other-relative,28387.81815907132,29119.775420425154,Multi-vehicle Collision,Side Collision,Major Damage,Police,20,4,NO,0,1,Unknown,27253.86967179377,7378.116427585473,23205.205464028382,1630.1006721697902,Mercedes,2012,0
385,55,IL,2000,1084.2228423536305,1000000,FEMALE,High School,Priv-house-serv,husband,48229.13239962101,6342.196344629858,Vehicle Theft,Side Collision,Minor Damage,Police,20,1,NO,0,3,NO,41324.661629715076,20661.910728189712,26136.0310887507,36835.13074317202,Chevrolet,2023,0
386,55,TX,1000,1078.2678571053834,5000000,MALE,High School,Adm-clerical,unmarried,71957.92247493587,23096.26021028675,Multi-vehicle Collision,Side Collision,Trivial Damage,Ambulance,22,3,Unknown,0,2,NO,71125.19274087947,26756.25500802663,6421.190753098972,17514.63850764763,Mercedes,1998,0
387,62,FL,500,1010.5806563817586,2000000,MALE,JD,Protective-serv,unmarried,35886.869099385876,42239.58689329557,Multi-vehicle Collision,Front Collision,Total Loss,Ambulance,5,3,NO,2,3,NO,51518.34061417543,18969.679378327495,17870.804874407047,8538.056471342295,Volkswagen,1995,0
388,68,TX,2000,1312.1114110213778,1000000,MALE,Masters,Handlers-cleaners,wife,61004.33454577515,44878.10967265801,Single Vehicle Collision,Rear Collision,Minor Damage,None,1,1,YES,1,2,YES,93105.44716298922,10420.351288200516,2807.6739621726774,22448.73088937705,Saab,2012,1
389,71,CA,2000,731.2175647677307,0,FEMALE,PhD,Protective-serv,wife,38248.44605825943,13232.475249938076,Parked Car,Rear Collision,Total Loss,Police,16,2,NO,1,1,YES,73843.934106799,14497.132958790437,6068.423026181279,9146.793422357005,Chevrolet,2014,1
390,25,CA,1000,1330.5672280370168,0,MALE,PhD,Adm-clerical,other-relative,30452.318915138334,35563.29123552265,Parked Car,Side Collision,Minor Damage,None,20,1,YES,1,1,YES,56658.09108830469,22568.083828360184,9297.066820118054,8637.86898742351,Ford,2000,0
391,44,NY,500,1312.5572186150061,1000000,MALE,Masters,Priv-house-serv,other-relative,2485.9515915794163,4999.262374188835,Multi-vehicle Collision,Unknown,Minor Damage,Police,3,1,NO,1,1,NO,88723.64078689471,2025.0368661716257,22224.37774530069,22056.38743192999,Chevrolet,2014,0
392,44,FL,500,1642.852718907305,1000000,FEMALE,High School,Other-service,wife,391.4105735390638,1677.2935706078906,Single Vehicle Collision,Side Collision,Total Loss,Police,11,1,NO,0,2,YES,66722.86068448007,6514.935478693268,741.4313816544993,15946.170541484029,Volkswagen,2014,1
393,51,TX,500,1750.4749429063784,2000000,FEMALE,High School,Priv-house-serv,wife,22720.767783200445,28019.947690997138,Single Vehicle Collision,Side Collision,Total Loss,Fire,18,3,Unknown,2,3,NO,64908.387105333015,13877.495599483416,27093.518486164092,23133.23449100228,Mercedes,2008,0
394,38,IL,1000,1160.662025468636,0,MALE,College,Handlers-cleaners,unmarried,40640.628680099544,34741.37896640629,Single Vehicle Collision,Unknown,Trivial Damage,Ambulance,1,1,YES,0,0,YES,25013.947648188914,18127.22892291296,2124.105411387651,39874.604754044,Audi,2021,0
395,47,CA,500,953.4998740272406,1000000,FEMALE,JD,Exec-managerial,wife,85126.11673620602,39789.3365588251,Vehicle Theft,Side Collision,Total Loss,Police,1,1,NO,1,3,NO,39788.26807005698,10174.967731269733,11294.705860338814,34431.21709764535,Mercedes,2020,0
396,50,CA,1000,889.0023459756417,0,MALE,JD,Other-service,own-child,79848.42429304254,17010.811922766734,Multi-vehicle Collision,Front Collision,Trivial Damage,None,13,1,NO,0,1,Unknown,68488.71343410014,8951.72765609642,2432.688849857524,802.9965719466559,Mercedes,2004,0
397,45,IL,1000,791.9357550573079,1000000,MALE,JD,Priv-house-serv,husband,26716.52625879899,326.2705214443495,Vehicle Theft,Side Collision,Trivial Damage,Ambulance,14,4,YES,1,2,YES,89233.27529257421,1241.5258709916388,23069.035293101213,2496.950526726895,Mercedes,2012,0
398,64,TX,1000,586.4713732985373,0,FEMALE,College,Other-service,wife,24454.044298429933,23975.96185556769,Single Vehicle Collision,Front Collision,Major Damage,None,19,2,NO,2,2,NO,31896.973627669064,978.0531615434262,4239.449202082704,24598.137885184162,Volkswagen,2003,0
399,50,TX,2000,1013.67196825207,5000000,FEMALE,JD,Exec-managerial,other-relative,22732.207107002745,792.6772686783489,Single Vehicle Collision,Side Collision,Total Loss,Ambulance,1,2,Unknown,1,1,Unknown,21940.81938332698,8360.845629084768,26542.70730787373,25237.11520472577,Dodge,2006,1
400,22,FL,500,905.3715381961749,2000000,FEMALE,Masters,Protective-serv,own-child,33923.7340528867,4599.225533539997,Single Vehicle Collision,Rear Collision,Minor Damage,Ambulance,3,2,YES,0,2,Unknown,59572.74989217765,15915.18300268629,15906.659597745782,35188.53834100174,Volkswagen,2004,0
401,65,FL,500,1949.626078799611,0,MALE,College,Adm-clerical,other-relative,49819.871956168536,16334.451126587419,Parked Car,Unknown,Minor Damage,Police,18,2,Unknown,2,1,YES,7186.111261219956,16691.144893362347,28454.18458366188,25347.758393612115,Toyota,2018,0
402,36,NY,1000,1336.563239375066,5000000,FEMALE,Masters,Priv-house-serv,own-child,43866.777203157544,21858.60247800886,Multi-vehicle Collision,Rear Collision,Total Loss,Fire,8,3,YES,1,3,NO,71596.89929427551,14820.824786006066,8710.82738424586,9494.72427137182,Chevrolet,2018,1
403,21,CA,1000,1020.9155585457613,0,MALE,College,Handlers-cleaners,wife,21827.319878149377,13973.472061482427,Parked Car,Side Collision,Total Loss,Police,6,3,YES,1,2,YES,70462.28505710434,12296.420520085028,13629.48455635173,19006.39099429421,Toyota,2015,1
404,52,FL,500,1370.701401490544,0,FEMALE,JD,Protective-serv,husband,13045.140994361804,29093.26332523539,Vehicle Theft,Side Collision,Minor Damage,Ambulance,12,1,YES,2,0,Unknown,35819.120083122434,7568.747677839623,20827.40886988734,32454.923326511947,Volkswagen,2013,0
405,66,TX,1000,708.7950520185433,5000000,MALE,Masters,Priv-house-serv,other-relative,1257.7812486195382,2767.4894609047597,Parked Car,Front Collision,Total Loss,Police,11,3,NO,0,2,YES,89321.42650781771,12020.832947783465,24957.39937712882,36951.58610163567,BMW,2000,1
406,34,IL,500,1166.0656238033043,0,FEMALE,Masters,Protective-serv,own-child,15396.323866650386,7228.9855119792355,Multi-vehicle Collision,Side Collision,Minor Damage,Police,2,2,YES,2,1,NO,50467.023583143186,4162.798961565405,12640.712632368202,9858.14719918501,BMW,2008,0
407,61,TX,2000,1439.3514821315957,0,MALE,Masters,Handlers-cleaners,unmarried,70535.63701941182,34762.92003777168,Parked Car,Side Collision,Major Damage,Ambulance,12,4,YES,0,0,Unknown,64753.61259394721,3457.776870781104,26772.976149814924,21814.38703302637,Dodge,2019,0
408,45,CA,1000,1233.3467476886772,2000000,FEMALE,College,Priv-house-serv,wife,24363.85693455829,7107.042679895886,Single Vehicle Collision,Side Collision,Minor Damage,Ambulance,14,1,YES,1,1,YES,21353.058952864616,8998.297704413742,3539.6162497318574,6777.638231730907,Ford,2002,0
409,47,TX,500,1102.6682009814863,5000000,MALE,PhD,Exec-managerial,husband,46860.181012150984,31988.76007852112,Vehicle Theft,Rear Collision,Total Loss,Police,13,1,Unknown,1,2,YES,42025.36334842,29860.463892816588,21260.541564302865,20131.488107638983,Mercedes,2017,1
410,46,NY,1000,1990.7725833495472,5000000,FEMALE,JD,Exec-managerial,wife,59130.11489232447,2734.2310376682776,Vehicle Theft,Front Collision,Major Damage,Police,23,2,YES,2,0,YES,86310.54525684193,9794.908425491954,10445.969466409812,4059.507769605293,Ford,2008,0
411,63,CA,500,1820.4721432233905,1000000,FEMALE,Masters,Handlers-cleaners,unmarried,88684.09028316071,20369.11395595702,Single Vehicle Collision,Rear Collision,Minor Damage,Police,8,2,NO,1,0,YES,21687.48498941811,28093.691710653155,3040.0645239779087,37698.258763043734,Ford,2005,0
412,70,IL,500,1435.1089372391602,0,MALE,PhD,Other-service,husband,88885.50983934195,8870.473506059117,Single Vehicle Collision,Front Collision,Total Loss,None,12,2,YES,2,2,YES,39362.15057045065,11767.864373030821,11599.936704060116,25703.23010216331,Toyota,2018,0
413,23,NY,1000,1354.066041773424,2000000,FEMALE,JD,Handlers-cleaners,unmarried,74573.3733681359,5481.814126759321,Single Vehicle Collision,Rear Collision,Major Damage,Police,22,3,YES,1,0,Unknown,32148.61617059893,13170.299735988281,26406.468734567035,34241.56129769025,Chevrolet,2010,0
414,52,CA,2000,1430.9907197368761,0,MALE,JD,Other-service,wife,3515.6992048501425,28351.639175061377,Multi-vehicle Collision,Side Collision,Minor Damage,None,21,1,Unknown,1,3,Unknown,15535.463394045622,23911.886496066887,29416.0161386592,39932.6593801853,BMW,2014,0
415,58,IL,500,801.9681617336498,0,MALE,Masters,Priv-house-serv,own-child,57507.04190854149,46416.78860028109,Parked Car,Rear Collision,Minor Damage,Fire,3,2,NO,0,0,NO,29326.93285368979,2809.149823423701,11783.995713014478,7715.306790862441,Audi,2000,0
416,54,NY,500,1092.706614896478,1000000,FEMALE,Masters,Other-service,wife,78658.34708315064,2739.3523961774413,Vehicle Theft,Rear Collision,Total Loss,None,20,4,NO,2,0,YES,23660.842215734065,5469.399707809185,26592.491634191254,27918.66489090612,Chevrolet,2009,0
417,41,NY,500,559.189299336349,0,MALE,College,Priv-house-serv,wife,1728.804476336321,21077.71241090171,Parked Car,Front Collision,Total Loss,Police,7,1,NO,2,3,NO,92397.56623090207,29215.20794925644,15289.632487256347,35535.958593520896,BMW,2009,1
418,46,CA,2000,1213.31905623024,2000000,FEMALE,PhD,Priv-house-serv,wife,54968.46136565783,35376.77188727218,Single Vehicle Collision,Front Collision,Total Loss,Fire,2,1,YES,1,1,Unknown,74237.3410520082,15177.52019882084,21510.451129918245,23249.557612765708,Audi,2008,1
419,66,FL,2000,1314.5368759364947,2000000,FEMALE,PhD,Adm-clerical,other-relative,85776.41457860294,23134.39158439135,Single Vehicle Collision,Rear Collision,Minor Damage,None,1,3,YES,0,1,YES,31952.10738739102,1329.290466258909,1361.1426682146955,25768.00694547916,Saab,2015,0
420,63,NY,1000,841.6246041548144,1000000,MALE,Masters,Priv-house-serv,unmarried,47410.20758422669,40324.79730526226,Parked Car,Front Collision,Total Loss,None,18,1,NO,0,3,NO,76452.23579764963,1421.4219916815152,16719.3591595207,16603.008035926927,Volkswagen,2006,1
421,70,NY,2000,1946.0432707482705,0,FEMALE,JD,Other-service,unmarried,410.6202897448452,8982.265793206585,Vehicle Theft,Front Collision,Minor Damage,Ambulance,22,2,NO,2,0,YES,2702.9253268702037,27217.220513321783,2104.858086329713,27153.0529318023,Saab,1996,0
422,48,IL,1000,1864.181916405863,2000000,MALE,Masters,Adm-clerical,unmarried,1101.3358335607459,47979.71025138703,Multi-vehicle Collision,Front Collision,Major Damage,Fire,7,2,Unknown,2,2,YES,52889.20872172842,26200.952686761528,8058.538712813979,16125.32763049689,Chevrolet,2002,0
423,52,TX,1000,1583.2148531838588,0,MALE,JD,Adm-clerical,other-relative,41663.60374137505,19258.131388627025,Parked Car,Unknown,Total Loss,Ambulance,16,4,NO,1,3,NO,25408.289091599974,13751.973208353003,17004.42977606036,19326.47570698221,Dodge,2013,1
424,50,CA,2000,1300.0799431480439,0,FEMALE,JD,Priv-house-serv,own-child,15500.866741675456,17078.481647213757,Single Vehicle Collision,Front Collision,Major Damage,Fire,12,1,YES,2,2,Unknown,11875.04614494716,4896.662578337962,24214.912992650417,4565.0138336015825,Chevrolet,2008,0
425,69,CA,1000,1804.9537394715273,0,FEMALE,Masters,Handlers-cleaners,wife,66445.06570932595,43730.2897251583,Single Vehicle Collision,Unknown,Total Loss,None,6,1,YES,1,1,NO,88433.97356967961,24908.53819087439,16826.80931411732,808.431807125075,Toyota,1999,1
426,38,FL,2000,695.9785157351944,1000000,MALE,High School,Handlers-cleaners,own-child,70879.9264906154,28193.35159458833,Multi-vehicle Collision,Unknown,Major Damage,Ambulance,8,3,YES,0,3,NO,20334.383159125973,9738.003218389515,28085.746233456302,2678.4694034884005,Audi,2018,0
427,49,FL,1000,1685.7646914123275,0,MALE,PhD,Exec-managerial,other-relative,17787.97954606286,25822.217095141077,Parked Car,Front Collision,Total Loss,Police,11,2,Unknown,2,2,NO,82327.91374815509,12571.751959892861,24309.975227275067,8104.604817035268,Audi,2021,0
428,40,CA,2000,687.2312209502725,2000000,FEMALE,JD,Adm-clerical,unmarried,88853.32885244848,36348.89597642155,Multi-vehicle Collision,Rear Collision,Total Loss,None,13,4,NO,0,0,YES,41615.656410431235,20474.29137147954,4687.204383153078,18535.850874005082,Saab,2003,0
429,50,FL,2000,1691.315993824108,0,FEMALE,JD,Priv-house-serv,wife,44190.784497892586,28991.71191405452,Multi-vehicle Collision,Front Collision,Total Loss,Fire,13,2,YES,0,3,Unknown,1921.9316190496838,10601.950602229634,11668.75456883812,1329.2657986324284,Saab,2007,0
430,20,IL,1000,913.6513523770354,2000000,FEMALE,High School,Handlers-cleaners,husband,14284.590759192373,8125.782237855767,Vehicle Theft,Side Collision,Major Damage,Fire,14,1,Unknown,1,2,Unknown,73387.01651545201,18860.09780094879,20054.562819203366,6659.497246592184,Audi,2003,0
431,35,CA,500,1815.6358715272834,0,FEMALE,College,Priv-house-serv,husband,76425.15980693954,33709.881143246486,Vehicle Theft,Rear Collision,Total Loss,Ambulance,2,1,Unknown,0,3,YES,59837.795942827106,26558.48131327753,28152.180948278703,31367.061853435323,Chevrolet,2008,0
432,42,FL,1000,1916.0631407380968,2000000,MALE,High School,Priv-house-serv,own-child,78997.45000167728,6673.443964106424,Single Vehicle Collision,Unknown,Total Loss,Ambulance,14,4,YES,1,3,Unknown,34745.102375198025,23921.198063234322,29631.476062340127,30605.57905135086,Dodge,1999,0
433,59,CA,2000,723.1939541076734,2000000,FEMALE,High School,Adm-clerical,unmarried,63929.54726654575,40292.8852667031,Parked Car,Unknown,Total Loss,Fire,18,1,Unknown,1,1,NO,28513.820425663205,11448.332216014813,22895.593138884215,31694.346521182248,Audi,1996,0
434,48,TX,500,1194.0134075980902,0,MALE,JD,Exec-managerial,husband,85346.55532025531,49486.82988561355,Vehicle Theft,Rear Collision,Major Damage,None,23,4,Unknown,0,1,Unknown,7832.279610858255,8638.096641112044,17213.079167380918,36900.86725627257,Ford,2001,0
435,71,NY,1000,1971.4810672440276,0,MALE,PhD,Adm-clerical,own-child,73737.29720306714,18869.381248738813,Single Vehicle Collision,Rear Collision,Total Loss,Ambulance,19,4,YES,0,0,YES,94171.84668610958,8565.31346218677,22698.29069213976,5203.304529013506,BMW,2010,0
436,20,CA,1000,1225.11115395972,2000000,FEMALE,High School,Protective-serv,other-relative,88220.57372269906,22237.794910100627,Parked Car,Front Collision,Total Loss,Police,13,2,Unknown,1,1,Unknown,49651.49602686252,10457.734511297493,8197.092583918431,6944.025111001377,Saab,2005,0
437,57,NY,1000,1795.3212837718177,5000000,MALE,College,Handlers-cleaners,own-child,43388.804848547945,2321.6827741406155,Single Vehicle Collision,Unknown,Total Loss,Fire,7,4,YES,1,1,YES,9009.689498822747,14805.509601743168,8508.090817788981,13675.367776751918,Saab,2005,0
438,63,FL,500,1383.0972831969798,1000000,FEMALE,Masters,Handlers-cleaners,own-child,74759.71280994425,686.6594041289143,Vehicle Theft,Side Collision,Total Loss,Police,4,1,YES,0,1,NO,86933.63191557482,12497.924420818294,19630.480384869697,36648.07735974593,Toyota,2017,1
439,41,NY,2000,1062.9948618794028,5000000,MALE,High School,Handlers-cleaners,own-child,99975.15634290443,46070.96674381638,Single Vehicle Collision,Front Collision,Trivial Damage,Fire,18,3,Unknown,1,2,YES,28243.900695372762,3990.1206296297355,26155.06729199731,31131.370848734827,Volkswagen,2006,0
440,67,CA,1000,928.6753332888053,5000000,FEMALE,High School,Other-service,wife,72493.11975196192,6431.203021959603,Parked Car,Rear Collision,Major Damage,Police,3,3,YES,1,3,Unknown,20758.470215598154,4903.675750017249,29094.28467529061,13302.790257126628,Volkswagen,2007,0
441,49,TX,1000,804.834636629131,0,MALE,College,Priv-house-serv,own-child,11418.378023713216,22288.937377973518,Parked Car,Unknown,Total Loss,None,13,1,YES,2,1,NO,28453.275115050765,10287.888281945501,10240.038024936548,3961.614802418028,Toyota,2002,1
442,64,FL,1000,1642.6972870665459,1000000,MALE,PhD,Adm-clerical,own-child,51831.872242918296,40767.731192778076,Single Vehicle Collision,Rear Collision,Total Loss,Fire,15,3,NO,2,2,Unknown,56674.86013140758,16861.92300176572,23896.60869303961,24847.01103287895,Audi,2018,1
443,39,CA,1000,1079.8107602345417,5000000,FEMALE,High School,Handlers-cleaners,wife,58734.7791243028,44465.937996415974,Parked Car,Rear Collision,Major Damage,None,19,3,YES,2,3,YES,7868.620207455132,17779.91850400484,25545.92415862481,10644.357049323267,Saab,2010,0
444,40,FL,1000,1266.9131933011267,0,FEMALE,High School,Protective-serv,wife,17421.067507139098,25969.884264173383,Single Vehicle Collision,Rear Collision,Total Loss,Ambulance,23,4,NO,2,1,NO,48434.812457706306,14586.2119468989,18695.197290941782,21480.526355757847,Mercedes,2015,0
445,19,IL,2000,1238.4882200017728,5000000,MALE,PhD,Handlers-cleaners,other-relative,96289.16341780376,28251.62624879749,Parked Car,Front Collision,Trivial Damage,Fire,5,3,NO,2,1,YES,89626.4727898691,22163.27643622544,10427.756466892886,37701.23270423859,Dodge,1995,0
446,44,NY,2000,1365.918543849697,5000000,MALE,College,Exec-managerial,unmarried,17557.97776346163,33484.198623163626,Single Vehicle Collision,Side Collision,Minor Damage,None,22,3,NO,1,3,Unknown,19223.073786689325,22117.4636627021,18572.656958214033,23118.38118991621,Ford,2007,0
447,59,IL,1000,1798.3657184368283,0,FEMALE,High School,Priv-house-serv,husband,17755.791971322276,48069.12350718576,Single Vehicle Collision,Side Collision,Minor Damage,Police,5,3,NO,1,2,YES,33453.282829148266,12828.824150621656,17533.467129345383,36991.46023872289,Chevrolet,2005,0
448,19,CA,500,1971.109015375144,0,MALE,PhD,Priv-house-serv,husband,91516.7137974555,30133.498047225254,Single Vehicle Collision,Unknown,Minor Damage,None,2,2,Unknown,2,2,Unknown,39914.13552263945,3733.224322828328,18195.765173894728,16025.032046797578,Chevrolet,2023,0
449,43,TX,2000,1111.3763128607254,0,FEMALE,High School,Adm-clerical,own-child,46520.54331216711,27973.762972817312,Multi-vehicle Collision,Rear Collision,Total Loss,Fire,14,1,Unknown,0,0,Unknown,58828.9607969609,15905.243093013696,18577.806413631642,25517.37782290644,Volkswagen,1998,1
450,34,FL,500,1741.2783831594545,1000000,MALE,Masters,Other-service,other-relative,6318.82792745162,726.7067632995339,Parked Car,Side Collision,Trivial Damage,None,2,4,YES,2,3,NO,91965.79752936799,11444.071919814978,25411.74572615085,35808.653970905085,Volkswagen,1998,0
451,57,NY,2000,1646.7916919820764,5000000,FEMALE,JD,Adm-clerical,own-child,59818.74999385286,4047.485101117804,Vehicle Theft,Rear Collision,Minor Damage,Police,10,3,YES,0,0,NO,39756.65122012133,4137.6896929111,5102.4453980199105,23725.49880856097,Toyota,2009,0
452,50,FL,1000,1360.2934271833599,0,MALE,Masters,Handlers-cleaners,husband,60182.63486330478,28858.581331199814,Single Vehicle Collision,Unknown,Major Damage,Police,2,1,YES,1,2,YES,7380.70764743748,29454.51629894518,11018.818428455043,24788.497742570617,Saab,2021,0
453,26,CA,2000,1934.0707154178997,2000000,FEMALE,High School,Exec-managerial,wife,6450.07586865618,46812.01939036016,Multi-vehicle Collision,Rear Collision,Total Loss,Police,9,3,Unknown,0,1,Unknown,35121.11071238374,11092.661678403067,17580.051820521345,28794.165292208367,Chevrolet,1997,0
454,60,FL,1000,800.7117732926042,5000000,FEMALE,College,Protective-serv,unmarried,97252.2495633662,43334.567419969746,Vehicle Theft,Side Collision,Major Damage,Ambulance,17,2,NO,1,0,Unknown,19413.498553684556,18773.935188636926,8499.832158348792,35343.256408935995,Saab,2018,0
455,71,NY,2000,663.8963154644321,2000000,MALE,JD,Adm-clerical,other-relative,54402.99652945756,49128.94614961023,Single Vehicle Collision,Rear Collision,Total Loss,Fire,0,2,Unknown,0,2,NO,65351.56064250078,14703.865840097898,29344.593662521176,3983.112419013693,Ford,2013,0
456,65,CA,1000,1780.9429504331333,1000000,FEMALE,Masters,Other-service,wife,55979.57221797643,26391.7018780637,Vehicle Theft,Side Collision,Major Damage,Police,15,3,Unknown,1,2,NO,3411.5798621495524,4284.848376502983,7894.5077880698755,13805.945595955433,Dodge,2023,0
457,56,FL,1000,1158.7247249506224,0,MALE,PhD,Adm-clerical,unmarried,52011.54145023945,39396.546921888345,Multi-vehicle Collision,Unknown,Minor Damage,Ambulance,15,3,YES,1,1,NO,29547.0321217708,1666.3087011771172,14088.866419270955,16208.54668018385,Dodge,2015,0
458,46,TX,1000,1770.4532813105907,2000000,FEMALE,College,Priv-house-serv,other-relative,61073.177964462,42020.01657446702,Vehicle Theft,Rear Collision,Major Damage,Police,9,3,YES,2,3,NO,54744.76396964568,18773.08245245877,26320.95137139205,36433.531782872524,Chevrolet,1996,0
459,59,CA,1000,1839.6353077931224,1000000,FEMALE,Masters,Handlers-cleaners,other-relative,26429.975277375495,32401.58286654309,Single Vehicle Collision,Side Collision,Minor Damage,None,0,2,YES,1,2,YES,28094.75350193065,7410.656110436567,2401.909879806787,38262.313018389956,Mercedes,2000,0
460,72,CA,500,593.6863904286072,0,FEMALE,PhD,Handlers-cleaners,husband,28724.13479748408,16937.495210725363,Vehicle Theft,Unknown,Total Loss,Fire,3,2,NO,2,0,YES,55324.030692852786,7309.619988411451,24620.640062827555,5255.028354272427,Toyota,2016,0
461,43,TX,1000,1825.197144479091,2000000,MALE,High School,Handlers-cleaners,wife,51133.908979613276,23498.92173288972,Vehicle Theft,Rear Collision,Major Damage,None,2,1,NO,2,1,YES,11913.876057624728,28709.28569130932,17130.2510692401,5204.753351656841,Chevrolet,2018,0
462,52,IL,500,1172.4785830541332,2000000,FEMALE,PhD,Handlers-cleaners,other-relative,80668.58547635796,42895.85361217838,Single Vehicle Collision,Unknown,Minor Damage,Ambulance,4,4,Unknown,2,3,YES,94309.14605496744,13853.199129338742,954.0612245901126,37427.04087296831,Ford,2002,0
463,67,NY,500,1265.6487335063484,1000000,MALE,Masters,Handlers-cleaners,other-relative,4986.4576494178855,14927.396299108197,Multi-vehicle Collision,Side Collision,Minor Damage,None,11,4,NO,0,3,NO,29445.227329323727,882.7819950206772,27087.386759003075,12182.99010461241,Mercedes,2011,0
464,42,IL,1000,1439.8887666398155,0,FEMALE,Masters,Handlers-cleaners,unmarried,60340.4212220246,46187.15656333243,Multi-vehicle Collision,Rear Collision,Total Loss,None,11,2,YES,0,3,YES,92338.5835192934,10195.281454494203,1175.9050636722911,10051.669551967532,BMW,1999,1
465,41,FL,500,1889.5739100951303,0,MALE,High School,Protective-serv,husband,80677.8142506314,11490.317071133255,Vehicle Theft,Rear Collision,Total Loss,Police,12,4,NO,1,2,YES,32920.62623066247,17534.7462675668,15456.533888138785,1907.1031972868977,Audi,1996,0
466,30,TX,2000,528.674141644646,2000000,MALE,PhD,Other-service,own-child,15691.727203722716,37475.820757839036,Parked Car,Rear Collision,Total Loss,None,23,3,NO,2,3,YES,78293.09902171227,9857.022555513624,1470.9373909704339,11386.039423440638,Volkswagen,2020,1
467,24,IL,1000,1215.2652024767258,2000000,MALE,PhD,Handlers-cleaners,husband,1502.2541980566295,31527.96171728692,Vehicle Theft,Unknown,Minor Damage,Police,11,1,NO,2,2,NO,24995.64206739467,805.5586210242693,2136.0029542349444,27894.293875426534,Volkswagen,2006,0
468,74,CA,500,1531.583063645841,2000000,FEMALE,High School,Other-service,own-child,31271.329514145807,37479.97205603811,Parked Car,Unknown,Minor Damage,Police,15,2,NO,1,1,Unknown,67142.00578776532,13329.337964002061,26616.129427736756,17328.428428212686,Mercedes,1999,0
469,53,FL,1000,1584.0604365473428,0,MALE,PhD,Exec-managerial,wife,58814.37067295981,21867.37862162974,Vehicle Theft,Side Collision,Total Loss,Fire,12,2,YES,2,1,NO,32709.763275365334,3177.1900852433355,22974.766408873307,20916.378890244527,Chevrolet,2004,0
470,62,FL,1000,1538.798647305662,1000000,FEMALE,High School,Handlers-cleaners,wife,13828.317340474772,46632.05312769923,Multi-vehicle Collision,Front Collision,Minor Damage,Ambulance,4,4,YES,1,3,Unknown,51161.33335636105,18574.80073988113,5908.235197346744,36733.176066287975,Volkswagen,2022,0
471,37,IL,1000,701.6526941121828,1000000,MALE,College,Adm-clerical,other-relative,42612.23709724855,31623.61012057387,Vehicle Theft,Rear Collision,Trivial Damage,Ambulance,23,3,Unknown,2,1,Unknown,67544.50750348622,18587.61300668064,18614.039196427617,5030.246415517,Saab,2003,0
472,18,IL,500,949.0933825575219,0,MALE,Masters,Handlers-cleaners,wife,55232.1497374278,14414.790227712814,Vehicle Theft,Rear Collision,Minor Damage,Ambulance,3,1,Unknown,0,0,YES,59093.80926769458,1132.7741879520215,23840.38705293647,3314.008252082661,Volkswagen,2014,0
473,25,TX,2000,1038.0732881255203,5000000,MALE,College,Priv-house-serv,other-relative,59888.309475731716,31922.753532607185,Parked Car,Side Collision,Total Loss,Police,20,4,Unknown,1,0,YES,57839.919031727586,8719.987847981318,26687.719241005943,34151.264590393825,Dodge,2002,0
474,63,NY,2000,1706.6558115192574,1000000,MALE,JD,Protective-serv,husband,27441.172100037515,14340.787360351558,Multi-vehicle Collision,Rear Collision,Minor Damage,Ambulance,14,2,NO,1,2,YES,7035.24314793292,12410.587912170116,14049.20780517439,31106.803998512907,Volkswagen,1995,0
475,33,IL,500,918.1398086218296,2000000,FEMALE,JD,Adm-clerical,wife,40002.96359862914,14681.619587993711,Parked Car,Unknown,Minor Damage,Police,11,2,NO,0,3,NO,25283.144801073387,16507.92293577534,26924.996322036124,10917.500384328783,BMW,2018,0
476,31,IL,1000,816.0574458008048,5000000,MALE,JD,Adm-clerical,husband,77833.92290675588,19979.925581043393,Vehicle Theft,Unknown,Total Loss,Fire,18,4,YES,1,2,NO,57398.00934072589,8881.902891245853,15235.502181526846,13307.247991776274,Toyota,2000,0
477,29,CA,500,1936.1720285571444,5000000,MALE,High School,Priv-house-serv,husband,94121.46941206855,42621.52087845595,Single Vehicle Collision,Rear Collision,Total Loss,Ambulance,20,3,Unknown,0,1,YES,2322.5621179646423,8632.395376541945,20646.84126533073,12755.97451313858,Mercedes,2018,0
478,68,FL,500,513.2949276702034,1000000,FEMALE,PhD,Handlers-cleaners,wife,86188.03311182573,25014.893719699598,Vehicle Theft,Rear Collision,Minor Damage,Police,18,1,YES,2,3,NO,25439.103384039976,29490.45468750778,29370.880782754175,26088.447521865495,Saab,2016,0
479,40,NY,500,1996.7312835229673,5000000,MALE,College,Protective-serv,husband,56428.35017334319,33945.04211151037,Vehicle Theft,Unknown,Minor Damage,Ambulance,20,1,Unknown,0,2,NO,23303.931323404075,1255.883871626997,7078.553675835802,2917.854526064685,BMW,2005,0
480,32,CA,1000,1515.2319482860935,5000000,MALE,College,Adm-clerical,wife,41029.28029439465,19598.38701372315,Parked Car,Rear Collision,Minor Damage,Ambulance,10,1,Unknown,0,3,Unknown,25360.682961003025,29671.362422734557,5055.638282474344,19831.362617917213,Dodge,1997,0
481,45,TX,500,1742.7039491736757,1000000,MALE,College,Protective-serv,wife,33295.66143714182,13180.271990344072,Single Vehicle Collision,Unknown,Major Damage,Fire,20,1,Unknown,1,3,NO,53793.14520688204,1432.5582323518959,10260.564749336105,5787.982279953434,Chevrolet,2022,0
482,51,TX,1000,941.9290945192897,1000000,MALE,College,Adm-clerical,wife,12495.656608401807,47732.00803581157,Single Vehicle Collision,Front Collision,Total Loss,None,5,3,NO,2,2,Unknown,58405.05522490965,8650.242833840575,4931.970681609281,32879.672366586776,Audi,2009,0
483,19,IL,500,521.4729165005899,5000000,FEMALE,JD,Handlers-cleaners,own-child,10655.124721611297,30179.06235615313,Parked Car,Front Collision,Minor Damage,Ambulance,8,2,Unknown,0,3,YES,90945.30044009472,14810.725649080501,8524.884171146225,15536.188670243628,Dodge,2005,0
484,49,IL,2000,1606.804277842295,2000000,FEMALE,College,Exec-managerial,husband,68835.76249136576,46697.566929135915,Multi-vehicle Collision,Rear Collision,Total Loss,Fire,0,2,Unknown,2,1,NO,38910.08937810881,4298.950290429756,22289.55970111812,21339.10163216864,Mercedes,2018,1
485,40,TX,500,1751.2168955010136,0,MALE,PhD,Adm-clerical,unmarried,25979.441617116037,10170.650109915752,Single Vehicle Collision,Rear Collision,Major Damage,Ambulance,11,1,NO,0,0,Unknown,92694.60225574103,4045.3908755617153,14325.721077638616,1658.0455467620461,Mercedes,1999,0
486,39,IL,500,1610.7141979302787,5000000,FEMALE,JD,Exec-managerial,wife,25466.16864324468,7344.708195646637,Single Vehicle Collision,Rear Collision,Major Damage,Ambulance,13,1,Unknown,1,0,NO,65369.457325924945,7689.381397828375,11251.238834847056,2801.440384871567,Mercedes,2022,0
487,68,NY,2000,714.2754309512579,5000000,FEMALE,College,Adm-clerical,husband,99819.50544777857,42791.14535619518,Parked Car,Unknown,Trivial Damage,Ambulance,5,1,NO,0,3,Unknown,91309.70939210529,29205.215507207085,11061.720158273793,27164.66581397191,BMW,2020,0
488,42,IL,1000,1630.1418833854536,2000000,MALE,High School,Other-service,other-relative,18792.59578737954,34045.860630862575,Multi-vehicle Collision,Front Collision,Total Loss,Ambulance,0,4,NO,0,0,Unknown,83430.47411716482,11403.505766236924,5835.8992470015955,30787.436533082615,Mercedes,2010,1
489,39,FL,1000,1653.3841731614614,5000000,FEMALE,Masters,Handlers-cleaners,wife,14805.975948882966,9328.924962682067,Multi-vehicle Collision,Front Collision,Minor Damage,None,21,4,YES,2,3,NO,68914.4531190649,16979.845148075754,13422.343628609857,28546.405591786955,Toyota,2015,0
490,39,IL,500,1487.8107735050824,5000000,MALE,Masters,Priv-house-serv,wife,9868.522775992062,13467.985033176888,Vehicle Theft,Side Collision,Minor Damage,None,1,2,NO,0,2,YES,35932.537002136465,21128.74207144939,18739.066760645288,29612.23614008548,Toyota,2022,0
491,66,CA,2000,1649.1738991933794,0,FEMALE,Masters,Exec-managerial,unmarried,57980.53451667962,40033.19707626556,Vehicle Theft,Side Collision,Major Damage,Ambulance,23,2,NO,1,1,Unknown,24490.48954467924,22266.65506572631,4174.645035546712,4632.484096698495,Toyota,2001,0
492,69,NY,1000,1768.8821595165982,0,FEMALE,JD,Priv-house-serv,own-child,62786.38260021014,22693.430999796805,Parked Car,Rear Collision,Trivial Damage,Ambulance,10,1,NO,1,0,YES,22627.947833447204,20641.228990360643,29184.38584410644,27891.308223352873,Mercedes,2000,0
493,59,CA,500,1420.4061713561878,0,FEMALE,College,Handlers-cleaners,own-child,36522.79262568819,33527.025325304545,Multi-vehicle Collision,Unknown,Total Loss,Fire,2,4,Unknown,0,2,NO,95241.29682689998,10107.845795751746,13298.435292802007,7679.029516219199,Toyota,2003,1
494,23,CA,2000,632.9070709545185,1000000,MALE,JD,Priv-house-serv,wife,53541.333551146774,15917.601106800545,Parked Car,Rear Collision,Total Loss,Fire,9,3,YES,0,1,NO,95878.09739137114,3351.8348206818737,28438.82750254184,4371.609559133023,Volkswagen,2001,1
495,32,FL,1000,1231.4417145008163,1000000,FEMALE,PhD,Handlers-cleaners,husband,78839.95309449125,19061.497638743836,Vehicle Theft,Front Collision,Total Loss,Police,5,4,Unknown,2,0,YES,72620.72166566874,8451.494259996327,4039.7677987255565,30407.852802966223,Volkswagen,1997,1
496,71,NY,1000,616.4740020074075,0,MALE,High School,Priv-house-serv,other-relative,81810.41683217484,49535.62793115525,Parked Car,Rear Collision,Total Loss,None,5,2,NO,2,0,NO,88437.70041560949,6308.856803085198,23016.478595180408,35631.5416255118,Mercedes,2005,1
497,60,NY,2000,1111.3145465486464,0,MALE,High School,Exec-managerial,other-relative,95791.20757156482,12380.854358735927,Parked Car,Rear Collision,Minor Damage,Ambulance,19,4,NO,1,1,Unknown,91940.11822636653,4088.3191460795033,18529.141516306347,28810.04134250377,Ford,2021,0
498,54,NY,2000,1110.6597336884415,1000000,FEMALE,Masters,Other-service,husband,82426.79859228745,25322.8188518257,Single Vehicle Collision,Front Collision,Total Loss,None,20,2,YES,2,2,YES,51399.84155367156,734.9019525485612,24601.923586301124,32320.15138618276,BMW,2006,1
499,50,NY,2000,599.0147662103624,2000000,MALE,Masters,Priv-house-serv,wife,56484.14367174266,42220.11715952661,Single Vehicle Collision,Front Collision,Minor Damage,Fire,1,1,YES,0,2,NO,63091.439217204635,28071.775471752426,18020.337688656156,39647.982127303825,Audi,2015,0
500,25,NY,2000,1023.2308009542189,5000000,FEMALE,Masters,Exec-managerial,other-relative,17965.6965836846,11961.1606832929,Single Vehicle Collision,Front Collision,Minor Damage,None,23,3,NO,1,0,NO,42166.07254306135,27631.031596360146,28885.09899728418,5822.858500564039,BMW,2019,0
501,70,FL,500,666.4971481869723,5000000,MALE,College,Adm-clerical,own-child,9976.355770284239,20760.687834216536,Vehicle Theft,Front Collision,Total Loss,None,9,1,NO,2,1,YES,42139.83104638368,1512.510168905078,18807.954927895727,38623.525821105024,BMW,2005,1
502,61,IL,2000,1712.3528150138332,0,MALE,PhD,Handlers-cleaners,husband,5451.18899108592,30754.564368499414,Parked Car,Side Collision,Minor Damage,Ambulance,22,1,Unknown,1,2,Unknown,4323.677405139155,5192.537184612054,23538.12376033404,24247.313316859047,BMW,2023,0
503,61,CA,1000,1921.532038946706,2000000,FEMALE,PhD,Protective-serv,unmarried,66652.58317853838,24059.407573755125,Single Vehicle Collision,Unknown,Minor Damage,Ambulance,5,3,NO,0,1,YES,43665.23531823815,4185.01414388381,26327.45317600102,32623.49971512831,Audi,2020,0
504,22,NY,1000,608.4747128869079,1000000,FEMALE,PhD,Protective-serv,wife,80753.62553979931,22975.113328515872,Single Vehicle Collision,Unknown,Minor Damage,Fire,22,3,Unknown,2,1,NO,67512.23624556174,8436.688032645521,21437.5041363138,26181.682672712966,Toyota,1996,0
505,56,IL,500,1932.6728109375522,0,FEMALE,PhD,Handlers-cleaners,husband,50868.3950684079,18125.48656610618,Single Vehicle Collision,Front Collision,Major Damage,Ambulance,16,3,YES,0,0,NO,42487.22552760383,6122.066114362234,15727.09969689481,23016.492657021292,Saab,1995,0
506,21,IL,1000,1283.8648990051179,2000000,FEMALE,Masters,Other-service,other-relative,5471.417483363994,29332.316388746254,Vehicle Theft,Unknown,Major Damage,Fire,13,2,Unknown,0,1,YES,87304.76284925717,28375.606121935652,8184.512362902609,28292.95026385667,Saab,2021,0
507,23,CA,1000,949.3485169308108,2000000,MALE,High School,Priv-house-serv,wife,53547.057459133815,31218.634896180512,Vehicle Theft,Unknown,Minor Damage,Fire,4,1,NO,1,1,Unknown,33590.013764498304,2525.113096806115,25634.77840187008,13150.217248262821,Chevrolet,2018,0
508,62,FL,2000,615.2931129142453,2000000,MALE,Masters,Other-service,own-child,93574.92615245504,32664.477045068128,Parked Car,Unknown,Total Loss,Police,22,2,Unknown,1,3,Unknown,13701.863632804523,6350.1248101350975,14417.347580660351,37008.72517793055,Mercedes,2018,1
509,49,TX,1000,1250.9364021056267,1000000,MALE,PhD,Protective-serv,wife,59761.31909324605,3518.405395301466,Parked Car,Unknown,Minor Damage,Police,16,3,Unknown,1,1,Unknown,81250.0897275414,2421.699137487433,18621.246790051773,5054.056596203259,Dodge,1996,0
510,69,TX,500,1691.773316736123,1000000,FEMALE,Masters,Exec-managerial,wife,80942.74884628148,31551.708785602445,Parked Car,Front Collision,Total Loss,Police,1,2,YES,2,2,YES,67557.8178736949,29411.56045933309,2376.796136427595,13062.231771415254,Toyota,2008,1
511,47,IL,2000,1560.6297159000471,5000000,MALE,PhD,Handlers-cleaners,own-child,80015.26483917506,47661.85893906164,Single Vehicle Collision,Rear Collision,Major Damage,None,8,3,Unknown,2,0,Unknown,24561.038490897892,27552.40527291015,14920.539693805495,1730.9129514198808,Toyota,2007,0
512,64,CA,2000,575.3390171959607,5000000,FEMALE,JD,Handlers-cleaners,own-child,93212.90997806529,27049.31177640418,Multi-vehicle Collision,Rear Collision,Major Damage,Police,11,4,NO,1,0,Unknown,53876.899976202185,21498.94769296233,20944.72932059535,11217.260382020622,Dodge,2018,0
513,52,TX,500,609.3527530518553,2000000,MALE,High School,Other-service,wife,77022.87656498732,35763.35412546222,Vehicle Theft,Rear Collision,Total Loss,Ambulance,18,3,Unknown,2,1,Unknown,40484.30769008235,12779.1909665974,17522.1572980131,9119.416547085473,Mercedes,1999,0
514,72,IL,2000,1104.3099239489557,2000000,FEMALE,JD,Exec-managerial,own-child,74770.05140130896,27836.61538796089,Single Vehicle Collision,Side Collision,Trivial Damage,Ambulance,21,1,Unknown,2,1,Unknown,93916.54775534794,5705.344065719776,13456.64568137115,2460.4189968059327,Saab,1996,0
515,57,FL,2000,942.9357410719149,1000000,MALE,College,Other-service,husband,23410.266497064058,42737.030929598935,Single Vehicle Collision,Unknown,Trivial Damage,Police,6,1,Unknown,1,2,NO,60929.54304660259,6644.691750604273,6702.819502490076,19925.075522020572,Audi,2017,0
516,69,TX,500,848.5764845840717,5000000,MALE,Masters,Priv-house-serv,own-child,5992.515532108145,46479.15472987845,Parked Car,Front Collision,Major Damage,None,8,1,NO,0,3,YES,16259.731488105663,13291.200256680344,9290.106002704786,19011.12365329659,Dodge,2017,0
517,33,IL,2000,921.5067483630704,2000000,FEMALE,College,Adm-clerical,own-child,51759.94650538077,9210.994964817965,Parked Car,Front Collision,Total Loss,Fire,20,2,Unknown,2,0,YES,50463.77103738002,23046.680140094446,21018.730744869034,3570.945033997421,Audi,2013,0
518,30,IL,500,1705.2241149453268,5000000,MALE,Masters,Exec-managerial,wife,12443.42079467552,21843.00182785633,Single Vehicle Collision,Side Collision,Total Loss,None,15,1,NO,2,3,Unknown,86324.40483612315,7941.884879968767,6725.720965181968,10843.09599063236,Chevrolet,2011,1
519,67,NY,500,1893.8420804477807,5000000,FEMALE,JD,Adm-clerical,husband,96219.58762779913,19619.105046636065,Vehicle Theft,Front Collision,Total Loss,None,19,3,Unknown,0,2,YES,67313.91866822993,9323.7573760394,18651.798459266454,38156.22533842106,BMW,2005,0
520,59,FL,1000,1107.6540417913498,2000000,MALE,PhD,Priv-house-serv,unmarried,28992.47626330286,20260.756164963932,Vehicle Theft,Rear Collision,Minor Damage,Fire,10,4,YES,0,0,YES,84323.9815718163,17998.32874213412,17692.128376686094,4874.096668161603,Toyota,2010,0
521,47,NY,1000,1859.1665031987457,1000000,MALE,PhD,Adm-clerical,unmarried,85294.4203384293,6276.209061393795,Single Vehicle Collision,Side Collision,Minor Damage,Fire,11,1,YES,0,2,NO,25414.73172963121,7131.880868347607,29112.524381605912,12548.236629948993,BMW,2014,0
522,36,CA,2000,982.243551871823,2000000,FEMALE,Masters,Protective-serv,other-relative,38762.462520245936,40680.786299035964,Multi-vehicle Collision,Front Collision,Major Damage,Fire,14,2,YES,1,1,YES,88890.96201623042,17526.558638784107,1823.4552745400968,1916.5647389590129,Saab,2012,0
523,34,NY,2000,1214.6554795156874,2000000,FEMALE,PhD,Adm-clerical,own-child,32319.424985737744,1788.3121507467624,Multi-vehicle Collision,Side Collision,Total Loss,Ambulance,17,4,NO,0,2,NO,75683.32751650512,11613.926798168537,3243.6782188818447,6381.044503638787,BMW,2014,1
524,73,NY,500,839.0434967239996,5000000,MALE,JD,Priv-house-serv,own-child,93515.85723766212,26411.330386357844,Vehicle Theft,Side Collision,Trivial Damage,Fire,18,1,NO,1,1,YES,73026.91866608882,1031.046177040441,15182.50396937271,28126.18574489869,BMW,2002,0
525,36,TX,2000,1460.714063263766,2000000,MALE,PhD,Adm-clerical,husband,36332.257208622395,33093.91940223456,Parked Car,Front Collision,Minor Damage,Fire,15,1,NO,0,3,NO,34980.836441470674,12081.038586958917,15813.294760609038,14985.301776186083,Ford,1996,0
526,45,IL,500,1968.4716727622133,1000000,MALE,JD,Handlers-cleaners,unmarried,39028.79086631365,10373.47190294386,Multi-vehicle Collision,Rear Collision,Minor Damage,None,14,4,Unknown,0,0,NO,88821.97734417256,27585.758385574347,1197.8297641551371,18357.024541825263,Dodge,2011,0
527,72,FL,500,1405.239644065068,2000000,MALE,College,Other-service,other-relative,10609.177961290916,45292.509604939776,Multi-vehicle Collision,Front Collision,Major Damage,None,4,1,NO,1,0,YES,63978.94805062505,8793.356374003817,24775.662625783563,6700.646607660918,Dodge,2005,0
528,43,NY,2000,1036.7211261703233,1000000,MALE,JD,Protective-serv,husband,67044.66652825093,41927.46035123966,Parked Car,Unknown,Total Loss,Police,10,2,NO,1,3,NO,85258.02794784885,9684.971683094069,14841.704943086872,27444.536829206416,Toyota,2008,1
529,54,FL,500,1471.7261689857926,1000000,MALE,High School,Handlers-cleaners,own-child,28883.94144775135,23554.186474196264,Multi-vehicle Collision,Unknown,Minor Damage,None,14,3,NO,0,1,NO,36416.659870634045,1978.2266417786066,10399.312399215863,30185.103124604517,Volkswagen,2010,0
530,43,NY,1000,684.3810176980813,5000000,FEMALE,High School,Handlers-cleaners,unmarried,58560.41678395072,20557.446617006935,Single Vehicle Collision,Front Collision,Trivial Damage,Fire,17,3,NO,0,0,YES,14992.383060903472,18451.42345707883,9565.613118446276,7653.925955911221,Dodge,2009,0
531,70,CA,2000,1832.988620398098,0,FEMALE,High School,Priv-house-serv,other-relative,59135.17040532095,11828.396260555002,Multi-vehicle Collision,Rear Collision,Major Damage,Ambulance,12,4,YES,0,2,NO,33567.549431922074,25477.270928950165,25842.21544662544,2277.2418129877155,Dodge,2009,0
532,40,NY,1000,1254.6259261697546,0,FEMALE,Masters,Other-service,wife,71919.9695595767,36499.66123224818,Parked Car,Unknown,Total Loss,None,3,3,Unknown,2,1,NO,45798.80256383066,10587.686792793049,5901.98599284541,3697.1748052062308,Toyota,1997,1
533,26,TX,2000,1174.0246130594633,5000000,MALE,Masters,Other-service,unmarried,74524.14861724412,6587.189981598207,Single Vehicle Collision,Unknown,Major Damage,None,16,1,YES,0,0,NO,53574.0338269765,7207.366725599653,4812.531162978277,26453.3074095192,Toyota,2020,0
534,29,IL,500,1378.7971826802786,2000000,MALE,Masters,Exec-managerial,other-relative,51445.24344015394,34011.88769218915,Multi-vehicle Collision,Front Collision,Total Loss,Fire,3,1,Unknown,1,2,NO,51325.51696329798,28698.35562491576,6395.355876698495,5852.668798546138,Audi,2001,1
535,70,CA,2000,1437.1757941841038,5000000,MALE,JD,Protective-serv,husband,33099.1947603403,42122.84930592068,Vehicle Theft,Front Collision,Major Damage,None,15,2,Unknown,2,2,NO,54832.431947438155,22352.178437744653,18750.67642955891,20009.793949669005,BMW,2023,0
536,18,NY,1000,607.6637093397695,1000000,FEMALE,Masters,Priv-house-serv,wife,83745.08948347339,11423.578795851186,Single Vehicle Collision,Front Collision,Major Damage,None,22,3,YES,1,0,Unknown,84249.72363968327,17014.906778497938,24327.925668852276,6529.340471583717,Toyota,2006,0
537,18,FL,500,1523.9258318351035,0,FEMALE,College,Protective-serv,other-relative,30986.56494084847,43321.37014493781,Single Vehicle Collision,Side Collision,Minor Damage,Fire,14,4,NO,2,3,NO,17425.073995722905,9165.934990346523,9929.360813645388,7220.84790410697,Saab,2016,0
538,64,CA,2000,862.8975204732944,5000000,MALE,High School,Exec-managerial,other-relative,50750.90944693315,1666.1599719754226,Vehicle Theft,Side Collision,Total Loss,None,13,1,YES,2,3,NO,31947.103869302653,6623.940539292026,5203.859943444387,672.239881989985,Toyota,2016,0
539,51,CA,2000,1570.9289487598846,2000000,MALE,JD,Adm-clerical,own-child,40125.258320372806,45639.36926932627,Vehicle Theft,Side Collision,Minor Damage,Ambulance,11,4,Unknown,1,0,NO,88916.54479832742,21472.321170014016,6275.825028858616,13172.558106406323,Mercedes,2017,0
540,49,NY,2000,1733.8021915762952,5000000,FEMALE,High School,Handlers-cleaners,unmarried,85507.83859696881,5918.111392564901,Multi-vehicle Collision,Front Collision,Minor Damage,Police,2,1,Unknown,2,2,NO,56265.591353553864,15653.664514120324,18575.51335553553,4046.9920098779826,Toyota,2018,0
541,71,CA,1000,1705.9377613287804,0,FEMALE,Masters,Protective-serv,own-child,43191.85311458288,32287.95889690163,Multi-vehicle Collision,Rear Collision,Trivial Damage,None,9,1,NO,1,3,YES,58547.29210177243,15617.994504089433,7381.056786426897,16061.470375946798,Dodge,1997,0
542,65,FL,1000,1328.7514511118338,5000000,FEMALE,JD,Handlers-cleaners,wife,38609.918883748425,12504.12344569709,Parked Car,Unknown,Total Loss,Ambulance,7,2,YES,0,3,Unknown,48067.22318908825,2211.294560167314,26318.406940541005,24112.480229894565,Audi,2013,0
543,42,CA,2000,1280.2548384661268,5000000,MALE,PhD,Priv-house-serv,other-relative,68982.36928976375,41827.61955848069,Parked Car,Side Collision,Major Damage,None,5,3,Unknown,2,3,YES,55122.97618112084,15365.834302788178,3116.740632429419,15017.51194316062,Ford,2004,0
544,57,FL,500,714.3139420091176,0,MALE,College,Adm-clerical,own-child,60244.110986144275,25615.018045773326,Single Vehicle Collision,Rear Collision,Major Damage,Police,21,2,YES,1,1,Unknown,20208.93319073007,24682.32093118481,971.056020165606,28350.72441799574,Toyota,2023,0
545,62,NY,500,1663.0192256047035,1000000,MALE,Masters,Priv-house-serv,unmarried,10724.683349584608,6762.059562325068,Vehicle Theft,Front Collision,Trivial Damage,Fire,13,3,NO,2,3,NO,54913.25649210376,28403.978333872772,2651.347378827118,29787.344837554643,Volkswagen,2002,0
546,70,IL,1000,907.1140706700716,1000000,FEMALE,Masters,Adm-clerical,wife,50816.88063439632,28549.578566298922,Vehicle Theft,Side Collision,Major Damage,Police,16,4,NO,1,0,NO,99718.72622715612,3200.4719244520543,25369.293611589612,28015.952300752066,Mercedes,2010,0
547,18,CA,500,1245.0431342269198,0,FEMALE,College,Adm-clerical,husband,73547.83883332476,20394.130509849158,Parked Car,Front Collision,Total Loss,None,20,3,Unknown,0,0,Unknown,56821.733505956334,18934.956320972124,19536.885589969832,37500.185605444174,Saab,2010,0
548,33,IL,1000,926.4111393912751,5000000,MALE,College,Handlers-cleaners,own-child,99207.47645913562,33072.39083065506,Single Vehicle Collision,Rear Collision,Total Loss,Police,18,4,NO,0,1,Unknown,4918.045327800019,17050.417523947406,28732.33899351751,9873.123941308466,Toyota,2006,0
549,56,FL,2000,700.7425444995397,0,MALE,PhD,Priv-house-serv,wife,62914.68339703191,44095.164238172976,Single Vehicle Collision,Side Collision,Minor Damage,Police,15,1,Unknown,2,1,YES,79745.34661289064,26709.374728444254,10088.896238092728,7983.529898041576,BMW,2023,0
550,22,CA,1000,1444.336545337605,1000000,FEMALE,Masters,Priv-house-serv,husband,37029.30664413178,20469.45655917092,Parked Car,Side Collision,Total Loss,Fire,14,4,Unknown,2,0,Unknown,39949.30515797706,22537.320905546145,6380.343840290983,24583.603825053753,BMW,2023,0
551,39,TX,1000,581.4980522343558,2000000,MALE,Masters,Protective-serv,own-child,22615.15998021184,14494.033976692983,Parked Car,Side Collision,Total Loss,None,14,4,NO,1,1,NO,15790.776775905406,28957.856074959396,16859.257179412474,23997.641872650245,Mercedes,2017,0
552,46,IL,2000,1622.9678511893,5000000,FEMALE,High School,Priv-house-serv,wife,87283.02341533203,725.7547263804398,Parked Car,Side Collision,Total Loss,Police,0,1,NO,1,3,YES,86320.72071955579,28800.976127459886,16134.848373802457,20648.88418015488,Dodge,2020,0
553,72,CA,500,976.380192891675,1000000,FEMALE,JD,Protective-serv,wife,81456.52121135028,28741.951892993744,Multi-vehicle Collision,Rear Collision,Total Loss,Police,23,4,YES,2,2,Unknown,20198.338925729273,6770.552800356624,17730.71964585965,671.9510640234477,Chevrolet,1999,1
554,20,IL,1000,500.202039506728,5000000,MALE,JD,Other-service,own-child,23392.282077938486,20113.738371571675,Single Vehicle Collision,Side Collision,Trivial Damage,Fire,22,4,YES,1,2,Unknown,92116.35529092405,21760.526157012664,10426.015879810464,22431.91008128694,Dodge,2014,0
555,29,CA,1000,1266.6937088558448,0,FEMALE,High School,Other-service,wife,20063.209014657346,18732.460950741435,Single Vehicle Collision,Unknown,Major Damage,Ambulance,22,1,Unknown,1,2,YES,44458.75079903925,15915.692740946832,176.90820110360272,37345.52324648267,Mercedes,2000,0
556,43,NY,2000,570.2778627914047,2000000,MALE,JD,Other-service,other-relative,71513.67768111757,9146.766064210626,Single Vehicle Collision,Unknown,Total Loss,None,11,1,YES,1,0,Unknown,74407.68805759515,6438.059856459163,1050.949588218505,13715.818719958084,Dodge,2019,1
557,33,IL,500,914.2543367313492,0,FEMALE,College,Exec-managerial,own-child,31495.206191875946,21502.767259563716,Parked Car,Front Collision,Total Loss,Ambulance,9,1,Unknown,2,1,NO,54926.08710868279,5846.072466522022,19914.793842675386,38720.16813614989,BMW,2000,0
558,68,TX,1000,1560.4647311835743,2000000,FEMALE,JD,Priv-house-serv,wife,30639.87983619578,49222.097679168415,Parked Car,Side Collision,Minor Damage,Ambulance,13,3,NO,0,2,YES,26034.366989565173,2432.5302379885948,15697.741444664442,14591.888828308924,Audi,2002,0
559,54,TX,2000,594.0344324327988,5000000,MALE,JD,Exec-managerial,husband,15229.024706765525,14887.707683612216,Parked Car,Unknown,Minor Damage,Fire,9,1,NO,0,3,Unknown,67273.47236234392,23866.35829256067,24630.337789538207,6024.252849453805,Chevrolet,2011,0
560,39,FL,1000,1759.0077385340035,5000000,FEMALE,High School,Priv-house-serv,husband,26397.55197098299,29985.22067040501,Parked Car,Unknown,Major Damage,Fire,9,1,YES,1,3,NO,95812.29881356972,9735.143418600286,9012.295763603908,16236.93488962197,BMW,2006,0
561,74,CA,2000,505.72988398787464,0,MALE,PhD,Protective-serv,other-relative,42750.75575926496,38824.34406578334,Vehicle Theft,Unknown,Minor Damage,None,19,4,Unknown,2,3,Unknown,77078.87819574554,25709.065059868994,24464.167116935252,20037.146860479992,Saab,2016,0
562,46,IL,500,870.2358038028533,2000000,MALE,JD,Exec-managerial,own-child,73283.83372724155,37457.891158826584,Parked Car,Rear Collision,Major Damage,Ambulance,10,2,Unknown,1,1,YES,60599.79065923023,18249.460980696436,12764.7424035463,25363.84420197535,BMW,2008,0
563,31,FL,500,1611.3560842281072,2000000,FEMALE,JD,Exec-managerial,wife,33630.80944137498,16438.714374629537,Multi-vehicle Collision,Side Collision,Total Loss,Police,21,2,YES,0,2,Unknown,99067.49677245274,20209.00064515382,2900.9515663901175,20442.687399882194,Dodge,1996,1
564,45,IL,500,974.4052245939602,5000000,MALE,PhD,Exec-managerial,wife,32860.43394798427,30543.00417584252,Vehicle Theft,Rear Collision,Minor Damage,Ambulance,15,3,Unknown,1,3,Unknown,26900.003400597132,8750.2124883059,29337.346877720825,21700.385782545614,Audi,2013,0
565,22,CA,500,652.8385820990203,0,MALE,High School,Adm-clerical,husband,28491.325255243584,43563.23426350786,Vehicle Theft,Rear Collision,Minor Damage,Fire,8,3,Unknown,0,1,Unknown,6702.978046990014,13718.828381870508,15358.077874365597,1450.6480151254123,Chevrolet,2000,0
566,64,TX,1000,1040.3508782006418,2000000,MALE,PhD,Protective-serv,other-relative,47828.3667511043,772.3713866538973,Parked Car,Unknown,Total Loss,Police,14,2,NO,2,3,NO,3697.021178535142,12369.527342493746,18884.35541887039,10517.996680792578,Toyota,2012,0
567,66,NY,1000,905.5899295767883,5000000,MALE,High School,Other-service,husband,18063.669794131532,21786.71784216538,Single Vehicle Collision,Unknown,Total Loss,Police,13,2,Unknown,1,2,NO,71213.44401610043,7070.659917738036,20123.915594687038,12772.517988597294,Chevrolet,1998,0
568,47,TX,500,1764.0678532408324,1000000,MALE,College,Protective-serv,husband,48563.073403212555,11213.670912095264,Parked Car,Front Collision,Major Damage,Fire,18,1,Unknown,2,2,Unknown,83108.12029104997,24975.365055803777,10872.36756680642,39489.99724631724,BMW,2016,0
569,63,FL,500,970.0218763777148,0,MALE,High School,Adm-clerical,other-relative,70417.55561946899,19431.614519941948,Single Vehicle Collision,Side Collision,Major Damage,Police,8,4,Unknown,1,2,Unknown,63692.5034797104,18662.535174198634,22425.849595864118,12174.92567023783,Toyota,1999,0
570,69,NY,500,1683.3987076640108,1000000,FEMALE,College,Priv-house-serv,own-child,2979.050403262218,20799.480398762083,Parked Car,Side Collision,Total Loss,Ambulance,3,1,YES,1,2,YES,90550.14644559824,1122.9593235921043,26107.993960530515,35914.86452855927,Mercedes,2000,1
571,22,FL,1000,1837.808217216102,0,MALE,College,Protective-serv,wife,977.9380305761864,37333.548239331845,Parked Car,Unknown,Major Damage,Fire,20,3,YES,1,2,Unknown,69948.61671032208,24597.510581360653,11615.609292415764,12537.079921372611,BMW,2009,0
572,29,CA,500,1150.7261293647944,5000000,FEMALE,High School,Exec-managerial,own-child,7512.291015450923,4691.093619772158,Single Vehicle Collision,Unknown,Total Loss,None,6,2,YES,1,3,YES,37409.987317697545,3181.1326808577433,19710.026598946446,4296.358076174448,Volkswagen,2000,0
573,33,NY,500,1864.914715781588,2000000,FEMALE,Masters,Other-service,unmarried,53566.00617281121,25629.195156625523,Single Vehicle Collision,Side Collision,Trivial Damage,Fire,21,3,Unknown,1,2,NO,18535.20001717322,12110.893005976777,22713.714719316282,10280.887262907303,BMW,2002,0
574,43,FL,500,1065.9770809447891,2000000,MALE,High School,Other-service,unmarried,85445.50831854035,28209.739589937268,Single Vehicle Collision,Front Collision,Minor Damage,None,7,1,Unknown,2,3,Unknown,92502.42411663606,17137.707048911336,5703.7769306724385,11276.721204114769,Mercedes,2003,0
575,43,CA,2000,1946.1176247351623,2000000,FEMALE,JD,Priv-house-serv,unmarried,488.4466020251943,24707.880177590217,Single Vehicle Collision,Unknown,Major Damage,None,23,3,YES,2,2,YES,10807.916424749208,229.53736983653994,9977.882531879022,39140.819458614875,Chevrolet,2015,0
576,65,TX,500,633.9342867883594,0,FEMALE,JD,Protective-serv,other-relative,93666.1304584681,36593.66265313601,Multi-vehicle Collision,Front Collision,Total Loss,Fire,7,3,YES,0,3,NO,54527.34617276734,19587.243163288083,3263.875391428646,27134.51446990587,Saab,2016,0
577,38,CA,2000,1530.5288997548641,5000000,MALE,Masters,Adm-clerical,husband,10627.851157053581,19189.56279534237,Single Vehicle Collision,Rear Collision,Minor Damage,Fire,18,4,Unknown,1,2,YES,31743.788564714407,19791.088186807712,18066.2539274461,37301.39932702816,Toyota,2000,0
578,56,IL,2000,1240.721060685393,1000000,MALE,College,Priv-house-serv,own-child,84198.35280582264,47248.353182003804,Parked Car,Unknown,Minor Damage,None,14,3,Unknown,0,3,NO,27505.793248207414,19575.7895139794,24028.130874625684,33482.30337709046,Volkswagen,2016,0
579,53,CA,500,1081.4732081834704,5000000,MALE,Masters,Protective-serv,wife,48285.47649829468,24090.17212694707,Parked Car,Rear Collision,Total Loss,None,15,1,NO,2,2,Unknown,64760.56776573119,4904.038143188314,18325.15969754801,23354.64038178485,Mercedes,1996,0
580,50,CA,2000,1449.0678181229014,1000000,FEMALE,JD,Handlers-cleaners,unmarried,65935.7387278844,28560.69548073988,Multi-vehicle Collision,Unknown,Minor Damage,Police,21,4,YES,0,1,YES,23508.075270408106,7671.969803206482,5393.514929311319,27177.82300769975,Ford,2010,0
581,47,IL,500,1555.7856374514968,0,FEMALE,Masters,Other-service,own-child,51068.29844471824,41276.54116733747,Single Vehicle Collision,Rear Collision,Minor Damage,Fire,22,3,Unknown,2,3,Unknown,91678.32812086838,7421.274585982207,16391.054730784123,25181.069150993244,Volkswagen,2014,0
582,54,FL,1000,506.5449044754636,0,MALE,High School,Adm-clerical,unmarried,47704.82251793546,13761.805296556124,Parked Car,Unknown,Trivial Damage,Fire,8,1,YES,1,1,YES,40901.36895536285,28802.00949538911,25048.02445579229,26817.389534575574,Volkswagen,1995,0
583,40,FL,1000,750.4296331207981,1000000,MALE,Masters,Exec-managerial,unmarried,83489.94283643915,3760.1014381401233,Multi-vehicle Collision,Front Collision,Major Damage,Police,11,2,YES,0,3,NO,67898.84699960305,2025.8456167763184,9081.743882346573,10958.559752777412,Ford,2022,0
584,27,CA,1000,1569.569075951478,1000000,FEMALE,College,Adm-clerical,wife,75588.63795678163,35389.19891812413,Parked Car,Front Collision,Major Damage,Fire,15,4,YES,0,3,YES,72911.69387419417,12862.845231105119,24979.545067579213,16620.942801213514,Volkswagen,2010,0
585,71,IL,1000,1499.5781203673096,1000000,FEMALE,High School,Exec-managerial,other-relative,48340.22365230042,24150.592777418933,Multi-vehicle Collision,Front Collision,Major Damage,Police,3,3,NO,0,3,YES,68452.69861522036,26137.617174605824,23538.69851309964,23908.32455812678,BMW,1995,0
586,22,IL,2000,1949.071257693016,5000000,FEMALE,PhD,Adm-clerical,husband,11163.59293960616,44825.21254794974,Multi-vehicle Collision,Rear Collision,Trivial Damage,Police,4,3,Unknown,0,0,Unknown,90388.32396885582,23083.97983343148,652.2242351002461,1919.1743697063562,Ford,1995,0
587,53,TX,500,1641.5566853761745,1000000,FEMALE,JD,Other-service,other-relative,11540.295931440814,49134.00243612171,Vehicle Theft,Front Collision,Total Loss,Fire,7,4,Unknown,1,2,Unknown,23497.52092879681,24673.263739467802,7183.644422565058,19571.97860536689,Chevrolet,2001,0
588,51,FL,500,1926.1590615970072,0,MALE,JD,Exec-managerial,own-child,80153.94607190754,19955.46752873646,Vehicle Theft,Rear Collision,Minor Damage,Ambulance,0,1,YES,2,1,Unknown,9062.427196267068,29168.80752366999,16288.272173931773,34459.2138692152,Ford,2010,0
589,69,NY,500,1553.8107523022104,0,FEMALE,Masters,Protective-serv,other-relative,52939.062134753345,20771.950812983043,Single Vehicle Collision,Unknown,Major Damage,None,5,3,Unknown,2,1,NO,6018.836877872411,11617.854368195667,21528.52110057778,19948.52523962053,Chevrolet,2011,0
590,48,FL,1000,947.0783129591648,2000000,FEMALE,High School,Exec-managerial,own-child,48158.91402193626,20398.13011028632,Vehicle Theft,Rear Collision,Major Damage,Fire,14,1,NO,1,3,Unknown,87845.49297226497,9289.658231413834,26415.915769584877,22316.773061892225,Saab,2010,0
591,27,FL,1000,658.0473833762846,1000000,FEMALE,PhD,Priv-house-serv,own-child,68056.6841360715,16227.705486546307,Multi-vehicle Collision,Unknown,Total Loss,Ambulance,3,4,YES,2,1,YES,97342.06146894862,919.7847045059193,19231.269548036827,8475.252260350037,Dodge,2010,1
592,36,TX,500,1672.7357950174035,5000000,FEMALE,High School,Protective-serv,husband,85884.15834142602,39084.354888319875,Parked Car,Side Collision,Total Loss,Police,20,3,NO,0,1,NO,30601.390849868912,4500.580853695862,11410.325137486174,31876.562087424798,Volkswagen,2000,0
593,49,NY,1000,1466.2238322138737,5000000,MALE,JD,Priv-house-serv,wife,62887.31444133052,37949.78812453638,Parked Car,Side Collision,Total Loss,Ambulance,10,2,NO,1,1,Unknown,69504.63539570944,16860.439636290725,5538.816202119461,14675.69237748239,Toyota,2012,0
594,18,TX,500,572.2790185899444,5000000,MALE,High School,Adm-clerical,husband,76284.79023464791,23932.243527526243,Single Vehicle Collision,Side Collision,Trivial Damage,Fire,4,2,Unknown,2,1,YES,1386.8220250890154,4729.817851600202,22801.075663872944,38285.208362442005,Toyota,2016,0
595,73,NY,500,1040.0756988514675,2000000,FEMALE,PhD,Protective-serv,other-relative,76527.0524116957,2233.0608189449376,Vehicle Theft,Rear Collision,Total Loss,Fire,17,2,Unknown,1,0,YES,19268.835256540784,22089.15047942732,6203.446779723604,39751.73492625338,Dodge,2016,0
596,22,CA,500,1935.1997232264293,0,FEMALE,Masters,Adm-clerical,own-child,35626.144879295905,15477.965075653672,Single Vehicle Collision,Side Collision,Trivial Damage,Ambulance,23,4,NO,1,3,NO,69082.80105493063,1116.9781474781248,20862.915644047494,36682.021432535796,Audi,2022,0
597,62,NY,500,1250.6017185653018,5000000,MALE,College,Handlers-cleaners,unmarried,27408.31956409957,14615.152327741876,Multi-vehicle Collision,Side Collision,Trivial Damage,Fire,14,3,Unknown,2,1,YES,7055.770361865666,7784.640697136457,5436.348521136221,3852.6314202376852,BMW,2021,0
598,21,TX,500,1149.093704029557,0,MALE,High School,Adm-clerical,unmarried,80116.40671751587,40554.36231001292,Vehicle Theft,Side Collision,Total Loss,None,17,4,NO,2,0,Unknown,47116.74996702254,20863.59370165466,2731.6155092839335,13660.73464209306,Volkswagen,1997,0
599,33,FL,500,1186.549407738941,2000000,FEMALE,College,Adm-clerical,own-child,37717.87917842435,4378.778670808736,Single Vehicle Collision,Unknown,Total Loss,Ambulance,19,3,NO,1,0,YES,66427.0348052079,7665.084727171914,7533.006711196035,37832.93658654943,Volkswagen,2002,0
600,41,NY,500,813.3240860077456,1000000,FEMALE,JD,Priv-house-serv,husband,90333.60065227051,40283.76895213521,Parked Car,Front Collision,Total Loss,Police,12,2,YES,1,3,Unknown,76712.83804489898,21862.81392673392,8547.894165753429,32279.065146355286,Dodge,2021,1
601,33,NY,1000,1053.0607562971927,1000000,MALE,Masters,Exec-managerial,wife,6969.069673011963,33459.18260995715,Parked Car,Rear Collision,Minor Damage,Ambulance,4,2,NO,2,2,Unknown,45654.68341557486,29875.916262921055,19416.2740348473,36491.75177764347,Chevrolet,1998,0
602,72,IL,500,1054.719883980765,1000000,MALE,Masters,Handlers-cleaners,husband,5821.751207533965,36622.07295652246,Single Vehicle Collision,Side Collision,Minor Damage,Ambulance,0,1,NO,1,2,NO,63213.26192988613,23912.518663473107,4826.501032261767,23115.851148823403,BMW,2023,0
603,19,FL,500,578.5325302812087,5000000,MALE,High School,Adm-clerical,own-child,92700.41601014083,21610.659379251174,Single Vehicle Collision,Unknown,Major Damage,Ambulance,21,4,Unknown,2,2,YES,54187.775141425096,10255.063762830076,27909.207389606647,19475.70473340744,Mercedes,2017,0
604,66,CA,1000,1651.3514427768773,1000000,MALE,Masters,Adm-clerical,own-child,64845.49141814349,33986.28980008791,Single Vehicle Collision,Front Collision,Total Loss,Ambulance,17,4,YES,1,1,NO,5704.42432229045,27017.757018847835,16630.850590268205,4706.604521675817,Toyota,1998,0
605,45,TX,1000,1124.7566478558183,5000000,MALE,High School,Handlers-cleaners,wife,37959.93564483323,30451.44723534579,Multi-vehicle Collision,Front Collision,Minor Damage,Police,13,1,Unknown,1,3,NO,74409.06638235472,1535.3920700462832,14727.951924493964,33659.12592176241,Mercedes,2011,0
606,49,CA,1000,1733.269830224635,2000000,MALE,High School,Handlers-cleaners,other-relative,75506.04148161827,38449.00976143147,Multi-vehicle Collision,Front Collision,Minor Damage,Police,4,2,YES,1,2,NO,17650.01063059481,21750.204733419363,13040.83542925103,29933.0911626089,Ford,2016,0
607,44,FL,500,1775.522001679843,2000000,FEMALE,College,Protective-serv,other-relative,67232.68099936412,22338.491723412608,Parked Car,Unknown,Trivial Damage,Police,5,2,Unknown,2,1,Unknown,3664.6503577672124,699.6699468802514,16998.04040850573,2825.625819108782,Chevrolet,1999,0
608,37,NY,2000,817.9910820479871,5000000,MALE,Masters,Priv-house-serv,wife,53120.10468195962,23641.28124481512,Multi-vehicle Collision,Side Collision,Total Loss,Ambulance,23,4,NO,0,3,Unknown,45391.20767069304,5236.664860708951,673.4090148534689,8771.876289013771,Audi,2019,0
609,41,NY,2000,1486.0302232551928,0,MALE,High School,Handlers-cleaners,other-relative,9887.334266265136,32178.811136991008,Multi-vehicle Collision,Front Collision,Trivial Damage,None,15,3,YES,2,1,Unknown,86630.93993451027,29627.572246157233,29702.591237372475,22512.463750942912,Mercedes,2008,0
610,29,FL,1000,1208.4227062444725,1000000,MALE,College,Handlers-cleaners,unmarried,81217.95872927515,5403.874683319415,Vehicle Theft,Unknown,Total Loss,None,21,2,YES,1,2,Unknown,15507.529047272348,10826.54737482921,16725.73128582798,27533.894881553228,Toyota,2009,1
611,67,NY,2000,1820.2351068822277,1000000,MALE,PhD,Other-service,other-relative,86602.31906806247,21812.222418215864,Multi-vehicle Collision,Unknown,Total Loss,Police,20,1,YES,0,2,YES,1779.3246446390115,24614.981344927164,1055.8500642053336,5937.975438309756,Toyota,2019,0
612,52,NY,1000,823.6110187646811,1000000,FEMALE,College,Exec-managerial,other-relative,17216.86885526491,48597.542262990275,Vehicle Theft,Rear Collision,Minor Damage,None,11,1,YES,0,0,YES,11442.933958659005,11282.601385068061,17699.328140987993,10170.580329261791,Toyota,2006,0
613,50,NY,500,1516.7198004650663,5000000,FEMALE,College,Handlers-cleaners,other-relative,85051.16519770666,1877.6160030022804,Multi-vehicle Collision,Unknown,Total Loss,None,19,1,Unknown,1,0,Unknown,36684.08187599487,25200.853523934467,13112.362748690364,8127.853362506053,Saab,2021,0
614,50,TX,2000,1411.628183379084,2000000,MALE,High School,Priv-house-serv,unmarried,87784.73110165642,15800.236143319691,Parked Car,Front Collision,Total Loss,None,17,4,Unknown,2,3,Unknown,58227.101064134724,28963.186803803226,721.1308999922661,9189.887530486418,Volkswagen,2007,1
615,68,TX,500,942.9522163577492,1000000,FEMALE,JD,Exec-managerial,other-relative,54942.8612288516,15705.490954468538,Single Vehicle Collision,Front Collision,Minor Damage,None,1,4,YES,0,1,YES,19704.70733159631,13066.087302574995,27732.86256472419,36868.168380966286,Mercedes,2018,0
616,60,IL,2000,704.9013554767589,2000000,FEMALE,JD,Exec-managerial,unmarried,65617.9036222687,31673.20596178863,Parked Car,Unknown,Total Loss,None,22,4,YES,0,1,NO,80295.41849974578,16780.47575544838,317.0061622144005,28774.873135030786,Ford,2017,0
617,54,CA,500,1477.4596407159147,1000000,FEMALE,JD,Adm-clerical,wife,38223.73200144914,5290.017971206995,Multi-vehicle Collision,Front Collision,Total Loss,Fire,20,4,YES,2,2,NO,75453.06349463365,18859.184698907033,17336.150306334643,29615.725725930482,Mercedes,2012,1
618,29,FL,2000,1607.8961871984961,1000000,FEMALE,College,Adm-clerical,husband,28179.1647509266,31427.201543943058,Single Vehicle Collision,Unknown,Total Loss,Police,22,1,Unknown,2,2,Unknown,69738.42985157057,28045.04406525706,28853.722428786718,31862.81477933666,Ford,2008,0
619,20,FL,500,973.441015645025,5000000,FEMALE,High School,Adm-clerical,wife,72198.31469516447,4752.012032580971,Single Vehicle Collision,Front Collision,Major Damage,Ambulance,12,1,YES,0,3,NO,49003.24592739662,7702.322623036737,7128.13490949078,14584.635184440369,Toyota,2018,0
620,18,FL,500,1467.2489060334706,0,FEMALE,Masters,Adm-clerical,husband,86187.51490158081,4747.68237091655,Single Vehicle Collision,Rear Collision,Total Loss,None,16,4,YES,2,0,Unknown,36839.087035831544,18337.481185011802,7625.372227307899,30803.79226876605,BMW,2013,0
621,50,IL,2000,1092.696361417255,5000000,MALE,College,Other-service,wife,65407.75529557475,36409.16785942412,Vehicle Theft,Side Collision,Total Loss,Fire,16,4,YES,0,2,Unknown,37870.868785998675,9741.606846694274,12.693856804570913,39147.32907575602,Ford,2016,0
622,57,TX,500,1569.8103249239266,1000000,MALE,College,Handlers-cleaners,husband,51159.06106465492,16206.758691639816,Parked Car,Rear Collision,Trivial Damage,Ambulance,15,1,Unknown,1,1,Unknown,50555.51822809546,6507.995405472584,1990.535159639427,28086.57271466721,Chevrolet,2020,0
623,27,IL,500,798.8229123410797,1000000,MALE,High School,Adm-clerical,husband,15892.476684417155,48871.14738568739,Vehicle Theft,Rear Collision,Major Damage,Fire,20,4,NO,2,2,YES,8192.811344824126,2547.610170696425,1346.6523473126435,16961.747935555293,Volkswagen,2001,0
624,60,FL,500,1835.3225039542615,0,MALE,PhD,Protective-serv,own-child,5345.871260481816,1867.6468217777465,Single Vehicle Collision,Side Collision,Trivial Damage,None,17,4,NO,0,0,NO,68389.39355527259,18621.325912078464,24679.688510652762,28796.2115355835,Volkswagen,2022,0
625,61,CA,2000,931.1143946983696,2000000,MALE,College,Adm-clerical,husband,44569.179024674646,22255.333185899704,Parked Car,Front Collision,Total Loss,None,7,4,Unknown,2,1,YES,35475.000628925554,26462.564366147053,25102.12709834757,36081.39066038334,Saab,2000,0
626,46,NY,2000,1051.6789816342293,2000000,FEMALE,PhD,Handlers-cleaners,husband,4934.956369742127,5656.796883701181,Parked Car,Side Collision,Major Damage,None,2,4,NO,2,0,NO,22863.498404899514,10541.786665335378,21801.00252553568,5586.080975200956,Mercedes,1999,0
627,30,TX,500,587.1379281205246,1000000,MALE,PhD,Adm-clerical,own-child,56933.46319072251,17568.948337905433,Multi-vehicle Collision,Unknown,Total Loss,None,16,2,YES,0,3,YES,28193.543514614572,16580.056085789318,10582.350375512764,10979.139685596496,Dodge,1998,0
628,29,TX,500,667.2683184819145,2000000,MALE,JD,Other-service,other-relative,38272.919131777126,49911.12253045253,Vehicle Theft,Side Collision,Minor Damage,Ambulance,17,4,YES,1,3,YES,18439.281385978673,19264.013858823473,24637.633496665265,36812.20050549176,Saab,2012,0
629,48,IL,2000,1273.792854068492,1000000,FEMALE,High School,Priv-house-serv,other-relative,75718.91196819695,44442.12558692659,Vehicle Theft,Rear Collision,Major Damage,Ambulance,22,1,Unknown,0,0,Unknown,90206.02451001496,12439.50533385612,16193.235607286459,37876.19956755882,Dodge,2019,0
630,63,TX,2000,901.3890150919572,0,FEMALE,PhD,Priv-house-serv,own-child,30564.849683618344,2416.2204427698452,Multi-vehicle Collision,Side Collision,Total Loss,Fire,5,1,Unknown,2,1,Unknown,17319.232878073828,27100.435510981744,9129.308294397697,19623.495521158828,Volkswagen,2008,0
631,19,FL,500,1753.2203386132915,0,MALE,High School,Handlers-cleaners,unmarried,59298.27009674321,28162.79219128417,Vehicle Theft,Front Collision,Minor Damage,Police,7,1,NO,0,0,YES,88351.14883003883,10882.654836035297,13118.303073431713,15294.763054430252,Chevrolet,2010,0
632,68,FL,500,522.0400829824308,1000000,FEMALE,JD,Priv-house-serv,husband,53768.352175510045,32391.115241221785,Single Vehicle Collision,Rear Collision,Minor Damage,None,22,1,NO,2,2,NO,57438.21789886091,3750.3246026953097,1973.03309503727,11669.881321319655,Toyota,2017,0
633,67,IL,500,1068.6410730079042,0,FEMALE,High School,Priv-house-serv,husband,471.2425522241159,10476.731197506284,Single Vehicle Collision,Unknown,Major Damage,Fire,12,4,YES,0,2,NO,86811.37006119158,4320.610741550987,28347.260602497412,20200.68587309325,Toyota,2017,0
634,52,FL,1000,1006.018320153639,5000000,FEMALE,College,Protective-serv,own-child,7238.939826431035,7255.278669822513,Vehicle Theft,Front Collision,Minor Damage,Fire,7,2,Unknown,1,0,Unknown,47669.38958209846,26725.72843523138,18573.492520555203,37413.980487846544,Ford,2014,0
635,40,CA,2000,528.9914463764015,5000000,FEMALE,PhD,Handlers-cleaners,own-child,29036.821248602053,45219.05673327617,Multi-vehicle Collision,Rear Collision,Minor Damage,Fire,18,3,NO,1,2,Unknown,92799.55508836683,29640.24128543879,21937.024347917184,6417.480283265991,Saab,2008,0
636,34,IL,1000,686.5525985007653,0,MALE,High School,Handlers-cleaners,unmarried,88223.5081020765,48440.822074168835,Parked Car,Unknown,Total Loss,None,5,3,NO,1,0,NO,21543.328989030844,8668.135517151508,20297.5011125963,17083.3102226152,Chevrolet,1999,1
637,43,CA,2000,1120.464012377953,1000000,FEMALE,Masters,Priv-house-serv,other-relative,14701.495489977857,49594.64286598209,Vehicle Theft,Front Collision,Minor Damage,None,22,3,YES,1,2,NO,55691.82940830382,4308.081769641343,20032.49953562942,36508.51034982081,Toyota,2016,0
638,25,NY,2000,1239.29687667117,1000000,MALE,High School,Priv-house-serv,wife,71089.43304605417,39488.088686731724,Parked Car,Unknown,Trivial Damage,Fire,14,3,YES,0,0,NO,13020.94970611008,14466.368452686283,517.8295649172027,14290.21117069795,Ford,2022,0
639,46,CA,2000,1106.4346208823035,0,MALE,PhD,Priv-house-serv,other-relative,97336.65661522873,33175.10347026285,Multi-vehicle Collision,Side Collision,Total Loss,None,9,1,YES,1,2,Unknown,44998.41837763525,21285.841907297938,15761.1383935454,30839.215578219715,Mercedes,2005,0
640,43,NY,2000,1296.4065176181407,2000000,FEMALE,JD,Exec-managerial,husband,79056.75526911551,17286.512609649897,Parked Car,Side Collision,Total Loss,Fire,16,4,YES,0,1,NO,57205.417816360816,18372.08724308916,24651.306858766024,15875.76155652353,Volkswagen,2006,0
641,27,NY,2000,1392.6975123585223,5000000,FEMALE,JD,Other-service,own-child,24294.536168704395,8569.915616237622,Multi-vehicle Collision,Unknown,Trivial Damage,Ambulance,0,4,NO,2,1,Unknown,60764.68460623062,28533.24546247838,1335.5655423479984,32294.603793760147,Mercedes,2012,0
642,43,CA,2000,514.8857316917534,2000000,FEMALE,PhD,Adm-clerical,unmarried,90836.52604130816,3949.029968311585,Multi-vehicle Collision,Side Collision,Total Loss,None,6,3,Unknown,2,2,YES,36870.11529227428,24533.33651914884,28684.970516648118,39249.59282330974,Volkswagen,1998,0
643,51,IL,2000,1196.1427391802558,1000000,MALE,College,Other-service,other-relative,9310.715650839007,34664.8734275746,Single Vehicle Collision,Unknown,Total Loss,Ambulance,12,3,Unknown,2,0,YES,8095.396395562057,26069.164951920062,12724.790490179676,15818.969417723494,Mercedes,2007,0
644,68,FL,1000,1945.2488613313824,1000000,FEMALE,College,Handlers-cleaners,unmarried,46814.194187073575,39236.17075896791,Single Vehicle Collision,Front Collision,Major Damage,Police,2,2,YES,1,2,YES,65704.94410257394,16250.014765472108,8696.864761541137,33881.39685568092,Ford,2014,0
645,58,FL,500,1278.5484201943232,2000000,FEMALE,JD,Protective-serv,other-relative,88754.19077264138,41322.682622749,Multi-vehicle Collision,Rear Collision,Total Loss,None,18,2,YES,1,3,NO,49098.97011510114,9818.255799943501,15954.640849258285,39542.46458119188,Chevrolet,2022,0
646,24,NY,500,1516.31340118843,0,FEMALE,JD,Adm-clerical,husband,64126.570925686974,45688.25016518993,Vehicle Theft,Unknown,Total Loss,Police,14,2,NO,1,3,Unknown,14119.447230407062,21052.080313817372,24036.425635291085,39361.290648944545,Saab,2007,0
647,21,NY,1000,967.7957868753248,2000000,FEMALE,PhD,Protective-serv,wife,41364.45647276988,43996.47818191868,Single Vehicle Collision,Rear Collision,Major Damage,Fire,4,1,YES,2,0,NO,93619.65895590691,13171.591198541853,14242.651853059127,17633.957720565668,Volkswagen,1998,0
648,70,IL,1000,1660.9870672291438,2000000,FEMALE,College,Exec-managerial,unmarried,29281.286673716877,49987.06361290463,Multi-vehicle Collision,Rear Collision,Major Damage,None,10,4,Unknown,2,2,Unknown,95589.03188725261,8632.627216869738,19353.170297591754,19687.564261691427,Dodge,2017,0
649,67,TX,1000,1659.3822228141726,5000000,MALE,JD,Handlers-cleaners,unmarried,37509.940531835,12203.200548362563,Parked Car,Unknown,Major Damage,None,21,1,YES,2,2,NO,85732.32484322121,4568.120570168925,14997.431636005798,12484.36168489858,Chevrolet,2023,0
650,62,CA,1000,1281.9440714812085,5000000,FEMALE,College,Exec-managerial,wife,50894.17810092862,38165.380760610526,Parked Car,Side Collision,Trivial Damage,None,17,1,Unknown,2,1,YES,84464.89590150095,15836.226236686873,18938.167699234775,12903.741167033419,Chevrolet,2017,0
651,28,NY,2000,1964.0207349188204,2000000,FEMALE,JD,Handlers-cleaners,unmarried,31904.39298728074,29322.97561873988,Vehicle Theft,Front Collision,Major Damage,Police,2,4,YES,0,0,Unknown,10317.791948871585,17827.60701599756,4140.927455899097,19952.589593973295,Ford,2001,0
652,46,FL,500,688.3253221439801,2000000,FEMALE,High School,Protective-serv,unmarried,96896.78620822997,13062.256622679119,Parked Car,Rear Collision,Major Damage,Police,5,2,YES,0,3,NO,99345.3009034655,17063.57047962525,1159.9015853429983,8420.484307540195,Dodge,2017,0
653,73,IL,2000,525.4214973343715,1000000,MALE,Masters,Protective-serv,other-relative,93307.76530661451,49095.26611434714,Parked Car,Front Collision,Major Damage,Fire,2,4,Unknown,1,3,Unknown,40337.877646441295,3496.4509030066206,4107.042170921782,28589.37019811964,Audi,1996,0
654,53,CA,500,1655.2373176356439,5000000,FEMALE,High School,Protective-serv,other-relative,87067.14682143208,44894.90523871261,Multi-vehicle Collision,Rear Collision,Minor Damage,Ambulance,4,3,NO,1,0,Unknown,16730.551028777794,17099.619586162295,8575.144339917862,21684.187122792966,Chevrolet,2015,0
655,42,IL,500,1710.7333060473238,5000000,MALE,JD,Handlers-cleaners,wife,42182.98355226534,6425.783422205822,Parked Car,Unknown,Total Loss,Ambulance,8,2,NO,2,3,NO,81304.1219576135,5052.423204154231,7600.6818734432045,35973.68035834465,Chevrolet,2020,1
656,38,CA,1000,680.3108436808643,1000000,MALE,Masters,Priv-house-serv,husband,69130.17693352289,1307.9171161709924,Parked Car,Side Collision,Major Damage,Police,18,4,YES,0,0,NO,22960.211462074254,19911.42496354407,18455.260489819408,32518.006135516367,BMW,2012,0
657,74,CA,2000,898.3742494379092,0,FEMALE,Masters,Protective-serv,unmarried,90282.93070359646,34416.53811663384,Parked Car,Front Collision,Total Loss,None,12,1,YES,0,3,Unknown,52854.44440662435,12881.519899966002,13676.682724027229,13237.608957422317,Volkswagen,2015,0
658,53,NY,1000,526.3285450499434,5000000,FEMALE,JD,Exec-managerial,husband,85042.9487678928,30206.531442826756,Parked Car,Rear Collision,Minor Damage,Ambulance,5,4,Unknown,1,3,Unknown,13237.598487741916,25463.65763217466,1164.3594308054105,20479.28260919786,Toyota,2022,0
659,27,IL,2000,939.962916170847,5000000,FEMALE,JD,Adm-clerical,wife,41432.701402020764,46790.781205557294,Multi-vehicle Collision,Unknown,Total Loss,Ambulance,10,2,Unknown,0,0,YES,47727.2494659509,23347.972343813362,1045.9771895107672,30145.339641731578,Chevrolet,2000,0
660,54,IL,500,1659.7128108780073,0,MALE,College,Handlers-cleaners,wife,11238.604932226071,11700.264358018492,Parked Car,Unknown,Total Loss,Police,20,3,YES,1,0,Unknown,56035.078593592756,21731.461545499013,2717.640063619973,8131.40503539647,Chevrolet,2010,0
661,26,FL,1000,1276.9407915688685,5000000,MALE,JD,Exec-managerial,other-relative,7563.036383454946,4219.397394749352,Vehicle Theft,Rear Collision,Total Loss,Fire,20,1,Unknown,2,3,YES,44869.4340151586,21022.11298002907,10592.434722025979,1748.1103277945424,Ford,1997,1
662,41,FL,1000,1022.1433897524321,5000000,MALE,PhD,Other-service,unmarried,57706.404522570265,12960.766688599324,Single Vehicle Collision,Rear Collision,Major Damage,Police,13,3,NO,2,3,YES,7413.939062888973,16814.64118434306,185.4885289118835,34166.02878917721,Ford,2016,0
663,52,NY,500,1057.6089423594954,0,MALE,JD,Other-service,own-child,64262.79352109316,946.3820255731725,Vehicle Theft,Rear Collision,Trivial Damage,Police,5,3,NO,1,1,YES,48751.43354298495,1833.40728385033,14819.61796290421,5933.235170971456,Saab,2009,0
664,66,NY,500,502.0304385732022,0,MALE,PhD,Adm-clerical,wife,84984.2604597024,1794.6375594466213,Single Vehicle Collision,Side Collision,Major Damage,None,5,1,Unknown,2,2,Unknown,47159.812922361176,19664.68870599003,10820.08992927908,35631.7515226714,Volkswagen,2015,0
665,52,TX,500,949.7007913478539,2000000,MALE,JD,Priv-house-serv,unmarried,29251.502034103105,45742.89029603798,Vehicle Theft,Rear Collision,Major Damage,Police,16,4,Unknown,2,0,YES,26531.217590422046,14007.665326911458,16663.23907322479,36587.516943305214,Ford,2014,0
666,65,FL,1000,1469.6881124568959,1000000,FEMALE,College,Protective-serv,husband,16747.04905500425,17600.829125093915,Single Vehicle Collision,Rear Collision,Total Loss,None,10,4,Unknown,0,0,Unknown,92199.35916591492,14086.64141980599,21624.756842484025,18697.66730641771,Dodge,2004,1
667,53,CA,2000,1961.2916657245357,1000000,FEMALE,PhD,Handlers-cleaners,other-relative,37900.58331781995,20540.450050484033,Single Vehicle Collision,Side Collision,Total Loss,Fire,14,3,NO,0,2,Unknown,42070.337103476486,11370.665863988092,7529.184464395632,32367.87763792684,Dodge,2003,0
668,35,IL,1000,1770.5912404758492,0,MALE,High School,Exec-managerial,husband,35357.512363227506,918.5827269052205,Single Vehicle Collision,Unknown,Total Loss,None,8,4,YES,0,1,NO,86479.52172154032,27872.127445251317,4712.509428867291,14846.054230988464,Chevrolet,2005,1
669,66,NY,2000,535.3924469682937,0,FEMALE,PhD,Protective-serv,wife,13246.895401785474,13526.08900859233,Single Vehicle Collision,Rear Collision,Total Loss,Fire,20,2,Unknown,0,3,Unknown,11411.55104852747,7483.538008572971,8341.606678901626,34401.449666214,Toyota,2008,0
670,56,IL,1000,1847.840907012259,5000000,FEMALE,College,Exec-managerial,wife,67228.26525131521,40236.29918707155,Multi-vehicle Collision,Front Collision,Minor Damage,Fire,16,3,Unknown,0,3,Unknown,32228.289778515053,9497.833602293389,52.89545855716504,33074.93442458531,Ford,2018,0
671,49,IL,1000,1674.797619947939,2000000,MALE,PhD,Handlers-cleaners,husband,50869.19407293759,30774.54798333596,Vehicle Theft,Unknown,Total Loss,Fire,23,3,Unknown,1,1,YES,18044.919949919982,28891.22348206868,3600.388665773422,3601.4763931974944,Saab,2006,1
672,41,TX,500,1670.5641853564707,2000000,MALE,JD,Other-service,wife,72112.27561147662,37689.03005432076,Single Vehicle Collision,Front Collision,Total Loss,Police,6,3,YES,1,1,Unknown,41136.873390895154,24304.61205830094,22524.91091059003,23512.768759718503,Ford,2001,0
673,40,FL,2000,1186.9936385053572,0,FEMALE,JD,Protective-serv,unmarried,35269.11201697347,22360.687039689252,Vehicle Theft,Rear Collision,Total Loss,None,6,2,Unknown,0,2,Unknown,11607.85037350242,422.59236488609963,6684.205272008554,25779.95669207155,Ford,2005,0
674,49,NY,1000,1097.0079394317543,5000000,MALE,College,Adm-clerical,wife,32570.22115777023,15486.4610875665,Parked Car,Side Collision,Trivial Damage,Ambulance,20,3,Unknown,2,2,NO,44382.963181639236,27183.227995856214,29828.989014121158,533.862982184534,BMW,2011,0
675,54,IL,1000,954.3735932497889,5000000,MALE,Masters,Priv-house-serv,other-relative,47257.58530438556,24140.504666418517,Single Vehicle Collision,Side Collision,Total Loss,Police,0,4,NO,2,3,NO,35710.138973099514,6799.41896499211,5034.945640944275,39206.77358980717,Toyota,2019,0
676,29,NY,500,598.5422884315486,1000000,FEMALE,JD,Adm-clerical,unmarried,87740.7345395147,16153.553420287559,Vehicle Theft,Side Collision,Minor Damage,Fire,7,4,Unknown,1,1,YES,22719.84720376352,21177.976174981904,23663.151466964802,16559.419208578078,Ford,2003,0
677,66,CA,500,842.3530452405487,1000000,MALE,High School,Priv-house-serv,own-child,4028.1306733980337,41948.5548337034,Multi-vehicle Collision,Rear Collision,Total Loss,Ambulance,4,4,NO,1,1,YES,64396.851489056346,16592.193221016463,21151.334154766035,20935.056631438918,Mercedes,2016,0
678,72,TX,2000,869.9054524670369,5000000,FEMALE,College,Exec-managerial,wife,80483.2817296472,14883.685779642286,Vehicle Theft,Rear Collision,Total Loss,Police,18,4,YES,1,3,NO,95115.69307070928,16104.35650808352,9663.96428448923,8194.761151824328,Mercedes,2017,1
679,30,CA,1000,1226.1156045653024,1000000,FEMALE,PhD,Protective-serv,wife,36898.76126577565,32988.18202265419,Single Vehicle Collision,Front Collision,Total Loss,Ambulance,7,3,Unknown,2,3,NO,21107.79061818389,21537.639701781576,9922.174306978957,24631.28381193182,Chevrolet,2007,0
680,40,NY,2000,1621.166609895041,0,FEMALE,PhD,Protective-serv,other-relative,85461.90257884777,6849.111115476392,Parked Car,Side Collision,Minor Damage,Fire,16,2,Unknown,1,3,Unknown,71323.1885698958,6215.444156833191,16906.547429013135,32519.484718034677,Saab,2010,0
681,42,NY,1000,1210.71474259692,5000000,FEMALE,High School,Priv-house-serv,other-relative,80220.30088358565,34343.324686745495,Vehicle Theft,Rear Collision,Total Loss,Ambulance,18,1,NO,2,3,YES,74366.89848104592,4770.753922992796,25571.22292447675,23642.747655929263,Toyota,1997,1
682,52,FL,2000,586.7666741707409,1000000,FEMALE,JD,Other-service,husband,34876.12473960884,45664.98558000169,Parked Car,Unknown,Trivial Damage,Ambulance,11,4,YES,1,3,YES,50062.99138437331,19557.37820198856,11585.608323583932,31627.38430918284,Saab,1999,0
683,58,IL,500,1936.6847014823059,2000000,MALE,College,Handlers-cleaners,husband,69387.6535321616,30429.157731995416,Multi-vehicle Collision,Rear Collision,Total Loss,Fire,22,1,YES,2,2,Unknown,89818.00043700641,8717.376867139868,1835.3964275521962,29378.76444836759,Dodge,2017,1
684,47,IL,1000,1914.0864786411685,5000000,MALE,High School,Adm-clerical,husband,15963.275677344012,27992.76900172386,Vehicle Theft,Rear Collision,Trivial Damage,Ambulance,14,1,NO,1,3,Unknown,96655.81157345159,29218.506229732826,11232.575307068902,9887.483555321953,Toyota,2011,0
685,34,CA,2000,1677.7843147226126,5000000,MALE,JD,Exec-managerial,other-relative,89628.1552163788,48055.91340108201,Vehicle Theft,Unknown,Major Damage,Police,3,3,YES,1,1,YES,36543.52197935802,13545.355172240203,6219.380197282241,17714.607223811585,BMW,2022,0
686,66,TX,500,1986.991852346331,2000000,MALE,College,Adm-clerical,husband,40449.10644519094,31369.827765792317,Multi-vehicle Collision,Side Collision,Minor Damage,Ambulance,22,4,YES,2,0,NO,65277.81315131716,3347.9106002089575,28176.21051195052,6370.761935238139,Toyota,1995,0
687,37,IL,500,1316.7234992003944,0,FEMALE,PhD,Adm-clerical,husband,45562.56153552002,12977.52166365413,Multi-vehicle Collision,Unknown,Major Damage,None,11,4,YES,1,2,NO,66390.15548106117,20574.454985161337,20918.230391278426,2156.4670654665288,Ford,2015,0
688,65,FL,2000,1944.152525379809,2000000,FEMALE,College,Exec-managerial,own-child,70575.90510369849,14619.55119238702,Multi-vehicle Collision,Side Collision,Total Loss,Police,12,4,YES,0,1,Unknown,40661.7348621242,9184.778773983939,1524.9799264004594,2991.2237329331715,Volkswagen,2003,0
689,42,CA,1000,613.4075609251262,5000000,MALE,Masters,Exec-managerial,husband,82084.0236704851,35265.33212679636,Single Vehicle Collision,Unknown,Minor Damage,Ambulance,13,1,YES,2,0,YES,32020.711912214112,4457.622828642066,8789.656117878192,37728.74722997918,BMW,2017,0
690,39,CA,1000,1048.521122392057,0,FEMALE,College,Protective-serv,wife,23634.274332820958,36771.82969460932,Single Vehicle Collision,Front Collision,Total Loss,None,4,4,YES,1,2,Unknown,93407.54772366745,12684.700886697628,1506.4789476242079,39389.229635807955,Chevrolet,2011,1
691,30,FL,500,838.0719020101487,1000000,MALE,Masters,Adm-clerical,other-relative,66135.01398769954,15174.81158945076,Vehicle Theft,Side Collision,Major Damage,None,21,4,YES,2,3,NO,79103.1641566112,28926.668342618344,24900.50011124358,4251.611567968678,Saab,2023,0
692,36,TX,1000,793.749626201405,1000000,MALE,College,Handlers-cleaners,unmarried,39199.80438891485,17267.19889631651,Vehicle Theft,Rear Collision,Minor Damage,None,15,2,YES,1,2,NO,11889.224314467141,12342.9172916139,27188.892057214827,13740.140689295924,Mercedes,2007,0
693,66,FL,1000,711.204423339014,1000000,MALE,Masters,Handlers-cleaners,own-child,36870.29240039613,49552.82543695435,Vehicle Theft,Front Collision,Trivial Damage,Ambulance,6,3,Unknown,0,3,Unknown,12428.465122696258,10420.012971931903,3368.388175172231,5019.616866162896,BMW,2009,0
694,53,TX,1000,1433.620462348995,5000000,FEMALE,PhD,Priv-house-serv,other-relative,69002.58239406547,5097.627479013872,Parked Car,Side Collision,Major Damage,Fire,14,4,NO,1,3,NO,92293.00550085625,13335.268862079123,13208.701380260884,33452.038523074276,Chevrolet,2022,0
695,29,FL,500,1671.9827836209577,2000000,FEMALE,JD,Exec-managerial,other-relative,38718.327415593434,20232.251422004967,Multi-vehicle Collision,Side Collision,Trivial Damage,None,12,4,YES,1,3,YES,8600.27162017898,363.4711679894509,27956.498455092777,20103.735119791127,Dodge,2015,0
696,58,FL,2000,1367.447599130541,0,FEMALE,Masters,Protective-serv,wife,34610.85001644077,3122.3765598753725,Vehicle Theft,Side Collision,Total Loss,Fire,15,3,NO,0,0,Unknown,68997.923951195,3993.046157958422,4356.350601440116,25039.8393590592,Toyota,2002,0
697,36,NY,1000,720.4440643823145,1000000,FEMALE,Masters,Handlers-cleaners,husband,83588.84081262424,41053.91809991205,Multi-vehicle Collision,Unknown,Trivial Damage,Police,11,3,YES,2,2,Unknown,23062.445570968965,25490.23854403823,8757.107719689446,21826.479196532746,Toyota,2002,0
698,29,CA,500,1716.6856549002064,0,MALE,PhD,Other-service,wife,10127.612383100637,4617.291947271612,Single Vehicle Collision,Side Collision,Total Loss,Fire,6,1,YES,1,3,Unknown,4000.941602791057,29341.032362835413,9128.239505179676,28555.016561708282,Mercedes,2022,1
699,26,FL,500,1453.9320607455927,5000000,FEMALE,Masters,Protective-serv,husband,67589.26228302107,33700.36782313556,Multi-vehicle Collision,Rear Collision,Minor Damage,Fire,15,1,Unknown,1,1,NO,6433.935834968975,4738.244568110441,901.7493660599552,13105.723611023894,Volkswagen,1996,0
700,24,FL,2000,1082.2485591904933,1000000,FEMALE,High School,Protective-serv,husband,24872.539379062462,2824.1712001741025,Parked Car,Side Collision,Major Damage,Fire,22,1,NO,0,2,YES,37665.44931611643,16065.534551607252,1088.19704069972,5930.987503936276,Saab,2017,0
701,45,IL,1000,1511.1954433040944,5000000,FEMALE,PhD,Handlers-cleaners,other-relative,1549.8241826190306,33642.75189048456,Parked Car,Rear Collision,Major Damage,Fire,22,3,NO,2,1,Unknown,8220.050943091785,28990.00301416931,28583.78481248739,1195.9901078237021,Toyota,2004,0
702,31,CA,1000,889.8574688642493,2000000,MALE,High School,Other-service,husband,16676.4268872692,42151.84734638516,Multi-vehicle Collision,Rear Collision,Total Loss,Fire,12,2,Unknown,2,0,Unknown,59865.60039337868,4697.4412853689155,17132.77826958762,18104.869100724558,Saab,1999,0
703,48,IL,2000,1017.7883127413157,5000000,MALE,PhD,Priv-house-serv,own-child,60666.152977586775,19941.07634620287,Parked Car,Rear Collision,Total Loss,Police,22,4,Unknown,0,0,NO,64901.82388172053,5589.288525073507,9199.449642858535,36359.459937261774,Dodge,2010,0
704,69,CA,2000,1876.2287646979853,5000000,FEMALE,Masters,Handlers-cleaners,own-child,70912.71914859374,26106.324671608843,Parked Car,Front Collision,Minor Damage,Police,2,3,NO,0,2,YES,37660.12291231337,27804.49061785195,11360.239821197536,12558.028251484533,Dodge,2019,0
705,36,IL,500,935.7567585071306,2000000,FEMALE,High School,Other-service,own-child,2105.778355632004,20077.086900264123,Single Vehicle Collision,Rear Collision,Total Loss,Fire,14,2,YES,1,0,Unknown,74416.3685339759,21170.629393571475,21445.287865350725,8240.29443485711,Mercedes,2013,1
706,64,FL,500,1204.9824022369048,0,FEMALE,Masters,Protective-serv,other-relative,3642.544330172015,15024.437931631945,Vehicle Theft,Unknown,Total Loss,Fire,2,3,YES,0,0,NO,49259.23075687294,4559.000605264822,10995.516106638612,37078.68847676073,Ford,1995,0
707,33,FL,2000,1835.211706094022,2000000,FEMALE,PhD,Other-service,wife,90254.21148429532,40163.17003135641,Parked Car,Side Collision,Total Loss,None,6,2,NO,0,2,Unknown,43307.73608850717,11804.780133558292,6832.812092798648,4665.22123067612,Chevrolet,2007,1
708,70,NY,1000,1561.5820254012913,2000000,MALE,Masters,Protective-serv,unmarried,7330.581811371983,13600.128686549484,Vehicle Theft,Unknown,Total Loss,Police,17,3,YES,0,1,NO,40995.31483461744,1688.0983264413162,3055.120247993982,2546.140819924499,BMW,1998,0
709,22,IL,500,593.3048392470541,5000000,FEMALE,High School,Handlers-cleaners,husband,89418.21586165713,36147.17121947235,Multi-vehicle Collision,Front Collision,Trivial Damage,Ambulance,13,3,Unknown,2,3,YES,43395.095490880965,12980.146017530826,21867.990351541113,35236.8204107398,Mercedes,2001,0
710,52,TX,500,720.9545664184554,0,FEMALE,High School,Exec-managerial,unmarried,22816.59137509058,10309.853962760113,Multi-vehicle Collision,Side Collision,Total Loss,Police,17,2,Unknown,0,2,NO,96804.82116847465,23337.04483461111,5416.950500256742,28185.92058721022,Chevrolet,1995,1
711,29,NY,1000,511.7623861578752,1000000,FEMALE,Masters,Handlers-cleaners,wife,74001.78001582128,12492.689803916479,Parked Car,Rear Collision,Major Damage,Ambulance,18,2,Unknown,1,2,Unknown,68300.00247382454,16619.161637583817,2089.4480977889275,17171.711206427804,Toyota,1996,0
712,42,IL,500,1446.382685343745,2000000,MALE,College,Adm-clerical,wife,30973.324894601206,16823.05812886061,Multi-vehicle Collision,Side Collision,Trivial Damage,None,13,2,NO,1,3,Unknown,31863.37979252945,19423.263654486094,12808.63336489431,30217.58693384922,Saab,2010,0
713,69,IL,1000,1171.5101381156273,0,MALE,PhD,Adm-clerical,other-relative,85875.20256091839,29457.81886968941,Single Vehicle Collision,Front Collision,Total Loss,Fire,19,2,NO,1,1,NO,73519.05708545375,9804.603966006276,1187.1288543406133,29786.87810574863,Dodge,2008,0
714,38,NY,1000,701.4122763534133,2000000,FEMALE,PhD,Adm-clerical,own-child,70045.48654243578,22721.115957977057,Parked Car,Front Collision,Minor Damage,None,5,2,NO,0,3,YES,33361.605138130144,4841.87753234379,28949.9417502866,2082.392248793026,Saab,1999,0
715,53,FL,1000,1936.9011815851557,2000000,FEMALE,Masters,Handlers-cleaners,own-child,40181.34586016952,37257.24049139102,Parked Car,Unknown,Minor Damage,Fire,7,2,YES,2,3,YES,13008.633324575281,393.5002732045323,18818.78902724519,27211.74907644268,Mercedes,2019,0
716,70,IL,2000,1294.4895859184298,2000000,FEMALE,College,Priv-house-serv,wife,7630.245417407955,10678.365016809616,Parked Car,Side Collision,Major Damage,Police,6,2,NO,0,1,Unknown,47798.35556683708,24639.370329880363,4580.904313396824,25814.45890938215,Audi,2008,0
717,40,FL,2000,862.8399411693338,2000000,FEMALE,High School,Handlers-cleaners,other-relative,73270.01838708071,533.6143924417058,Multi-vehicle Collision,Side Collision,Minor Damage,Fire,19,2,NO,0,1,Unknown,75226.8739842722,19099.636780373636,5173.622593453825,38569.27588844399,Ford,2011,0
718,33,NY,2000,1250.9053567320614,5000000,FEMALE,JD,Exec-managerial,other-relative,61688.475596518154,38827.873589261006,Multi-vehicle Collision,Side Collision,Total Loss,Ambulance,17,3,Unknown,1,3,NO,38077.16113328846,6879.637238630651,17094.85440818536,38681.59310131066,Chevrolet,2006,0
719,74,FL,1000,1519.4304991026615,0,MALE,JD,Other-service,husband,291.17178337887407,41082.46669400362,Parked Car,Unknown,Minor Damage,Ambulance,17,2,YES,0,3,NO,86982.82713371061,12553.018802318846,10696.972720133808,15423.073384980735,Chevrolet,2014,0
720,56,CA,1000,614.3588269603467,0,MALE,Masters,Handlers-cleaners,own-child,941.9855972445323,2974.0081554194776,Vehicle Theft,Front Collision,Minor Damage,None,14,2,YES,2,2,NO,39001.794056732106,24043.298061843427,23228.00232563141,23798.755519584625,Volkswagen,2006,0
721,62,TX,2000,912.055722571838,0,MALE,College,Handlers-cleaners,wife,80879.29731926939,30545.376107919827,Multi-vehicle Collision,Rear Collision,Total Loss,Police,19,3,Unknown,1,1,YES,35308.98303791981,16161.00558274157,16374.1945685675,6083.61630809096,Dodge,1997,0
722,70,IL,500,1710.4482363259904,2000000,FEMALE,College,Protective-serv,unmarried,25939.973880185385,18910.339193653897,Multi-vehicle Collision,Side Collision,Trivial Damage,Ambulance,21,3,YES,2,0,YES,99825.26942939503,9004.79629337935,13000.016265748238,3125.032775306794,Chevrolet,2015,0
723,59,TX,1000,1189.497305603992,5000000,MALE,PhD,Protective-serv,own-child,63613.36677280657,39694.78275972584,Parked Car,Unknown,Total Loss,None,18,1,NO,2,1,Unknown,48505.96628751151,8015.535515120564,28889.40744195815,17594.80495422665,Mercedes,2015,0
724,56,FL,500,1319.8657130484423,2000000,MALE,High School,Protective-serv,husband,45421.441976524744,43720.72770982393,Vehicle Theft,Unknown,Trivial Damage,Police,21,1,YES,2,3,Unknown,80619.51036649385,6528.420733464768,11721.87168629067,27750.33942798291,BMW,2020,0
725,31,IL,500,1149.2240033142039,2000000,MALE,College,Handlers-cleaners,other-relative,86343.00145217673,42550.188339862456,Parked Car,Rear Collision,Trivial Damage,Police,20,2,Unknown,0,3,Unknown,80596.31157796229,24711.896404025094,12018.327713920306,22926.56433076021,Audi,1996,0
726,48,FL,1000,565.8499139645077,0,FEMALE,JD,Priv-house-serv,wife,91696.11131024886,38860.212367542605,Multi-vehicle Collision,Front Collision,Minor Damage,None,20,2,YES,0,3,NO,92673.74904136834,17455.810520539875,19973.172631823672,17471.448426347077,Chevrolet,2015,0
727,22,CA,1000,748.6246697302339,2000000,FEMALE,High School,Other-service,own-child,99680.7712678854,13452.611437108148,Parked Car,Side Collision,Total Loss,Ambulance,1,1,Unknown,0,3,YES,8947.057917805214,21274.714971043926,24284.357523665047,32815.44559759634,BMW,2019,0
728,52,NY,500,1168.3124581128363,1000000,MALE,High School,Other-service,unmarried,15368.413580724682,40594.482178415834,Parked Car,Side Collision,Major Damage,Ambulance,7,1,NO,0,0,Unknown,27486.41750447081,25803.6132419224,18786.449725756356,31879.885151258008,Chevrolet,2015,0
729,40,IL,500,813.7781981118917,2000000,FEMALE,Masters,Exec-managerial,husband,86296.40464754755,26673.923795314637,Parked Car,Unknown,Major Damage,None,20,4,NO,1,1,Unknown,76890.93510887018,29605.851075906485,20958.306661632854,29411.711175571574,Mercedes,2009,0
730,46,CA,2000,574.9685429895181,1000000,MALE,College,Priv-house-serv,husband,26602.137672880177,2637.830741604541,Vehicle Theft,Front Collision,Total Loss,Ambulance,10,4,Unknown,0,0,Unknown,56478.84849365721,7484.507595923458,11187.947056998335,3542.773802073563,BMW,2005,0
731,60,CA,2000,1765.4744960777357,2000000,MALE,Masters,Priv-house-serv,own-child,59081.587489550766,22846.942494912448,Parked Car,Side Collision,Trivial Damage,None,17,2,NO,1,0,Unknown,56181.68676427612,5427.074623737388,14384.90509434779,31960.55030187792,Toyota,2004,0
732,28,IL,1000,1971.7887937461737,5000000,MALE,College,Other-service,unmarried,50577.28338692109,47107.89585149966,Multi-vehicle Collision,Rear Collision,Minor Damage,Ambulance,22,4,NO,2,3,Unknown,17038.42253608896,13859.950283818454,5911.052594038899,36817.14198179065,Chevrolet,2012,0
733,35,FL,2000,1689.7143109951091,5000000,MALE,PhD,Adm-clerical,husband,1798.8131572387656,44392.967486777634,Parked Car,Front Collision,Minor Damage,Ambulance,12,1,YES,1,0,Unknown,28474.724904336013,1052.1383843559752,20407.394720955705,2847.9624874912,Toyota,2017,0
734,64,CA,2000,1780.6773825570006,0,FEMALE,Masters,Protective-serv,wife,93277.12799060947,5113.214049855802,Vehicle Theft,Front Collision,Total Loss,None,8,2,NO,0,3,YES,52372.74152881508,23751.536446905848,6643.558212801284,16366.019857937134,Volkswagen,2016,0
735,29,TX,2000,862.965695475568,2000000,FEMALE,Masters,Protective-serv,husband,7832.705514921845,37206.33428571851,Single Vehicle Collision,Unknown,Total Loss,None,8,3,Unknown,1,3,Unknown,28079.545785124807,26512.799965031463,37.7038618143355,39540.041843805215,Dodge,2017,0
736,26,CA,2000,1940.9404632697997,1000000,FEMALE,JD,Other-service,unmarried,68821.89194077358,40289.64329791174,Vehicle Theft,Unknown,Minor Damage,Ambulance,16,3,NO,0,3,YES,21423.13787352215,20581.19096244085,28012.863594202536,24169.934909497202,Mercedes,2018,0
737,27,FL,500,795.3885566801425,1000000,FEMALE,Masters,Priv-house-serv,other-relative,78500.68362082621,13569.40941183824,Parked Car,Side Collision,Total Loss,None,6,1,YES,0,0,NO,9231.727549114614,8039.850736908281,9180.457236436614,20786.307384034782,Ford,2020,0
738,61,FL,1000,1927.1447155427484,2000000,MALE,College,Exec-managerial,other-relative,79528.78490476843,23580.428537054617,Single Vehicle Collision,Unknown,Minor Damage,Ambulance,8,4,Unknown,1,3,YES,15994.738186372884,3694.6642196637167,5898.961273980069,7509.12282501537,Mercedes,2015,0
739,34,TX,2000,1992.2289409489265,1000000,FEMALE,JD,Adm-clerical,own-child,13549.45189288448,35549.39707318415,Parked Car,Front Collision,Total Loss,Fire,21,3,NO,1,0,NO,77002.3423679513,11464.32563759665,8044.401928973277,22836.708191699712,Ford,1996,1
740,55,CA,500,1567.584208619073,5000000,MALE,Masters,Other-service,unmarried,44756.99505079721,21952.074441057397,Vehicle Theft,Side Collision,Major Damage,Police,0,4,NO,2,1,YES,72018.52846817918,25000.0686151576,9913.430928559426,17842.208788543394,BMW,2001,0
741,24,FL,500,1971.715597687733,1000000,FEMALE,Masters,Protective-serv,husband,82942.88704339799,5639.845943328847,Single Vehicle Collision,Side Collision,Major Damage,Police,1,3,NO,2,3,YES,5060.451592696804,10434.83411358344,14236.392793445211,5534.000695019859,Volkswagen,2001,0
742,63,IL,500,1354.3096693506554,0,FEMALE,PhD,Handlers-cleaners,husband,30267.92103787547,35294.12223408608,Single Vehicle Collision,Front Collision,Total Loss,Ambulance,3,4,Unknown,2,2,Unknown,20726.766491739047,1027.6372087991992,2080.5501305578987,18841.13977841235,BMW,2018,0
743,30,NY,2000,889.3126747641355,5000000,FEMALE,Masters,Priv-house-serv,other-relative,46774.86753746636,45581.934486765174,Parked Car,Side Collision,Total Loss,Police,13,3,YES,2,2,YES,56265.30699990527,8228.411286753957,1580.1946861635263,6993.772554422789,Chevrolet,2001,0
744,57,NY,2000,1155.4938284984314,5000000,MALE,High School,Handlers-cleaners,other-relative,27279.38926998458,32624.23642030788,Parked Car,Rear Collision,Total Loss,Ambulance,3,3,Unknown,2,2,YES,32601.470501558928,29698.368302271698,8787.322966142177,29361.213058179233,Dodge,2020,1
745,59,NY,1000,1390.3414030681788,5000000,MALE,JD,Exec-managerial,wife,46355.14178853242,38690.037428451695,Vehicle Theft,Rear Collision,Minor Damage,None,1,2,Unknown,1,2,Unknown,82413.33546661328,20300.062669976498,8872.983935912875,38959.1104626731,Mercedes,2017,0
746,26,CA,2000,609.6223430405225,2000000,MALE,High School,Other-service,other-relative,88783.792259288,17918.126782891424,Parked Car,Side Collision,Total Loss,Fire,7,2,YES,2,2,NO,78606.43611238361,27025.644899313837,3529.386834427052,19048.293412814997,Saab,2008,1
747,67,TX,2000,1433.5148969258692,2000000,MALE,JD,Protective-serv,wife,45512.423103276946,9159.912256331743,Single Vehicle Collision,Unknown,Minor Damage,Police,17,1,Unknown,1,0,Unknown,89212.2655168319,23245.958025033226,12143.747829616028,25478.549110627206,Mercedes,2023,0
748,44,FL,500,1971.7667551434417,5000000,FEMALE,PhD,Adm-clerical,husband,55591.20170743204,32138.683080914627,Multi-vehicle Collision,Rear Collision,Major Damage,Police,18,3,Unknown,2,1,Unknown,56511.65753475903,16191.16545979892,8520.860046083468,17523.53322829027,Mercedes,2019,0
749,19,IL,1000,785.1614746755914,2000000,MALE,Masters,Handlers-cleaners,wife,40397.628330308355,16388.560292060945,Multi-vehicle Collision,Side Collision,Trivial Damage,None,13,4,NO,0,0,Unknown,35531.609741005304,4460.666171849409,781.666583852103,5968.927219451712,Ford,2018,0
750,22,IL,2000,1688.892674432575,1000000,MALE,Masters,Adm-clerical,wife,46011.71832033255,43003.67594948964,Vehicle Theft,Rear Collision,Total Loss,Fire,19,3,Unknown,2,3,NO,60803.437270399314,10459.33435067153,26571.623412633326,38836.9338157822,Audi,1996,0
751,46,CA,2000,1861.848190669429,2000000,FEMALE,Masters,Exec-managerial,own-child,1517.41990464217,6131.402498900329,Parked Car,Unknown,Major Damage,Fire,9,4,NO,0,1,YES,9369.099634673052,17512.206758226665,26580.570541307712,5618.357231321148,Saab,1996,0
752,54,NY,500,1915.5523892303313,2000000,FEMALE,JD,Protective-serv,other-relative,28374.5509960456,21673.184986656186,Vehicle Theft,Front Collision,Minor Damage,Fire,16,4,Unknown,1,1,YES,1453.8087652760273,26118.97046195976,6275.467587404221,4909.258936284857,Chevrolet,2017,0
753,55,CA,500,1940.2034066081708,5000000,MALE,Masters,Handlers-cleaners,wife,43658.172174182444,19836.380023419293,Multi-vehicle Collision,Side Collision,Total Loss,None,7,3,NO,2,1,Unknown,2200.805251975359,8060.251375946989,4886.166844930436,18637.33119601637,Toyota,2020,0
754,36,TX,2000,1282.189458082208,0,FEMALE,High School,Exec-managerial,husband,63379.69759927289,46902.69267769648,Multi-vehicle Collision,Side Collision,Major Damage,Police,13,4,NO,1,1,Unknown,41050.522324454505,3636.806080206886,16418.782930409452,26526.04699779382,Dodge,2009,0
755,25,TX,1000,1965.9618619872556,0,MALE,Masters,Adm-clerical,unmarried,45005.193055389216,7656.740030220194,Parked Car,Side Collision,Total Loss,Police,20,1,NO,2,2,YES,23193.720613254794,16764.969526644523,18922.605089442925,14519.469203429204,Volkswagen,2005,0
756,65,FL,1000,1635.9653107016584,0,FEMALE,PhD,Adm-clerical,wife,33781.704332156405,492.34125060054754,Single Vehicle Collision,Side Collision,Minor Damage,Fire,22,2,YES,1,3,YES,16155.101727104746,5295.03667554167,28726.276723412186,8104.422376777669,Dodge,2023,0
757,62,FL,500,742.5071543554428,1000000,MALE,High School,Handlers-cleaners,other-relative,38809.87353441572,11904.260640355878,Parked Car,Side Collision,Major Damage,None,7,4,Unknown,2,1,YES,61724.93855400796,18310.8530796572,11320.453699194377,32849.05303708531,Volkswagen,2004,0
758,18,TX,500,1215.350159701955,2000000,MALE,Masters,Protective-serv,own-child,24229.332920046654,41013.84298843273,Multi-vehicle Collision,Side Collision,Major Damage,None,4,3,Unknown,2,1,NO,99511.95674001152,7905.64327451196,18546.01028593675,14842.581164077272,Mercedes,1997,0
759,39,TX,2000,1577.4967630580059,0,MALE,Masters,Adm-clerical,husband,92449.42827740528,10466.090802350853,Single Vehicle Collision,Unknown,Major Damage,None,15,2,Unknown,0,2,NO,18186.443759745867,6928.89012901874,26345.431374129286,8175.678448664334,Ford,2011,0
760,69,TX,500,871.010473728625,5000000,MALE,College,Other-service,own-child,52174.32257909146,12043.903185274135,Vehicle Theft,Front Collision,Major Damage,Fire,7,1,YES,1,0,Unknown,54868.93170928691,11975.422949666732,13498.6135734255,14920.85266152137,Chevrolet,2003,0
761,34,CA,2000,1460.922775323331,0,MALE,JD,Exec-managerial,unmarried,1340.945387212311,6494.94022684054,Multi-vehicle Collision,Unknown,Trivial Damage,None,9,4,NO,1,0,NO,12412.887642989432,17795.752726738374,3670.3725347197815,8974.891201890245,Audi,2009,0
762,24,TX,1000,1499.9007185699288,0,FEMALE,High School,Handlers-cleaners,wife,1944.6258419546614,35771.810163827024,Vehicle Theft,Unknown,Minor Damage,Fire,7,4,Unknown,1,0,Unknown,93456.52588667783,16359.53018847939,11323.418574899226,21018.18564358745,Dodge,2008,0
763,42,IL,1000,744.0496157128489,2000000,MALE,College,Priv-house-serv,wife,97296.16349520416,3458.7095252708586,Single Vehicle Collision,Front Collision,Minor Damage,Fire,8,2,YES,1,3,YES,29529.63927277321,7342.034317049416,4097.007801099012,26897.43075243912,Ford,2013,0
764,62,NY,2000,1347.6279686791345,2000000,MALE,PhD,Priv-house-serv,other-relative,22145.089137324503,16560.41511642608,Vehicle Theft,Unknown,Total Loss,Fire,17,4,YES,1,0,YES,87894.81209431615,26733.500233601284,499.18392605850846,32082.516399367847,Audi,2011,1
765,21,TX,500,1657.4403664679116,2000000,MALE,JD,Protective-serv,wife,80560.82888143147,14124.936331048228,Multi-vehicle Collision,Rear Collision,Minor Damage,Ambulance,2,3,Unknown,0,1,Unknown,28666.105705412498,3296.459092056031,22546.59169047079,9488.700197634702,BMW,2016,0
766,53,NY,1000,1248.3434968039128,1000000,MALE,High School,Other-service,husband,5827.530156057448,27757.98648950774,Parked Car,Unknown,Total Loss,Fire,16,2,NO,2,2,YES,80702.22177857859,1184.026892230059,7152.711014860666,7094.683225325598,Mercedes,2014,1
767,23,CA,500,518.1546751641612,1000000,MALE,Masters,Adm-clerical,unmarried,92116.27366945491,36520.81325098678,Vehicle Theft,Side Collision,Total Loss,None,19,2,YES,0,2,Unknown,21333.442677854382,18081.188082185927,60.211375169221256,1274.3351253611963,Saab,2011,0
768,48,NY,1000,513.5577036189383,0,FEMALE,High School,Priv-house-serv,own-child,87441.70036666784,26643.82173483737,Multi-vehicle Collision,Rear Collision,Total Loss,Ambulance,14,4,Unknown,1,0,Unknown,29632.548300267717,3702.215041964294,26172.97072605435,9509.466849716084,Saab,2010,1
769,36,CA,2000,1035.5440159550183,2000000,FEMALE,Masters,Protective-serv,unmarried,57109.31624345147,46551.29964875338,Multi-vehicle Collision,Rear Collision,Minor Damage,Police,20,1,NO,1,2,Unknown,19651.29885766158,15146.724428368832,13313.665154727176,1444.2614236629515,Toyota,2014,0
770,61,IL,2000,1889.291102647673,0,MALE,JD,Exec-managerial,wife,899.8657283255773,47572.1319443666,Single Vehicle Collision,Front Collision,Trivial Damage,Police,16,1,YES,2,1,NO,26793.857846040737,28553.198532288978,7165.796388996756,14146.231045717845,Mercedes,2002,0
771,71,CA,2000,843.0151694054132,5000000,FEMALE,Masters,Other-service,own-child,25781.087402333756,18073.266424925772,Multi-vehicle Collision,Unknown,Minor Damage,None,7,1,YES,0,0,Unknown,83569.14265566488,20957.408143583703,7883.699170662577,6254.877008786447,Toyota,2021,1
772,56,CA,1000,1451.5455333075306,5000000,MALE,PhD,Other-service,other-relative,40682.2647398465,38884.01881374464,Parked Car,Unknown,Total Loss,None,1,1,Unknown,2,1,Unknown,64083.733505896394,18523.69741193281,7216.136799151508,23405.87612999748,Saab,2001,0
773,44,FL,500,833.1138060399809,2000000,FEMALE,Masters,Protective-serv,unmarried,46006.41167475618,36940.069163409484,Parked Car,Rear Collision,Major Damage,None,16,2,Unknown,2,3,Unknown,40885.02704930379,17244.15674616842,5836.68483567816,15657.206999905287,Chevrolet,2006,0
774,27,TX,500,982.504984489323,2000000,FEMALE,PhD,Protective-serv,own-child,29767.875856237202,44648.229585241366,Vehicle Theft,Unknown,Major Damage,None,17,2,NO,0,1,NO,97166.34219467455,5386.177565987783,25236.786737228893,4196.6209722950025,Chevrolet,1995,0
775,43,TX,500,1772.063134402226,5000000,MALE,JD,Adm-clerical,own-child,3294.7868245529976,22397.182010385164,Vehicle Theft,Unknown,Total Loss,Ambulance,4,4,Unknown,2,1,YES,46753.72194939259,12979.43473884313,5109.949031096086,16294.725289945467,Ford,2020,0
776,36,IL,1000,1593.2921634049203,2000000,FEMALE,JD,Protective-serv,own-child,59012.74059265421,26523.65935988961,Vehicle Theft,Front Collision,Minor Damage,None,8,1,Unknown,0,1,NO,96991.11714025571,10275.705221002876,16855.640516381958,8769.25058073014,Saab,2006,0
777,56,IL,1000,643.098915969816,1000000,FEMALE,High School,Adm-clerical,husband,52415.46676947559,20788.7156790787,Vehicle Theft,Rear Collision,Total Loss,Fire,8,1,NO,0,1,Unknown,20060.39882963059,28592.22966666188,2319.6073401656204,27367.005377934165,Toyota,2019,0
778,20,TX,1000,1143.0530314796504,1000000,MALE,PhD,Adm-clerical,unmarried,28300.06354290777,42518.84596498528,Parked Car,Side Collision,Minor Damage,Police,1,4,Unknown,1,3,NO,90511.52349793747,7269.60694112175,28485.641285358008,14895.231668444225,Mercedes,2000,0
779,62,FL,1000,543.7546454678967,2000000,MALE,PhD,Handlers-cleaners,own-child,3797.596756960653,11485.115768106718,Single Vehicle Collision,Rear Collision,Minor Damage,None,1,4,NO,2,0,YES,1875.309307700721,14145.491141881543,18099.417133377654,6307.68536399827,Mercedes,2010,0
780,30,TX,1000,1221.3352199045135,5000000,FEMALE,College,Other-service,unmarried,99459.41872219401,11985.453912122235,Vehicle Theft,Front Collision,Total Loss,Fire,18,4,NO,1,1,YES,54757.66863539287,28142.3808982875,27094.575336068796,14309.268429969321,Volkswagen,2012,0
781,67,FL,500,1493.651017551602,0,FEMALE,College,Exec-managerial,own-child,48198.61868264059,18630.25517885399,Single Vehicle Collision,Front Collision,Total Loss,None,22,3,NO,2,0,Unknown,42593.713232055474,23675.41957317945,11936.333384264855,9362.944190242326,Audi,2013,0
782,45,IL,1000,677.7539353972273,2000000,FEMALE,College,Other-service,other-relative,75600.42417740771,11517.141605117558,Multi-vehicle Collision,Front Collision,Total Loss,Fire,2,4,Unknown,2,2,YES,52746.24062446194,28935.45717853269,24320.16170287234,31933.27056471625,BMW,2017,0
783,37,NY,1000,933.3274083637484,2000000,MALE,Masters,Other-service,other-relative,45231.40350513355,28050.341820746038,Multi-vehicle Collision,Unknown,Total Loss,Ambulance,16,4,NO,1,1,NO,55567.76077879605,18249.90765440973,25609.634383479333,39343.01863441533,Saab,1997,1
784,45,IL,500,1096.7549382532354,0,FEMALE,College,Handlers-cleaners,other-relative,4317.029086294144,6724.505324775115,Vehicle Theft,Rear Collision,Trivial Damage,Police,13,3,Unknown,1,1,NO,39208.61972973724,10013.605642378021,21088.478735360095,1506.909866675814,Saab,2023,0
785,25,IL,1000,1879.2965369840747,2000000,FEMALE,PhD,Adm-clerical,wife,30960.074508550006,16009.310970202767,Multi-vehicle Collision,Unknown,Trivial Damage,Police,13,1,NO,1,2,YES,99820.68576516646,24799.49326392177,2788.42399361119,27755.795423953634,Toyota,1997,0
786,58,CA,500,1989.882523134446,0,FEMALE,Masters,Adm-clerical,own-child,32011.014100590117,45672.2349237795,Single Vehicle Collision,Unknown,Total Loss,Ambulance,13,2,Unknown,0,0,Unknown,97662.46543491227,8743.688141201119,482.4025921771791,10926.334428127719,Volkswagen,1999,1
787,56,CA,500,567.3669484934238,5000000,MALE,JD,Protective-serv,wife,83835.29040490159,20461.274009589797,Single Vehicle Collision,Rear Collision,Minor Damage,Fire,5,1,NO,2,3,Unknown,96193.66498210722,4943.184057356578,5056.790161686654,3123.141432837131,Dodge,1997,0
788,18,CA,2000,1641.511885243088,1000000,MALE,High School,Handlers-cleaners,unmarried,65422.99779998744,37411.685824675464,Multi-vehicle Collision,Front Collision,Total Loss,None,2,2,YES,0,1,NO,97918.96221397049,21188.66442117022,3542.902709000353,1066.8767286190937,Audi,2013,1
789,20,CA,2000,1057.5860996035149,5000000,MALE,College,Protective-serv,wife,27542.990363947283,5673.109585328701,Vehicle Theft,Side Collision,Minor Damage,Fire,0,2,YES,2,2,YES,79404.73367755515,19168.66990603078,21754.129925995312,35299.88193389087,Chevrolet,2021,0
790,30,FL,2000,1088.68727934422,1000000,MALE,JD,Handlers-cleaners,unmarried,96773.9954659086,12378.225407089232,Single Vehicle Collision,Side Collision,Total Loss,Police,15,4,YES,2,2,NO,98864.75266312003,26368.46707786186,16710.20462068028,14467.456832073081,Chevrolet,1999,1
791,45,TX,2000,1631.397460020534,0,FEMALE,PhD,Protective-serv,unmarried,32154.183239787137,40367.28106001843,Single Vehicle Collision,Rear Collision,Total Loss,Ambulance,3,4,NO,0,1,NO,89289.84241487662,28857.742734481522,15778.525936368174,39784.48373757886,Dodge,2008,1
792,74,NY,1000,1877.639648218113,1000000,MALE,High School,Priv-house-serv,unmarried,99823.40258287203,38149.6468144847,Parked Car,Rear Collision,Total Loss,Ambulance,0,3,Unknown,0,0,NO,41885.2973847259,25715.927616736622,7586.019009844216,17973.898121393384,Volkswagen,2015,1
793,66,IL,2000,1926.3928917538226,5000000,FEMALE,JD,Other-service,wife,99616.36931702631,19307.795929691056,Vehicle Theft,Front Collision,Total Loss,Fire,16,1,NO,2,0,Unknown,78585.32228414906,1800.6539276481226,4638.226102111249,7910.111194969289,Audi,2010,1
794,42,FL,500,1365.6838790574811,1000000,FEMALE,High School,Other-service,own-child,19121.05177467418,47719.845101673716,Parked Car,Rear Collision,Minor Damage,Fire,17,1,NO,1,1,YES,91250.75058999976,19935.402989468046,6196.439093066877,31197.170956640563,Saab,2022,0
795,73,NY,1000,1035.6817389507542,0,FEMALE,College,Exec-managerial,wife,31274.111618840016,45532.15079172727,Multi-vehicle Collision,Rear Collision,Total Loss,Ambulance,7,2,NO,1,2,YES,71404.3043219157,23541.97238592137,12008.310222434404,37096.4425465083,Mercedes,2019,1
796,50,FL,2000,1681.323628788169,1000000,FEMALE,PhD,Adm-clerical,own-child,48604.41984846542,48115.03745561199,Multi-vehicle Collision,Front Collision,Total Loss,Police,1,4,NO,1,1,Unknown,42566.84288627759,29457.861730505298,22204.296202828587,32717.030715631892,Saab,1995,1
797,55,FL,500,876.5020748934504,2000000,MALE,High School,Exec-managerial,own-child,66410.0671147891,21395.73450938927,Parked Car,Front Collision,Total Loss,None,17,4,Unknown,1,3,NO,7046.129080634312,11239.838985379012,7635.498496094098,29935.369744087347,Chevrolet,2011,0
798,70,IL,1000,1346.1110432502767,5000000,MALE,JD,Priv-house-serv,unmarried,52804.74490037993,9873.67918428415,Vehicle Theft,Unknown,Total Loss,None,15,1,NO,2,3,NO,81064.84523752847,5096.447618134436,20958.390037761605,13720.637933507154,Toyota,2005,1
799,23,TX,1000,1037.8676922873096,2000000,MALE,College,Exec-managerial,wife,96944.14691322568,31332.93195456705,Single Vehicle Collision,Rear Collision,Total Loss,Fire,9,3,YES,1,0,Unknown,95297.9158760838,25587.991853916636,14745.354612145302,3047.3693738541865,Toyota,2003,1
800,61,CA,2000,1484.9466105618142,0,MALE,College,Other-service,own-child,72398.91642356914,34238.65791395993,Multi-vehicle Collision,Side Collision,Total Loss,Ambulance,7,4,YES,1,3,YES,36565.094392877676,9524.00230897666,26563.225455323787,8451.324268123546,BMW,2015,1
801,62,TX,1000,860.5983693402604,1000000,MALE,JD,Adm-clerical,other-relative,21204.484938297443,6272.089222526,Vehicle Theft,Rear Collision,Total Loss,Ambulance,11,3,YES,1,2,Unknown,15614.652073399491,17946.056873815767,6987.436826671002,18149.005042772344,Ford,1998,0
802,49,IL,500,787.3894186022387,2000000,FEMALE,JD,Priv-house-serv,own-child,10509.755021363831,39324.1517147953,Vehicle Theft,Side Collision,Minor Damage,Ambulance,21,1,NO,2,3,YES,32987.132027320295,11696.842926389996,13525.700478528268,38269.89486556896,Chevrolet,1996,0
803,62,IL,1000,1877.3586300131556,2000000,MALE,High School,Other-service,other-relative,68840.12907093567,903.0109879980264,Multi-vehicle Collision,Side Collision,Minor Damage,Police,15,1,Unknown,0,1,YES,58470.9246387355,12069.787702759835,2899.943014970132,29052.740097176487,Volkswagen,2022,0
804,64,IL,500,652.7055244243054,1000000,MALE,Masters,Protective-serv,wife,15845.244018076299,24136.41937383917,Multi-vehicle Collision,Side Collision,Total Loss,Fire,11,3,Unknown,1,2,YES,32034.4358265825,21973.934375323548,10054.59427866962,33217.18028414577,Toyota,2003,0
805,38,NY,1000,1258.9368616023976,1000000,MALE,College,Handlers-cleaners,wife,78767.68403357541,16550.812974744746,Vehicle Theft,Unknown,Minor Damage,Fire,10,4,Unknown,2,0,NO,61256.56365453722,10844.253760198158,15206.41332096609,11453.1089278058,Saab,2016,0
806,33,TX,2000,831.2791744445134,5000000,MALE,High School,Priv-house-serv,wife,31103.666726033698,37015.1529949542,Single Vehicle Collision,Front Collision,Total Loss,Fire,19,1,NO,2,0,NO,96701.79710834075,20792.25338911461,21982.206430073773,27511.009584413376,BMW,2019,0
807,71,TX,500,558.3949449885012,2000000,FEMALE,JD,Adm-clerical,own-child,32689.32630556065,15638.036371090797,Parked Car,Front Collision,Major Damage,Police,18,2,Unknown,1,3,Unknown,67238.08208411442,429.8536635690631,5942.313601758953,34566.306663430856,Mercedes,1999,0
808,38,FL,1000,554.0282274371395,2000000,FEMALE,High School,Exec-managerial,husband,1079.8392389511969,41340.35563905164,Multi-vehicle Collision,Unknown,Trivial Damage,Fire,0,1,YES,0,0,Unknown,36584.60694541936,9739.42170011628,6542.763852193976,19436.754838415087,Chevrolet,1998,0
809,28,FL,1000,762.832658158741,0,FEMALE,JD,Exec-managerial,own-child,70101.12670950407,29747.67443904053,Parked Car,Front Collision,Trivial Damage,None,2,4,Unknown,0,1,NO,93607.42066141772,9571.32094060988,18947.33521563148,17480.728479114965,Ford,2017,0
810,54,FL,1000,1800.1555317590005,5000000,FEMALE,PhD,Priv-house-serv,own-child,11326.97530646858,39694.6680881036,Vehicle Theft,Unknown,Minor Damage,Fire,11,2,NO,0,2,Unknown,56780.70923576382,22465.05857690151,11473.733503629348,28916.478280555257,Volkswagen,1999,0
811,53,IL,500,923.7181159655399,0,FEMALE,JD,Adm-clerical,unmarried,77288.05774635181,49467.03189198119,Parked Car,Rear Collision,Trivial Damage,Fire,8,1,NO,2,1,NO,13273.053653990382,9436.713480768836,14462.846016970436,22616.51160666748,BMW,2018,0
812,52,TX,500,1925.6887558629435,2000000,MALE,JD,Priv-house-serv,unmarried,49186.78219172068,33957.91728717784,Single Vehicle Collision,Unknown,Total Loss,Fire,20,4,Unknown,1,1,NO,50148.610016779276,18999.813970952488,25084.04606336222,39730.25778616474,Mercedes,2018,0
813,36,IL,500,1372.4334394837902,0,FEMALE,JD,Adm-clerical,own-child,78427.98149545692,49247.5158180822,Vehicle Theft,Front Collision,Total Loss,Police,21,4,NO,1,1,YES,65536.82626854996,20655.732063235944,14972.499031935755,17291.560628778185,Ford,2023,0
814,37,NY,2000,1154.921284653149,2000000,FEMALE,Masters,Exec-managerial,other-relative,58392.65391977413,1441.8163460852672,Single Vehicle Collision,Front Collision,Minor Damage,None,4,1,Unknown,2,1,YES,83906.30939876549,19752.766325913457,19574.981418275132,7449.7594543369705,Ford,2012,1
815,74,FL,2000,1370.133252004182,2000000,FEMALE,JD,Other-service,unmarried,8243.327201899076,16906.99942419042,Vehicle Theft,Rear Collision,Major Damage,None,0,4,Unknown,1,2,NO,93679.4402774109,18098.810431459937,19703.251249799167,19141.43458505936,BMW,2007,0
816,35,IL,500,1275.0475778394016,0,MALE,College,Protective-serv,own-child,76565.23367051831,5392.663228115457,Single Vehicle Collision,Unknown,Minor Damage,Ambulance,9,3,YES,1,2,YES,32082.905304780328,12408.505480481841,24108.358288680545,9790.59722736039,Saab,1999,0
817,64,IL,1000,1638.1643806359878,0,MALE,College,Other-service,husband,6979.948489474974,13115.246569221978,Vehicle Theft,Rear Collision,Major Damage,Ambulance,16,2,NO,0,1,NO,15973.480225864161,11199.149330514312,19144.184654730725,22669.525921382792,Volkswagen,2020,0
818,58,NY,2000,923.7440989592784,1000000,FEMALE,High School,Protective-serv,other-relative,47870.172056933225,41944.39495628872,Single Vehicle Collision,Side Collision,Minor Damage,None,3,3,YES,1,1,YES,7845.9498982913,16937.52175127669,1944.294769615875,5468.9812012988605,Dodge,2018,0
819,66,CA,500,1029.5755874004535,1000000,MALE,Masters,Exec-managerial,wife,17234.92141449633,1616.1632663045157,Vehicle Theft,Unknown,Total Loss,Fire,14,1,NO,1,0,Unknown,73966.28296947414,1911.0930745297894,10265.189480605204,38024.06280519285,Ford,2013,1
820,31,TX,1000,1841.141453799876,1000000,MALE,High School,Other-service,own-child,75233.5177977885,26009.146786619687,Single Vehicle Collision,Rear Collision,Total Loss,Fire,18,3,Unknown,2,0,Unknown,79618.24614518548,26274.595261545783,29679.4855052763,34463.003820836355,Toyota,2017,0
821,32,CA,2000,1919.6847697256082,2000000,FEMALE,College,Other-service,own-child,91159.12278061266,28356.43537661865,Vehicle Theft,Rear Collision,Minor Damage,Fire,7,1,NO,2,2,NO,41232.626129352604,24759.454290910293,5895.308664237563,6644.833185800381,Dodge,1997,0
822,48,FL,1000,1838.8373412297117,0,MALE,College,Priv-house-serv,other-relative,55412.61633582743,28057.557333597804,Single Vehicle Collision,Front Collision,Minor Damage,Police,22,1,Unknown,0,0,NO,39894.57801377609,10391.541511115689,17601.872352440656,7309.5204485068825,BMW,2016,0
823,18,IL,1000,1129.1719909359704,5000000,MALE,PhD,Handlers-cleaners,unmarried,52714.72942991805,23764.853691162785,Multi-vehicle Collision,Unknown,Total Loss,Fire,14,4,NO,2,2,YES,95446.58464963587,17004.573701568937,25288.219196317845,20741.32764227665,Ford,2012,1
824,70,NY,1000,1670.5482545103225,2000000,MALE,JD,Exec-managerial,unmarried,76396.31963256179,39530.14823848777,Parked Car,Side Collision,Minor Damage,Police,6,4,YES,0,2,YES,91709.79184549258,27966.830945533897,17596.75682242062,31028.81478814814,Toyota,2000,0
825,71,NY,1000,1214.503599951648,5000000,FEMALE,College,Adm-clerical,unmarried,507.88129757272094,6677.154475277558,Vehicle Theft,Side Collision,Total Loss,None,14,1,YES,0,3,NO,23709.9572407458,8149.1039223629,11168.107743800318,9153.633758867414,Dodge,2000,0
826,71,TX,2000,1246.3097782191533,0,FEMALE,High School,Exec-managerial,wife,91775.86426351606,15528.850777539366,Single Vehicle Collision,Unknown,Total Loss,Fire,7,2,Unknown,1,2,Unknown,78190.36095110582,22273.6580308456,2406.856881531172,2908.3829226015077,Mercedes,2018,1
827,20,CA,2000,807.020163585926,2000000,FEMALE,High School,Adm-clerical,other-relative,19744.88170911317,30786.302672258636,Multi-vehicle Collision,Unknown,Major Damage,Fire,22,2,YES,0,0,Unknown,62458.68942517754,2481.9542196301545,10849.947076082848,22048.603925013296,Chevrolet,1999,0
828,33,TX,2000,1386.6954548877748,5000000,MALE,JD,Adm-clerical,other-relative,98411.88838262373,34547.568313397795,Vehicle Theft,Rear Collision,Total Loss,Ambulance,9,2,Unknown,1,3,NO,15845.16254240417,15701.164424129132,5462.025347228688,27818.086007029393,Dodge,1995,1
829,40,IL,500,779.2038466300219,5000000,FEMALE,JD,Protective-serv,unmarried,73625.39479604622,20207.421588852812,Vehicle Theft,Front Collision,Minor Damage,None,17,3,Unknown,0,0,Unknown,35998.71918511276,26519.07388341893,28825.8844884594,10152.436906062321,Chevrolet,2002,0
830,74,TX,2000,997.3470486007907,1000000,MALE,PhD,Adm-clerical,unmarried,77425.1147700671,43768.56316636166,Vehicle Theft,Front Collision,Total Loss,Fire,3,1,Unknown,2,2,NO,18158.557660094506,16551.278524472204,21450.955246748592,29720.827616150207,Toyota,2022,0
831,28,NY,1000,1782.5453024299027,1000000,MALE,Masters,Adm-clerical,husband,65620.29803736066,20774.669834795717,Parked Car,Front Collision,Minor Damage,Police,14,4,NO,2,2,YES,29868.02586277294,18487.58480511304,22481.494630795867,38050.429505312044,Ford,2019,0
832,29,NY,2000,810.6137138162828,1000000,MALE,High School,Priv-house-serv,husband,47166.31827851603,20138.806717416657,Single Vehicle Collision,Unknown,Trivial Damage,None,10,3,Unknown,2,1,Unknown,61722.46698944849,27229.17879928632,13079.077980011343,5914.440486076178,Chevrolet,1995,0
833,27,FL,1000,606.7374277601492,2000000,FEMALE,JD,Other-service,own-child,57162.76933611655,1810.363074369248,Single Vehicle Collision,Front Collision,Major Damage,Ambulance,21,3,YES,0,2,Unknown,37838.91436882225,21460.819201494083,3298.944843951185,20685.648079693463,BMW,2015,0
834,49,FL,500,603.5113889192245,0,FEMALE,High School,Exec-managerial,own-child,4640.288601512566,27557.06680973669,Vehicle Theft,Rear Collision,Total Loss,None,2,4,NO,0,3,YES,39708.92222366779,20876.090406727966,8001.494585019631,2745.257051922513,Toyota,2022,0
835,33,IL,1000,1911.1767807546619,0,FEMALE,JD,Exec-managerial,other-relative,62395.95094320143,35434.04192559526,Vehicle Theft,Unknown,Minor Damage,Police,14,1,YES,1,2,YES,54194.90561541038,17591.520662786952,7791.333121989904,8663.109785613266,Ford,2000,0
836,25,CA,1000,1260.380656942752,1000000,FEMALE,College,Adm-clerical,other-relative,62609.810198704676,5721.908175842405,Vehicle Theft,Unknown,Major Damage,Ambulance,2,3,Unknown,1,1,Unknown,9178.801814751414,18989.65842577255,14603.38052404631,4047.8644617123946,Toyota,2014,0
837,55,TX,1000,1114.1181077255274,1000000,MALE,High School,Handlers-cleaners,wife,89120.07974018094,15271.638304393542,Multi-vehicle Collision,Front Collision,Major Damage,Police,14,1,Unknown,1,2,Unknown,74010.33034001678,24111.162720498516,13829.393600800715,16458.261611668,Dodge,2008,0
838,29,IL,500,1716.3178715118777,1000000,FEMALE,College,Exec-managerial,wife,50565.63574302194,39062.84768914261,Vehicle Theft,Side Collision,Major Damage,None,5,1,YES,1,2,NO,40470.098574627336,29376.99249891733,13002.24652115521,32922.85571980293,Toyota,2005,0
839,41,FL,2000,1753.7388918657741,5000000,MALE,High School,Adm-clerical,husband,7714.437408606101,18295.97177067877,Parked Car,Side Collision,Major Damage,Ambulance,0,1,NO,0,2,NO,48299.51027613086,23859.760620245637,14879.32400078223,23296.652795610364,Dodge,1996,0
840,45,TX,2000,998.2865496734069,1000000,FEMALE,Masters,Protective-serv,own-child,30619.59204820812,12080.123102001993,Single Vehicle Collision,Rear Collision,Total Loss,Police,13,4,YES,0,1,Unknown,97442.82302103585,21226.104948809887,29610.69245944425,9292.101068034515,BMW,2015,1
841,70,FL,500,1540.4270862106928,5000000,FEMALE,PhD,Protective-serv,husband,65562.94121143175,33610.03317825561,Parked Car,Front Collision,Minor Damage,None,15,1,Unknown,1,0,NO,34764.50538766627,4066.3465083454453,8950.6089195865,2084.3705602810624,Volkswagen,1998,0
842,25,TX,1000,1656.6842237778299,0,FEMALE,College,Protective-serv,husband,23925.88627514639,9837.938883582781,Vehicle Theft,Front Collision,Total Loss,Police,0,3,NO,0,2,YES,64997.78412940558,24512.411623250795,18458.074810307626,22359.228713826742,BMW,2007,0
843,45,CA,2000,1481.9760302989316,2000000,MALE,JD,Adm-clerical,own-child,28052.782185540094,44782.64597915884,Multi-vehicle Collision,Unknown,Total Loss,Fire,20,4,Unknown,0,3,NO,39554.17957093316,22079.83102196109,7185.232321209145,5745.470242127554,Dodge,2001,1
844,53,IL,500,727.3926122001491,2000000,MALE,Masters,Priv-house-serv,wife,82046.90163608534,5279.919801307048,Vehicle Theft,Unknown,Total Loss,None,16,4,Unknown,0,1,NO,89481.13050902597,23112.965862037017,13998.187977785461,14037.994080868411,Ford,2000,1
845,43,TX,2000,1813.8246252755855,2000000,MALE,High School,Handlers-cleaners,own-child,58431.9731762709,35327.49011414135,Vehicle Theft,Front Collision,Total Loss,Ambulance,7,3,YES,0,3,Unknown,84752.24856600643,6932.894347299358,6001.476994391247,20652.594227087437,Audi,1997,1
846,25,NY,500,1308.6418291040131,2000000,MALE,College,Adm-clerical,unmarried,50852.74317735725,24977.43506431876,Vehicle Theft,Unknown,Minor Damage,Ambulance,17,4,Unknown,1,2,NO,24541.61504035724,27103.31089622783,16745.76705899273,36197.4351596046,Volkswagen,2003,0
847,67,NY,1000,923.7086395550056,5000000,MALE,High School,Priv-house-serv,unmarried,31845.196680580433,43496.47811984968,Vehicle Theft,Front Collision,Total Loss,Fire,15,3,YES,1,1,Unknown,69328.6984047846,2918.4410504058656,7950.353594510026,3732.0214200043206,BMW,2008,0
848,45,TX,2000,1137.842278156541,5000000,FEMALE,High School,Priv-house-serv,unmarried,73092.80359330334,6309.75455131183,Vehicle Theft,Rear Collision,Total Loss,Police,5,2,NO,0,2,Unknown,6984.613591772098,7608.361670758397,1103.6675015649232,26909.999894539807,Audi,2014,0
849,45,TX,500,556.3566355983611,1000000,MALE,High School,Exec-managerial,other-relative,28771.843449002932,33894.745924804396,Single Vehicle Collision,Unknown,Minor Damage,Police,9,3,Unknown,2,3,Unknown,96336.94625822407,19890.70314973205,24458.132744184597,1056.2107774427018,Mercedes,2005,0
850,54,TX,2000,691.8002018336264,5000000,MALE,PhD,Adm-clerical,wife,73706.35176441752,28602.73195906907,Parked Car,Front Collision,Total Loss,Ambulance,9,4,Unknown,1,1,YES,35224.51574740867,20211.433914930454,3847.6533636125255,25381.387818231688,Audi,1999,0
851,58,NY,2000,1648.3201257737912,1000000,MALE,PhD,Adm-clerical,wife,7010.1480267442,24004.50711200232,Multi-vehicle Collision,Unknown,Major Damage,Police,4,3,NO,1,0,NO,83268.35587218431,9399.736989024745,11041.16397350717,22285.53332855845,BMW,2008,1
852,53,NY,2000,500.01745213304923,1000000,MALE,JD,Priv-house-serv,other-relative,86454.13415820836,24570.36317163342,Vehicle Theft,Rear Collision,Major Damage,None,11,2,YES,2,0,NO,32183.92092469234,21045.593313354442,14315.328273336087,32568.731493557676,Audi,2013,0
853,44,TX,2000,1124.8487427234381,2000000,FEMALE,College,Priv-house-serv,husband,49956.64633759328,36098.84808992654,Multi-vehicle Collision,Unknown,Total Loss,None,19,1,Unknown,1,0,NO,63460.68874908877,11637.916129646163,12974.400012657821,21500.667678146932,Chevrolet,2002,0
854,71,FL,500,1283.7652716283828,5000000,MALE,Masters,Priv-house-serv,unmarried,43850.801669897,46887.08274674111,Single Vehicle Collision,Front Collision,Total Loss,Ambulance,16,1,NO,2,2,Unknown,98367.28380244102,5.265475737699088,21769.97291070027,14428.35568918243,Ford,2021,0
855,34,FL,1000,581.9516300014584,5000000,FEMALE,Masters,Exec-managerial,unmarried,61102.34115419245,4562.5829559524045,Parked Car,Unknown,Minor Damage,None,13,1,Unknown,2,1,YES,87736.6113815972,4878.183968621505,17903.29787792833,10088.65941746495,Mercedes,2001,0
856,26,CA,500,1959.6172444584993,1000000,FEMALE,Masters,Adm-clerical,husband,62419.20728962704,975.1323805260115,Vehicle Theft,Unknown,Total Loss,Ambulance,13,4,YES,0,3,Unknown,16456.408035538287,26478.548256545233,8861.135481224579,3867.364800391884,Dodge,2021,0
857,50,IL,500,839.1879968745079,1000000,FEMALE,High School,Priv-house-serv,own-child,13203.517688999555,40285.239624060174,Single Vehicle Collision,Front Collision,Total Loss,Police,2,2,YES,1,3,NO,54975.09909837239,6680.820351882565,1551.0899952201053,21617.200634709032,Saab,2021,0
858,70,FL,500,956.2980794544213,0,MALE,PhD,Protective-serv,own-child,75623.35898162132,5408.4693775379665,Single Vehicle Collision,Side Collision,Total Loss,Police,11,3,YES,2,2,Unknown,35178.91232041167,3387.3101657662774,23027.85354759529,35588.716102618455,Chevrolet,2001,0
859,37,NY,1000,955.913768382541,0,FEMALE,College,Adm-clerical,wife,27592.82979500629,49334.83980402119,Parked Car,Unknown,Major Damage,Police,19,3,YES,0,2,Unknown,43716.715739005034,20466.018177995837,10575.813800352651,20832.407511249734,Mercedes,2018,0
860,30,FL,2000,845.6249931760249,1000000,MALE,High School,Exec-managerial,other-relative,90496.1880169914,30967.41244794186,Vehicle Theft,Unknown,Total Loss,Fire,17,3,NO,1,3,NO,33850.721357267474,13221.193272292083,26691.742229999076,29694.562869902747,Mercedes,2017,0
861,45,CA,2000,502.21073312946714,0,MALE,PhD,Protective-serv,wife,81785.06634148325,32543.319762707033,Parked Car,Rear Collision,Minor Damage,Ambulance,11,3,Unknown,0,1,Unknown,33927.94519545356,23897.72809192933,11851.703208097513,12288.180059594237,Saab,1997,0
862,65,CA,2000,1594.0171911319944,0,MALE,PhD,Other-service,own-child,34626.60415347485,9944.58514690087,Parked Car,Side Collision,Minor Damage,None,1,4,NO,0,2,Unknown,54484.04775577284,25843.348036973646,21529.758184131217,18201.168965053326,Mercedes,1997,0
863,46,IL,1000,1950.268249698928,1000000,MALE,College,Adm-clerical,husband,80773.92932007145,12015.615514833722,Multi-vehicle Collision,Rear Collision,Total Loss,Police,1,4,YES,2,1,YES,19600.418907753683,25379.666321616944,28186.941097040377,13321.826536114291,Chevrolet,2012,1
864,30,FL,2000,836.4402249275677,1000000,MALE,College,Other-service,wife,35639.04992999042,32967.51515496251,Multi-vehicle Collision,Front Collision,Total Loss,Fire,16,2,YES,1,3,Unknown,53970.84481071979,9390.276575906799,19534.573519064394,4816.011398518447,BMW,2007,1
865,63,NY,1000,1494.5707877051336,5000000,FEMALE,College,Priv-house-serv,unmarried,10094.768163604062,45486.34189670985,Parked Car,Front Collision,Major Damage,None,9,3,YES,0,1,YES,28257.06100123094,15166.378139044924,12404.667401925144,16971.049829698444,Toyota,1995,0
866,52,NY,2000,1612.8444904380726,1000000,FEMALE,High School,Exec-managerial,unmarried,96188.82387257079,49119.52772587833,Multi-vehicle Collision,Rear Collision,Total Loss,None,17,1,YES,2,0,NO,29253.798972059063,19504.252039408922,17021.978063578284,30689.345657570047,Toyota,1999,0
867,23,TX,2000,1772.638068635787,1000000,MALE,JD,Priv-house-serv,husband,65260.201521544004,9901.547331554682,Single Vehicle Collision,Unknown,Total Loss,None,21,4,Unknown,2,3,YES,74005.42888904446,9659.492618523718,16303.35565625678,16101.51248200843,Toyota,2022,1
868,35,NY,500,1133.9437955204137,2000000,FEMALE,College,Exec-managerial,own-child,45609.95266625917,6705.981135489508,Parked Car,Side Collision,Total Loss,Police,18,2,YES,0,0,Unknown,3444.563554213611,1232.9794605905442,17544.601099600884,26182.079277621557,Chevrolet,1998,0
869,68,IL,1000,954.3963584606438,5000000,MALE,JD,Handlers-cleaners,unmarried,39777.335153103966,2820.0678880395235,Vehicle Theft,Rear Collision,Total Loss,None,20,2,Unknown,0,3,NO,38404.103386043804,14869.931468907573,4404.599569240374,30465.31162000898,Ford,2010,0
870,22,IL,500,987.9427010345466,5000000,FEMALE,High School,Priv-house-serv,unmarried,32470.533425826397,43414.85090806639,Vehicle Theft,Rear Collision,Total Loss,Ambulance,0,4,YES,2,0,Unknown,41049.670825287685,384.5500039678107,20955.2964720393,13248.080975044746,Dodge,2009,1
871,64,NY,500,1568.9319996477693,5000000,FEMALE,JD,Other-service,other-relative,98144.75954291293,14735.742342823438,Single Vehicle Collision,Front Collision,Total Loss,Fire,23,1,Unknown,0,1,Unknown,48768.45890195819,28519.368741778413,4351.298150075615,32001.825104416333,Saab,2023,0
872,42,NY,500,1725.1691997584542,2000000,FEMALE,Masters,Exec-managerial,wife,13474.72651309074,90.60169346258307,Vehicle Theft,Unknown,Total Loss,None,3,1,Unknown,0,3,YES,67066.5969605891,23900.509382190794,438.5065295284196,13887.565820303531,Volkswagen,2021,1
873,19,TX,1000,772.420951634904,1000000,FEMALE,JD,Priv-house-serv,own-child,31480.50589205683,11190.904302821442,Vehicle Theft,Side Collision,Minor Damage,None,3,3,YES,1,3,Unknown,37283.83488234011,5760.293295707836,18743.403020521906,10616.228888188014,Toyota,2012,0
874,27,NY,1000,1056.411512236648,5000000,FEMALE,College,Adm-clerical,wife,48549.76402826635,17022.05400497092,Parked Car,Rear Collision,Major Damage,Ambulance,1,4,NO,2,0,YES,21707.14187849228,8627.15246675785,3507.4071652677417,9286.623626514669,Audi,2011,0
875,73,TX,2000,1852.910295123725,5000000,MALE,High School,Exec-managerial,own-child,47799.95450543114,49549.308474834266,Single Vehicle Collision,Side Collision,Total Loss,None,18,1,NO,0,1,NO,88544.8476343577,29485.15644058315,23112.349101338197,8396.21375613115,Chevrolet,2008,1
876,47,TX,500,1710.040279542109,0,MALE,College,Exec-managerial,unmarried,47136.648440784345,26177.079692854084,Parked Car,Side Collision,Minor Damage,Police,20,4,NO,2,3,NO,98113.34335478058,11206.456624239132,25978.978605024615,29616.400876129173,Ford,2008,0
877,67,NY,2000,1977.2876041437137,5000000,FEMALE,Masters,Priv-house-serv,other-relative,17578.381583038183,10235.697379755065,Single Vehicle Collision,Rear Collision,Minor Damage,Police,11,2,NO,1,2,Unknown,2491.461970706814,23511.67072301677,28342.10370851779,35556.61581174825,Ford,2013,0
878,62,CA,500,1631.3723895231212,1000000,MALE,College,Handlers-cleaners,wife,14493.252710950055,16740.917235672554,Parked Car,Side Collision,Minor Damage,Police,9,2,NO,2,0,YES,54873.45167456944,13404.46405257763,19934.308887191746,9610.614730318925,Toyota,2023,0
879,22,CA,1000,1089.7928015418834,1000000,FEMALE,College,Priv-house-serv,unmarried,25476.758632862005,16515.384377843922,Parked Car,Front Collision,Total Loss,None,12,2,YES,2,3,Unknown,34499.38672136522,25922.877723018308,14460.446786769124,3866.9917629480806,Audi,2000,0
880,72,TX,1000,1385.9567509919566,0,MALE,College,Other-service,own-child,91452.6153802056,986.2873231587744,Multi-vehicle Collision,Unknown,Minor Damage,Fire,21,4,YES,2,1,Unknown,28060.46275102732,21112.60524484527,10568.432421173973,12893.795563393318,Volkswagen,2007,0
881,73,NY,1000,1491.5213813709804,5000000,FEMALE,PhD,Other-service,wife,11305.296783451013,6759.152708571503,Vehicle Theft,Unknown,Minor Damage,Fire,22,3,YES,1,1,Unknown,33902.78589155858,687.3017967347805,14727.752819589923,26484.965937393667,Toyota,2012,0
882,50,CA,500,617.683724475686,5000000,FEMALE,Masters,Exec-managerial,wife,75742.51033733248,34759.82298516056,Single Vehicle Collision,Unknown,Total Loss,None,19,3,YES,1,1,Unknown,64068.33676440696,8831.696578177116,5710.566850809405,15056.543642928536,Saab,2020,0
883,71,NY,1000,1316.7454386557977,5000000,FEMALE,College,Exec-managerial,unmarried,75754.83931333713,6012.549328536731,Vehicle Theft,Front Collision,Total Loss,Fire,22,1,YES,2,1,YES,19476.243017864592,16739.769446803573,10452.67943367279,22192.473298843142,BMW,2009,1
884,18,NY,500,1563.9812427089144,2000000,MALE,College,Priv-house-serv,wife,80977.04038972623,11536.713830305938,Multi-vehicle Collision,Front Collision,Minor Damage,Fire,14,4,YES,2,0,Unknown,91329.64080996605,27785.221322092613,21537.915745034934,29900.046144170217,Audi,2023,0
885,35,NY,2000,750.9819560015906,5000000,MALE,College,Other-service,other-relative,88661.54889893555,17536.864920215437,Single Vehicle Collision,Front Collision,Total Loss,None,2,3,Unknown,1,3,NO,46878.39523147784,3060.896839244711,6522.689134026395,16634.901980624418,Toyota,2017,0
886,49,FL,500,1670.9475761383358,1000000,FEMALE,High School,Other-service,other-relative,26303.617753893028,37886.74722511468,Multi-vehicle Collision,Unknown,Major Damage,Police,22,4,Unknown,0,0,YES,32894.89489835818,18034.87613133201,7922.014070209951,39987.945839162196,Saab,2021,0
887,64,NY,2000,1375.6591707711673,1000000,FEMALE,PhD,Handlers-cleaners,unmarried,22455.946926889636,29120.04824339699,Vehicle Theft,Side Collision,Trivial Damage,None,19,3,YES,1,0,Unknown,76670.3674889861,9065.301942379727,22479.84767123546,12268.99577930235,Audi,2001,0
888,66,FL,500,1928.332678546392,2000000,MALE,High School,Adm-clerical,own-child,46550.56665274797,34449.999249428416,Parked Car,Front Collision,Total Loss,Police,12,2,YES,2,1,YES,2126.4931910011696,26679.83346058321,5335.0780748166235,39140.80989896837,Dodge,2021,0
889,28,TX,2000,563.6334473103375,2000000,MALE,PhD,Handlers-cleaners,unmarried,26508.916875203613,28350.61627100861,Multi-vehicle Collision,Rear Collision,Minor Damage,Police,7,2,Unknown,0,2,Unknown,43469.36014093467,22955.088289755397,7376.627594201332,8519.671776708,Audi,2013,0
890,38,CA,1000,897.9892063332004,5000000,MALE,College,Protective-serv,other-relative,73430.99889831075,34179.62126109345,Multi-vehicle Collision,Front Collision,Major Damage,Fire,6,1,Unknown,0,1,NO,35852.708299622376,11091.08166027856,526.4268846795106,4881.803858939446,Chevrolet,2011,0
891,43,CA,2000,1402.330818949736,0,MALE,Masters,Handlers-cleaners,husband,63593.95767414336,142.10768319862234,Parked Car,Rear Collision,Total Loss,Fire,23,2,YES,0,2,NO,34151.88604397858,5013.0949172584105,21601.547986053203,30157.809691227532,Audi,2003,0
892,42,CA,1000,944.839868308896,2000000,MALE,JD,Priv-house-serv,husband,87498.76880526515,46544.907218571476,Vehicle Theft,Unknown,Minor Damage,Police,7,3,Unknown,1,0,NO,34038.60052801303,344.9391719189332,18537.10696699302,28241.231437722323,Volkswagen,2005,0
893,39,CA,1000,1571.6362461068634,2000000,FEMALE,JD,Adm-clerical,wife,8273.830348707157,5546.011543740326,Multi-vehicle Collision,Rear Collision,Major Damage,Police,17,1,NO,1,1,YES,3611.5020858531066,18634.03352015846,20831.563575346237,32541.189216077342,Toyota,1999,0
894,44,CA,2000,1638.5079237828966,5000000,MALE,College,Priv-house-serv,wife,91508.33333580747,20312.454798845243,Vehicle Theft,Front Collision,Total Loss,Fire,8,1,NO,1,1,NO,15635.582099379557,12183.714228937313,6429.832858599395,14071.821658465544,Chevrolet,1996,0
895,66,CA,500,653.7739460997117,5000000,FEMALE,High School,Protective-serv,husband,29334.862667008954,38551.91851224274,Parked Car,Front Collision,Trivial Damage,Ambulance,5,2,NO,1,0,Unknown,14617.573351585233,9442.694785823074,20621.29172183614,37266.90232719285,Audi,2009,0
896,30,CA,500,1270.7816963101516,2000000,FEMALE,Masters,Adm-clerical,other-relative,49069.4345926984,21761.535900471197,Single Vehicle Collision,Side Collision,Major Damage,Police,3,4,Unknown,2,1,Unknown,98866.74522954244,29565.068749105067,17891.2985307977,5219.516420736614,Chevrolet,2018,0
897,50,TX,500,1263.335833386584,0,MALE,PhD,Exec-managerial,wife,43861.14359396437,47342.12758337579,Multi-vehicle Collision,Unknown,Total Loss,Police,14,2,YES,0,3,Unknown,2705.49271111587,13984.264066809454,10983.689376660099,1695.9455025794832,Saab,2006,0
898,51,NY,500,1053.9211553233117,2000000,MALE,College,Other-service,unmarried,76031.1651104424,23379.44742493834,Vehicle Theft,Rear Collision,Major Damage,Police,4,2,YES,2,2,YES,17123.828807023823,22495.178509362726,13134.77434903214,12372.273461922876,BMW,2004,0
899,58,IL,500,1899.3872938545082,5000000,FEMALE,Masters,Handlers-cleaners,unmarried,42033.33094318426,43746.970280133566,Parked Car,Unknown,Total Loss,Fire,4,1,YES,1,2,YES,97430.36361154034,5322.372517537087,17037.615098202245,31994.31630430989,Chevrolet,2004,1
900,52,FL,1000,1741.2594798098319,5000000,MALE,Masters,Priv-house-serv,other-relative,94355.31456494094,40541.40566811355,Parked Car,Front Collision,Total Loss,None,6,2,Unknown,1,2,NO,63011.531084095426,403.65773225441325,14798.765282626702,27082.801137309103,Dodge,2014,0
901,18,IL,500,1545.814072864455,2000000,FEMALE,PhD,Protective-serv,wife,90253.38826385755,49049.31513993416,Multi-vehicle Collision,Side Collision,Major Damage,Police,8,3,Unknown,2,1,YES,45341.37850036976,12526.878583440479,19254.841979081135,17730.246186793614,Ford,2005,0
902,38,IL,1000,1571.4899536024964,0,MALE,Masters,Other-service,unmarried,87216.11519695065,46327.389037548775,Single Vehicle Collision,Front Collision,Total Loss,Police,6,1,NO,0,3,Unknown,8336.712838113803,19969.945048279853,5429.387328179854,10622.01776067625,Dodge,2004,0
903,65,NY,1000,1192.5742157196787,2000000,MALE,High School,Handlers-cleaners,wife,7125.83326482279,44906.19173564394,Multi-vehicle Collision,Front Collision,Major Damage,Police,8,2,Unknown,0,1,Unknown,67131.28558247123,15197.960885503782,16221.298647485906,2841.2750773350995,Audi,2022,0
904,72,NY,1000,1881.4917816448637,2000000,MALE,High School,Other-service,wife,85425.80615539395,36580.21702597342,Vehicle Theft,Front Collision,Major Damage,None,19,4,NO,1,2,Unknown,14211.397274286152,26713.987728731732,13508.384485936223,13831.470348675164,BMW,2001,0
905,23,NY,2000,1541.893140879928,5000000,FEMALE,High School,Handlers-cleaners,unmarried,78163.54454432105,18349.90736341104,Parked Car,Rear Collision,Trivial Damage,None,9,3,NO,1,1,YES,67283.01915483856,13019.380535614944,13830.614820419947,18670.78082631261,Dodge,2008,0
906,45,CA,2000,1593.4715924837246,0,MALE,Masters,Exec-managerial,husband,10351.2947006131,5306.2709282451215,Single Vehicle Collision,Front Collision,Major Damage,Police,3,4,YES,1,2,Unknown,97928.0614714058,9330.084394592735,14081.46151747786,27637.441603812607,Ford,2007,0
907,34,TX,1000,1792.5363556810178,1000000,FEMALE,High School,Adm-clerical,unmarried,10741.432543622186,34432.2526132195,Vehicle Theft,Unknown,Total Loss,Police,5,3,Unknown,1,0,NO,53431.2795323868,27481.460286229307,26444.158914669515,26015.892220384023,Volkswagen,1999,0
908,22,CA,2000,911.1073840132865,0,MALE,PhD,Other-service,other-relative,10116.381151754116,48932.704066898244,Multi-vehicle Collision,Unknown,Minor Damage,Ambulance,23,4,YES,0,2,YES,21801.42312301475,12204.068359031427,24558.82323409847,37920.12366580918,Volkswagen,2023,0
909,48,TX,500,1710.6063558000544,2000000,FEMALE,Masters,Other-service,own-child,1133.259320448754,36330.22186659345,Parked Car,Side Collision,Major Damage,None,13,2,YES,2,0,Unknown,62715.73321252002,8089.435849188349,18887.098835116103,4465.6388025880115,BMW,2013,0
910,22,TX,500,792.8609044347381,2000000,MALE,JD,Other-service,unmarried,54863.43051945836,46436.468463866775,Multi-vehicle Collision,Unknown,Minor Damage,Ambulance,8,3,Unknown,0,0,Unknown,51536.50393523265,2929.832304302412,21494.608068071062,13785.434853725888,Ford,2004,0
911,55,IL,1000,1018.0129283673317,2000000,FEMALE,Masters,Adm-clerical,wife,97339.42914360433,40215.23564777584,Single Vehicle Collision,Front Collision,Minor Damage,Police,0,1,Unknown,2,0,YES,53547.45622925928,23799.293196474624,1284.0790820431992,19522.334236507482,Ford,2002,0
912,20,IL,500,1003.4156814047641,0,FEMALE,PhD,Protective-serv,wife,43868.470289979356,8155.733755833939,Single Vehicle Collision,Front Collision,Minor Damage,Police,16,1,NO,1,2,YES,48071.64113893968,24752.743823935292,22319.75158139006,26992.483857232575,Saab,2012,0
913,70,TX,1000,1967.788202583711,5000000,FEMALE,JD,Handlers-cleaners,unmarried,54075.75018873564,12460.188529564364,Single Vehicle Collision,Unknown,Major Damage,Police,12,4,NO,1,3,NO,67537.1871372338,998.9335069551597,14584.940653609461,20070.34181193555,Mercedes,1995,0
914,40,TX,1000,1784.8058356218903,2000000,FEMALE,Masters,Exec-managerial,own-child,96796.97967699556,17093.280088117517,Single Vehicle Collision,Side Collision,Major Damage,Police,23,4,NO,2,2,YES,57408.5635594967,10759.367952045743,9532.426936443828,36553.95016189618,Chevrolet,1999,0
915,54,CA,500,1551.7547923853897,2000000,FEMALE,High School,Other-service,unmarried,25518.222877423068,8413.022216900206,Single Vehicle Collision,Side Collision,Total Loss,Fire,6,4,NO,1,1,Unknown,98706.0102067101,22496.29363793879,4193.308978144288,24542.557651192634,BMW,2005,1
916,70,CA,2000,1590.5851424230852,0,FEMALE,College,Adm-clerical,own-child,85847.02525982629,29082.566633650335,Multi-vehicle Collision,Unknown,Total Loss,Fire,8,3,YES,0,1,NO,82673.41039371071,28391.455424641616,2256.2637105597537,2066.7836828030017,Toyota,2014,1
917,54,IL,500,1343.1091916038567,1000000,MALE,College,Protective-serv,own-child,54639.04672117361,48772.52620674756,Single Vehicle Collision,Rear Collision,Total Loss,Fire,10,1,YES,1,3,Unknown,26837.488582245154,11334.54851534715,1346.5705649016934,4989.410778112305,Saab,2005,1
918,27,NY,500,1920.6360006627785,1000000,FEMALE,High School,Handlers-cleaners,other-relative,56947.651466301075,38072.94167180793,Single Vehicle Collision,Rear Collision,Total Loss,Ambulance,2,2,Unknown,1,3,Unknown,72712.77392954487,26161.602941384805,4853.885246707224,30263.074678482062,Volkswagen,2010,1
919,27,TX,1000,1244.3881293235422,5000000,FEMALE,College,Adm-clerical,wife,34317.38572072836,21169.337453373093,Parked Car,Rear Collision,Total Loss,None,11,3,NO,1,3,Unknown,21822.884763781087,11811.612195965852,904.3138439322496,28773.614005678624,Saab,2004,0
920,36,CA,1000,1070.7765648048417,5000000,FEMALE,College,Exec-managerial,wife,56158.43609669081,225.22404901443304,Single Vehicle Collision,Rear Collision,Total Loss,Police,20,4,NO,1,0,YES,78343.46760409842,5384.838817279443,21979.26727327563,6563.131572115353,Audi,2009,0
921,34,IL,1000,744.5530053973865,2000000,MALE,High School,Exec-managerial,own-child,7314.250947828394,15663.800556908936,Parked Car,Unknown,Total Loss,None,2,1,NO,0,3,YES,15181.985177745546,103.38431330609077,7458.42357065219,2826.8921120938094,Chevrolet,2001,0
922,38,CA,1000,1679.308478391587,0,MALE,High School,Handlers-cleaners,wife,76464.35726141122,26337.96438461076,Parked Car,Side Collision,Total Loss,Fire,14,4,YES,2,3,Unknown,47618.60643795019,9905.430694586394,11062.212807960273,23359.355289874806,Toyota,2009,0
923,31,TX,2000,1601.6658981133871,2000000,MALE,Masters,Other-service,husband,28468.776154427167,16212.54369259853,Parked Car,Front Collision,Total Loss,Police,20,2,Unknown,1,3,YES,79165.31673145443,11354.251521821147,24681.486414476487,25611.68386505597,BMW,2023,1
924,26,TX,2000,1076.5325577862022,5000000,FEMALE,Masters,Exec-managerial,own-child,88760.8329493955,5551.746151192977,Multi-vehicle Collision,Front Collision,Total Loss,Police,9,2,YES,1,2,Unknown,28371.213879503255,28353.525866620083,3439.72489573772,5844.335681756979,Audi,2019,0
925,63,FL,2000,537.790120938844,0,MALE,High School,Protective-serv,wife,36785.06946074584,22138.247843094727,Multi-vehicle Collision,Unknown,Trivial Damage,Ambulance,0,1,Unknown,0,1,YES,83793.35295060047,6182.107572618685,25067.82090708638,19207.9631811122,Mercedes,2010,0
926,18,NY,1000,1758.4959915770162,0,MALE,PhD,Adm-clerical,husband,14282.41104868826,12662.640848285811,Vehicle Theft,Front Collision,Minor Damage,None,13,3,Unknown,0,1,YES,64592.995548880215,11466.92124052514,19186.210516508643,12580.345400177312,Toyota,2000,0
927,68,FL,1000,517.1269751811104,5000000,FEMALE,College,Protective-serv,other-relative,69588.1574368485,45461.61882307507,Vehicle Theft,Rear Collision,Total Loss,Ambulance,19,2,YES,0,3,YES,40053.471746167976,754.6238946933947,10260.885438138092,37286.57300265706,Ford,2005,1
928,62,IL,1000,1555.5496694435765,1000000,FEMALE,Masters,Other-service,wife,16457.814471350284,5087.726425050787,Parked Car,Side Collision,Total Loss,Fire,5,2,YES,1,1,NO,42629.96257597405,22906.192052741593,3534.216392030528,9158.392233881481,Toyota,2011,0
929,30,CA,2000,1955.3856645890855,1000000,MALE,College,Protective-serv,husband,75368.05155429905,2457.631436235519,Multi-vehicle Collision,Unknown,Minor Damage,None,1,2,Unknown,2,2,YES,92636.1576250256,27454.2370876496,2744.7809202273743,29463.798673180336,Saab,2009,0
930,21,IL,1000,1156.4919922223053,0,FEMALE,JD,Protective-serv,unmarried,96811.22364061166,265.7084577431024,Single Vehicle Collision,Side Collision,Total Loss,Fire,22,2,YES,0,1,NO,22170.20450123174,7134.6194182947565,10065.430382379618,20966.28957710133,Audi,2010,0
931,18,TX,500,852.4601074939292,2000000,FEMALE,High School,Priv-house-serv,unmarried,77955.28687952617,16403.48422428289,Vehicle Theft,Unknown,Minor Damage,Ambulance,7,4,YES,0,0,NO,69489.58020988367,12869.853319204934,4210.259181541374,955.0799750287138,Saab,2018,0
932,66,FL,500,1557.3065150650725,1000000,FEMALE,PhD,Protective-serv,husband,2244.9248431324677,33019.34191004443,Multi-vehicle Collision,Unknown,Total Loss,Ambulance,0,4,Unknown,0,2,NO,70875.77347128278,3663.3786409798195,8031.3088942582435,20921.4440368984,Ford,1996,1
933,57,FL,1000,1725.6922130233777,2000000,FEMALE,JD,Handlers-cleaners,own-child,59988.57880527747,36520.68764408963,Single Vehicle Collision,Unknown,Total Loss,Police,3,3,Unknown,2,1,Unknown,92283.74447177185,13705.062909386723,1588.6740135397358,4429.149921820308,Volkswagen,1998,1
934,49,FL,500,1319.6454741167709,1000000,MALE,JD,Adm-clerical,own-child,69541.06709697243,22663.084169086156,Single Vehicle Collision,Unknown,Major Damage,None,3,1,NO,1,1,YES,71459.8447413554,4000.2739093228624,17850.252650900966,26532.95673509981,Saab,2013,0
935,51,IL,500,1950.5529128842193,1000000,FEMALE,JD,Priv-house-serv,wife,82545.83257962852,34216.43252276334,Multi-vehicle Collision,Side Collision,Total Loss,None,4,1,YES,1,2,Unknown,58654.50809680831,15700.454832574564,4358.283508614135,22838.1794500721,Toyota,2000,1
936,45,TX,2000,577.5030824869416,2000000,MALE,High School,Adm-clerical,unmarried,5600.230893900016,17995.701810768172,Vehicle Theft,Front Collision,Minor Damage,Police,19,1,Unknown,1,1,NO,90300.99263212114,22038.661212966992,22701.96939376881,911.8754796722453,Mercedes,2012,0
937,48,CA,1000,1257.1933974567924,5000000,MALE,Masters,Adm-clerical,own-child,48010.78279522863,33390.310999330846,Multi-vehicle Collision,Unknown,Major Damage,None,8,2,YES,0,1,YES,82998.6369500156,16600.283244425045,6545.249288339163,8585.366768527761,Toyota,2015,0
938,25,CA,1000,1577.6809209838252,1000000,MALE,High School,Other-service,own-child,53537.087263839436,2029.7992651186703,Vehicle Theft,Rear Collision,Minor Damage,Fire,22,4,YES,1,3,Unknown,71819.25725600551,7356.587351621279,23939.297380145577,31160.889588444898,Toyota,2005,0
939,56,IL,2000,1793.9607067237685,1000000,MALE,Masters,Other-service,unmarried,16912.486264417803,19537.64922835021,Parked Car,Unknown,Major Damage,Fire,12,4,Unknown,0,0,NO,3741.5490480213602,10613.879564067154,5696.459586776032,11393.018264929835,Audi,2003,0
940,43,FL,500,768.8834178616851,2000000,FEMALE,JD,Priv-house-serv,other-relative,32244.980971064964,39542.483881658954,Multi-vehicle Collision,Side Collision,Trivial Damage,Ambulance,17,3,NO,2,2,Unknown,37665.28161491596,19157.18213116897,21640.996911038957,20221.6943459406,BMW,1997,0
941,51,NY,500,1700.005222645522,5000000,FEMALE,JD,Exec-managerial,own-child,44022.17262561652,40150.30152295007,Multi-vehicle Collision,Unknown,Total Loss,Fire,16,1,Unknown,2,3,Unknown,63373.02238408451,17692.662533679755,9992.24038875592,12823.945269162758,Chevrolet,1996,1
942,71,IL,1000,1329.060613577818,1000000,FEMALE,PhD,Other-service,husband,83320.96879578015,35807.43894378473,Vehicle Theft,Rear Collision,Trivial Damage,None,0,4,Unknown,1,1,YES,52463.927173498116,4103.243643640004,17493.59984667025,36900.31082770283,Toyota,2012,0
943,71,IL,500,1094.8305229849448,1000000,MALE,Masters,Other-service,wife,92940.7566070207,10211.93102849322,Vehicle Theft,Side Collision,Major Damage,Police,21,3,YES,0,2,YES,32272.173486535463,25348.48420698308,1159.854429652153,21694.79220244565,Toyota,2009,0
944,20,TX,2000,697.5725428686403,5000000,MALE,JD,Other-service,own-child,62842.28289176729,12360.255946531663,Multi-vehicle Collision,Unknown,Trivial Damage,Ambulance,14,1,NO,0,2,Unknown,14870.179593222763,14255.667367410462,14857.333030627724,27998.853836812825,Chevrolet,2019,0
945,67,CA,2000,1797.9436383633686,1000000,MALE,College,Adm-clerical,own-child,39494.518602146214,49804.43636322561,Single Vehicle Collision,Rear Collision,Total Loss,Police,1,2,Unknown,1,0,YES,55523.1599775477,4871.07673579179,4460.636841061897,3797.306135535765,Mercedes,2016,1
946,29,IL,1000,735.909812269573,5000000,FEMALE,PhD,Priv-house-serv,other-relative,25403.101779898596,5168.900360097994,Single Vehicle Collision,Side Collision,Minor Damage,Ambulance,15,4,YES,2,0,YES,28948.798798290194,3684.7962772418773,14589.606817470794,2093.2715075437095,Audi,2012,0
947,18,IL,2000,964.6817888136488,5000000,MALE,High School,Adm-clerical,husband,98213.51844361504,9033.13494512047,Single Vehicle Collision,Unknown,Major Damage,Ambulance,19,4,Unknown,2,2,Unknown,23683.548735995137,28966.553239353907,4240.773926584491,10739.51370515167,Volkswagen,2013,0
948,71,FL,2000,935.0682979436554,2000000,FEMALE,PhD,Handlers-cleaners,wife,98301.99980763585,6501.312782506629,Parked Car,Rear Collision,Minor Damage,Police,21,1,YES,2,0,YES,40196.34359196589,8446.053335206381,13112.673604181125,12710.804544019336,Ford,2009,0
949,61,FL,1000,1807.1210512862815,0,FEMALE,College,Adm-clerical,own-child,92497.69482350348,16382.748184180778,Parked Car,Side Collision,Minor Damage,Fire,4,2,Unknown,2,0,YES,78656.39760481972,27257.807637491278,3318.624606968651,27663.381376606125,Ford,2011,1
950,22,NY,2000,1509.0544913133472,5000000,FEMALE,Masters,Handlers-cleaners,wife,78566.91498778191,10508.791761696168,Vehicle Theft,Unknown,Minor Damage,Fire,21,2,NO,2,1,NO,49041.42348544806,12317.558963068166,6598.545532028873,22980.654857141428,Saab,2012,0
951,47,TX,2000,1695.0220957870586,2000000,FEMALE,High School,Protective-serv,unmarried,32577.954374561825,24884.397977388606,Parked Car,Side Collision,Total Loss,Fire,18,4,Unknown,1,0,YES,22040.97494461766,11577.642913595708,17852.368065115643,15295.894473931918,Audi,2012,0
952,47,NY,2000,875.7018481887485,0,MALE,High School,Protective-serv,own-child,81700.04834976306,23801.035344005995,Single Vehicle Collision,Rear Collision,Total Loss,Fire,4,1,YES,1,0,NO,12131.862656864814,21027.86908948296,29299.819116304265,26337.64062503143,Volkswagen,2005,1
953,74,FL,500,1437.3111494104983,1000000,FEMALE,Masters,Handlers-cleaners,own-child,40879.30172711726,45075.28097256516,Multi-vehicle Collision,Unknown,Major Damage,Police,1,3,Unknown,1,3,Unknown,50149.2327455926,296.4986332638431,13475.54305175916,6960.847019783342,Ford,2012,0
954,34,CA,1000,1357.6189747156232,0,MALE,PhD,Handlers-cleaners,unmarried,32677.30981550452,1736.9973722390741,Parked Car,Unknown,Trivial Damage,None,6,4,NO,2,1,NO,79539.45664301234,10142.685648911716,20615.210778285073,3007.842945180883,BMW,2017,0
955,65,FL,1000,1749.2455651824066,5000000,FEMALE,JD,Adm-clerical,other-relative,74486.53584662796,15993.978833388168,Parked Car,Unknown,Minor Damage,Ambulance,2,2,NO,2,1,Unknown,65455.393353567066,9079.371365754267,16182.740131331257,34252.95114656892,Volkswagen,1997,0
956,64,TX,1000,1859.1305907218907,5000000,MALE,PhD,Handlers-cleaners,own-child,7965.392762042289,29832.89459985451,Single Vehicle Collision,Rear Collision,Trivial Damage,Police,16,3,NO,1,2,YES,23598.813574253338,26042.94282852139,14950.738028833133,22775.872066620665,BMW,2007,0
957,40,FL,500,518.2351572160802,5000000,MALE,College,Priv-house-serv,wife,4856.272329566169,30240.08809219819,Parked Car,Front Collision,Trivial Damage,Fire,23,1,NO,1,0,YES,43952.30527610448,15873.706170623498,1941.1259051955353,26139.26330867814,Chevrolet,2008,0
958,32,TX,500,1511.0298785881891,5000000,FEMALE,JD,Protective-serv,husband,44795.36971811856,24006.311450710462,Vehicle Theft,Unknown,Minor Damage,Fire,23,2,YES,2,3,NO,85595.42115273484,10937.104716727557,4328.922068258383,12636.068904608177,Dodge,2021,0
959,54,TX,1000,577.7536986795935,5000000,FEMALE,PhD,Protective-serv,wife,44563.88008221619,40783.277040731686,Multi-vehicle Collision,Rear Collision,Total Loss,Police,2,3,Unknown,0,3,Unknown,18176.76283135747,7982.3793089915425,26491.73187697702,15192.220830639139,Toyota,1998,1
960,38,TX,500,1323.2879976160339,2000000,FEMALE,Masters,Exec-managerial,other-relative,89564.4153063835,3136.1085707229395,Single Vehicle Collision,Side Collision,Major Damage,Ambulance,12,4,NO,1,1,YES,53442.01678294826,17715.294264318873,12304.929451254098,3753.5141625425413,Mercedes,2012,0
961,31,TX,1000,931.4490935655174,5000000,MALE,College,Handlers-cleaners,husband,12615.309628781679,40774.388279006795,Vehicle Theft,Side Collision,Total Loss,Police,6,2,Unknown,2,0,NO,35945.03512170373,4550.19421630094,18429.97429754373,34351.03341817005,Toyota,1999,0
962,19,TX,500,960.1648992832118,2000000,FEMALE,College,Other-service,wife,12328.392745241279,24737.71202178518,Single Vehicle Collision,Rear Collision,Major Damage,Police,23,1,YES,2,3,NO,12855.885605537178,7386.143055263447,15846.99698144875,23901.358278117925,Saab,2008,0
963,28,CA,2000,1029.4377551785349,1000000,FEMALE,College,Other-service,wife,14745.260047490116,6688.034753850108,Vehicle Theft,Front Collision,Major Damage,None,2,2,Unknown,1,2,NO,5465.440130634374,8808.364951942493,11366.471386537045,3803.2926956076553,Ford,2019,0
964,68,NY,2000,1431.9386735744151,5000000,MALE,JD,Handlers-cleaners,unmarried,2973.6261294602605,44285.095677023884,Multi-vehicle Collision,Rear Collision,Total Loss,Police,14,4,Unknown,0,0,YES,55809.20277225663,18237.26842820823,11634.496278327933,32278.919189137523,Audi,2006,0
965,56,IL,1000,1001.0749485031538,5000000,FEMALE,High School,Priv-house-serv,other-relative,7173.173781490838,32461.438977048172,Multi-vehicle Collision,Side Collision,Minor Damage,None,17,1,NO,2,0,Unknown,2564.512937167703,11197.648770494263,16663.950177260183,18042.557095920492,Saab,2019,0
966,55,NY,500,1599.0485758854206,0,MALE,JD,Other-service,unmarried,65986.98668290391,8177.284341206964,Vehicle Theft,Side Collision,Total Loss,Ambulance,9,4,NO,1,0,YES,10792.888610947024,15173.499003601484,4234.254044272308,30721.50333171552,Volkswagen,2001,0
967,51,TX,500,1106.7910783608045,1000000,FEMALE,PhD,Exec-managerial,husband,43158.43291175092,1682.4861699513306,Vehicle Theft,Unknown,Minor Damage,Police,22,3,YES,2,3,YES,35082.64597559325,19513.1479129976,11617.77120763302,998.4845525213461,Audi,2006,0
968,55,CA,2000,602.5298004649379,5000000,MALE,High School,Handlers-cleaners,unmarried,76360.30670880136,7055.482416632463,Vehicle Theft,Front Collision,Total Loss,Police,6,2,Unknown,2,1,Unknown,4830.258442898393,28688.148024230617,13409.267082082173,1635.2180303988443,Audi,2002,0
969,67,FL,2000,1675.639763726161,5000000,MALE,PhD,Priv-house-serv,other-relative,99259.77185816603,30439.89800901968,Vehicle Theft,Rear Collision,Major Damage,Fire,8,4,YES,2,1,NO,40344.30003196254,22945.12191308257,29553.786710283726,7245.926871894714,Volkswagen,2023,0
970,51,CA,500,928.637486889059,1000000,FEMALE,High School,Priv-house-serv,own-child,65903.46810990013,8964.811763002423,Vehicle Theft,Side Collision,Total Loss,Police,4,3,YES,2,2,YES,13471.319905600654,12157.70341716323,10543.643078571531,8831.203967556854,Chevrolet,2015,0
971,35,TX,500,1149.150319398894,2000000,MALE,JD,Adm-clerical,own-child,5045.5570620123735,11288.153743751405,Vehicle Theft,Side Collision,Trivial Damage,Fire,19,1,YES,0,3,NO,35312.37252466532,22448.261231917702,19337.36687642607,30676.24344725044,Toyota,2015,0
972,47,CA,500,1528.1658248328522,5000000,FEMALE,College,Priv-house-serv,husband,10456.286475434152,1256.986287815709,Multi-vehicle Collision,Side Collision,Total Loss,Fire,7,1,NO,1,0,NO,79220.38886546179,28490.825427576376,4122.464994794045,28414.419478655625,Saab,2022,1
973,32,CA,500,998.684235723068,0,FEMALE,Masters,Other-service,own-child,88100.40848147079,36146.53361193018,Vehicle Theft,Rear Collision,Major Damage,Fire,13,3,NO,1,2,Unknown,62823.25227542747,14981.416369623745,1964.4414549065737,24835.480705628215,Toyota,1997,0
974,44,TX,500,584.8784842200735,5000000,MALE,College,Other-service,unmarried,52749.594455826154,40518.219987971854,Parked Car,Rear Collision,Total Loss,Ambulance,3,3,Unknown,1,2,Unknown,44817.40723985716,12314.907993686691,26146.26042003691,35451.92641109188,BMW,2016,1
975,68,CA,500,1060.8815705192205,0,FEMALE,JD,Handlers-cleaners,husband,82483.715939574,39842.408838606156,Multi-vehicle Collision,Front Collision,Trivial Damage,None,19,1,Unknown,1,1,Unknown,9637.41413158846,2340.5609700220966,21922.047072170593,10262.376954426469,Ford,1995,0
976,51,IL,1000,1916.672874041455,0,MALE,High School,Handlers-cleaners,other-relative,85661.23362249261,6378.407568214212,Single Vehicle Collision,Unknown,Major Damage,Fire,13,4,Unknown,1,0,NO,62105.39110181594,26771.111119525867,9524.97862783707,36223.99370422571,Saab,1997,0
977,69,IL,500,1462.6015959478373,5000000,MALE,College,Priv-house-serv,husband,92767.45414995193,45165.05636943797,Multi-vehicle Collision,Unknown,Minor Damage,Police,11,3,NO,0,0,NO,16789.11042465051,7393.028423809667,15137.340086916869,36424.107235974705,Volkswagen,2005,0
978,74,CA,2000,1507.2187230008103,5000000,MALE,JD,Exec-managerial,husband,94982.92054863657,33613.941473704,Single Vehicle Collision,Unknown,Trivial Damage,Police,1,4,NO,2,3,YES,8120.3412142306815,1918.7369045741864,4072.3255335551567,17653.260527381128,Saab,2012,0
979,55,FL,1000,1448.4232304564598,0,MALE,PhD,Protective-serv,wife,55482.57965033062,44876.431118843226,Single Vehicle Collision,Side Collision,Total Loss,Fire,12,1,YES,2,3,NO,66567.60373723098,16116.104597732492,21214.808819425805,4228.25491659667,Saab,2001,1
980,50,TX,500,798.4882084391552,1000000,MALE,Masters,Adm-clerical,wife,34102.017225603384,22358.02522653318,Parked Car,Unknown,Minor Damage,Fire,0,4,NO,1,3,Unknown,91249.95983319025,25376.989378845752,2109.917762623169,29199.11637348624,Dodge,2003,0
981,41,IL,2000,1127.5007961534202,1000000,MALE,College,Protective-serv,husband,96186.48743479986,21847.743054184888,Vehicle Theft,Side Collision,Total Loss,Police,19,4,YES,2,2,Unknown,46329.04695866697,12199.051668691574,22710.99170823606,13808.682569559627,Volkswagen,1998,0
982,32,FL,1000,1626.4096975449775,5000000,MALE,High School,Priv-house-serv,own-child,54740.640600122526,39226.82593424476,Vehicle Theft,Front Collision,Major Damage,Fire,6,3,YES,2,0,Unknown,4579.093105507345,23492.024104770488,16405.095308099597,31899.715938750862,Volkswagen,2017,0
983,47,CA,2000,652.0593463297387,2000000,MALE,PhD,Priv-house-serv,wife,6425.2722954611045,4664.892773837176,Multi-vehicle Collision,Side Collision,Total Loss,None,8,4,NO,2,1,Unknown,88089.62288314482,25091.880218519873,8365.515902602943,6965.766214200224,Toyota,2018,1
984,72,FL,500,916.7791641345684,1000000,FEMALE,JD,Protective-serv,other-relative,64277.655005986504,26043.701831744285,Vehicle Theft,Front Collision,Total Loss,None,16,4,YES,1,2,NO,7163.889729295622,13632.106764595912,25877.230621843704,21810.84698618743,Ford,2004,0
985,59,NY,500,914.4786626987805,5000000,FEMALE,Masters,Adm-clerical,unmarried,58768.47503950108,41819.21178156128,Parked Car,Front Collision,Major Damage,Ambulance,20,4,YES,1,2,Unknown,86817.56764880792,17728.65197821421,29582.15611016563,20568.91234756933,Volkswagen,2012,0
986,68,IL,500,1148.028391391759,1000000,MALE,High School,Protective-serv,wife,89579.2872894706,41509.62815347857,Multi-vehicle Collision,Unknown,Major Damage,Fire,22,1,Unknown,0,1,YES,39486.02763568164,16017.368956168202,7630.47303592914,4462.422377499734,Mercedes,2017,0
987,34,CA,500,1970.5531114132775,2000000,FEMALE,JD,Handlers-cleaners,husband,65318.718915781246,47806.64281711845,Multi-vehicle Collision,Unknown,Total Loss,Ambulance,12,1,YES,1,1,NO,36856.75659299742,28175.875849035045,24187.384487577976,14851.646614070009,Volkswagen,2010,0
988,22,TX,1000,601.2538200257329,5000000,FEMALE,JD,Other-service,own-child,34905.242446155135,34913.62967652732,Multi-vehicle Collision,Side Collision,Minor Damage,Ambulance,22,2,NO,0,3,Unknown,54508.33925591695,21765.17055275284,22504.98949129372,3847.8348811457577,Mercedes,2023,0
989,46,CA,1000,1278.0514915708925,2000000,FEMALE,College,Exec-managerial,unmarried,96622.57257058204,10388.531471986418,Vehicle Theft,Rear Collision,Minor Damage,Ambulance,9,1,NO,1,1,YES,95729.93933569978,27760.28432310339,22415.703633170084,18857.242225733775,Ford,2006,0
990,21,TX,2000,769.0470230183157,5000000,FEMALE,College,Handlers-cleaners,wife,80161.94859820337,1014.015744729041,Vehicle Theft,Unknown,Major Damage,Fire,15,1,YES,2,1,Unknown,89924.68423605483,6600.299341859156,28717.068344520816,33794.73006524482,Chevrolet,2013,0
991,27,CA,500,1956.0148181146162,2000000,FEMALE,High School,Other-service,own-child,63041.76183813543,23970.789931355095,Vehicle Theft,Unknown,Major Damage,Ambulance,5,2,Unknown,0,1,NO,47297.84378632434,9307.105554980115,14598.512769059771,11173.088150513202,Saab,2018,0
992,73,FL,2000,669.9552570911962,1000000,FEMALE,JD,Exec-managerial,own-child,29292.52034031229,25685.193281127777,Multi-vehicle Collision,Rear Collision,Minor Damage,None,15,2,NO,0,1,NO,69734.41148686994,2127.404195402031,20225.04121669964,30712.04849390378,Ford,2016,0
993,34,FL,1000,1105.4015035423868,1000000,MALE,College,Exec-managerial,own-child,37354.029631429556,12013.129224946573,Multi-vehicle Collision,Rear Collision,Total Loss,Ambulance,10,3,NO,0,3,YES,58252.71060816953,14997.23870087423,24716.320908774123,7745.382916692026,Toyota,1997,1
994,27,FL,500,1606.8274772519094,2000000,FEMALE,Masters,Exec-managerial,husband,66996.99240966566,6234.87235618016,Single Vehicle Collision,Unknown,Minor Damage,None,19,3,Unknown,1,2,NO,69499.42711678515,26217.710381577323,14386.093351290792,27112.52963588073,Saab,2002,0
995,34,NY,500,1556.831642041168,2000000,FEMALE,Masters,Priv-house-serv,other-relative,7198.081846332172,29310.40830952545,Single Vehicle Collision,Rear Collision,Major Damage,None,2,1,YES,0,0,YES,83018.08227617865,9805.40091392147,14442.936084360177,36663.72729725276,Mercedes,2021,1
996,37,TX,1000,1134.0929553408982,2000000,FEMALE,JD,Exec-managerial,own-child,25668.059165026345,38212.78370120707,Vehicle Theft,Side Collision,Minor Damage,Fire,8,4,NO,1,0,Unknown,3932.1359724250897,3848.4632084799455,9559.64262202054,13295.159221847907,Audi,2023,0
997,41,FL,1000,1019.7862519290774,5000000,FEMALE,College,Adm-clerical,unmarried,71390.0933396598,49657.705179508026,Multi-vehicle Collision,Front Collision,Minor Damage,Ambulance,14,3,YES,0,2,NO,32913.10546582581,2053.3876478715897,23424.771384814023,36066.25970450042,Ford,2013,0
998,22,NY,1000,1096.4185678293059,1000000,MALE,High School,Protective-serv,wife,48001.85098446209,37915.130860525926,Vehicle Theft,Front Collision,Minor Damage,Fire,12,3,YES,1,0,Unknown,95953.24626926979,13425.008175709636,20585.873390566696,20464.126597792583,Toyota,2003,0
999,51,TX,1000,896.4143947379589,5000000,MALE,High School,Adm-clerical,unmarried,40239.356481443014,39681.62071277905,Vehicle Theft,Unknown,Total Loss,None,9,1,YES,0,0,Unknown,94958.96269822995,4920.652338862898,13534.196985031498,13013.80276004347,Mercedes,2021,1
1000,23,CA,1000,807.9994080601997,1000000,MALE,High School,Protective-serv,husband,15145.76224004145,30823.043911439872,Single Vehicle Collision,Unknown,Total Loss,Police,19,4,YES,2,2,NO,1616.47855275752,10383.120866553105,12580.099721962102,35912.07528690549,Toyota,2013,0
