claim_id,months_as_customer,age,policy_state,policy_csl,policy_deductable,policy_annual_premium,umbrella_limit,insured_sex,insured_education_level,insured_occupation,insured_hobbies,insured_relationship,capital-gains,capital-loss,incident_type,collision_type,incident_severity,authorities_contacted,incident_state,incident_city,incident_hour_of_the_day,number_of_vehicles_involved,property_damage,bodily_injuries,witnesses,police_report_available,total_claim_amount,injury_claim,property_claim,vehicle_claim,auto_make,auto_year,fraud
1,102,48,FL,250/500,2000,1160.561334537816,0,FEMALE,High School,Craft-repair,Chess,unmarried,87199.23739971334,73897.6595938536,Parked Car,Side Collision,Total Loss,Fire,VA,Springfield,10,3,NO,3,1,NO,68274.18030808638,794.4023415912993,17613.48643255402,72400.86107849672,Volkswagen,2023,1
2,435,41,IL,100/300,1000,1323.1697888945175,0,MALE,College,Adm-clerical,Exercise,own-child,25066.20347114671,25165.281560830586,Vehicle Theft,Rear Collision,Total Loss,None,WV,Springfield,11,3,YES,3,3,YES,78856.52569076749,21881.32733624111,497.32415056764626,55291.824055714875,Chevrolet,1997,0
3,348,52,TX,100/300,500,1694.4285244142015,1000000,FEMALE,High School,Craft-repair,Movies,not-in-family,85817.83863106291,89676.00477056256,Vehicle Theft,Unknown,Minor Damage,Fire,OH,Columbus,21,2,NO,0,0,Unknown,104413.72427385436,11575.506276121063,12262.988589465838,18304.271903756067,Chevrolet,2013,0
4,270,61,CA,100/300,1000,1374.6015266332156,1000000,FEMALE,Masters,Adm-clerical,Camping,wife,49763.82118376918,56142.16779983453,Single Vehicle Collision,Front Collision,Total Loss,Police,OH,Riverwood,2,2,NO,1,3,YES,121954.54825518388,18339.23296177769,5604.904056983777,10014.928971165287,Toyota,2009,1
5,106,62,NY,250/500,2000,1940.327108574237,0,MALE,PhD,Exec-managerial,Reading,other-relative,59493.02374008253,53783.1711172414,Vehicle Theft,Rear Collision,Minor Damage,Police,NY,Columbus,23,3,YES,2,3,NO,99087.98228555472,9286.142162650132,29013.555255379044,77404.98276330146,BMW,2016,0
6,71,51,IL,100/300,1000,1490.5037457711915,1000000,FEMALE,JD,Exec-managerial,Chess,husband,84060.06225041451,26475.223506620958,Multi-vehicle Collision,Rear Collision,Major Damage,Ambulance,PA,Springfield,8,2,YES,0,1,NO,146635.0530865689,4773.151174579472,17481.87477750931,21198.39847830147,Saab,2007,0
7,188,20,CA,250/500,1000,1284.0641811014016,2000000,MALE,College,Prof-specialty,Exercise,wife,2958.2844545237517,83509.43401299257,Multi-vehicle Collision,Side Collision,Total Loss,None,VA,Northbrook,13,4,Unknown,3,2,YES,123063.47687584328,21705.375542678474,26042.864064909678,1905.410517907044,Audi,2011,1
8,20,54,CA,100/300,500,535.3879516711938,0,MALE,JD,Craft-repair,Exercise,other-relative,36294.25921756457,57274.955087150134,Single Vehicle Collision,Front Collision,Minor Damage,Ambulance,PA,Springfield,6,3,YES,2,3,YES,116685.45058887734,27138.611408102603,5870.699603088361,57896.89952306726,Ford,2015,0
9,102,60,IL,100/300,1000,1120.5993463704947,0,MALE,High School,Adm-clerical,Movies,husband,81569.33772444657,15551.654790522596,Multi-vehicle Collision,Front Collision,Total Loss,Ambulance,OH,Northbrook,10,2,NO,3,3,NO,126842.6860576633,5507.473311001048,24300.470979713635,13844.391154801731,Mercedes,2019,1
10,121,57,NY,250/500,1000,948.8726288902407,0,FEMALE,High School,Machine-op-inspct,Exercise,unmarried,81395.47838017231,20629.82372447626,Vehicle Theft,Front Collision,Minor Damage,Ambulance,OH,Columbus,9,3,YES,0,3,NO,42541.03484594019,27621.090036108017,12443.473839156999,89188.18679683532,Ford,2019,0
11,466,43,NY,100/300,1000,1622.158501831234,0,MALE,PhD,Machine-op-inspct,Chess,not-in-family,84868.79268829328,46825.59088206436,Vehicle Theft,Unknown,Minor Damage,None,VA,Columbus,2,1,YES,1,1,YES,65091.04951528291,4205.463276136313,5330.840665482073,78288.80177337312,Volkswagen,2002,0
12,214,72,FL,500/1000,500,812.4165127303187,0,MALE,College,Prof-specialty,Chess,husband,16921.590013949128,77964.18224163886,Multi-vehicle Collision,Unknown,Major Damage,Police,WV,Columbus,18,4,Unknown,2,3,Unknown,84887.20629999132,22069.856476485937,22837.356071646984,54799.27076750947,BMW,2016,0
13,330,40,TX,250/500,2000,807.8301309411077,5000000,FEMALE,College,Craft-repair,Exercise,wife,70588.661822796,93929.52736169602,Parked Car,Side Collision,Trivial Damage,Police,VA,Northbrook,1,3,YES,0,0,Unknown,69626.7546071815,28783.35474537018,22860.33292845843,75064.52127050806,Volkswagen,2008,0
14,458,61,IL,250/500,2000,784.2785648560653,1000000,MALE,PhD,Machine-op-inspct,Chess,own-child,14650.334050541858,66349.86303769468,Vehicle Theft,Rear Collision,Minor Damage,Ambulance,VA,Columbus,16,1,NO,0,1,Unknown,127194.94382449992,4421.126452687131,29876.63720592183,42401.159499105794,Ford,2003,0
15,87,56,IL,250/500,1000,688.423419734354,1000000,FEMALE,High School,Prof-specialty,Chess,husband,78509.80089510253,50614.32495582981,Multi-vehicle Collision,Unknown,Major Damage,Fire,NY,Riverwood,1,3,NO,2,0,NO,4546.743393045186,13052.701402660601,23428.11785394492,70984.91337717292,Chevrolet,1997,0
16,372,32,IL,500/1000,500,966.5105055063311,5000000,FEMALE,High School,Prof-specialty,Reading,own-child,24512.60044545075,25073.197751202468,Vehicle Theft,Front Collision,Total Loss,Police,WV,Springfield,20,1,NO,1,1,Unknown,31771.72487630672,10123.724470751984,4358.017437813836,58223.36636050389,Dodge,2023,0
17,99,73,NY,250/500,1000,1828.8831716651375,2000000,MALE,High School,Craft-repair,Camping,own-child,73781.7727586946,67286.79604557496,Vehicle Theft,Rear Collision,Total Loss,Police,PA,Riverwood,15,2,YES,3,3,Unknown,132315.1278797773,11654.332505522943,9676.342253571847,2675.1538524720686,Mercedes,2003,1
18,359,66,TX,100/300,2000,1662.3927084589325,0,FEMALE,JD,Machine-op-inspct,Chess,husband,45500.161852797246,98223.97558535074,Single Vehicle Collision,Rear Collision,Total Loss,None,WV,Northbrook,16,1,YES,2,3,YES,9335.470582706597,22594.192173953295,13551.80751873438,85393.31431300053,Audi,2018,0
19,151,21,FL,100/300,500,1602.8768244601902,0,FEMALE,Masters,Machine-op-inspct,Chess,unmarried,98626.34645527723,47622.2475539235,Multi-vehicle Collision,Rear Collision,Minor Damage,Police,VA,Columbus,9,4,NO,0,0,YES,34434.75138951531,19835.66797666678,3799.5841712938527,77496.67007988217,Saab,2006,0
20,130,46,CA,100/300,2000,1696.005208474944,1000000,MALE,High School,Machine-op-inspct,Movies,husband,57989.38307492809,16214.18788898954,Vehicle Theft,Side Collision,Minor Damage,Police,VA,Springfield,3,4,YES,2,0,Unknown,53011.924391284694,29060.608933884578,23641.16923343442,85811.32441433065,Mercedes,2009,0
21,149,39,CA,250/500,2000,904.1268339943575,0,MALE,Masters,Exec-managerial,Camping,other-relative,63257.936422028615,10334.058145417857,Parked Car,Unknown,Minor Damage,Ambulance,VA,Columbus,10,2,Unknown,2,1,NO,112735.7138413478,5564.385100692668,15800.956137377594,65849.79751701733,BMW,2011,1
22,308,42,IL,100/300,500,1831.1625361287317,0,MALE,Masters,Machine-op-inspct,Camping,not-in-family,36816.35138512874,26925.618259898143,Multi-vehicle Collision,Unknown,Minor Damage,Ambulance,VA,Columbus,16,3,Unknown,1,1,Unknown,84247.01407694383,16297.826079776403,28333.487072872605,37144.27685737983,BMW,2003,0
23,257,30,TX,250/500,500,705.9550627124066,0,MALE,College,Adm-clerical,Camping,own-child,73452.01578474331,56944.20190212435,Parked Car,Rear Collision,Minor Damage,None,VA,Springfield,23,4,Unknown,1,2,YES,143213.40306565948,13473.784362570803,17679.24433577461,18707.97157343677,Saab,2018,0
24,343,35,NY,100/300,1000,1004.5185900733729,2000000,FEMALE,PhD,Exec-managerial,Exercise,not-in-family,49488.5641104835,94680.53010913289,Multi-vehicle Collision,Side Collision,Total Loss,None,WV,Springfield,11,2,Unknown,3,2,YES,34567.31475340953,27565.68326777249,15686.972512147617,16281.671646171624,Volkswagen,2002,0
25,491,50,TX,500/1000,1000,1380.1221784510144,0,MALE,JD,Exec-managerial,Reading,wife,1806.6635095864146,29916.508306414667,Parked Car,Side Collision,Total Loss,Fire,VA,Riverwood,20,4,NO,2,2,YES,130882.00054581506,318.5769743087985,2142.75458798593,13127.970730060668,Chevrolet,2000,0
26,413,33,TX,500/1000,2000,654.3576325130009,1000000,MALE,Masters,Exec-managerial,Reading,own-child,60858.15978756452,30539.117137160443,Parked Car,Unknown,Major Damage,Police,OH,Riverwood,9,2,YES,1,3,Unknown,42795.566717512695,29675.112023012825,4480.377148337333,19932.806873472444,Toyota,2003,0
27,293,62,NY,500/1000,500,1595.1952816646374,0,MALE,JD,Exec-managerial,Movies,wife,83045.95904293614,48117.96591121924,Multi-vehicle Collision,Unknown,Total Loss,Ambulance,OH,Riverwood,15,4,Unknown,1,0,NO,37201.98973942075,14392.029431175863,25485.782302924534,49602.17759993084,Audi,2009,0
28,385,59,IL,500/1000,500,1080.8690723052123,0,FEMALE,College,Prof-specialty,Camping,other-relative,23680.177006045065,91854.23350991888,Single Vehicle Collision,Side Collision,Minor Damage,Ambulance,NY,Riverwood,3,2,NO,0,0,Unknown,75007.09211585294,18766.189417007925,29720.279334774248,61568.681189576906,Mercedes,2018,0
29,191,61,TX,250/500,1000,1676.6084984126,0,FEMALE,High School,Adm-clerical,Camping,other-relative,22106.37550851846,41905.50505890892,Single Vehicle Collision,Front Collision,Minor Damage,Police,PA,Riverwood,2,4,Unknown,1,2,YES,11145.073535845806,10801.576674171465,12455.374076948085,28333.684835362514,Toyota,2012,0
30,443,19,CA,100/300,2000,1239.344428376904,2000000,FEMALE,Masters,Craft-repair,Chess,not-in-family,60888.61831192704,22322.939186093317,Multi-vehicle Collision,Side Collision,Major Damage,None,OH,Northbrook,8,3,YES,2,2,YES,57953.89844249583,25575.800090864966,24302.58251174787,49432.35255875693,Saab,2016,0
31,276,72,NY,500/1000,2000,771.3117866380046,0,FEMALE,PhD,Machine-op-inspct,Exercise,other-relative,81797.92764254939,16313.091498177135,Vehicle Theft,Front Collision,Minor Damage,Ambulance,NY,Northbrook,5,1,Unknown,2,1,YES,53673.55723240668,16859.63835355148,18827.572989919554,30778.61408490113,Dodge,2022,0
32,160,52,FL,250/500,1000,1602.1427170330164,1000000,FEMALE,College,Exec-managerial,Exercise,husband,24962.033784357583,45701.53692724816,Multi-vehicle Collision,Unknown,Major Damage,None,WV,Columbus,11,4,Unknown,0,2,YES,24435.182577415144,19884.328087492944,28771.77821015141,62716.246633292234,Chevrolet,2005,0
33,459,59,IL,500/1000,500,878.2159337584153,0,MALE,JD,Craft-repair,Movies,own-child,93226.26512430391,80067.74357301496,Multi-vehicle Collision,Side Collision,Total Loss,Ambulance,PA,Columbus,0,2,Unknown,0,0,Unknown,129188.82936859912,19467.141241820293,7144.117063322798,88964.91120679058,Dodge,2018,1
34,313,51,NY,500/1000,1000,1236.2154519020642,0,FEMALE,High School,Prof-specialty,Reading,wife,92738.7356681549,29135.24047243896,Vehicle Theft,Side Collision,Trivial Damage,Ambulance,VA,Riverwood,13,3,Unknown,0,1,Unknown,58190.5017345528,10919.464196931976,16345.072290238291,62042.62545762123,Volkswagen,2008,0
35,21,47,FL,250/500,1000,613.2999037353615,0,FEMALE,JD,Craft-repair,Camping,not-in-family,20053.667190793334,51252.26392306429,Multi-vehicle Collision,Side Collision,Total Loss,Fire,VA,Columbus,23,4,YES,2,2,NO,147297.06683729554,2279.729874198475,12263.874550277867,5406.848857705035,Toyota,2007,1
36,252,72,FL,250/500,1000,1426.799981618055,0,FEMALE,PhD,Exec-managerial,Movies,not-in-family,26378.441205681567,60300.827242254905,Multi-vehicle Collision,Side Collision,Minor Damage,Ambulance,WV,Northbrook,9,2,NO,2,3,YES,135006.33838114724,24231.186782821504,16251.479278290457,43003.422709275634,Dodge,2007,0
37,235,30,TX,100/300,1000,1498.786649324416,0,MALE,Masters,Adm-clerical,Exercise,other-relative,70059.88109481614,45047.041165789735,Vehicle Theft,Rear Collision,Total Loss,Police,PA,Northbrook,17,1,Unknown,3,2,Unknown,29624.199585703856,8691.477575529525,8065.742502565656,69357.83558784431,Toyota,2016,0
38,344,30,TX,100/300,500,1068.0113149591753,0,MALE,PhD,Craft-repair,Exercise,other-relative,95173.3109024426,19169.02413532894,Vehicle Theft,Rear Collision,Total Loss,Police,OH,Columbus,12,2,NO,1,3,Unknown,76015.7647645218,25467.906854331133,14932.38488147232,48847.52040219705,Mercedes,2007,0
39,48,35,TX,500/1000,1000,1931.6341704816107,1000000,FEMALE,JD,Exec-managerial,Exercise,wife,70988.26887763146,92174.56779348553,Single Vehicle Collision,Unknown,Total Loss,Police,PA,Riverwood,8,4,YES,0,2,YES,90469.71868579966,18259.29026372479,18744.124401742953,85600.56637208853,Dodge,2021,0
40,474,49,NY,500/1000,500,1811.2533822231026,0,MALE,JD,Exec-managerial,Camping,own-child,44490.0049820538,56544.9235234484,Parked Car,Unknown,Total Loss,None,NY,Northbrook,22,2,YES,1,1,Unknown,122934.59519007136,10611.11874292434,2436.4765199847625,5023.973960458588,Toyota,2019,1
41,58,49,NY,100/300,1000,1561.911373609992,0,FEMALE,PhD,Machine-op-inspct,Camping,own-child,16900.13464265031,72913.43839138855,Parked Car,Side Collision,Minor Damage,Ambulance,WV,Springfield,18,2,Unknown,1,3,YES,132903.59107288352,17827.41446920868,22289.617644228696,26274.883342281457,Ford,2010,0
42,169,52,IL,100/300,2000,1570.478111740614,1000000,MALE,PhD,Machine-op-inspct,Camping,not-in-family,46100.98488396211,63604.30054379329,Single Vehicle Collision,Rear Collision,Total Loss,None,OH,Springfield,3,1,NO,3,3,NO,93790.69416274574,19364.78077084313,21195.68889481252,19942.557876816994,Audi,2006,1
43,475,56,TX,250/500,500,878.6025724132269,0,MALE,PhD,Adm-clerical,Chess,wife,60676.77919705544,99804.80217275737,Single Vehicle Collision,Unknown,Trivial Damage,Fire,PA,Columbus,2,4,Unknown,2,1,YES,5752.563369761199,21200.50223276017,26413.728043544557,69109.23593854663,Volkswagen,2015,0
44,187,63,FL,100/300,2000,1485.2228466326735,0,FEMALE,High School,Machine-op-inspct,Reading,not-in-family,33095.19189566503,45631.013443865595,Parked Car,Front Collision,Trivial Damage,Ambulance,PA,Riverwood,5,4,YES,1,3,YES,72450.82920296033,24670.14403521214,12775.696554297767,47188.996856712205,BMW,2018,0
45,463,69,CA,100/300,1000,797.3093978532795,0,MALE,JD,Adm-clerical,Exercise,unmarried,51025.782120008975,42497.237329909345,Single Vehicle Collision,Rear Collision,Total Loss,Police,OH,Columbus,8,1,Unknown,0,1,Unknown,132778.12865985668,4792.648266539541,1850.073978441532,12537.14460063522,Chevrolet,2020,1
46,270,46,IL,500/1000,1000,716.0048358797332,0,FEMALE,College,Prof-specialty,Exercise,own-child,13021.412832870594,36013.986609000625,Multi-vehicle Collision,Rear Collision,Minor Damage,Fire,NY,Riverwood,9,3,Unknown,0,2,NO,107256.39558036685,28324.3315430585,13843.833870650607,25774.834385182377,Dodge,2012,0
47,189,66,NY,100/300,1000,1999.2018413038702,0,FEMALE,High School,Prof-specialty,Chess,wife,45218.81045125864,36162.84593402626,Single Vehicle Collision,Rear Collision,Minor Damage,Fire,NY,Riverwood,8,2,NO,2,1,NO,130586.22024071394,12325.218432825326,4128.275161858843,47087.0731373741,BMW,2006,0
48,445,46,IL,500/1000,500,1433.5638972097613,5000000,FEMALE,High School,Machine-op-inspct,Exercise,wife,9077.581892955399,27577.021071723673,Single Vehicle Collision,Side Collision,Major Damage,Ambulance,PA,Springfield,16,2,YES,2,1,Unknown,101274.92856354474,25813.50895129132,19423.40440565453,89651.99541470307,Audi,1999,0
49,174,70,IL,100/300,2000,1146.4818089857858,0,MALE,High School,Prof-specialty,Exercise,not-in-family,4908.87499489906,98063.0125146547,Single Vehicle Collision,Front Collision,Major Damage,Police,VA,Northbrook,9,2,Unknown,2,1,NO,7083.233967338412,6614.387861033555,1413.945723939175,32849.88293164193,Ford,2011,0
50,445,61,IL,250/500,500,932.246784325927,0,MALE,College,Craft-repair,Camping,other-relative,85723.99155993272,87078.20343019119,Single Vehicle Collision,Side Collision,Trivial Damage,None,OH,Northbrook,5,4,Unknown,0,1,NO,145216.9951028883,870.8691661414437,11219.892186830853,14198.66615083861,Toyota,2015,1
51,50,74,IL,100/300,500,1405.880665493341,0,FEMALE,PhD,Craft-repair,Camping,wife,20508.158414607493,31667.300495721618,Parked Car,Unknown,Total Loss,Ambulance,NY,Columbus,15,4,Unknown,2,0,YES,137743.77181516695,17200.32130868552,2485.286954624861,44786.28066867006,Toyota,2017,1
52,363,33,CA,100/300,1000,574.3902623301292,2000000,FEMALE,JD,Craft-repair,Reading,not-in-family,57515.53291279333,30522.90446498356,Vehicle Theft,Front Collision,Major Damage,Police,NY,Columbus,16,2,NO,3,3,Unknown,19423.64121693718,9739.988372173168,100.99302214809924,27985.75531325261,Toyota,1995,0
53,54,73,TX,100/300,2000,642.0214857571925,0,MALE,Masters,Prof-specialty,Exercise,husband,14898.275840999242,10353.39871850548,Parked Car,Side Collision,Major Damage,Fire,NY,Riverwood,10,4,YES,3,2,NO,17347.329443140447,29533.86014843848,28816.716717047755,50980.41746218647,Audi,2007,0
54,243,61,FL,500/1000,1000,549.2850466105945,1000000,FEMALE,Masters,Craft-repair,Movies,other-relative,26252.757090929135,87703.08605094929,Parked Car,Rear Collision,Total Loss,Ambulance,WV,Northbrook,19,1,Unknown,0,1,NO,81092.2358213145,3133.6036414614878,29883.820440788408,42057.25622039181,Mercedes,2004,1
55,319,64,IL,250/500,500,1248.7547498939925,2000000,MALE,JD,Adm-clerical,Exercise,other-relative,36133.94197694844,37176.60508266061,Vehicle Theft,Front Collision,Major Damage,Fire,VA,Riverwood,6,1,Unknown,3,0,NO,113679.09976625405,1419.0859801056522,16665.088545954393,62085.1439619558,Volkswagen,1997,0
56,130,74,IL,100/300,1000,1400.9099437807738,2000000,MALE,College,Exec-managerial,Exercise,own-child,14367.643635477023,57261.53921451278,Parked Car,Rear Collision,Minor Damage,Police,NY,Springfield,3,4,Unknown,1,0,YES,57634.89518476893,1350.5345565939974,7168.675498364517,82294.73472718972,Mercedes,2000,0
57,484,27,IL,500/1000,2000,593.7196420367313,1000000,MALE,Masters,Machine-op-inspct,Reading,unmarried,4596.229701111032,90037.77288809311,Multi-vehicle Collision,Unknown,Total Loss,None,VA,Springfield,9,2,YES,2,2,YES,20889.13344971469,6506.210856713836,27332.971104259723,18126.240134110718,Saab,2010,0
58,306,47,TX,250/500,1000,1581.8367012483748,0,FEMALE,High School,Adm-clerical,Movies,own-child,87715.9802018011,40810.06484742057,Vehicle Theft,Front Collision,Trivial Damage,None,PA,Riverwood,20,2,NO,3,3,Unknown,76828.13676781251,17375.733490960152,27691.0979122832,73924.08832611899,BMW,2022,0
59,134,42,NY,500/1000,2000,845.5926072718466,1000000,FEMALE,Masters,Craft-repair,Exercise,husband,1183.283587977213,80686.80434228417,Multi-vehicle Collision,Unknown,Minor Damage,Fire,PA,Riverwood,13,2,NO,2,2,Unknown,50966.13736473639,15166.901209340751,25635.26673512118,85438.98782781333,Mercedes,1995,0
60,20,56,NY,500/1000,2000,1527.802180654799,0,MALE,JD,Exec-managerial,Movies,not-in-family,6132.098283506782,43028.56262487571,Parked Car,Unknown,Major Damage,Fire,WV,Riverwood,16,2,Unknown,3,1,YES,53089.90735492304,10502.274145006844,16331.099537021462,33687.5103684648,Ford,2013,0
61,328,37,CA,250/500,1000,1972.8457100528685,1000000,FEMALE,High School,Machine-op-inspct,Camping,other-relative,80507.21608281025,70094.09390177527,Parked Car,Unknown,Total Loss,Fire,VA,Riverwood,13,4,Unknown,2,3,Unknown,96925.33775763714,2663.793222507278,2241.064826880823,10318.276783643223,Saab,2002,1
62,166,22,NY,100/300,500,1536.6588050807768,0,FEMALE,Masters,Adm-clerical,Camping,other-relative,28200.833677305603,43118.44071921811,Vehicle Theft,Front Collision,Major Damage,Ambulance,OH,Riverwood,19,3,NO,0,3,Unknown,132898.41083481084,7012.112843829565,2653.1678261039347,73989.81425338198,Toyota,2003,0
63,273,18,IL,500/1000,1000,1824.7895793854127,1000000,MALE,JD,Machine-op-inspct,Movies,wife,72282.03011146974,39275.91345546926,Parked Car,Unknown,Total Loss,Police,WV,Springfield,22,3,NO,1,2,Unknown,84009.46376291882,5524.411943541506,26898.593631379656,63128.51326849768,Saab,2017,1
64,387,47,IL,500/1000,500,1922.297760114601,0,MALE,College,Prof-specialty,Exercise,unmarried,14622.574921791376,99070.9239561908,Single Vehicle Collision,Side Collision,Trivial Damage,Fire,NY,Springfield,12,2,NO,2,2,YES,103296.57536903053,22370.00511468145,26274.80542371688,19222.82721458125,Volkswagen,2014,0
65,88,66,IL,100/300,500,1230.1265725284734,0,FEMALE,JD,Craft-repair,Movies,unmarried,23728.174859671937,61234.9842003575,Multi-vehicle Collision,Side Collision,Major Damage,Fire,PA,Springfield,1,2,Unknown,1,3,YES,99162.0752324256,23398.391490039423,13031.91747543653,40125.601027111254,Ford,2017,0
66,315,20,CA,100/300,1000,1553.4874691295602,5000000,MALE,College,Adm-clerical,Movies,wife,57277.651659699346,36739.11816229792,Multi-vehicle Collision,Unknown,Total Loss,Fire,PA,Columbus,8,2,Unknown,2,2,NO,82896.35578726103,23310.42039185459,9844.63858429276,52061.499363440904,Ford,2001,1
67,13,62,IL,250/500,500,1777.9538803337625,0,FEMALE,High School,Adm-clerical,Camping,husband,98863.58384892835,25781.947708681786,Single Vehicle Collision,Rear Collision,Minor Damage,None,OH,Springfield,2,3,NO,0,3,NO,46958.342764677946,29071.21633242446,19323.717604323065,15369.882389963037,Dodge,2005,0
68,241,31,NY,250/500,500,1034.9133693115791,0,MALE,JD,Exec-managerial,Movies,unmarried,7344.447015922317,3976.6370229616377,Vehicle Theft,Unknown,Major Damage,Fire,WV,Northbrook,3,1,NO,1,2,NO,56980.23064408069,26527.13839002096,24209.638447665748,64370.66311399743,Mercedes,2017,0
69,264,73,TX,250/500,1000,892.0959748405924,0,MALE,PhD,Exec-managerial,Chess,other-relative,40055.45979818323,70656.6340248727,Vehicle Theft,Unknown,Total Loss,Police,VA,Northbrook,11,3,YES,3,3,NO,47697.71787431722,14934.142415355145,21950.54826155463,62120.45845135266,BMW,2002,1
70,345,47,TX,100/300,1000,1919.8978591675082,5000000,FEMALE,PhD,Exec-managerial,Chess,husband,4308.097000592481,37215.7428195262,Single Vehicle Collision,Rear Collision,Total Loss,None,PA,Riverwood,14,4,Unknown,1,1,Unknown,137665.9654240672,12448.080627274954,18468.088141521188,79852.6824647954,Chevrolet,2005,1
71,52,67,FL,500/1000,1000,1589.455250553227,0,FEMALE,PhD,Machine-op-inspct,Camping,own-child,19922.64426559749,82125.41637787648,Single Vehicle Collision,Front Collision,Minor Damage,Police,NY,Springfield,19,3,YES,2,0,Unknown,124079.49124131125,27473.05553128385,6945.331333344941,51097.839502094736,Chevrolet,2008,0
72,385,21,NY,500/1000,500,829.5232000637395,0,FEMALE,PhD,Craft-repair,Exercise,own-child,90747.10268385046,36386.84606223187,Multi-vehicle Collision,Front Collision,Major Damage,None,OH,Riverwood,7,4,NO,1,2,YES,87112.4322412575,18336.7575614444,7875.146076621454,51730.741459537756,BMW,2008,0
73,339,35,IL,250/500,2000,1173.62508901417,0,FEMALE,PhD,Machine-op-inspct,Exercise,husband,9646.010378976966,37332.91924250303,Single Vehicle Collision,Unknown,Total Loss,None,OH,Riverwood,17,2,Unknown,0,3,Unknown,136880.398910643,8831.960010767858,21722.02444193105,55782.92330164021,Mercedes,1998,1
74,91,54,TX,100/300,500,1694.677654306714,0,FEMALE,College,Craft-repair,Camping,other-relative,85685.59213756336,77918.10064067562,Single Vehicle Collision,Side Collision,Trivial Damage,Ambulance,OH,Northbrook,4,4,Unknown,1,0,Unknown,133018.0996256227,16933.92083145502,24078.595573530933,24713.1151982334,Mercedes,2014,0
75,366,42,NY,500/1000,2000,1320.594486377663,2000000,MALE,JD,Adm-clerical,Exercise,own-child,17780.323811008126,48946.66567526538,Single Vehicle Collision,Side Collision,Major Damage,None,NY,Northbrook,1,2,YES,1,0,Unknown,139190.31276289935,29764.48268088379,3484.055642987697,68298.66602989245,Chevrolet,2003,0
76,443,65,TX,250/500,1000,1474.9281472488337,1000000,MALE,High School,Machine-op-inspct,Reading,not-in-family,86178.4846537704,88489.47706013928,Parked Car,Side Collision,Minor Damage,None,OH,Riverwood,21,1,YES,1,0,NO,33655.191719502174,25484.101804570866,5618.911431339182,59658.68358751054,BMW,2002,0
77,454,18,IL,500/1000,2000,1630.6523030675785,0,FEMALE,PhD,Machine-op-inspct,Chess,other-relative,53802.19631356752,59013.5756704552,Single Vehicle Collision,Unknown,Total Loss,Police,VA,Northbrook,8,2,YES,3,2,YES,107766.70414570226,8438.391481786248,20414.10786532114,75539.19172893588,Mercedes,2009,1
78,427,70,TX,500/1000,1000,1433.013783213471,0,MALE,PhD,Machine-op-inspct,Reading,wife,87820.66742268435,24064.48135143765,Parked Car,Side Collision,Trivial Damage,Police,VA,Riverwood,13,2,YES,1,2,NO,91579.06273856352,28588.63277751651,11669.597624142034,69195.8818470371,Toyota,2021,1
79,263,63,FL,100/300,1000,1310.1189828832935,1000000,FEMALE,High School,Prof-specialty,Reading,unmarried,15170.364465152043,56827.185430003345,Multi-vehicle Collision,Side Collision,Major Damage,Fire,WV,Riverwood,0,1,Unknown,2,1,Unknown,110207.68035627376,29443.863344373476,16898.78601813092,57507.643522315215,Volkswagen,2014,0
80,430,32,FL,100/300,2000,1624.4214265816602,0,MALE,High School,Craft-repair,Reading,husband,76203.6551307826,400.167593470202,Multi-vehicle Collision,Front Collision,Total Loss,Ambulance,WV,Riverwood,19,2,NO,2,2,Unknown,39875.214905783934,6935.008782462456,18444.448579669082,14564.204366772947,Audi,2000,0
81,34,26,TX,500/1000,1000,1591.344553148301,0,MALE,PhD,Craft-repair,Camping,unmarried,68069.85960805767,31239.73747187192,Vehicle Theft,Unknown,Trivial Damage,None,VA,Columbus,3,2,NO,1,2,YES,104373.95618002552,26867.763555040237,23286.104018019956,82731.34435647381,BMW,2019,0
82,205,32,NY,250/500,2000,1444.8086002747684,0,FEMALE,College,Machine-op-inspct,Reading,wife,54293.33873929625,20795.234049781066,Multi-vehicle Collision,Front Collision,Minor Damage,Ambulance,NY,Northbrook,16,2,NO,1,2,NO,61769.36303053086,26496.081530964962,24171.508521507225,33112.37510634504,Mercedes,2010,0
83,80,66,NY,100/300,1000,1039.6841200728945,0,FEMALE,High School,Prof-specialty,Movies,own-child,81058.7344410973,65418.785560293465,Vehicle Theft,Rear Collision,Total Loss,Fire,WV,Northbrook,9,3,YES,3,0,Unknown,125196.72354779189,1192.607197021218,8402.887357843694,86790.44130965693,BMW,2010,1
84,419,74,NY,500/1000,500,1108.7181383004074,0,FEMALE,JD,Machine-op-inspct,Exercise,not-in-family,64827.60244270397,13603.858349980503,Parked Car,Front Collision,Major Damage,Ambulance,OH,Springfield,1,4,NO,0,1,YES,119407.17591168507,20090.675791850612,16238.90186766514,36228.18509984919,Volkswagen,2023,0
85,49,41,TX,100/300,500,1955.6578233261462,0,MALE,JD,Craft-repair,Camping,other-relative,87704.69246077495,29009.744676147307,Single Vehicle Collision,Unknown,Minor Damage,None,VA,Northbrook,5,2,YES,2,0,Unknown,32097.96282340811,9158.42139093508,3705.718158656408,13219.852512217058,Saab,2008,0
86,359,21,NY,100/300,1000,668.5788984372887,0,FEMALE,College,Adm-clerical,Movies,other-relative,38106.21467855661,33130.85543233954,Multi-vehicle Collision,Side Collision,Total Loss,Police,PA,Springfield,18,3,YES,3,1,Unknown,27986.3638222938,20238.378794756274,25260.45506092646,79647.09330022016,BMW,2022,0
87,387,29,IL,100/300,1000,902.757375879253,0,FEMALE,Masters,Prof-specialty,Movies,wife,58992.3178273815,329.32288638848337,Single Vehicle Collision,Unknown,Major Damage,Ambulance,NY,Riverwood,8,2,NO,2,2,YES,107800.89233208747,27406.760825707304,25363.43814999587,71575.78073757059,Saab,2009,0
88,1,54,FL,500/1000,2000,1238.6026388065036,1000000,FEMALE,College,Prof-specialty,Chess,husband,87060.08425757117,4676.656825283365,Vehicle Theft,Front Collision,Total Loss,None,NY,Columbus,18,4,NO,2,3,YES,82795.99676185999,14963.377439685553,8985.171569983693,70788.01544457125,BMW,2016,1
89,389,54,IL,250/500,500,1755.0945292156787,0,FEMALE,PhD,Machine-op-inspct,Chess,unmarried,21481.406410413463,31112.61279775227,Parked Car,Unknown,Minor Damage,Fire,VA,Riverwood,18,2,NO,1,2,Unknown,83802.28364696632,12432.384923659583,4818.606222661276,8138.026490727521,Chevrolet,2021,1
90,53,60,NY,250/500,2000,745.5134955945919,2000000,FEMALE,Masters,Adm-clerical,Movies,not-in-family,48574.135661685425,22235.645319191222,Multi-vehicle Collision,Unknown,Total Loss,None,PA,Riverwood,8,4,Unknown,2,0,YES,113001.0408571735,27645.93813562252,2102.753346007997,79147.25699137185,Dodge,2015,0
91,105,23,IL,250/500,1000,915.4319271869148,0,FEMALE,PhD,Craft-repair,Chess,own-child,96074.1821728669,11690.673861515555,Single Vehicle Collision,Front Collision,Total Loss,Ambulance,NY,Riverwood,2,3,YES,0,0,Unknown,128318.1335567576,29223.44753215598,17249.293257347577,53716.41728094121,Dodge,2006,0
92,259,56,NY,100/300,1000,598.6973266928585,1000000,MALE,JD,Exec-managerial,Exercise,husband,47360.18014946845,15416.165635395795,Vehicle Theft,Front Collision,Total Loss,None,WV,Springfield,5,3,Unknown,0,0,NO,36225.10314100316,1867.0898338140819,2742.843011996394,42384.98069093854,Chevrolet,2017,1
93,309,73,TX,500/1000,2000,1558.9778990762277,2000000,MALE,High School,Craft-repair,Exercise,not-in-family,25282.94451955403,83553.69613800863,Single Vehicle Collision,Rear Collision,Major Damage,None,PA,Columbus,5,2,NO,0,1,Unknown,83553.16224518725,27685.44207444622,20417.845338617997,82194.12876504115,Dodge,2012,0
94,476,63,IL,100/300,1000,857.3141532134241,2000000,MALE,PhD,Craft-repair,Chess,not-in-family,35107.62387432382,68331.95755127026,Multi-vehicle Collision,Rear Collision,Minor Damage,Ambulance,OH,Riverwood,16,1,Unknown,3,0,YES,124428.72906906554,2483.056005656665,20343.79203102439,59977.117588126435,Audi,2018,0
95,190,41,TX,250/500,500,1083.0121260064257,2000000,MALE,JD,Adm-clerical,Reading,wife,88508.41193734466,48411.75310016498,Single Vehicle Collision,Front Collision,Major Damage,Ambulance,WV,Springfield,12,4,Unknown,0,3,NO,130982.72859365288,10118.58640150769,18419.622213948736,12059.471064383435,Chevrolet,2005,1
96,401,28,TX,250/500,2000,1165.5521705445017,0,FEMALE,College,Prof-specialty,Movies,wife,95488.30387675503,90887.47762369325,Parked Car,Unknown,Major Damage,Fire,PA,Riverwood,12,2,NO,0,3,YES,43467.703556608234,22877.2236729098,26296.815055892832,46806.39212749766,Saab,2001,0
97,217,30,CA,500/1000,500,1836.9709034096834,0,FEMALE,PhD,Craft-repair,Exercise,other-relative,95010.76426861393,2955.2790941618555,Multi-vehicle Collision,Front Collision,Major Damage,None,VA,Columbus,6,3,NO,2,2,Unknown,16071.001561328123,23311.10945819086,11348.420781873954,57331.831337395895,Chevrolet,2000,0
98,43,51,NY,100/300,500,1116.9954354968552,0,MALE,JD,Prof-specialty,Chess,own-child,69894.23919685712,34493.49359438195,Vehicle Theft,Side Collision,Total Loss,Police,NY,Riverwood,8,2,YES,3,1,YES,35307.0764547281,21774.656720374987,27068.08747873733,80879.70772607392,Saab,1997,0
99,161,42,FL,250/500,500,717.8375298728736,0,MALE,High School,Adm-clerical,Chess,husband,50960.18888246125,82338.37175040589,Multi-vehicle Collision,Rear Collision,Total Loss,Ambulance,WV,Riverwood,17,4,YES,1,1,Unknown,141852.17734517183,1173.374641832051,1107.7610653839254,25262.479740573523,Dodge,2003,1
100,201,24,NY,500/1000,2000,1286.4724075101815,0,MALE,PhD,Adm-clerical,Exercise,other-relative,18268.893490734183,62828.89945853214,Vehicle Theft,Side Collision,Total Loss,None,VA,Northbrook,0,2,Unknown,3,2,YES,69640.71700906452,3988.9814407227987,3382.709637642226,71501.62631970263,Chevrolet,2009,0
101,445,69,FL,100/300,1000,1944.4369919729445,2000000,FEMALE,JD,Machine-op-inspct,Exercise,own-child,12322.101207046455,98168.7434491987,Vehicle Theft,Unknown,Major Damage,Police,PA,Springfield,21,4,NO,3,0,YES,63076.78168812572,28086.494946592455,12366.1668755533,72003.18005474367,Chevrolet,1996,0
102,483,21,NY,100/300,500,1411.5284615762166,0,FEMALE,PhD,Exec-managerial,Reading,unmarried,5976.660764134623,94451.49232882092,Multi-vehicle Collision,Side Collision,Total Loss,Police,OH,Columbus,21,3,YES,1,0,Unknown,2456.1101357644193,2443.8416518767235,17819.790560657202,11611.648685648897,Audi,1998,0
103,269,25,TX,250/500,500,1975.0808306908589,0,FEMALE,High School,Adm-clerical,Chess,unmarried,1771.4909508969256,16994.24910749837,Vehicle Theft,Front Collision,Total Loss,None,NY,Springfield,19,1,YES,1,2,NO,8126.695096741995,2356.377509193499,971.269099180968,1649.2631297529767,BMW,1996,0
104,350,37,IL,250/500,500,1761.6609634083052,2000000,MALE,PhD,Adm-clerical,Chess,other-relative,87811.6722105682,97198.69971956716,Multi-vehicle Collision,Front Collision,Total Loss,None,NY,Northbrook,12,1,Unknown,1,2,Unknown,100470.04145647118,25069.378132736107,17023.034142727924,52368.73166127124,Dodge,2000,1
105,303,46,IL,100/300,1000,553.9486343201193,0,MALE,PhD,Prof-specialty,Camping,husband,80908.63158033445,94553.47859740724,Parked Car,Front Collision,Major Damage,None,WV,Riverwood,7,3,Unknown,2,2,NO,88679.14677438697,19237.972596686584,9221.949494490942,71074.15187755962,Toyota,2006,0
106,270,71,CA,100/300,1000,1487.5993930655627,0,MALE,JD,Adm-clerical,Reading,own-child,56782.138050047084,37361.094507368245,Parked Car,Side Collision,Minor Damage,Police,VA,Columbus,20,3,Unknown,2,2,NO,86541.48062506286,10549.681675355387,26614.404234354875,49943.331107024016,Chevrolet,2001,0
107,455,70,FL,250/500,2000,930.1503163368254,1000000,MALE,Masters,Craft-repair,Exercise,unmarried,99872.3254537714,98288.02916889527,Single Vehicle Collision,Side Collision,Trivial Damage,None,PA,Columbus,22,2,NO,2,1,NO,16993.269965658495,4971.314612148792,15998.537750061927,73219.9389194688,Toyota,2003,0
108,461,68,FL,100/300,1000,1339.4252834670858,0,MALE,PhD,Machine-op-inspct,Exercise,unmarried,95305.20722016411,3584.4152324560728,Parked Car,Side Collision,Minor Damage,Ambulance,PA,Springfield,8,3,YES,0,1,NO,53133.14485002035,26525.112596784445,17636.817246523013,56045.05232802952,Mercedes,2000,0
109,214,62,FL,250/500,2000,919.0177863968398,0,FEMALE,Masters,Machine-op-inspct,Movies,husband,65510.897071470645,66075.05549132981,Vehicle Theft,Front Collision,Total Loss,Police,VA,Riverwood,0,3,YES,1,0,Unknown,121947.54172670211,29656.132728855366,28368.6543334465,58830.9833143398,Toyota,2016,1
110,251,63,TX,100/300,2000,1023.3056249079356,5000000,FEMALE,College,Craft-repair,Exercise,other-relative,46457.456704025346,26614.780426440877,Single Vehicle Collision,Front Collision,Total Loss,Ambulance,NY,Northbrook,8,4,YES,2,1,Unknown,26649.227975537273,1499.1518532848747,22925.13079963781,2631.08287605105,Volkswagen,1999,0
111,189,27,FL,250/500,2000,1884.753067631269,2000000,FEMALE,PhD,Adm-clerical,Chess,wife,15217.07161131296,12946.309659531962,Single Vehicle Collision,Front Collision,Minor Damage,Ambulance,VA,Riverwood,19,2,Unknown,2,1,NO,132461.74402187424,16623.401462706053,13148.19798440297,8064.978442456407,Toyota,2020,0
112,295,60,IL,500/1000,2000,809.964777337558,2000000,FEMALE,Masters,Exec-managerial,Exercise,not-in-family,51559.38052543524,57753.49249438466,Multi-vehicle Collision,Side Collision,Trivial Damage,None,PA,Springfield,22,4,NO,3,1,NO,18661.005902161025,7839.107547174452,14306.388448680582,65280.162632657135,BMW,2021,0
113,212,51,TX,250/500,2000,1811.1636770387456,0,FEMALE,College,Adm-clerical,Chess,own-child,15774.367288552727,30635.030818519437,Single Vehicle Collision,Side Collision,Total Loss,Ambulance,VA,Columbus,10,2,Unknown,2,2,NO,25787.824853536225,24971.60500649112,19437.716056781966,68679.61108562839,Chevrolet,2022,1
114,207,74,NY,250/500,500,545.6867121057452,2000000,MALE,JD,Machine-op-inspct,Chess,unmarried,39845.1304246189,66682.5343811151,Multi-vehicle Collision,Unknown,Minor Damage,None,NY,Columbus,19,2,Unknown,1,1,NO,71923.61919248241,10382.192753244171,6005.976499515393,48841.800227982894,Audi,2020,0
115,236,43,FL,500/1000,1000,636.3148075544725,0,FEMALE,PhD,Exec-managerial,Reading,not-in-family,94264.81084327509,53998.10521144202,Single Vehicle Collision,Rear Collision,Major Damage,Police,WV,Riverwood,3,1,NO,1,0,NO,141822.33571505634,21438.878675590197,2659.525214823679,53155.84495784801,Saab,1998,1
116,337,58,FL,100/300,500,1782.0125620763954,0,MALE,JD,Prof-specialty,Exercise,not-in-family,34197.898933563745,39258.940090865945,Parked Car,Front Collision,Total Loss,Ambulance,NY,Riverwood,15,1,NO,0,1,NO,49767.37788274083,16185.702645788313,9337.095478368552,55331.48900207247,Ford,2004,0
117,366,66,NY,500/1000,2000,1445.8340463637928,0,FEMALE,College,Prof-specialty,Reading,wife,15278.72736434671,18182.216131489793,Multi-vehicle Collision,Side Collision,Trivial Damage,None,OH,Riverwood,13,3,Unknown,0,2,YES,98903.5900369283,16245.701447849107,23351.48393808691,9538.719564970052,Saab,2021,0
118,52,20,FL,250/500,1000,1620.8542070593253,0,MALE,JD,Adm-clerical,Chess,not-in-family,58239.66042362146,60125.019747217666,Vehicle Theft,Rear Collision,Total Loss,Fire,OH,Riverwood,19,2,NO,3,1,NO,88506.3527703669,25739.98293541264,7719.713963098531,60144.98352215862,Saab,2014,1
119,279,73,NY,100/300,500,814.1265062327814,0,MALE,JD,Adm-clerical,Exercise,husband,60236.417412747214,82923.06294755517,Single Vehicle Collision,Side Collision,Minor Damage,None,VA,Northbrook,21,3,Unknown,0,3,YES,22868.58415683335,14112.132777736926,3922.776010077591,43114.45091090833,BMW,1998,0
120,409,23,TX,500/1000,500,1305.6251833851552,0,MALE,High School,Exec-managerial,Exercise,other-relative,19380.424246791583,60000.44685092812,Parked Car,Side Collision,Minor Damage,Fire,NY,Northbrook,20,4,YES,1,0,Unknown,37600.951758427414,25367.98602433442,6570.677953867807,54266.815604186384,BMW,1999,0
121,216,22,IL,100/300,2000,1605.8288353569571,0,MALE,College,Exec-managerial,Reading,own-child,19658.658758196023,61052.255577368574,Parked Car,Front Collision,Major Damage,None,NY,Northbrook,17,3,NO,0,1,Unknown,139557.8395102514,10902.804841127263,20369.18736017119,50726.450410065976,Toyota,2011,0
122,251,22,NY,100/300,500,1440.9712055153936,0,MALE,JD,Adm-clerical,Reading,husband,98954.9791324827,51183.736414776824,Multi-vehicle Collision,Rear Collision,Total Loss,Fire,PA,Northbrook,21,4,YES,0,0,NO,28132.028736138378,5243.488273929151,18418.441700805564,68693.7223360181,Audi,2012,0
123,187,71,CA,500/1000,500,1207.5481503368142,1000000,MALE,Masters,Machine-op-inspct,Chess,other-relative,24328.107286221202,38824.01173282917,Multi-vehicle Collision,Side Collision,Trivial Damage,Ambulance,WV,Springfield,21,1,NO,2,2,Unknown,104403.97851838943,13664.321329698454,20649.449918893086,28739.286908066722,BMW,1997,0
124,379,64,NY,100/300,500,1939.6756796565721,0,FEMALE,College,Prof-specialty,Chess,husband,83819.20347835841,45745.804163354616,Multi-vehicle Collision,Rear Collision,Major Damage,Fire,NY,Columbus,8,1,Unknown,1,0,Unknown,144721.82514874553,14950.673441310666,9658.74368041146,33680.009431563936,Mercedes,2017,0
125,492,40,FL,500/1000,500,1514.236000180168,0,MALE,High School,Exec-managerial,Exercise,unmarried,47032.38255459795,98954.1757120082,Vehicle Theft,Rear Collision,Trivial Damage,Ambulance,VA,Columbus,0,4,Unknown,3,3,NO,18366.145834240575,14351.495929133744,27025.68380799815,35305.40695655971,Chevrolet,2007,0
126,40,66,TX,250/500,500,1861.6262003618567,0,MALE,PhD,Machine-op-inspct,Exercise,unmarried,43498.9238912728,74966.85021052901,Vehicle Theft,Front Collision,Trivial Damage,Ambulance,PA,Springfield,22,4,Unknown,0,3,Unknown,60177.707533003515,24249.912356378467,13553.110719844362,68644.80331574372,Audi,2023,0
127,156,26,TX,100/300,2000,1594.6557673605218,0,FEMALE,JD,Adm-clerical,Camping,wife,29496.241616375242,43055.94639799945,Vehicle Theft,Rear Collision,Total Loss,None,PA,Springfield,2,4,Unknown,0,0,Unknown,33977.85559418922,16940.368243802914,15411.39095780831,38857.024700092865,Mercedes,1995,0
128,14,52,NY,250/500,2000,1603.1952928965247,0,MALE,Masters,Craft-repair,Camping,husband,77382.57968923308,45729.639995452046,Single Vehicle Collision,Unknown,Minor Damage,Ambulance,VA,Northbrook,19,3,Unknown,3,2,NO,33623.44685197916,26653.32215276409,28464.239280063815,16019.021975834918,Toyota,2013,1
129,300,37,IL,250/500,500,620.027404636519,0,FEMALE,High School,Exec-managerial,Movies,not-in-family,88066.08784415548,49963.200774974226,Vehicle Theft,Unknown,Minor Damage,Police,VA,Riverwood,0,4,Unknown,3,0,NO,18288.383677952283,15425.564847478263,29378.31803834927,88475.38324049089,Chevrolet,2017,0
130,64,66,CA,100/300,2000,1039.1969327809154,0,FEMALE,College,Craft-repair,Chess,unmarried,26112.74615590803,65931.41943788128,Multi-vehicle Collision,Front Collision,Total Loss,Fire,NY,Columbus,2,2,NO,1,1,NO,97607.90200672414,6741.452486460128,19846.28177749655,44455.029570412844,BMW,2016,1
131,344,59,TX,500/1000,2000,1787.5541100794876,5000000,MALE,JD,Machine-op-inspct,Movies,other-relative,9509.666934911398,46595.823421551475,Parked Car,Front Collision,Total Loss,None,NY,Springfield,13,4,NO,3,1,YES,112078.3547316514,3884.8752078825787,28344.395777273734,9921.402675730067,Saab,1996,1
132,326,52,FL,100/300,1000,848.905793223134,0,MALE,High School,Prof-specialty,Movies,wife,13691.955288560986,68617.91184392435,Parked Car,Unknown,Minor Damage,Ambulance,PA,Riverwood,13,1,YES,0,0,NO,101680.6895484469,26050.884628338626,16245.221590213298,60357.71854374394,Volkswagen,1998,0
133,8,67,FL,250/500,500,673.2587992346993,0,FEMALE,High School,Machine-op-inspct,Reading,not-in-family,79280.35347662441,32918.78066478478,Multi-vehicle Collision,Front Collision,Total Loss,Fire,PA,Northbrook,22,4,NO,1,1,Unknown,138736.14041406335,1685.1839670663514,9218.488367003152,66550.69594181069,BMW,2010,1
134,343,35,IL,250/500,2000,989.1590849581901,0,MALE,Masters,Prof-specialty,Reading,own-child,43582.69113196258,41063.9632021124,Vehicle Theft,Rear Collision,Total Loss,Fire,WV,Springfield,21,1,NO,1,1,NO,22278.981903349097,3528.288357592868,9452.78567899624,45070.033217909695,Toyota,2010,0
135,128,34,TX,500/1000,2000,830.656827338921,0,FEMALE,PhD,Machine-op-inspct,Camping,husband,13191.465841072291,86405.31247038473,Vehicle Theft,Side Collision,Minor Damage,Police,PA,Columbus,12,1,YES,3,2,YES,48316.88332105843,1909.7555675292322,16768.217696470365,58216.50392313119,BMW,2011,0
136,491,41,NY,100/300,500,1887.9322921897328,0,MALE,PhD,Exec-managerial,Movies,unmarried,34028.820641962455,32890.565470154266,Multi-vehicle Collision,Front Collision,Total Loss,Fire,VA,Columbus,0,3,YES,1,0,Unknown,52013.635050517165,12712.025915454607,18151.083619655954,15623.470316997422,Toyota,2022,0
137,135,20,FL,250/500,1000,1801.9499630031967,0,FEMALE,PhD,Exec-managerial,Camping,not-in-family,51423.548285305296,96443.67331750017,Parked Car,Unknown,Minor Damage,None,VA,Columbus,14,4,Unknown,0,1,YES,35196.27452511225,15978.468491807804,13188.512097592467,33176.22243670606,Ford,2015,0
138,471,49,IL,250/500,500,1249.5248454243563,0,MALE,College,Craft-repair,Chess,other-relative,85205.16838450082,17250.494698489292,Single Vehicle Collision,Side Collision,Total Loss,None,WV,Springfield,19,1,YES,0,0,Unknown,21759.63915146651,596.241930678022,26513.144505355314,14648.391443108296,Dodge,2006,0
139,62,52,TX,250/500,1000,592.015811725802,5000000,MALE,High School,Machine-op-inspct,Exercise,husband,64174.3254225175,24167.981570717267,Parked Car,Rear Collision,Minor Damage,Ambulance,OH,Columbus,6,2,YES,0,0,NO,73262.16965097643,15467.58500674813,12800.883561406516,34912.44954719627,BMW,1996,0
140,138,55,TX,500/1000,500,1571.8435191397343,1000000,FEMALE,College,Machine-op-inspct,Reading,other-relative,17603.280108000075,46367.97507549079,Vehicle Theft,Side Collision,Major Damage,Ambulance,OH,Northbrook,15,4,NO,1,1,YES,125248.72439309055,11812.784138718782,8202.709409930036,50695.76694460403,Audi,2018,0
141,498,30,TX,250/500,500,1435.1175970043969,0,FEMALE,High School,Craft-repair,Chess,wife,15870.271235833645,79740.87260553696,Parked Car,Unknown,Minor Damage,None,VA,Columbus,19,4,Unknown,3,2,NO,143203.68897769606,23209.355473676944,239.45635030619417,39884.29270565401,BMW,2004,1
142,80,73,TX,250/500,500,1955.8320060927438,1000000,FEMALE,Masters,Adm-clerical,Chess,unmarried,41233.42156333225,73157.54776283336,Vehicle Theft,Side Collision,Major Damage,Fire,OH,Northbrook,22,1,YES,0,2,Unknown,19836.424516665404,24898.698652386694,29117.078344729103,53430.01418214308,Audi,2000,0
143,391,64,TX,100/300,500,1338.4298604055655,0,FEMALE,Masters,Machine-op-inspct,Reading,unmarried,7519.284770175638,17446.601761438975,Parked Car,Unknown,Total Loss,Fire,OH,Columbus,20,3,Unknown,2,3,NO,123562.00559687402,20549.02309158616,24729.398494288333,45208.14968583281,Mercedes,2006,1
144,162,42,FL,100/300,1000,1004.5905851043641,2000000,MALE,College,Machine-op-inspct,Reading,wife,75557.7195283873,23668.502596783692,Multi-vehicle Collision,Front Collision,Total Loss,Police,WV,Northbrook,0,3,Unknown,3,0,NO,123774.8778833086,14204.866059498718,18466.78754055987,28671.512168817895,Saab,2006,1
145,418,26,IL,250/500,1000,1278.5325403678337,0,FEMALE,College,Machine-op-inspct,Movies,other-relative,40145.38203037721,57526.29890508375,Vehicle Theft,Front Collision,Total Loss,Ambulance,PA,Springfield,14,4,YES,1,3,Unknown,58652.22917210876,6484.457851259644,24916.26761710384,12993.098231078991,Chevrolet,2011,0
146,288,21,TX,250/500,2000,1968.8949371067745,0,FEMALE,Masters,Adm-clerical,Camping,husband,34302.37727813903,29516.474529870295,Single Vehicle Collision,Unknown,Total Loss,Fire,PA,Northbrook,19,4,YES,0,2,YES,16949.428809745394,25413.446019076804,24308.676907528315,22815.290241772822,Ford,2012,1
147,378,31,CA,100/300,500,1544.5436487995457,1000000,MALE,JD,Exec-managerial,Chess,other-relative,50910.83323914358,42232.532447960344,Single Vehicle Collision,Front Collision,Minor Damage,Fire,OH,Springfield,14,3,YES,1,1,Unknown,148506.19701015626,10250.074201332505,27955.523406774755,18144.12134532453,Toyota,1998,0
148,260,54,CA,500/1000,1000,1507.9642068905769,1000000,MALE,PhD,Craft-repair,Movies,husband,70895.68037628477,48659.41754870289,Multi-vehicle Collision,Rear Collision,Major Damage,Ambulance,NY,Riverwood,18,3,YES,0,1,Unknown,98511.15806405839,10688.756615848475,11582.030500811246,63697.264202794875,Volkswagen,1997,0
149,489,51,IL,500/1000,1000,861.0223845888281,1000000,FEMALE,PhD,Adm-clerical,Movies,not-in-family,56934.694449305214,59424.60053504046,Parked Car,Side Collision,Trivial Damage,None,WV,Northbrook,5,2,Unknown,1,2,NO,147338.2564087163,27480.346415611344,16645.56726257822,73815.01931267304,Saab,2019,1
150,230,28,NY,500/1000,1000,1615.4037763409265,0,MALE,Masters,Prof-specialty,Chess,wife,80240.27817219871,25105.132443926537,Multi-vehicle Collision,Unknown,Trivial Damage,Fire,OH,Springfield,5,4,NO,2,2,Unknown,72806.49959485645,29267.91766793739,2958.8407116073777,64862.93561641837,BMW,2011,0
151,40,58,NY,500/1000,500,1625.4077442076575,5000000,FEMALE,PhD,Prof-specialty,Chess,own-child,62936.256387011745,16314.014355495954,Multi-vehicle Collision,Unknown,Total Loss,Police,NY,Riverwood,0,4,Unknown,1,0,YES,59581.35349054095,26943.928691535122,28959.462771569193,57971.69981486473,Saab,2017,0
152,27,73,NY,500/1000,2000,975.933475663858,5000000,MALE,JD,Adm-clerical,Exercise,husband,78797.02674082638,39856.33877940264,Single Vehicle Collision,Unknown,Total Loss,Fire,NY,Columbus,15,4,Unknown,1,3,Unknown,37454.22865758285,29947.041706832435,29553.812078474995,27775.83670785789,Volkswagen,2003,0
153,134,20,CA,500/1000,1000,1225.5707485860698,0,FEMALE,JD,Adm-clerical,Camping,unmarried,69678.2273564675,8202.622485560007,Single Vehicle Collision,Rear Collision,Total Loss,Fire,WV,Riverwood,17,3,Unknown,1,3,Unknown,147544.0142649169,26067.265317044323,23672.52743793605,64017.60176367537,Saab,2019,1
154,200,45,NY,500/1000,500,941.904999410684,0,MALE,High School,Exec-managerial,Chess,not-in-family,19312.28402637365,52676.517109091226,Vehicle Theft,Rear Collision,Total Loss,Police,PA,Northbrook,12,1,YES,0,2,NO,38361.96178460991,21130.725528602456,13623.629494450104,54497.00305302426,Chevrolet,2016,0
155,327,46,FL,500/1000,1000,888.05760548643,0,FEMALE,College,Prof-specialty,Reading,unmarried,5235.445018579876,83960.51592349743,Vehicle Theft,Rear Collision,Major Damage,None,VA,Riverwood,11,2,YES,3,0,YES,4052.5320545985273,8814.581987144185,14897.00252743073,4315.713665217548,Dodge,2006,0
156,267,26,TX,100/300,1000,538.8441053742278,5000000,FEMALE,PhD,Craft-repair,Exercise,not-in-family,90339.68005033815,11897.56594327186,Vehicle Theft,Unknown,Total Loss,Police,NY,Columbus,17,3,NO,1,1,NO,77114.02783147743,28588.711466996287,13061.00798963571,81694.32944356806,Mercedes,2023,1
157,417,20,CA,500/1000,2000,927.8176169799981,0,MALE,JD,Machine-op-inspct,Camping,unmarried,94565.61653820841,11273.0532129529,Multi-vehicle Collision,Rear Collision,Trivial Damage,Police,VA,Riverwood,9,3,NO,3,2,NO,56869.04871111186,26298.80494841261,8799.319095666913,7287.850315037371,Volkswagen,2001,0
158,32,42,IL,500/1000,1000,1330.9549248174121,0,MALE,College,Machine-op-inspct,Reading,other-relative,72693.22966314721,8021.779886735214,Multi-vehicle Collision,Front Collision,Total Loss,Ambulance,VA,Northbrook,13,2,NO,0,3,YES,39576.684262675044,7222.403772469596,15833.742166462996,45293.44058387961,BMW,2010,0
159,47,51,IL,500/1000,1000,502.4017813235432,0,FEMALE,College,Exec-managerial,Reading,other-relative,72420.5822695949,84786.1289761902,Vehicle Theft,Side Collision,Total Loss,Fire,WV,Northbrook,19,4,Unknown,1,0,YES,95373.91341393543,14674.874197254809,1603.3520850170046,46224.91682944392,Chevrolet,2002,0
160,406,29,TX,250/500,500,924.8286257145012,0,FEMALE,High School,Exec-managerial,Camping,other-relative,27014.70804941095,8070.489492816302,Single Vehicle Collision,Front Collision,Trivial Damage,None,PA,Springfield,10,1,NO,0,0,Unknown,54958.15792722443,2101.669818766504,29756.61185811505,75346.94626937852,Dodge,1997,0
161,61,59,CA,100/300,500,1822.1154984848752,0,MALE,College,Prof-specialty,Exercise,not-in-family,54244.17088818328,98346.20353844027,Single Vehicle Collision,Front Collision,Trivial Damage,Fire,WV,Columbus,17,2,Unknown,3,0,YES,60636.507803372486,28599.265898016514,12721.504054924224,82184.76834370874,BMW,2015,0
162,215,26,NY,100/300,2000,1390.4728776610414,0,MALE,College,Craft-repair,Reading,not-in-family,99223.96637046082,35833.1294046118,Parked Car,Rear Collision,Total Loss,None,NY,Columbus,23,1,YES,0,3,NO,3945.317782159624,17183.04983164368,27820.997521113186,84576.85365673038,BMW,2007,1
163,292,32,NY,100/300,500,1411.7942361214707,5000000,MALE,Masters,Craft-repair,Movies,unmarried,85614.35980700195,32876.21591424769,Vehicle Theft,Unknown,Total Loss,Police,PA,Riverwood,11,4,Unknown,0,0,YES,88566.1038186821,7356.016377844962,21728.14381980011,51313.52479976014,Ford,2014,1
164,98,57,FL,500/1000,500,1105.04645753953,0,MALE,High School,Adm-clerical,Camping,husband,30439.435255199664,9163.175209704921,Multi-vehicle Collision,Front Collision,Minor Damage,Ambulance,OH,Columbus,16,1,YES,3,1,YES,18749.618962132892,8771.979408716272,8698.28750591802,61145.89649602315,Dodge,2003,0
165,171,42,FL,500/1000,2000,1514.7082152386165,1000000,MALE,High School,Exec-managerial,Camping,not-in-family,30104.586569789037,58564.121263841684,Parked Car,Side Collision,Minor Damage,Police,PA,Northbrook,23,4,YES,0,3,YES,32463.826404865555,29419.691178895788,6661.578545238072,8057.935630889418,Audi,2003,0
166,359,22,NY,250/500,1000,784.8991493455387,0,MALE,PhD,Machine-op-inspct,Chess,unmarried,48357.729114805916,58588.22123527917,Parked Car,Rear Collision,Major Damage,Fire,WV,Riverwood,2,3,NO,3,2,NO,107709.11418158941,18468.42875412593,29870.263012870688,43963.6493748776,BMW,1998,0
167,213,28,IL,100/300,2000,1728.1202155762874,0,MALE,College,Machine-op-inspct,Exercise,husband,40459.866616778454,49380.58272901428,Parked Car,Front Collision,Total Loss,Ambulance,WV,Springfield,20,4,YES,3,0,Unknown,47329.7875644947,12620.493723192112,23163.79065162107,80817.31771138139,Ford,2022,0
168,474,51,IL,500/1000,500,675.0336799038497,0,MALE,PhD,Prof-specialty,Movies,other-relative,37115.30462801747,31102.014721588377,Vehicle Theft,Rear Collision,Total Loss,Ambulance,VA,Riverwood,0,2,NO,1,3,Unknown,24899.92451703795,14995.363853566143,7489.844224480227,41067.17387832169,Toyota,2008,0
169,34,41,FL,100/300,2000,1484.002031979664,0,MALE,JD,Machine-op-inspct,Movies,not-in-family,62697.19088061033,36858.089006542126,Vehicle Theft,Side Collision,Total Loss,Fire,OH,Riverwood,0,2,NO,1,2,NO,86824.90998584087,2956.502171320301,2023.3514453178182,6356.494795465413,Saab,2012,1
170,448,32,TX,250/500,1000,1011.7239887295245,0,FEMALE,College,Craft-repair,Chess,own-child,1149.2469633537562,32050.339367373803,Vehicle Theft,Rear Collision,Total Loss,None,PA,Springfield,5,4,NO,0,2,Unknown,32628.221993222123,2250.6828021862802,20907.49635904136,18137.638703239176,Toyota,1995,0
171,226,55,NY,250/500,2000,1621.2694558737153,5000000,MALE,JD,Craft-repair,Reading,other-relative,76333.96360332768,42614.640828050186,Single Vehicle Collision,Unknown,Total Loss,Ambulance,OH,Riverwood,18,4,Unknown,0,1,Unknown,41011.2429868264,17781.232299011546,9090.493704332292,38712.67232695097,Saab,2013,1
172,100,25,FL,250/500,500,1324.64682689903,0,MALE,Masters,Exec-managerial,Reading,wife,74005.2996675785,34178.810548122594,Parked Car,Front Collision,Trivial Damage,None,VA,Columbus,23,3,NO,0,2,NO,93390.22684169213,15360.121093209493,6639.924378831521,21453.79461132381,Audi,1996,1
173,430,22,FL,100/300,500,1178.5295577180743,0,FEMALE,College,Prof-specialty,Movies,husband,83032.56805947013,67551.731986525,Single Vehicle Collision,Front Collision,Minor Damage,None,OH,Riverwood,3,3,NO,2,1,NO,111109.33631390528,10774.595739103233,22048.122454480083,35367.10342222069,BMW,1999,0
174,461,65,NY,500/1000,2000,754.1336031398705,0,FEMALE,PhD,Machine-op-inspct,Exercise,own-child,84145.06733068134,29578.647234726974,Vehicle Theft,Unknown,Major Damage,None,OH,Riverwood,21,4,YES,2,3,Unknown,111079.12293673879,16983.418575340937,20377.839679630426,30033.272592711706,Toyota,2016,0
175,130,43,NY,500/1000,1000,1455.2321964265293,0,FEMALE,PhD,Exec-managerial,Reading,other-relative,56639.96947604685,35083.823149445416,Single Vehicle Collision,Side Collision,Total Loss,Ambulance,PA,Riverwood,12,1,Unknown,1,1,YES,72595.39007468914,2180.278483115168,14442.380242805733,28771.72184815409,Toyota,2008,0
176,256,35,IL,250/500,2000,1962.1547651306196,5000000,FEMALE,College,Adm-clerical,Camping,not-in-family,78007.39356232906,43545.98847891481,Single Vehicle Collision,Side Collision,Major Damage,Police,OH,Northbrook,11,3,NO,3,3,Unknown,68417.38819591061,28319.73514294639,28279.677983111196,8295.698417139502,Saab,2003,0
177,4,23,TX,500/1000,1000,1738.4051373605225,0,FEMALE,PhD,Adm-clerical,Chess,own-child,49239.51254805192,396.1834270900244,Multi-vehicle Collision,Rear Collision,Trivial Damage,Ambulance,VA,Northbrook,7,2,NO,2,3,YES,118252.95504257298,8811.350633526656,20389.15098172473,79456.05072868412,Mercedes,2014,1
178,217,54,TX,250/500,1000,590.0122888835177,0,FEMALE,College,Machine-op-inspct,Exercise,unmarried,95152.98364183004,49208.2574220892,Vehicle Theft,Front Collision,Total Loss,Police,NY,Columbus,19,3,NO,2,0,NO,29358.6914043213,2153.3637201599663,26802.586818597276,62374.29218654064,Dodge,2014,0
179,254,65,NY,100/300,2000,1064.3440675417867,0,MALE,High School,Machine-op-inspct,Reading,husband,19069.852978743475,25581.980319293463,Parked Car,Side Collision,Minor Damage,Ambulance,NY,Springfield,23,3,YES,3,1,YES,23254.265905504657,5085.128177223121,5716.588270491573,56142.033571374304,Volkswagen,2009,0
180,397,30,CA,250/500,1000,1888.3745137854078,0,FEMALE,PhD,Machine-op-inspct,Movies,wife,91561.70920738993,5615.04540245179,Vehicle Theft,Unknown,Minor Damage,Police,WV,Northbrook,6,3,YES,0,3,YES,99871.91237141172,2864.217434475506,8899.377302426661,54621.59978777707,Audi,2014,0
181,358,45,FL,100/300,500,1254.5656213355321,0,FEMALE,College,Craft-repair,Chess,unmarried,25853.03612677231,91102.12987647949,Single Vehicle Collision,Unknown,Minor Damage,Police,NY,Northbrook,20,3,YES,0,0,YES,61721.28669119367,5358.135130790437,3135.6040108118477,35745.55000184783,Volkswagen,1995,0
182,282,22,FL,250/500,2000,1493.1677387122686,0,FEMALE,College,Machine-op-inspct,Reading,own-child,10272.337368685203,32241.8733886932,Vehicle Theft,Unknown,Major Damage,Ambulance,PA,Columbus,6,4,NO,2,1,NO,106644.76985524205,12502.621644798357,9137.399936161062,74116.04626574983,BMW,2013,1
183,392,30,NY,500/1000,1000,1868.8990183870856,0,MALE,PhD,Adm-clerical,Movies,other-relative,43910.444740696745,42608.526367270424,Vehicle Theft,Side Collision,Minor Damage,None,WV,Columbus,6,3,NO,2,1,Unknown,38861.733407753774,22141.526818065624,29153.349876191412,83710.59545412169,Mercedes,1998,0
184,206,34,CA,500/1000,500,1810.692035629821,0,FEMALE,High School,Machine-op-inspct,Reading,husband,61491.72424160594,82734.31583382418,Multi-vehicle Collision,Unknown,Minor Damage,None,NY,Springfield,13,1,NO,3,2,Unknown,49068.34621948165,8170.450423651193,28885.68738276902,604.9906846901583,Mercedes,2008,0
185,14,67,IL,250/500,2000,1252.7305633107665,0,MALE,PhD,Prof-specialty,Chess,not-in-family,23098.987319995224,16678.89707537198,Multi-vehicle Collision,Front Collision,Total Loss,Police,NY,Riverwood,17,3,NO,3,0,YES,134553.3085532159,13077.798658249316,22811.590636529727,7219.9430677368655,Toyota,1995,0
186,345,57,NY,500/1000,500,1156.469453986403,1000000,FEMALE,College,Adm-clerical,Camping,wife,55579.62411442978,85030.8809581341,Vehicle Theft,Side Collision,Total Loss,Fire,WV,Riverwood,22,3,NO,2,2,Unknown,63537.65075982743,27862.71863664709,15631.447883488718,60780.3080012285,Audi,1999,0
187,41,62,NY,500/1000,500,1009.5389277193806,0,FEMALE,High School,Prof-specialty,Camping,other-relative,80789.33569345047,24163.79480773777,Multi-vehicle Collision,Side Collision,Total Loss,Fire,PA,Springfield,18,2,YES,3,3,NO,88847.54372319746,8874.652179779263,23423.39396376735,21322.398372804186,BMW,2004,1
188,379,49,FL,500/1000,500,1578.5291647443366,1000000,MALE,JD,Adm-clerical,Movies,wife,25708.496580372277,58903.78916153171,Single Vehicle Collision,Front Collision,Total Loss,Ambulance,WV,Springfield,23,3,NO,0,1,NO,16448.98802068727,23841.592597941293,16604.608536411597,82062.27938941238,Saab,2003,0
189,460,46,NY,100/300,1000,930.4801992073149,1000000,MALE,Masters,Exec-managerial,Camping,not-in-family,58032.2245914203,68567.83801661784,Single Vehicle Collision,Unknown,Major Damage,Ambulance,PA,Springfield,23,2,Unknown,1,3,NO,27234.96124281743,4734.506174470993,105.25514014330106,60100.434553951316,Audi,2011,0
190,178,68,NY,500/1000,2000,874.8314096463503,0,FEMALE,PhD,Adm-clerical,Chess,husband,33931.25961930803,90501.39458677753,Single Vehicle Collision,Side Collision,Minor Damage,Ambulance,PA,Columbus,19,2,NO,2,0,NO,5865.2154589853135,5349.652387717429,15046.412218308466,33209.383838768306,Toyota,2008,0
191,62,20,NY,100/300,2000,1034.37484190567,0,MALE,College,Adm-clerical,Movies,own-child,52976.84675304803,60763.79946841319,Multi-vehicle Collision,Front Collision,Total Loss,Fire,VA,Riverwood,18,4,YES,1,1,Unknown,63943.43635836915,13684.586204287969,17967.703380331575,37433.888009870774,Dodge,2022,0
192,351,73,FL,250/500,1000,765.822585318188,0,MALE,High School,Prof-specialty,Reading,wife,66691.90195749694,45323.18012500003,Vehicle Theft,Front Collision,Major Damage,None,NY,Springfield,17,2,NO,3,3,YES,148343.5406720061,7023.06751399159,7972.450725090125,62210.33722166557,Mercedes,2001,0
193,230,57,IL,500/1000,2000,1542.679723918651,1000000,FEMALE,High School,Prof-specialty,Exercise,husband,35042.25718160924,57226.93523417774,Single Vehicle Collision,Rear Collision,Total Loss,Ambulance,NY,Springfield,5,2,Unknown,1,1,YES,131144.03632139417,27090.842213827807,6098.806927249847,12772.672823932684,Dodge,2012,1
194,240,51,IL,500/1000,500,1424.3609739959184,0,FEMALE,JD,Adm-clerical,Reading,wife,99448.2882452134,20208.246274020392,Parked Car,Unknown,Major Damage,Ambulance,OH,Riverwood,15,1,NO,2,2,YES,95119.88278360579,1522.5687337043337,8214.272844169538,79518.72803417018,Mercedes,2004,0
195,51,57,NY,500/1000,2000,1224.3178011737655,0,FEMALE,PhD,Adm-clerical,Chess,other-relative,56377.51984296409,68907.43341498506,Single Vehicle Collision,Unknown,Major Damage,None,WV,Riverwood,2,1,Unknown,3,0,NO,129233.92554764118,17918.17698431519,18708.83248553597,528.9756888729819,Mercedes,2022,1
196,95,44,FL,250/500,1000,1085.488668892332,0,MALE,High School,Craft-repair,Movies,wife,82446.15590929387,18688.071205055523,Vehicle Theft,Front Collision,Major Damage,Police,VA,Columbus,20,2,Unknown,1,0,Unknown,89328.31877468724,18126.881884485596,4381.923448066575,88107.33110201758,Chevrolet,2021,0
197,387,30,IL,100/300,500,1863.5938143450971,2000000,FEMALE,JD,Exec-managerial,Reading,other-relative,72513.52229107912,55724.76120782569,Single Vehicle Collision,Side Collision,Total Loss,Ambulance,NY,Northbrook,1,4,YES,0,0,Unknown,55630.94760995358,1980.7778255834307,21609.849039884983,15171.328684642172,BMW,2019,0
198,221,62,IL,100/300,1000,543.685677483658,0,FEMALE,College,Exec-managerial,Movies,other-relative,85280.53137029476,64760.3661360489,Parked Car,Rear Collision,Major Damage,Fire,OH,Northbrook,14,1,Unknown,2,1,Unknown,26445.186964616736,21976.926446126738,12680.244628848284,66815.81113938802,Dodge,1998,0
199,484,50,IL,500/1000,500,1653.6616152609488,0,MALE,JD,Machine-op-inspct,Camping,husband,17380.095453856793,89858.31804077547,Single Vehicle Collision,Rear Collision,Major Damage,Fire,VA,Columbus,19,1,NO,2,3,Unknown,98130.78689315352,14066.92633536588,10600.435776159766,3689.231163180132,Audi,2008,0
200,406,23,FL,250/500,500,1852.864357623333,0,MALE,PhD,Adm-clerical,Exercise,unmarried,22255.370972767098,45018.982597761446,Single Vehicle Collision,Side Collision,Major Damage,Ambulance,PA,Columbus,10,4,Unknown,2,3,Unknown,29361.165820416434,21692.201204844256,24216.938750410587,38885.45802397403,Ford,1997,0
201,230,41,FL,250/500,2000,1169.5318691448888,0,FEMALE,JD,Adm-clerical,Chess,not-in-family,48741.11778902902,77533.32265892126,Vehicle Theft,Rear Collision,Total Loss,Fire,NY,Riverwood,18,3,NO,2,0,Unknown,62905.548371409,24807.7495780521,15181.897483095798,56765.20004004095,Ford,2022,0
202,236,36,NY,250/500,500,1326.0357372059702,0,MALE,High School,Adm-clerical,Reading,wife,85232.86764854423,16753.04883042765,Single Vehicle Collision,Side Collision,Minor Damage,None,WV,Columbus,17,1,NO,3,1,YES,123957.37540221184,9686.980559720816,11352.016835727843,6413.448437618254,Toyota,2023,0
203,142,33,TX,250/500,1000,1916.6955318230569,1000000,FEMALE,High School,Adm-clerical,Exercise,own-child,19760.658139085874,15619.647873382502,Single Vehicle Collision,Rear Collision,Total Loss,Police,VA,Columbus,21,2,NO,0,1,NO,19819.78073297841,14534.57648806463,26344.641466818135,39952.08824810315,Audi,2021,0
204,170,57,IL,250/500,2000,818.4162729282716,1000000,MALE,Masters,Exec-managerial,Chess,other-relative,97106.58321072983,52479.80137199302,Multi-vehicle Collision,Side Collision,Minor Damage,Police,OH,Springfield,10,2,NO,0,1,YES,19788.702148990866,7822.823393040341,11047.548965984273,27351.962639609003,Saab,2017,0
205,28,45,TX,100/300,1000,1280.2022716770273,2000000,FEMALE,JD,Prof-specialty,Chess,unmarried,12760.230831514142,59634.0765110103,Vehicle Theft,Front Collision,Total Loss,Ambulance,WV,Columbus,2,2,YES,1,3,Unknown,34048.1611309438,6045.40390567005,25770.008488301115,44892.10071585063,Audi,2016,0
206,35,50,FL,100/300,500,1212.0816906923194,0,MALE,College,Craft-repair,Camping,other-relative,17507.7945180508,63234.10407329082,Vehicle Theft,Front Collision,Total Loss,Ambulance,PA,Columbus,3,4,NO,2,0,NO,83011.6374147837,17.842741279722183,15125.960953876747,45461.43058362641,Mercedes,2005,1
207,12,65,FL,100/300,1000,887.588971805555,0,MALE,PhD,Prof-specialty,Movies,unmarried,16723.37833660754,74567.40420237783,Vehicle Theft,Rear Collision,Trivial Damage,Police,WV,Springfield,5,2,YES,2,3,NO,38132.659999857,28908.94536239512,6240.212923650217,70692.32136522354,Dodge,2004,0
208,159,58,FL,500/1000,1000,1727.8898455596618,0,MALE,Masters,Prof-specialty,Movies,unmarried,58600.59530346195,29493.148776120994,Vehicle Theft,Rear Collision,Trivial Damage,Police,OH,Riverwood,11,3,Unknown,1,2,NO,75728.0916196226,13227.854079889446,18384.545643332513,11203.0571071963,Ford,2002,0
209,326,30,TX,250/500,500,1849.4008921448537,0,MALE,JD,Exec-managerial,Exercise,own-child,91754.10815966359,62260.77218524555,Single Vehicle Collision,Front Collision,Major Damage,Ambulance,PA,Riverwood,20,4,NO,3,1,NO,45646.40035342323,392.0931917662207,8559.705788098838,7536.492134167234,Chevrolet,2003,0
210,186,60,FL,500/1000,2000,1672.8988696823133,0,FEMALE,College,Craft-repair,Camping,unmarried,25511.138716643833,18813.912080632268,Parked Car,Unknown,Trivial Damage,Fire,OH,Columbus,3,1,Unknown,0,2,Unknown,76183.20963380663,268.157327041445,4414.653965285854,36229.93196816729,Ford,2022,0
211,242,62,NY,250/500,1000,793.0384412729126,0,MALE,Masters,Adm-clerical,Chess,own-child,55303.685345856145,21899.77090545623,Parked Car,Side Collision,Trivial Damage,Ambulance,NY,Columbus,11,4,YES,2,0,Unknown,42005.90162575866,8650.577056535853,2595.881141933385,79888.04075195028,Ford,2017,0
212,85,42,FL,100/300,500,630.1229532520723,0,FEMALE,High School,Exec-managerial,Camping,husband,17577.251004746075,6730.888837388127,Multi-vehicle Collision,Unknown,Major Damage,None,OH,Northbrook,3,2,NO,1,0,NO,147011.8501534805,418.13036130355255,7250.92007392326,76988.72981852115,Ford,2000,1
213,283,70,CA,500/1000,2000,1408.1667279580136,0,MALE,PhD,Exec-managerial,Camping,other-relative,63113.689620779856,74700.05861387303,Single Vehicle Collision,Rear Collision,Minor Damage,Ambulance,WV,Springfield,1,4,NO,0,3,Unknown,74161.32622072418,11235.43852975645,22096.63926006574,50443.36254439867,Ford,2008,0
214,65,59,TX,100/300,2000,585.6421407648259,0,MALE,JD,Craft-repair,Exercise,own-child,12324.633617951175,50699.2970385584,Vehicle Theft,Front Collision,Total Loss,Ambulance,NY,Northbrook,11,4,YES,1,0,NO,111674.6933991819,1888.1550431684357,25139.976671272278,80000.76632550253,Mercedes,2022,1
215,169,53,CA,250/500,2000,1509.2388328371262,2000000,FEMALE,College,Machine-op-inspct,Movies,not-in-family,49131.076751269786,23818.5705599562,Vehicle Theft,Rear Collision,Total Loss,Ambulance,NY,Columbus,12,4,Unknown,1,0,Unknown,105231.71055528165,1177.5477345092922,25851.625379457648,72500.3894196292,Saab,2018,1
216,44,44,FL,250/500,1000,1295.636330490864,0,MALE,High School,Exec-managerial,Camping,other-relative,65518.181367686746,55623.77257002904,Parked Car,Unknown,Minor Damage,Ambulance,VA,Northbrook,15,4,YES,3,3,NO,73838.626534747,20081.4418222365,8104.44821129831,25086.757462365138,Volkswagen,2003,0
217,61,55,NY,250/500,1000,1494.1785991154952,5000000,MALE,Masters,Prof-specialty,Camping,not-in-family,57912.79167555102,35424.01986337875,Multi-vehicle Collision,Front Collision,Major Damage,Ambulance,WV,Northbrook,3,3,Unknown,0,3,Unknown,36209.878219354825,27205.23868328654,19829.187988360256,15392.554612080125,Dodge,2008,0
218,440,24,IL,100/300,1000,1385.256160474616,1000000,FEMALE,PhD,Prof-specialty,Camping,wife,14000.04827007425,83720.99102892684,Single Vehicle Collision,Front Collision,Minor Damage,Ambulance,WV,Riverwood,7,4,Unknown,2,3,YES,76852.38254797329,12281.597499068379,6910.621797447886,27173.96943780586,Toyota,2002,0
219,133,22,FL,250/500,2000,1134.0538542907593,0,MALE,Masters,Adm-clerical,Reading,not-in-family,16137.337151482934,52814.7880795364,Multi-vehicle Collision,Front Collision,Total Loss,Fire,PA,Springfield,4,2,Unknown,0,3,YES,102305.25774620497,25103.112908277977,18682.86341904721,20517.89727164941,Volkswagen,2000,0
220,283,60,NY,100/300,1000,801.3157702103424,0,FEMALE,Masters,Exec-managerial,Camping,husband,67139.10048249882,2981.0722853826132,Single Vehicle Collision,Side Collision,Minor Damage,Ambulance,OH,Riverwood,13,1,NO,3,0,Unknown,69257.93094920016,877.9638340724139,26616.329791250904,56082.41946001687,BMW,2018,0
221,27,62,TX,500/1000,500,958.5532037157328,0,MALE,College,Adm-clerical,Camping,wife,80890.92960897762,98509.5286339739,Multi-vehicle Collision,Rear Collision,Total Loss,Police,OH,Riverwood,14,3,YES,2,2,Unknown,12747.80355072987,23330.701679105474,1226.8104780624412,52682.43023844105,BMW,2019,0
222,107,74,CA,250/500,1000,1286.7508613284647,1000000,MALE,High School,Exec-managerial,Chess,wife,90807.44025295909,7429.853823593424,Multi-vehicle Collision,Unknown,Total Loss,Ambulance,WV,Northbrook,10,4,NO,0,3,YES,3188.4928189335515,1883.9997696867272,29556.770031762182,53899.52077240508,Dodge,2000,1
223,43,68,CA,250/500,1000,1477.8021404714088,0,MALE,JD,Craft-repair,Reading,unmarried,81361.15153461168,69595.81889000698,Vehicle Theft,Side Collision,Major Damage,Fire,OH,Springfield,9,1,YES,3,0,Unknown,49517.582865941855,25153.18269592055,24812.63632375335,17118.387930581248,Audi,2016,0
224,339,48,CA,250/500,2000,1669.2245253267927,5000000,FEMALE,College,Exec-managerial,Camping,not-in-family,97392.38788871947,43725.58392026104,Parked Car,Unknown,Total Loss,None,WV,Columbus,9,3,Unknown,2,0,NO,22958.47695095013,26470.99034616192,22849.863488810952,71288.45900235184,Dodge,1996,1
225,285,40,TX,500/1000,1000,1650.7560776735913,0,MALE,PhD,Machine-op-inspct,Camping,unmarried,40825.18041651354,24931.780652009627,Vehicle Theft,Side Collision,Total Loss,Police,NY,Springfield,23,2,NO,2,0,Unknown,135975.44176593635,23579.215271469428,20740.886811353732,39082.984910482555,Ford,2019,0
226,445,59,NY,250/500,500,1959.033114891628,1000000,MALE,Masters,Prof-specialty,Exercise,not-in-family,33116.57542220343,67645.8234462903,Parked Car,Front Collision,Major Damage,Ambulance,OH,Riverwood,5,2,NO,1,0,Unknown,26786.984177696268,24622.470732338672,23108.216667416353,42573.42764095131,BMW,2018,0
227,330,27,TX,100/300,2000,928.7621729951142,1000000,MALE,PhD,Craft-repair,Exercise,wife,2818.4052345116893,12589.7353704987,Multi-vehicle Collision,Side Collision,Major Damage,Ambulance,OH,Northbrook,15,1,NO,1,0,YES,59445.265744729135,16844.53698996957,29837.860681216378,89726.86997439044,Saab,1999,0
228,127,49,CA,100/300,500,606.6660623201552,0,MALE,College,Prof-specialty,Reading,unmarried,44989.585598809346,85824.66984564917,Single Vehicle Collision,Rear Collision,Total Loss,Police,WV,Columbus,20,4,Unknown,3,3,YES,106955.58805468646,7946.548277479558,23105.73891337622,25476.23355805106,Audi,2020,1
229,347,60,FL,250/500,2000,1018.4854033127889,0,MALE,College,Adm-clerical,Chess,other-relative,65137.15524132325,25061.198591313216,Vehicle Theft,Rear Collision,Minor Damage,Ambulance,WV,Riverwood,3,1,YES,2,3,Unknown,122405.53817240111,19296.930079829,10548.02354004981,35533.00656928321,Toyota,1997,0
230,472,70,IL,250/500,2000,1614.941712836115,0,MALE,JD,Craft-repair,Reading,not-in-family,81540.86413224756,36145.36583839673,Single Vehicle Collision,Unknown,Minor Damage,Fire,PA,Northbrook,8,3,Unknown,0,1,NO,71918.11640013057,13186.249472290841,18417.655588005095,60914.04239057745,Saab,2019,0
231,230,47,TX,500/1000,1000,1157.1674765499429,0,MALE,Masters,Machine-op-inspct,Reading,not-in-family,26745.53827743703,63264.363630419626,Vehicle Theft,Front Collision,Major Damage,Ambulance,OH,Riverwood,9,1,NO,2,1,Unknown,27579.683936454625,160.0968275713799,10107.690484795074,79249.1305151027,BMW,2005,0
232,189,56,TX,500/1000,500,1726.6826458841292,0,MALE,College,Prof-specialty,Exercise,unmarried,51359.12763692905,102.9315565366673,Vehicle Theft,Front Collision,Total Loss,None,VA,Northbrook,4,1,NO,3,3,NO,40998.83592459003,14304.771193045051,29101.963297700124,11497.6125008944,Toyota,2020,1
233,224,48,NY,500/1000,2000,1323.9895477790224,2000000,MALE,PhD,Exec-managerial,Exercise,not-in-family,66200.95646140465,47274.861438886706,Vehicle Theft,Unknown,Minor Damage,Fire,WV,Springfield,9,4,Unknown,0,3,NO,63135.7829223515,19535.637736516364,27004.191984771012,66180.61799780204,Ford,2023,0
234,384,35,NY,250/500,1000,1894.6875839457546,0,FEMALE,JD,Exec-managerial,Chess,wife,55160.286598409395,89424.89215016713,Single Vehicle Collision,Rear Collision,Minor Damage,Ambulance,VA,Riverwood,15,2,NO,2,3,Unknown,55006.891104174654,416.50979073962316,17028.606823884853,82653.419287,Ford,2001,0
235,376,53,TX,500/1000,2000,1921.7951629986032,5000000,MALE,PhD,Exec-managerial,Camping,unmarried,27402.071740240775,68041.56412736363,Vehicle Theft,Rear Collision,Major Damage,None,NY,Springfield,10,4,NO,0,2,NO,52626.57719686365,18640.81008324473,23438.212634803473,38120.92274707553,Toyota,2023,0
236,282,19,CA,500/1000,2000,603.9567590281231,1000000,FEMALE,Masters,Craft-repair,Chess,unmarried,79628.24382950623,38790.03649386345,Vehicle Theft,Unknown,Total Loss,Police,NY,Springfield,5,2,YES,1,3,YES,20212.14336262131,19575.95718650569,27290.608289152915,25876.750371723225,Dodge,2003,0
237,445,31,IL,100/300,2000,1184.6201595686366,0,FEMALE,JD,Machine-op-inspct,Camping,own-child,17336.101247193368,66042.44281443521,Vehicle Theft,Front Collision,Total Loss,Fire,VA,Northbrook,6,4,YES,0,0,NO,137039.882699557,4743.227347166903,7308.007909696778,61028.569495066855,Dodge,2007,0
238,120,30,NY,500/1000,2000,1414.5335918743522,2000000,FEMALE,JD,Machine-op-inspct,Movies,own-child,90497.9833786364,93656.94249033397,Single Vehicle Collision,Unknown,Total Loss,Ambulance,NY,Columbus,11,2,YES,1,2,NO,4948.612659448399,12932.225554695286,17384.455707864137,22222.021246322405,Saab,2010,1
239,115,46,CA,100/300,2000,883.8088112183192,0,MALE,JD,Machine-op-inspct,Exercise,wife,95259.67490548112,18780.531683598332,Vehicle Theft,Unknown,Minor Damage,Ambulance,VA,Springfield,12,4,YES,0,2,NO,66280.3181174248,28929.978026673976,14451.489577576449,34647.64821460102,Volkswagen,2017,0
240,460,29,FL,100/300,2000,1110.6151690684703,2000000,FEMALE,High School,Prof-specialty,Movies,other-relative,36557.32620752621,53180.80088386673,Single Vehicle Collision,Side Collision,Total Loss,Police,PA,Riverwood,16,2,YES,1,0,YES,147058.06312921146,26525.676833993475,23147.740645288242,80732.51233067327,Mercedes,2006,1
241,232,56,NY,500/1000,1000,1516.5223116765474,0,FEMALE,JD,Craft-repair,Movies,not-in-family,37618.17904859518,23473.75812130953,Parked Car,Unknown,Total Loss,Police,PA,Riverwood,8,2,YES,3,0,YES,99128.72885420326,12324.642685747582,11372.47564001486,53170.89647796483,Dodge,2002,1
242,258,19,CA,100/300,2000,840.1013403475422,0,FEMALE,PhD,Exec-managerial,Exercise,husband,74327.82589171942,85422.46391707045,Vehicle Theft,Rear Collision,Total Loss,Fire,NY,Northbrook,7,2,NO,0,1,Unknown,53633.89422809595,10495.388040724665,21269.38919124575,8638.456267326002,Toyota,2008,0
243,358,49,CA,250/500,500,1402.9720294616786,0,MALE,PhD,Prof-specialty,Movies,not-in-family,45628.85985520006,72105.02516015632,Multi-vehicle Collision,Unknown,Major Damage,Fire,VA,Springfield,15,2,NO,2,0,NO,22341.588875748897,3722.4204293056796,12089.792670352133,29739.808077028745,Volkswagen,2020,0
244,197,30,IL,250/500,1000,1546.1717422464592,0,FEMALE,Masters,Machine-op-inspct,Reading,husband,2861.0143599235194,80107.59202494938,Parked Car,Front Collision,Total Loss,Fire,VA,Columbus,20,4,YES,3,3,YES,144598.95454404125,1055.6725362047937,3332.245939335127,56491.13834405211,Audi,2008,1
245,455,63,IL,500/1000,500,635.7444666438001,0,MALE,College,Exec-managerial,Camping,wife,91987.6727675241,94301.18524931661,Single Vehicle Collision,Front Collision,Major Damage,Ambulance,VA,Columbus,2,3,Unknown,3,3,NO,2590.9611000358836,8923.883323262362,3213.6429482495164,43386.63758020554,Volkswagen,1999,0
246,410,44,FL,250/500,2000,1246.2939740411791,0,FEMALE,College,Craft-repair,Chess,other-relative,43075.03419657628,23230.87763821816,Multi-vehicle Collision,Rear Collision,Minor Damage,Ambulance,NY,Riverwood,4,2,YES,0,1,NO,102367.44180666495,28208.50041246715,3571.689736595621,59464.504575968,Toyota,2020,1
247,136,66,CA,100/300,500,894.6200448862862,0,FEMALE,High School,Adm-clerical,Exercise,other-relative,20349.51005403113,4871.917151574789,Single Vehicle Collision,Front Collision,Minor Damage,Fire,VA,Northbrook,20,2,NO,3,2,Unknown,132080.55198107642,28758.40354001002,975.596277964853,68553.58344946262,Saab,2004,0
248,317,58,CA,250/500,2000,1586.5795339970668,2000000,MALE,JD,Machine-op-inspct,Reading,other-relative,55566.407314878605,29090.37201689264,Single Vehicle Collision,Unknown,Minor Damage,Ambulance,WV,Springfield,22,2,Unknown,1,2,NO,4261.493237993209,24375.580217288287,15989.195147903161,43307.299306403256,Saab,2016,0
249,164,34,IL,500/1000,2000,784.3332628054106,0,MALE,High School,Machine-op-inspct,Chess,own-child,21890.616259131657,39913.930862827016,Vehicle Theft,Rear Collision,Total Loss,Police,VA,Riverwood,12,2,Unknown,1,1,YES,108913.64218152993,10524.744405595786,20157.080459512046,88826.95659854426,Volkswagen,2022,0
250,224,57,NY,500/1000,1000,1838.3568733071595,0,FEMALE,Masters,Machine-op-inspct,Chess,wife,20602.199968160785,62515.98066728664,Multi-vehicle Collision,Front Collision,Total Loss,None,WV,Northbrook,17,2,Unknown,0,3,Unknown,149826.24530758287,4308.792986463336,3801.8520547706867,82329.18142308365,Toyota,2018,1
251,306,48,NY,100/300,1000,1146.4120047774904,0,FEMALE,Masters,Machine-op-inspct,Chess,husband,54573.132739063265,79770.45624757104,Single Vehicle Collision,Unknown,Total Loss,Ambulance,PA,Columbus,20,1,NO,3,1,Unknown,96126.54905171573,17866.004268170378,18355.74000664836,5485.675805572201,Mercedes,2008,1
252,233,51,TX,500/1000,2000,797.0045454613303,1000000,FEMALE,College,Exec-managerial,Movies,other-relative,39104.22921894691,34980.32880468829,Parked Car,Front Collision,Major Damage,Fire,WV,Riverwood,15,1,Unknown,2,3,NO,62494.50270258811,19395.150216185444,17932.20234773736,24052.159283744626,Audi,2017,0
253,171,41,IL,250/500,1000,1157.032694525494,5000000,MALE,Masters,Craft-repair,Movies,wife,57299.32782532223,47349.69867369291,Vehicle Theft,Side Collision,Trivial Damage,Ambulance,PA,Northbrook,13,2,NO,0,3,NO,131222.90754376416,12737.207077368123,4412.8215419058715,27118.861756649585,Toyota,2011,0
254,151,62,TX,500/1000,500,1113.1156442127917,0,MALE,JD,Prof-specialty,Movies,not-in-family,99682.54368112404,78546.72659861919,Parked Car,Front Collision,Minor Damage,Police,NY,Columbus,10,2,NO,0,0,YES,83349.79734018292,20749.403866759207,12122.477998837898,16667.70306463395,Audi,2020,0
255,462,52,IL,100/300,1000,1143.3784392405655,0,FEMALE,PhD,Exec-managerial,Movies,husband,85901.81543707683,22532.872632877534,Parked Car,Rear Collision,Minor Damage,Fire,PA,Northbrook,17,2,YES,3,1,NO,112541.40659509604,22400.45656955206,22654.07129312952,28150.283624238175,Saab,1998,1
256,314,65,FL,500/1000,1000,1378.3419402461705,0,FEMALE,Masters,Craft-repair,Reading,own-child,767.0799289788755,21713.192793843184,Vehicle Theft,Unknown,Minor Damage,None,PA,Riverwood,7,3,NO,1,1,YES,88372.95927686649,23491.849907243402,502.680766560345,38291.37490089788,Dodge,2023,0
257,373,23,CA,250/500,500,1281.7605873703064,0,MALE,High School,Prof-specialty,Movies,unmarried,5055.570953738975,58923.29898300337,Single Vehicle Collision,Unknown,Major Damage,Fire,VA,Springfield,11,4,Unknown,3,3,NO,6224.518326948415,15068.943340725216,4408.436516951646,4734.433011421952,Mercedes,2018,0
258,159,36,FL,100/300,1000,724.665697521354,2000000,MALE,JD,Machine-op-inspct,Exercise,husband,61007.94401312446,43605.683051786706,Parked Car,Rear Collision,Minor Damage,Fire,OH,Northbrook,18,2,NO,2,3,YES,32365.17573669946,23749.223326792002,29874.851229742337,11544.291228304062,BMW,2009,0
259,95,47,IL,250/500,2000,598.3686089699545,0,FEMALE,Masters,Craft-repair,Chess,not-in-family,62625.608113229806,94889.68030354352,Single Vehicle Collision,Side Collision,Total Loss,Fire,PA,Springfield,19,3,NO,2,0,NO,12275.154311019065,764.2927880837036,22006.346914471786,8752.504503534192,Chevrolet,2005,1
260,471,24,CA,100/300,500,1594.1231730898107,5000000,MALE,Masters,Machine-op-inspct,Reading,husband,87819.08440759934,35703.054298457806,Single Vehicle Collision,Unknown,Total Loss,Ambulance,WV,Riverwood,1,3,YES,2,3,Unknown,16449.820476291832,20412.13100216609,13923.908376577672,4263.892829283887,Mercedes,2003,1
261,232,27,NY,500/1000,2000,1339.5761538924703,0,FEMALE,JD,Craft-repair,Movies,husband,62905.71745218257,75955.5603506833,Vehicle Theft,Rear Collision,Minor Damage,None,NY,Columbus,8,2,YES,2,3,YES,2803.12129141676,7069.018711514395,18894.042362748758,43386.5821251155,Mercedes,2009,0
262,179,58,NY,100/300,500,1038.5011521188956,5000000,MALE,Masters,Adm-clerical,Chess,unmarried,22771.45385157423,58309.274346403574,Parked Car,Front Collision,Minor Damage,Police,WV,Northbrook,21,4,NO,0,2,Unknown,63464.16436261587,8115.608750629597,25386.629117954235,30108.89718203044,BMW,2016,0
263,112,49,TX,100/300,2000,1712.5367337471107,0,FEMALE,PhD,Machine-op-inspct,Reading,other-relative,46851.62277036509,5457.609194967627,Parked Car,Side Collision,Total Loss,Ambulance,NY,Columbus,8,1,NO,2,1,Unknown,27208.418947247683,2739.0511982019693,25269.1375666091,84196.70594550905,Audi,2021,0
264,317,51,IL,500/1000,2000,1082.0877113914353,2000000,FEMALE,College,Machine-op-inspct,Chess,not-in-family,80898.54006711885,8438.554800944841,Vehicle Theft,Rear Collision,Minor Damage,None,WV,Springfield,13,2,NO,2,0,Unknown,128426.62981384878,5771.767907795379,9741.043063836214,9338.172136212228,BMW,2014,0
265,496,45,IL,250/500,1000,1693.9476344009113,2000000,FEMALE,JD,Machine-op-inspct,Reading,unmarried,92282.49645983714,20315.648818999023,Single Vehicle Collision,Front Collision,Minor Damage,None,PA,Springfield,14,2,YES,2,0,Unknown,112630.61186232873,29760.246990060088,14738.742676356722,83350.57668263694,Chevrolet,1996,0
266,441,32,NY,500/1000,2000,958.6341912685621,5000000,MALE,High School,Exec-managerial,Camping,husband,23691.511896670912,14315.262284902597,Single Vehicle Collision,Unknown,Total Loss,Ambulance,OH,Columbus,10,1,YES,3,3,YES,86189.96072491666,12461.703916904258,19141.65289495931,7880.4510042113825,Audi,2022,1
267,51,47,FL,100/300,1000,609.2679463177997,0,FEMALE,Masters,Prof-specialty,Reading,not-in-family,53960.473501332584,32937.14896444426,Vehicle Theft,Unknown,Total Loss,Fire,PA,Riverwood,12,4,Unknown,1,1,NO,73608.69112988412,27832.961960660563,2156.9074954381217,55767.63945973871,Mercedes,2019,1
268,267,54,CA,500/1000,500,1898.9595406998935,0,FEMALE,College,Machine-op-inspct,Movies,own-child,15892.755017040272,57898.89159986902,Single Vehicle Collision,Side Collision,Minor Damage,None,VA,Springfield,23,1,Unknown,1,2,Unknown,38752.361766108384,4886.985845783942,28373.897981722566,22370.957330131198,BMW,1995,0
269,294,46,FL,100/300,2000,1091.8266939220598,0,MALE,High School,Machine-op-inspct,Chess,husband,49699.969892756926,60236.25430073863,Single Vehicle Collision,Front Collision,Total Loss,Police,WV,Riverwood,4,2,Unknown,1,0,NO,71505.24414831033,6121.765262955586,12982.25476987119,74429.82761979934,Toyota,2015,0
270,385,39,FL,500/1000,2000,1689.038859274067,0,FEMALE,High School,Exec-managerial,Chess,own-child,9011.412074950109,58776.77851627399,Parked Car,Rear Collision,Minor Damage,Ambulance,OH,Columbus,5,2,Unknown,2,3,YES,96363.77674172941,16734.400614452137,11125.869817737806,5626.586950893291,Dodge,2018,0
271,386,21,NY,500/1000,500,918.7161998334567,0,FEMALE,PhD,Exec-managerial,Chess,wife,94172.80699504742,11760.863463315407,Single Vehicle Collision,Unknown,Total Loss,None,WV,Riverwood,22,3,YES,3,1,NO,117443.21459881993,10485.976226372475,27213.010843494776,85730.48320368932,Chevrolet,2014,1
272,112,37,NY,250/500,500,1469.5476681854839,0,FEMALE,College,Adm-clerical,Exercise,own-child,63805.64582826155,60022.541086049605,Single Vehicle Collision,Rear Collision,Major Damage,Police,VA,Springfield,4,1,YES,0,2,YES,12711.468905809214,19317.456257243884,3548.5994625931407,4348.422309927723,Toyota,2011,0
273,100,49,NY,100/300,2000,1809.9663098865924,0,MALE,JD,Craft-repair,Exercise,husband,85421.67417136772,40974.6886857385,Single Vehicle Collision,Rear Collision,Major Damage,Police,VA,Columbus,0,3,NO,3,1,NO,106415.47096745973,12661.39727161291,1177.8239216132558,21776.082820289914,Audi,1998,1
274,112,53,TX,250/500,500,562.4660335099704,0,MALE,College,Machine-op-inspct,Movies,unmarried,99829.51741819063,90305.2665252727,Single Vehicle Collision,Rear Collision,Total Loss,Police,VA,Riverwood,17,3,Unknown,0,0,YES,111538.11657581215,24347.91712396386,20550.072369008216,41830.206873458366,Ford,1999,1
275,439,67,FL,100/300,1000,1745.953647029134,0,MALE,College,Craft-repair,Camping,husband,18266.599470537825,91198.41961076944,Vehicle Theft,Side Collision,Total Loss,Police,PA,Riverwood,22,3,NO,3,3,YES,84066.34403826603,12946.77213513251,11550.089043153124,68069.60400230276,Mercedes,1999,1
276,80,21,IL,500/1000,500,1356.9995074578928,0,MALE,High School,Exec-managerial,Exercise,husband,69414.34149596487,76817.38266838394,Vehicle Theft,Rear Collision,Major Damage,Ambulance,PA,Northbrook,23,3,NO,1,3,NO,32540.719757628583,17170.47547314792,22934.274264903175,85605.03330714887,Volkswagen,2022,0
277,186,44,CA,100/300,500,1411.2076308628539,0,FEMALE,PhD,Exec-managerial,Reading,wife,88698.6293506858,70310.71510992241,Vehicle Theft,Side Collision,Minor Damage,Police,OH,Springfield,7,1,YES,1,0,Unknown,81108.09583142567,9632.196000711863,2056.338345802665,38581.0145733644,Audi,2008,0
278,112,34,TX,250/500,2000,1284.737001208974,0,MALE,PhD,Adm-clerical,Movies,other-relative,57593.816741179005,11495.271731747303,Single Vehicle Collision,Side Collision,Total Loss,Ambulance,VA,Northbrook,16,1,NO,2,0,Unknown,75654.3798313889,21121.229623159623,11512.71430606159,68182.17743422676,Mercedes,1995,1
279,1,29,IL,250/500,1000,1811.7126549254635,0,MALE,College,Prof-specialty,Camping,husband,63969.637836656104,8469.42115866972,Vehicle Theft,Front Collision,Major Damage,Police,PA,Riverwood,22,1,NO,1,1,NO,71618.65940982602,19642.02626897142,7059.756361383367,65471.91364462696,Saab,1996,0
280,129,39,FL,250/500,500,565.1500358534562,0,MALE,College,Exec-managerial,Reading,wife,40767.10895171374,84083.36909140859,Multi-vehicle Collision,Unknown,Total Loss,Police,NY,Springfield,10,2,YES,1,0,Unknown,69365.66736234401,11910.030983221732,22188.195988397918,51448.0836866525,Chevrolet,2016,1
281,219,34,NY,100/300,1000,891.5425873037722,2000000,FEMALE,Masters,Machine-op-inspct,Chess,unmarried,67476.0833716514,42701.581645745515,Multi-vehicle Collision,Rear Collision,Total Loss,Ambulance,NY,Columbus,10,4,YES,1,1,Unknown,17068.422160582202,8280.963083717896,6815.103312821144,62213.633931463686,Saab,2004,0
282,53,27,FL,250/500,1000,1813.643808288733,5000000,FEMALE,High School,Adm-clerical,Exercise,wife,39557.79146961238,45136.22752009461,Multi-vehicle Collision,Front Collision,Total Loss,Fire,PA,Columbus,2,3,YES,3,3,YES,27842.42648617603,18423.13124460897,13738.360043230645,3522.194807649392,Saab,1999,0
283,342,71,CA,250/500,1000,1628.518553797934,5000000,FEMALE,JD,Prof-specialty,Reading,wife,47661.96381514484,84779.30900130305,Parked Car,Front Collision,Minor Damage,None,OH,Columbus,7,2,YES,1,2,NO,15051.147223475678,28294.54947633023,24566.326534101358,39797.80834068647,Ford,2003,0
284,484,18,TX,250/500,2000,526.4677402679088,2000000,MALE,JD,Adm-clerical,Camping,own-child,10291.174262282488,62143.09590607883,Single Vehicle Collision,Front Collision,Total Loss,None,WV,Riverwood,7,1,Unknown,0,3,Unknown,36750.43523636367,3979.2907207980466,27461.716063934087,70748.87639599673,Toyota,2007,0
285,223,39,TX,500/1000,500,1275.5094248145629,0,FEMALE,PhD,Exec-managerial,Movies,other-relative,780.8400180381648,17940.72409021057,Parked Car,Front Collision,Minor Damage,Ambulance,VA,Riverwood,23,1,Unknown,2,3,Unknown,39889.77901823561,23973.498550366814,21678.17380997333,42732.48093574551,Dodge,2017,0
286,224,43,CA,500/1000,2000,1294.3590210690122,0,FEMALE,High School,Prof-specialty,Reading,other-relative,5515.112413894685,21101.322898736053,Vehicle Theft,Front Collision,Minor Damage,Police,PA,Columbus,20,2,Unknown,3,2,Unknown,37138.84129321029,16289.75318424272,12876.85234598861,78628.06212200267,Toyota,2023,0
287,384,73,IL,100/300,500,1101.3232026918656,0,MALE,PhD,Craft-repair,Movies,not-in-family,19252.16409376017,637.7169034834762,Single Vehicle Collision,Rear Collision,Minor Damage,Ambulance,OH,Northbrook,20,3,NO,0,2,NO,32033.895693747712,15766.790855215775,17159.576242281993,75044.04510316745,Ford,2015,0
288,402,35,IL,100/300,500,946.0899980929846,0,FEMALE,JD,Prof-specialty,Chess,unmarried,45660.381959506536,71067.00939415647,Multi-vehicle Collision,Front Collision,Total Loss,Police,WV,Northbrook,2,1,Unknown,3,2,Unknown,110445.59579997596,28850.524427279375,20690.698414574817,77723.79811249567,Volkswagen,2007,0
289,125,67,TX,250/500,2000,1522.587275618513,0,MALE,College,Machine-op-inspct,Camping,not-in-family,2099.4070851453885,48561.16584944851,Single Vehicle Collision,Unknown,Minor Damage,Ambulance,OH,Springfield,21,3,YES,1,3,Unknown,122875.52723991862,18176.243927056705,26247.978797223543,11786.70203797513,Toyota,2022,1
290,129,31,TX,500/1000,1000,811.6856970571307,0,MALE,High School,Craft-repair,Camping,wife,15593.66391542325,94996.39128370317,Parked Car,Side Collision,Total Loss,None,WV,Springfield,9,3,Unknown,3,0,Unknown,49402.82787759919,24915.53483245554,26657.21954280875,22048.287098489738,Saab,2022,0
291,52,64,NY,250/500,1000,1698.4228431075592,0,FEMALE,High School,Craft-repair,Exercise,unmarried,78144.46038844385,71401.2801248268,Vehicle Theft,Side Collision,Total Loss,Ambulance,NY,Columbus,18,4,YES,3,3,YES,46116.76930682511,15434.317466270897,27929.084744650412,2760.7948617705183,Saab,2003,0
292,171,46,IL,250/500,500,1704.5557411512077,0,MALE,Masters,Machine-op-inspct,Camping,unmarried,76216.6558262047,10315.266076656671,Vehicle Theft,Unknown,Minor Damage,None,WV,Riverwood,13,1,Unknown,2,0,NO,126682.83628799993,7495.60101765268,24321.332967221468,88453.78534498866,Toyota,2008,1
293,217,29,CA,500/1000,2000,1122.8921563592307,1000000,MALE,College,Craft-repair,Reading,other-relative,78973.02916754999,16154.14599392695,Parked Car,Rear Collision,Minor Damage,None,NY,Riverwood,17,2,Unknown,3,1,Unknown,93776.62329903575,20834.708143743286,4403.938078250004,21328.818733566903,BMW,2011,0
294,159,53,IL,500/1000,1000,925.3220163644714,0,MALE,College,Exec-managerial,Reading,other-relative,92154.09431967739,50172.464678332595,Single Vehicle Collision,Side Collision,Minor Damage,None,VA,Springfield,22,4,YES,3,3,YES,44369.0295559641,27695.30713332012,22429.18600158729,33101.69076995358,Audi,1997,0
295,197,52,NY,500/1000,1000,925.8172723860698,0,MALE,PhD,Prof-specialty,Reading,other-relative,11907.100073451915,92487.41686627326,Parked Car,Unknown,Total Loss,Ambulance,PA,Columbus,2,3,YES,2,2,NO,107185.03774169405,25236.902868302266,24437.77120689653,24815.88760583641,Volkswagen,2012,1
296,415,69,TX,100/300,500,1223.4369859943151,0,MALE,High School,Prof-specialty,Chess,husband,16313.987622788296,24725.108988378153,Vehicle Theft,Unknown,Minor Damage,Fire,NY,Springfield,19,2,NO,3,3,YES,52016.62512985852,5950.908187202539,26336.142830291512,3677.4466938030173,BMW,2006,0
297,246,29,TX,100/300,500,1579.3688371240382,0,MALE,PhD,Machine-op-inspct,Camping,wife,33355.36146013144,82558.02019124392,Multi-vehicle Collision,Front Collision,Total Loss,Ambulance,OH,Northbrook,13,4,NO,3,3,YES,88190.06434415487,9506.673571864507,27744.506838534777,23587.095063948753,BMW,2017,1
298,323,24,NY,250/500,2000,1038.3030364907881,0,FEMALE,College,Exec-managerial,Camping,unmarried,91514.11989809097,31227.242013567513,Vehicle Theft,Side Collision,Total Loss,Ambulance,WV,Columbus,10,4,NO,0,2,NO,148898.78748317633,15506.42021921033,15274.794405553423,8927.790392072882,Audi,2003,1
299,438,46,CA,100/300,500,1415.0650181866272,2000000,MALE,Masters,Craft-repair,Reading,wife,77547.7743005945,26989.718955577813,Vehicle Theft,Front Collision,Total Loss,Fire,OH,Columbus,9,4,Unknown,0,1,Unknown,45588.35909479697,17148.098857081957,19652.780853729313,35546.04946597416,Chevrolet,2010,0
300,202,28,TX,500/1000,1000,1073.7266908738916,0,MALE,High School,Prof-specialty,Exercise,unmarried,32412.127233231968,90139.27493304957,Single Vehicle Collision,Rear Collision,Major Damage,Fire,NY,Columbus,23,3,Unknown,3,1,Unknown,139613.63710589582,5814.423433755847,286.58329850907216,87017.48823847613,Audi,2007,0
301,183,50,FL,500/1000,1000,956.7847837270749,0,MALE,College,Prof-specialty,Exercise,unmarried,8763.581778273488,4724.1592072652775,Multi-vehicle Collision,Side Collision,Total Loss,None,OH,Northbrook,13,3,YES,3,1,YES,48437.53593556237,6900.370200454937,17183.50703077302,62873.78724853722,Volkswagen,2022,0
302,122,23,TX,100/300,1000,537.2892738736913,0,MALE,Masters,Prof-specialty,Camping,not-in-family,61638.002614883415,66074.10387338439,Vehicle Theft,Side Collision,Total Loss,Police,WV,Columbus,0,1,YES,1,1,NO,81272.8623040361,22764.932071063093,14195.95143221819,63650.38100372853,Dodge,2012,1
303,400,64,FL,250/500,1000,505.871158603086,0,FEMALE,JD,Prof-specialty,Camping,unmarried,25681.916580565234,4316.751428122312,Multi-vehicle Collision,Unknown,Major Damage,Police,PA,Springfield,15,4,NO,0,3,NO,69267.57654505648,21909.522501448275,28869.18134084398,40840.51640288385,Chevrolet,2006,0
304,254,32,NY,250/500,2000,840.8115167480066,1000000,FEMALE,College,Adm-clerical,Movies,unmarried,53115.25659685531,80076.37865715582,Parked Car,Side Collision,Minor Damage,None,OH,Northbrook,5,2,YES,1,3,Unknown,117582.35457041845,25176.264438866732,27051.278958081813,73036.23056098135,Toyota,2016,1
305,293,49,NY,100/300,2000,1109.609430201493,0,MALE,JD,Machine-op-inspct,Camping,own-child,94180.3359600977,82940.43549555066,Single Vehicle Collision,Rear Collision,Trivial Damage,Ambulance,VA,Riverwood,17,3,Unknown,3,2,YES,9633.358572558223,27987.894218406935,23928.11788300157,81754.74660588853,Dodge,1996,0
306,279,68,TX,250/500,500,1776.8917510430904,1000000,FEMALE,PhD,Craft-repair,Reading,own-child,57261.72453143344,89335.6574659651,Multi-vehicle Collision,Rear Collision,Trivial Damage,Police,WV,Springfield,15,4,YES,1,0,Unknown,94254.78445826525,9247.833567080752,1709.8255356080017,86543.3455469355,Dodge,2013,0
307,324,28,IL,250/500,500,1697.726364395638,2000000,MALE,JD,Craft-repair,Chess,not-in-family,92383.44364233641,18609.00615940604,Multi-vehicle Collision,Side Collision,Minor Damage,Ambulance,WV,Springfield,18,2,YES,1,2,NO,114219.70818014901,25787.84869711738,12060.865268499998,8999.221024903029,Volkswagen,1995,1
308,371,40,FL,250/500,500,900.7478938819849,2000000,MALE,College,Machine-op-inspct,Camping,husband,39303.87859948754,12449.815592640045,Single Vehicle Collision,Unknown,Major Damage,Fire,VA,Springfield,15,3,YES,2,1,NO,71085.65528162682,19980.35373828559,20881.266665836803,79179.99637731836,Ford,2000,0
309,97,43,CA,500/1000,2000,866.810664476449,0,MALE,JD,Exec-managerial,Camping,other-relative,63335.13372887707,50353.50465581336,Parked Car,Rear Collision,Major Damage,Fire,NY,Northbrook,4,2,YES,2,0,Unknown,16241.244677401903,28733.112716753985,889.8223069284317,20334.95123346989,Ford,2012,0
310,197,51,TX,500/1000,1000,840.9831066050411,0,MALE,High School,Machine-op-inspct,Reading,unmarried,89388.99739469642,27163.262156005596,Multi-vehicle Collision,Front Collision,Trivial Damage,None,VA,Springfield,11,2,YES,3,2,Unknown,37098.34951597956,8162.224680702477,7074.413752584034,35814.29448897597,Volkswagen,1997,0
311,469,63,CA,100/300,500,1008.8560107933006,0,FEMALE,College,Prof-specialty,Movies,wife,58798.73116091384,60629.74722470652,Single Vehicle Collision,Rear Collision,Total Loss,Ambulance,NY,Northbrook,5,1,NO,0,1,NO,102111.01933007911,8090.145049185768,26625.21570354386,31158.399804611166,BMW,2016,1
312,394,51,TX,500/1000,1000,1247.2980793425281,0,FEMALE,Masters,Prof-specialty,Camping,own-child,61489.86770271042,51374.72905707574,Vehicle Theft,Side Collision,Total Loss,None,PA,Columbus,1,3,NO,3,0,YES,134367.8891322971,21128.8034607818,3893.4230189827267,60794.19060380286,Ford,2000,1
313,239,46,IL,250/500,500,1158.0016580473632,1000000,MALE,JD,Machine-op-inspct,Exercise,other-relative,71630.79820812245,14485.211022542677,Single Vehicle Collision,Front Collision,Minor Damage,Police,NY,Riverwood,15,3,Unknown,0,0,NO,63530.48674657305,27852.32322114829,1541.2051301593256,53853.416167017866,Saab,1998,0
314,143,21,IL,500/1000,500,827.4097981722407,1000000,MALE,High School,Machine-op-inspct,Exercise,husband,88210.7757188253,73927.04938517712,Vehicle Theft,Side Collision,Total Loss,Police,PA,Columbus,20,3,NO,2,1,YES,84281.59924419975,24736.674743593037,17417.572688540076,9908.528241646436,Ford,2011,0
315,96,34,IL,100/300,500,695.6771149154271,1000000,FEMALE,PhD,Craft-repair,Exercise,other-relative,8818.006124085297,80378.43785259304,Multi-vehicle Collision,Side Collision,Minor Damage,Police,PA,Springfield,22,3,YES,0,0,Unknown,34643.56299066588,21811.186733800685,28393.93846283341,70475.75439335505,Volkswagen,2017,0
316,200,52,IL,500/1000,500,518.8667187292931,1000000,FEMALE,PhD,Craft-repair,Chess,unmarried,33685.93821760869,96304.30223942145,Multi-vehicle Collision,Side Collision,Total Loss,Ambulance,VA,Northbrook,10,1,NO,1,2,Unknown,62125.890448512284,11619.27594172165,25038.74219725916,39624.1216219545,Audi,2012,0
317,123,30,NY,250/500,500,730.9448579997558,0,MALE,JD,Adm-clerical,Chess,other-relative,39768.47260806038,39553.88763611394,Multi-vehicle Collision,Unknown,Trivial Damage,None,PA,Northbrook,11,1,Unknown,1,2,YES,50850.07626168848,21533.02004105922,29243.175141628668,299.74371533523833,BMW,2016,0
318,186,58,NY,250/500,1000,1558.0345552911774,0,FEMALE,PhD,Adm-clerical,Camping,unmarried,90970.96653891777,33773.49354815543,Parked Car,Unknown,Minor Damage,None,NY,Columbus,10,4,NO,2,2,NO,98501.06942174278,24032.86729292443,22605.69461088748,37363.84369078873,Dodge,2001,0
319,325,56,FL,100/300,500,865.4578540183744,0,MALE,Masters,Prof-specialty,Camping,not-in-family,95600.79245162015,19226.26560199384,Parked Car,Rear Collision,Major Damage,Police,OH,Springfield,22,3,Unknown,3,0,NO,147712.4932754291,22598.57039371813,13121.093222537147,46518.208659672484,Volkswagen,1996,0
320,463,32,CA,500/1000,1000,1202.9027151822647,2000000,FEMALE,College,Adm-clerical,Camping,own-child,12038.046466512475,18086.50552091986,Vehicle Theft,Side Collision,Minor Damage,None,WV,Riverwood,19,2,Unknown,0,0,YES,122088.86607186009,20304.32394858369,28398.493187696222,6291.834200219811,Ford,2009,0
321,348,72,TX,500/1000,2000,1386.951723384867,1000000,FEMALE,High School,Adm-clerical,Chess,own-child,11910.767978878079,32105.328537998535,Single Vehicle Collision,Front Collision,Minor Damage,Fire,WV,Northbrook,18,1,Unknown,3,1,YES,29228.60544646468,1413.9375507210893,12798.998353599354,13687.05982151652,Mercedes,2016,0
322,258,46,TX,500/1000,500,1830.2613542474107,0,FEMALE,JD,Exec-managerial,Camping,unmarried,93486.17942523623,98181.6702354268,Vehicle Theft,Front Collision,Total Loss,Fire,NY,Northbrook,7,2,YES,0,1,YES,86862.94969936165,19791.44799344426,10502.838490327329,89422.1382170284,Saab,2011,0
323,147,46,NY,250/500,1000,1833.2826475901293,1000000,FEMALE,PhD,Machine-op-inspct,Reading,wife,29577.19013825927,9225.867472415628,Single Vehicle Collision,Front Collision,Minor Damage,Fire,OH,Springfield,17,2,Unknown,2,0,YES,10428.551384786038,14348.839664487312,13445.877533023015,78420.46664182145,Volkswagen,2000,0
324,251,28,TX,100/300,2000,1618.6006005220386,1000000,MALE,College,Craft-repair,Movies,own-child,24181.441903715273,25936.62020774835,Multi-vehicle Collision,Unknown,Trivial Damage,Fire,PA,Northbrook,4,2,NO,1,2,NO,37413.86528297401,28847.078146490567,24419.218631473934,12086.134999263639,Mercedes,2002,0
325,442,69,NY,500/1000,2000,552.7354880727521,2000000,MALE,Masters,Adm-clerical,Exercise,wife,3562.2865754098675,8597.83968750416,Single Vehicle Collision,Unknown,Minor Damage,None,NY,Springfield,11,4,NO,1,0,Unknown,26246.542571028363,18215.69650131213,27530.806495466648,52269.81503269345,Dodge,2002,0
326,419,49,FL,250/500,2000,1362.6056286281223,1000000,FEMALE,PhD,Craft-repair,Exercise,unmarried,27559.593477064904,27363.139273573757,Parked Car,Side Collision,Minor Damage,Fire,PA,Springfield,9,4,NO,0,3,NO,50664.05787709971,18246.817687058978,10730.463298790266,34193.97241983915,Audi,2001,0
327,402,19,CA,250/500,1000,1679.8752062472597,0,MALE,PhD,Adm-clerical,Reading,not-in-family,69352.64272259883,9240.143253070499,Single Vehicle Collision,Front Collision,Minor Damage,Fire,VA,Riverwood,14,3,Unknown,3,2,YES,101982.68837210993,29821.655621092494,13867.423695967875,48982.26274212278,Saab,1998,0
328,345,64,FL,250/500,500,525.9320671450448,0,FEMALE,High School,Adm-clerical,Camping,unmarried,42603.61627395617,50830.886675602815,Single Vehicle Collision,Front Collision,Total Loss,Fire,OH,Springfield,4,1,Unknown,2,3,NO,75159.3008790656,2807.633693427163,26949.81969913149,42401.113901708115,Volkswagen,2014,1
329,450,31,IL,500/1000,500,1324.5269204848673,0,FEMALE,Masters,Prof-specialty,Chess,not-in-family,51687.03516517602,43835.565352031634,Multi-vehicle Collision,Unknown,Minor Damage,Fire,WV,Columbus,16,3,YES,2,1,YES,139969.93434446806,8289.488553010586,1411.3099358600678,4428.588359809053,Mercedes,1999,0
330,146,37,IL,500/1000,1000,1786.646218679044,0,MALE,Masters,Exec-managerial,Camping,own-child,91729.55966148853,17405.033038656315,Multi-vehicle Collision,Unknown,Total Loss,Fire,NY,Riverwood,22,4,Unknown,3,0,YES,32305.951557352048,19682.38316907077,23516.06082341554,28456.285958071396,Volkswagen,2002,0
331,147,39,IL,500/1000,500,1211.1531137634004,0,MALE,JD,Machine-op-inspct,Camping,wife,11468.978267131646,17480.789377518613,Parked Car,Front Collision,Total Loss,Ambulance,WV,Springfield,3,4,NO,1,3,YES,54949.26736496406,9457.08768103124,13626.532747030173,11384.300324328588,Mercedes,2008,0
332,351,28,FL,500/1000,1000,506.1593043461727,0,MALE,High School,Machine-op-inspct,Exercise,unmarried,7124.071524259901,62610.90737193928,Single Vehicle Collision,Front Collision,Minor Damage,Ambulance,PA,Springfield,11,2,YES,3,0,YES,49812.960230474186,10384.504437873657,11295.550531490137,44058.23149693821,Toyota,2014,0
333,198,44,TX,500/1000,500,516.5200375034112,1000000,FEMALE,JD,Prof-specialty,Exercise,own-child,85193.07491238942,38712.13389905432,Single Vehicle Collision,Rear Collision,Minor Damage,Fire,PA,Riverwood,17,3,NO,1,3,NO,35776.56208100952,26779.348193913258,13407.638755105172,81667.77312616094,Dodge,2019,0
334,307,20,CA,500/1000,2000,1124.9540561206259,0,MALE,High School,Prof-specialty,Chess,not-in-family,77485.57974307066,5619.493673325693,Single Vehicle Collision,Unknown,Major Damage,Fire,VA,Northbrook,7,2,YES,0,0,YES,148979.02998437357,17380.617151193896,12560.720265047394,89598.396254002,Chevrolet,1997,1
335,488,34,IL,500/1000,500,732.5130011251318,5000000,MALE,Masters,Machine-op-inspct,Exercise,unmarried,26373.41869450325,92019.2599767068,Multi-vehicle Collision,Side Collision,Total Loss,None,PA,Riverwood,19,4,Unknown,2,2,NO,58390.21904373664,3085.9674841246374,22698.55854563418,84988.35085657418,Saab,2019,0
336,416,61,IL,500/1000,1000,1496.6759856398894,0,MALE,High School,Machine-op-inspct,Camping,not-in-family,32423.412637408288,40495.248580980035,Parked Car,Side Collision,Total Loss,Fire,PA,Northbrook,16,3,YES,0,1,NO,141106.09258468996,9325.877571978655,27838.42566732467,88714.17153523542,Saab,2012,1
337,423,73,IL,500/1000,1000,1563.1988973592308,0,MALE,High School,Exec-managerial,Reading,other-relative,31027.783577566028,59104.755485668815,Single Vehicle Collision,Front Collision,Total Loss,Police,WV,Riverwood,7,3,Unknown,3,2,Unknown,58875.78434102193,2281.7512949825414,14743.67476339736,1470.6437886539306,Volkswagen,2016,0
338,127,45,CA,250/500,2000,766.8196931909429,0,FEMALE,High School,Adm-clerical,Chess,not-in-family,64780.87980219113,88541.19499183736,Single Vehicle Collision,Unknown,Major Damage,Ambulance,WV,Riverwood,12,1,Unknown,3,1,NO,31011.705971728807,16683.898003414357,24982.01357347534,65677.2833621181,Volkswagen,2009,0
339,38,46,IL,500/1000,1000,1832.7999327867274,0,FEMALE,College,Exec-managerial,Reading,other-relative,6121.150698897937,40215.89972736478,Single Vehicle Collision,Side Collision,Major Damage,Fire,NY,Columbus,22,4,NO,0,2,Unknown,18321.346437065316,5198.04589127969,21958.336071367157,24638.09803487061,Mercedes,2015,0
340,337,38,CA,100/300,500,1162.8617674683887,0,FEMALE,College,Machine-op-inspct,Camping,own-child,48940.15852637269,82066.00394112492,Single Vehicle Collision,Unknown,Major Damage,Ambulance,NY,Riverwood,2,4,Unknown,3,1,Unknown,128406.69737973802,25713.454500753185,9920.423566694306,77919.05624639541,Chevrolet,1999,0
341,359,64,IL,250/500,500,714.2688613878856,0,FEMALE,Masters,Adm-clerical,Chess,unmarried,13387.296911274516,91475.22246029499,Parked Car,Front Collision,Minor Damage,Fire,PA,Columbus,2,1,Unknown,3,2,Unknown,5298.597252519196,17319.420793694997,17619.41443579643,73254.64080710142,Mercedes,2009,0
342,128,33,FL,500/1000,2000,1646.3773971040932,0,FEMALE,High School,Machine-op-inspct,Reading,own-child,81973.85409262475,17406.738366337016,Parked Car,Front Collision,Minor Damage,Police,OH,Springfield,6,4,Unknown,3,0,NO,144676.99095672255,1781.2692579328404,20004.470250470837,38188.344371877574,Volkswagen,2021,0
343,266,54,FL,100/300,1000,1684.9617500251593,0,FEMALE,Masters,Exec-managerial,Chess,husband,38066.300430996525,89249.2460003309,Parked Car,Front Collision,Total Loss,Fire,NY,Northbrook,17,2,NO,2,2,Unknown,63019.586161939485,9026.269908729568,704.9811567138909,42646.13469177386,Toyota,2000,0
344,475,37,CA,500/1000,2000,1458.9432089981863,0,FEMALE,College,Exec-managerial,Camping,not-in-family,52757.21932194592,11983.244670637816,Multi-vehicle Collision,Unknown,Major Damage,Ambulance,PA,Northbrook,20,2,Unknown,2,3,YES,37482.46548711139,18490.130017083804,11878.666536727209,23931.741042429247,Toyota,2004,0
345,440,23,FL,100/300,500,1780.1983298038297,1000000,MALE,High School,Exec-managerial,Chess,own-child,2931.7608778785975,27512.7409379333,Single Vehicle Collision,Side Collision,Minor Damage,Ambulance,WV,Columbus,6,2,NO,1,3,NO,92808.19676619669,10064.949545814847,29779.145275423703,26063.482856205144,Dodge,2017,0
346,472,36,CA,100/300,2000,1606.059458046007,0,FEMALE,JD,Adm-clerical,Camping,own-child,5826.4313541052325,80821.14476502365,Single Vehicle Collision,Rear Collision,Total Loss,Ambulance,VA,Northbrook,21,3,YES,2,0,YES,20370.492279509854,15395.300057818671,19117.692812102807,88307.58066010756,Ford,2014,1
347,433,74,FL,100/300,1000,1823.3086058404858,0,FEMALE,College,Craft-repair,Chess,other-relative,67505.48307334661,90068.45482876117,Single Vehicle Collision,Side Collision,Major Damage,None,WV,Northbrook,22,2,NO,0,0,NO,11285.763248170186,27280.86884048207,10027.322078753283,80007.87469144868,Saab,2009,0
348,150,22,FL,100/300,2000,1150.8320727282191,1000000,FEMALE,College,Craft-repair,Chess,not-in-family,76677.0545141332,68413.8788373057,Single Vehicle Collision,Unknown,Total Loss,Ambulance,WV,Riverwood,1,4,NO,0,0,Unknown,124253.61111048027,10501.07911518835,7500.7211820218345,17349.020593136232,Chevrolet,2014,1
349,414,20,CA,250/500,1000,1621.3956921491638,0,FEMALE,College,Machine-op-inspct,Exercise,other-relative,71003.55846022014,10482.584952249274,Vehicle Theft,Side Collision,Minor Damage,Fire,VA,Columbus,6,1,Unknown,2,3,Unknown,63988.28080648635,10076.185874093639,6284.448063022688,24869.66854005747,Chevrolet,2022,0
350,477,18,TX,250/500,1000,1999.6273451435666,2000000,MALE,High School,Adm-clerical,Camping,unmarried,73701.86364578603,52299.22769047526,Parked Car,Rear Collision,Total Loss,Police,WV,Northbrook,1,2,NO,0,2,NO,77979.10935962753,24592.705239380964,12049.242268956225,9867.454576297177,Saab,2003,0
351,297,55,FL,100/300,500,1587.3967962794288,1000000,FEMALE,PhD,Prof-specialty,Movies,own-child,10461.985054932898,57263.41090497714,Vehicle Theft,Side Collision,Minor Damage,Police,NY,Springfield,6,2,YES,3,0,Unknown,26916.0533268222,9562.695687503097,5797.970718228287,88999.48338987425,Toyota,1998,0
352,98,32,IL,500/1000,500,671.2756703556983,1000000,FEMALE,JD,Craft-repair,Chess,not-in-family,69345.08410975411,28185.973000065755,Vehicle Theft,Rear Collision,Minor Damage,Fire,WV,Columbus,13,3,NO,2,2,YES,9682.92455677787,2338.750324211768,4055.585461605845,81658.16556269623,Ford,2002,0
353,262,51,TX,100/300,500,1277.4780836437744,0,MALE,JD,Adm-clerical,Reading,own-child,18174.758268909365,99129.58069003977,Multi-vehicle Collision,Unknown,Minor Damage,None,VA,Riverwood,14,4,Unknown,1,1,YES,55482.53183145109,5428.348627124848,10921.898532808767,49733.60903016703,Saab,2020,0
354,251,52,CA,250/500,1000,1381.021686864542,1000000,FEMALE,Masters,Adm-clerical,Exercise,unmarried,9801.54318767854,33562.79568593973,Multi-vehicle Collision,Front Collision,Major Damage,Fire,PA,Springfield,15,1,YES,1,2,Unknown,76168.86473082336,28464.00752388903,18209.990779373802,62391.0900448466,Ford,2007,0
355,143,66,TX,500/1000,2000,761.3160126070865,1000000,FEMALE,High School,Craft-repair,Exercise,wife,75716.0830454841,21025.476929425924,Single Vehicle Collision,Rear Collision,Major Damage,Ambulance,PA,Northbrook,23,4,Unknown,2,2,NO,114931.87797076517,27998.783777331642,4391.9754625838505,67340.42986919983,Volkswagen,2011,0
356,345,42,NY,250/500,1000,1944.3374512670564,0,FEMALE,College,Adm-clerical,Chess,unmarried,88940.61171015647,11013.602865204886,Vehicle Theft,Unknown,Total Loss,None,PA,Northbrook,7,2,Unknown,0,3,NO,75407.27403520177,6744.362723344434,1330.2982158858024,18422.62934867422,Volkswagen,1998,1
357,111,41,NY,250/500,500,763.3696664519244,0,FEMALE,PhD,Adm-clerical,Movies,other-relative,71670.99074051587,37850.126087313794,Vehicle Theft,Front Collision,Total Loss,Fire,VA,Columbus,15,4,NO,2,2,YES,117484.79914404248,16605.056192960576,1038.9845419107469,84126.50372607105,Mercedes,1996,1
358,499,29,FL,500/1000,500,766.3368795698341,0,FEMALE,High School,Craft-repair,Exercise,other-relative,80557.34528147534,69261.86916460533,Parked Car,Rear Collision,Total Loss,None,VA,Northbrook,20,1,Unknown,2,3,Unknown,17757.200561309925,4121.043012690086,8021.527573079049,47454.16996357334,Saab,2021,1
359,59,35,FL,100/300,2000,1872.7507069618325,1000000,FEMALE,High School,Exec-managerial,Camping,own-child,99108.81551216159,23141.70932924833,Vehicle Theft,Front Collision,Minor Damage,Police,NY,Columbus,6,2,YES,1,1,Unknown,10062.434420570768,20240.328855346073,5703.96871548905,8411.393221288377,Mercedes,2020,0
360,368,32,IL,100/300,500,1197.8081496825066,0,FEMALE,PhD,Machine-op-inspct,Chess,other-relative,13475.591140668452,76954.42174635944,Multi-vehicle Collision,Side Collision,Minor Damage,Fire,VA,Northbrook,10,4,YES,3,3,YES,24249.71413944602,5559.17388029432,16177.66080870457,35797.72644424685,BMW,1999,0
361,1,61,TX,100/300,500,594.7824189117744,1000000,MALE,College,Prof-specialty,Chess,not-in-family,96515.25524330385,13540.12677217271,Vehicle Theft,Unknown,Total Loss,Fire,PA,Springfield,23,1,YES,3,1,NO,115915.81296986491,1493.7126876481188,13671.605611526984,54188.02540027336,Ford,1996,1
362,384,33,NY,100/300,500,1397.281249907793,0,MALE,High School,Machine-op-inspct,Movies,unmarried,60119.78054901025,44046.79309785707,Multi-vehicle Collision,Unknown,Major Damage,Police,VA,Riverwood,3,2,YES,2,1,Unknown,114019.86951038586,24746.904216263978,9742.998430170559,31818.804912856613,Chevrolet,2010,0
363,303,44,FL,500/1000,2000,1402.739522949572,1000000,FEMALE,JD,Exec-managerial,Camping,own-child,81325.31573450204,70237.3740106041,Single Vehicle Collision,Unknown,Trivial Damage,None,OH,Springfield,17,2,NO,1,0,NO,21634.486774340898,9762.01148170877,25006.28502452882,62958.478054889616,Volkswagen,2017,0
364,253,25,TX,500/1000,1000,596.7511380298427,0,MALE,JD,Exec-managerial,Camping,unmarried,65016.918158767,13530.940268763768,Multi-vehicle Collision,Unknown,Total Loss,Police,WV,Riverwood,22,4,YES,1,2,NO,5132.804408476623,3255.6721068029105,15148.409789895793,79396.29323867513,Ford,2020,0
365,139,63,FL,500/1000,500,1958.783743450493,0,FEMALE,PhD,Adm-clerical,Movies,unmarried,57003.77887853492,59784.22099949774,Single Vehicle Collision,Rear Collision,Total Loss,None,NY,Columbus,12,3,NO,2,2,YES,102949.64946371868,25017.118525866757,2745.8997625229754,69493.10198195366,Chevrolet,2017,1
366,452,42,FL,250/500,2000,1316.0449479418635,0,MALE,College,Machine-op-inspct,Reading,own-child,70361.89940216878,79895.25124169055,Parked Car,Side Collision,Total Loss,Fire,PA,Northbrook,16,3,Unknown,2,0,NO,128364.62659482512,22871.92432638445,8872.930622210859,57874.95600674762,Volkswagen,2009,1
367,36,34,NY,500/1000,500,1339.6935832696463,0,FEMALE,PhD,Exec-managerial,Camping,wife,32025.86645129828,59554.88962892066,Single Vehicle Collision,Front Collision,Total Loss,None,PA,Springfield,11,1,Unknown,2,0,YES,113239.10047877223,20512.753512959043,29200.177985897746,46142.957578908696,Saab,2019,0
368,159,46,NY,100/300,2000,1280.1731217535917,0,MALE,High School,Machine-op-inspct,Reading,other-relative,92427.15234919127,51146.39243275175,Vehicle Theft,Unknown,Total Loss,None,OH,Northbrook,17,4,NO,3,2,Unknown,30818.447601954187,27337.461295335877,29309.31962274043,22976.26737233341,Audi,2023,0
369,8,70,FL,250/500,500,1416.09766946693,0,FEMALE,JD,Exec-managerial,Reading,husband,11529.25720557787,83829.95532028406,Multi-vehicle Collision,Unknown,Major Damage,Ambulance,NY,Columbus,9,1,Unknown,2,0,NO,87773.30063518767,14676.782606119055,7640.149066413577,40999.66023326925,Mercedes,1998,1
370,232,25,CA,100/300,2000,896.4496291606324,0,MALE,Masters,Prof-specialty,Chess,husband,31803.118408646213,98542.03500012166,Single Vehicle Collision,Rear Collision,Major Damage,Ambulance,WV,Riverwood,6,4,Unknown,1,0,YES,113726.17523351841,3841.6949276039313,5017.083863847417,26436.466351722123,Volkswagen,2009,0
371,98,32,FL,100/300,500,930.8620219622612,2000000,MALE,PhD,Exec-managerial,Chess,husband,3116.235320050331,18131.295235517475,Single Vehicle Collision,Rear Collision,Total Loss,Ambulance,NY,Springfield,11,1,YES,2,1,YES,38746.39132978241,1840.3922968535858,14870.64438651733,84068.70195996626,Audi,1999,0
372,146,44,FL,500/1000,1000,1267.0086346941991,1000000,FEMALE,Masters,Machine-op-inspct,Exercise,other-relative,27132.304764609173,69134.63413275371,Single Vehicle Collision,Rear Collision,Total Loss,Police,NY,Riverwood,11,1,Unknown,1,0,NO,79394.25980473323,9553.23053878976,14443.947545005396,81667.27301310083,Volkswagen,1997,0
373,303,63,IL,500/1000,500,1710.0287821453694,0,FEMALE,Masters,Adm-clerical,Chess,wife,21821.307714140436,8065.75543395367,Single Vehicle Collision,Side Collision,Trivial Damage,Police,PA,Riverwood,12,4,Unknown,1,0,YES,47511.83039407866,2604.9249041224866,12304.130618070514,14108.791858991803,Audi,2008,0
374,207,67,IL,100/300,2000,574.7968647412683,0,MALE,JD,Machine-op-inspct,Camping,unmarried,4963.086067863121,4284.102397394718,Single Vehicle Collision,Front Collision,Major Damage,Ambulance,VA,Columbus,0,3,NO,0,3,Unknown,34223.52489038966,16065.283210412561,15880.71682481859,74053.55788536037,Chevrolet,2001,0
375,130,69,IL,100/300,500,1405.106318330369,0,MALE,PhD,Craft-repair,Camping,own-child,49177.40638486221,28081.89702310101,Single Vehicle Collision,Side Collision,Total Loss,Fire,WV,Riverwood,6,1,YES,1,2,NO,145453.60435224246,434.97053469473633,6965.861355546025,63292.03123834105,Mercedes,2009,1
376,403,24,CA,250/500,1000,1710.167213759471,1000000,FEMALE,Masters,Machine-op-inspct,Reading,wife,46863.60418556098,97091.97885268797,Multi-vehicle Collision,Unknown,Total Loss,Fire,NY,Columbus,15,4,Unknown,0,3,Unknown,136931.00307784547,13312.899045281278,3447.880246310615,87771.53367839837,Dodge,1999,1
377,151,20,CA,500/1000,500,735.3759080558407,0,MALE,High School,Prof-specialty,Camping,husband,7774.544389866889,55219.56513689377,Vehicle Theft,Rear Collision,Major Damage,Fire,OH,Riverwood,15,4,Unknown,2,0,YES,67127.32577724732,5353.808695607562,17113.84375429305,41751.26051715606,Volkswagen,2003,0
378,53,46,FL,250/500,2000,522.5338129708495,0,FEMALE,College,Prof-specialty,Chess,not-in-family,26185.053140841417,26827.134395541118,Vehicle Theft,Unknown,Total Loss,Police,PA,Riverwood,20,4,NO,0,0,Unknown,20948.32012906447,11048.041316014745,27977.939903471248,65023.47599015304,Ford,2022,0
379,119,61,IL,250/500,2000,969.0699427121872,0,MALE,College,Prof-specialty,Chess,other-relative,95332.21604663561,13258.609640495877,Single Vehicle Collision,Front Collision,Total Loss,None,VA,Springfield,15,2,Unknown,3,3,YES,109322.14184643698,20251.022243120675,4132.478298608937,46657.76441954103,Chevrolet,2007,0
380,160,70,CA,250/500,1000,1382.2155600943972,1000000,MALE,JD,Exec-managerial,Chess,other-relative,11073.662451042032,92018.3403013336,Multi-vehicle Collision,Front Collision,Minor Damage,Police,VA,Columbus,15,4,YES,3,0,YES,38727.31895416893,10528.913131521045,21144.44172694387,6339.104652642778,Dodge,2001,0
381,407,41,NY,100/300,2000,707.4247601071215,0,FEMALE,PhD,Prof-specialty,Movies,own-child,30501.864885946816,36236.658187144065,Single Vehicle Collision,Side Collision,Major Damage,Ambulance,PA,Northbrook,13,4,YES,3,1,Unknown,25693.41197279513,10240.196616006457,13136.90062141155,4304.151001335416,Dodge,1998,0
382,115,20,FL,250/500,500,1139.1835564587282,1000000,FEMALE,PhD,Machine-op-inspct,Camping,not-in-family,3586.239845465855,30669.727038699824,Parked Car,Side Collision,Total Loss,None,NY,Northbrook,10,2,YES,2,3,NO,57538.588151858596,29722.52198518506,8819.297691864122,11077.818714892745,Toyota,2001,0
383,74,37,TX,250/500,500,1328.4822460614168,0,FEMALE,College,Adm-clerical,Exercise,unmarried,14888.720262376675,85796.34319990051,Vehicle Theft,Rear Collision,Total Loss,Fire,PA,Northbrook,18,2,NO,1,3,NO,79712.5464704275,21564.441681788587,25593.276551772775,26727.576640332278,Volkswagen,1995,0
384,112,63,FL,100/300,500,1398.3246421359759,0,MALE,High School,Prof-specialty,Camping,wife,69939.71074657896,60440.28317108706,Single Vehicle Collision,Rear Collision,Major Damage,Police,VA,Springfield,10,3,YES,3,2,NO,15067.329308151986,15415.851355501542,13694.75083611546,23394.26821248759,Ford,2009,0
385,455,32,TX,500/1000,2000,911.6175815005627,0,MALE,College,Machine-op-inspct,Camping,not-in-family,36671.650066293885,16863.611164162718,Multi-vehicle Collision,Unknown,Trivial Damage,Police,VA,Springfield,1,4,YES,0,3,Unknown,85976.09772075473,17381.269529927384,17499.360422039706,65576.56751666042,Volkswagen,2009,0
386,419,42,IL,500/1000,500,1100.044453979437,0,MALE,College,Exec-managerial,Movies,wife,45207.657067912056,42151.05315191717,Vehicle Theft,Rear Collision,Major Damage,Ambulance,OH,Riverwood,6,1,YES,2,1,Unknown,2794.582027011917,18605.47894556433,13291.688608197881,64461.45386949897,Audi,2012,0
387,421,47,TX,250/500,500,1667.508843601338,0,FEMALE,PhD,Exec-managerial,Camping,wife,15697.839513065615,92823.10681057078,Multi-vehicle Collision,Rear Collision,Minor Damage,Fire,OH,Riverwood,8,2,YES,2,0,Unknown,133834.42455866645,737.2619682252579,2437.4874500865863,87428.37272845853,Chevrolet,2009,0
388,103,31,IL,100/300,500,1911.8220411810282,0,MALE,Masters,Adm-clerical,Reading,unmarried,68214.01728913016,90120.35745643545,Parked Car,Unknown,Total Loss,Police,VA,Northbrook,8,2,YES,0,3,Unknown,138150.88254719056,2407.9377157574277,17847.14060700558,28004.135207271414,Mercedes,1997,1
389,339,24,NY,500/1000,1000,1792.8204966773858,0,MALE,High School,Adm-clerical,Chess,unmarried,75152.15980912537,7010.979272431084,Single Vehicle Collision,Front Collision,Total Loss,Police,OH,Riverwood,13,3,YES,0,3,NO,110094.0806400218,19475.680540699555,12565.229251143637,84466.8423318753,Ford,1999,1
390,253,34,TX,250/500,2000,1346.4252526001478,0,FEMALE,PhD,Machine-op-inspct,Chess,unmarried,18111.204951673975,26861.31927526222,Parked Car,Rear Collision,Minor Damage,None,OH,Riverwood,9,3,NO,2,2,NO,70249.13658183956,10934.065765449412,2602.6981820288906,55195.26925354739,Mercedes,2022,0
391,226,61,FL,250/500,2000,1115.43920441592,0,MALE,College,Adm-clerical,Movies,own-child,4499.346361994217,15453.93980291494,Vehicle Theft,Rear Collision,Trivial Damage,Police,OH,Springfield,15,3,YES,2,2,YES,38606.992449215024,1663.3212069577519,17874.352032569248,44628.253118011824,Mercedes,1999,0
392,111,37,IL,100/300,2000,999.4349215571274,5000000,MALE,Masters,Adm-clerical,Chess,other-relative,8094.113430901851,53381.17142583449,Single Vehicle Collision,Unknown,Major Damage,None,VA,Northbrook,23,4,Unknown,1,0,Unknown,111744.75756135378,8925.397381548783,296.1279611768253,60138.9398654081,BMW,2010,0
393,472,53,FL,250/500,1000,687.4348491260271,0,FEMALE,High School,Exec-managerial,Reading,husband,65704.57572030177,74998.33170303184,Vehicle Theft,Unknown,Total Loss,Police,NY,Columbus,17,4,NO,2,3,NO,139803.6816918335,3908.5026126417056,6255.611647637768,63277.71509754426,Saab,2017,1
394,98,26,CA,500/1000,2000,659.8268708241694,0,FEMALE,JD,Machine-op-inspct,Movies,unmarried,13551.060249483893,29554.32111559676,Single Vehicle Collision,Unknown,Minor Damage,Fire,NY,Northbrook,0,4,Unknown,0,1,NO,24200.788882167213,27489.415266789638,23432.086107156374,15556.419694445805,Mercedes,2019,0
395,152,55,IL,100/300,1000,1532.5364373704865,0,FEMALE,High School,Adm-clerical,Exercise,other-relative,49391.88341688355,75799.60773853217,Multi-vehicle Collision,Unknown,Minor Damage,Ambulance,WV,Springfield,23,2,Unknown,2,0,NO,70140.38740000586,6087.761776593451,1137.8227457620337,67679.22376781964,Ford,2004,0
396,348,65,TX,500/1000,1000,889.6916242567406,0,FEMALE,High School,Machine-op-inspct,Chess,unmarried,15264.153092617005,66871.5573069168,Vehicle Theft,Unknown,Total Loss,Fire,OH,Northbrook,1,3,YES,2,1,NO,47631.61458737126,4310.735921821573,19400.462941654165,65293.03152558119,Ford,2019,1
397,401,74,IL,500/1000,2000,881.9925296486701,0,FEMALE,College,Prof-specialty,Camping,husband,17014.804820523976,72822.22094075168,Parked Car,Rear Collision,Minor Damage,Ambulance,NY,Columbus,19,2,Unknown,0,3,NO,53832.89746236353,18785.064512658497,28491.20838621972,89778.15232699523,Dodge,2016,0
398,383,39,FL,500/1000,500,1997.2925817166786,0,FEMALE,College,Exec-managerial,Reading,not-in-family,436.0503341518607,94824.3713302653,Parked Car,Side Collision,Total Loss,Police,WV,Riverwood,3,1,Unknown,1,0,NO,61160.788307778406,15657.35790830498,5135.773745190203,82084.10548245555,Ford,2017,1
399,365,71,NY,250/500,500,781.8889368106932,0,FEMALE,JD,Exec-managerial,Reading,unmarried,32082.42558583879,42461.186078670275,Multi-vehicle Collision,Side Collision,Total Loss,Fire,PA,Northbrook,1,4,Unknown,2,2,Unknown,142793.5534835151,17277.973621073757,12513.355806287238,61650.9548284178,Audi,2022,0
400,337,70,IL,250/500,2000,722.0896392332445,0,FEMALE,JD,Exec-managerial,Chess,other-relative,8979.726607286031,34256.80246114792,Multi-vehicle Collision,Side Collision,Major Damage,None,OH,Springfield,3,2,YES,3,2,YES,39166.25659628,13078.444441209456,17264.930921129948,64141.49780738909,Mercedes,2007,0
401,193,70,TX,500/1000,2000,648.027841639881,1000000,FEMALE,JD,Craft-repair,Exercise,own-child,39396.12753404253,68384.72081316877,Parked Car,Rear Collision,Minor Damage,Ambulance,NY,Springfield,22,1,YES,3,1,YES,74155.03794447925,14015.079327963886,13512.475162015327,85144.10848172921,BMW,2009,0
402,309,19,CA,500/1000,1000,1369.7080177501944,0,MALE,PhD,Machine-op-inspct,Camping,not-in-family,59778.430961758386,80755.71414777903,Multi-vehicle Collision,Front Collision,Total Loss,Ambulance,NY,Northbrook,5,2,YES,0,0,Unknown,142747.37701343765,23363.926675413884,18611.33058545302,87049.32674127733,Volkswagen,2002,1
403,162,41,NY,100/300,2000,1441.7957390031522,0,FEMALE,PhD,Prof-specialty,Exercise,not-in-family,36753.19479281169,19144.52917092717,Single Vehicle Collision,Rear Collision,Major Damage,Police,NY,Riverwood,21,1,NO,0,1,NO,71670.50508763843,6597.665544770021,12122.925755009945,74444.17122963995,Dodge,2014,0
404,207,25,CA,100/300,1000,1047.841889385323,0,FEMALE,College,Adm-clerical,Exercise,not-in-family,70508.16308353352,84679.96008147614,Parked Car,Side Collision,Total Loss,Ambulance,WV,Riverwood,3,2,YES,0,2,Unknown,129608.12852725729,11895.879084937023,4455.123870657613,69088.67974109376,Mercedes,2001,1
405,444,28,IL,250/500,2000,1303.1200032672016,0,MALE,College,Prof-specialty,Chess,husband,74145.17680393581,5785.24909990914,Vehicle Theft,Side Collision,Minor Damage,Ambulance,PA,Springfield,17,2,YES,3,3,NO,9285.3337616295,28734.761547838476,2671.3307947336707,10111.787520503709,Saab,2008,0
406,168,30,FL,250/500,500,1682.5992964173688,1000000,FEMALE,JD,Machine-op-inspct,Camping,other-relative,69660.63873608118,639.3752076019555,Parked Car,Unknown,Minor Damage,Ambulance,OH,Springfield,4,4,Unknown,0,2,NO,142978.0475602538,5699.571035581355,22333.294685314333,74745.96501410916,Saab,2000,0
407,483,34,FL,100/300,500,1727.1562524826224,0,MALE,PhD,Exec-managerial,Chess,wife,93671.35596314982,15842.714940617941,Multi-vehicle Collision,Unknown,Major Damage,Police,NY,Columbus,10,2,YES,3,3,NO,28535.90648039461,8813.207851256011,7158.718485657144,22862.291493175566,Chevrolet,2002,0
408,160,25,TX,500/1000,2000,1936.8681135734723,0,MALE,Masters,Craft-repair,Chess,wife,23729.427699515105,97866.71869732325,Single Vehicle Collision,Unknown,Major Damage,Fire,VA,Riverwood,12,2,Unknown,1,1,NO,147000.287692327,5747.007728579716,25423.509383001703,50784.20821212724,BMW,2009,1
409,67,38,FL,250/500,1000,1736.4019788843118,0,FEMALE,PhD,Machine-op-inspct,Reading,wife,18945.64531149766,52356.53776177765,Vehicle Theft,Rear Collision,Major Damage,Police,OH,Northbrook,2,3,YES,0,1,NO,26748.74135615299,614.864890744069,22290.81731465521,36542.98509236139,Toyota,2011,0
410,288,35,NY,500/1000,500,1347.2621550761398,0,MALE,College,Machine-op-inspct,Chess,own-child,60971.14892418672,4656.741151410937,Parked Car,Front Collision,Minor Damage,None,VA,Springfield,18,2,YES,2,1,Unknown,66932.70919534864,8094.897751250111,1483.5955302708503,31170.096327287964,Volkswagen,1999,0
411,397,47,FL,100/300,1000,769.485448755269,0,FEMALE,PhD,Adm-clerical,Movies,unmarried,59487.70094341834,99717.56840497129,Parked Car,Front Collision,Major Damage,Ambulance,WV,Springfield,19,4,YES,1,3,Unknown,46637.8664900954,1394.023378867175,6036.333511912056,27991.4751318887,Volkswagen,2006,0
412,276,35,TX,250/500,2000,649.6453365542636,0,FEMALE,College,Prof-specialty,Camping,unmarried,51009.83336748071,74491.12548270225,Vehicle Theft,Unknown,Total Loss,Ambulance,NY,Springfield,10,2,YES,3,1,YES,65268.09745370909,4640.553792199,8759.779696786147,77002.89455110833,Saab,2007,0
413,303,63,IL,250/500,2000,581.7678348662888,0,MALE,JD,Prof-specialty,Reading,unmarried,435.31914942644966,83800.50759512163,Single Vehicle Collision,Front Collision,Minor Damage,Fire,OH,Springfield,10,4,YES,0,1,NO,37953.44861886606,10880.46210202844,17834.467464781206,69245.33724839879,Volkswagen,1997,0
414,403,64,IL,100/300,500,1499.7887476780757,0,MALE,JD,Adm-clerical,Camping,own-child,55523.822990599845,21294.052648008343,Multi-vehicle Collision,Side Collision,Trivial Damage,Ambulance,OH,Riverwood,20,3,YES,2,0,Unknown,144814.95315793247,621.6365120687473,24294.81000945417,47158.042841542265,Saab,2019,0
415,383,48,FL,250/500,2000,1711.3043830969896,0,MALE,JD,Craft-repair,Reading,wife,93279.8056872979,10544.943423635767,Multi-vehicle Collision,Side Collision,Total Loss,Fire,NY,Springfield,1,4,YES,3,3,Unknown,46205.8851189272,22588.696977921496,1809.9976547526942,59836.79639841467,Dodge,2019,0
416,391,55,CA,100/300,500,1263.0259260261187,0,FEMALE,Masters,Exec-managerial,Movies,not-in-family,33457.768911286286,51508.49427176344,Multi-vehicle Collision,Unknown,Trivial Damage,Ambulance,PA,Riverwood,21,3,Unknown,1,1,NO,98164.59935360133,23867.670413086405,7488.268556394328,88609.0627359264,Ford,2013,1
417,134,49,IL,250/500,1000,582.0712622504599,0,FEMALE,Masters,Exec-managerial,Chess,unmarried,96759.91933202505,77217.56842822424,Multi-vehicle Collision,Unknown,Major Damage,Ambulance,WV,Columbus,14,3,NO,2,1,NO,21048.39969501888,12342.414072550886,11286.292871391628,35838.40870643708,Volkswagen,2020,0
418,194,28,FL,100/300,500,1303.2058618870074,1000000,MALE,College,Craft-repair,Reading,not-in-family,35675.667919769425,63778.06523184976,Vehicle Theft,Unknown,Total Loss,Police,NY,Columbus,21,3,NO,1,3,Unknown,123745.92898505763,29539.97938122808,5501.314637644989,49643.94448026079,Volkswagen,2022,1
419,400,62,TX,250/500,500,1903.6238922868256,0,FEMALE,High School,Adm-clerical,Reading,not-in-family,13985.450251781784,63105.93315181711,Single Vehicle Collision,Front Collision,Total Loss,Police,OH,Northbrook,7,3,YES,0,3,NO,81604.93755467224,20369.817444230972,16358.762925190473,48063.78176044624,BMW,2009,1
420,127,42,FL,500/1000,1000,1396.4197863986906,0,FEMALE,Masters,Machine-op-inspct,Reading,own-child,39840.34149271385,75709.60836883198,Single Vehicle Collision,Rear Collision,Total Loss,None,PA,Springfield,1,3,NO,2,2,Unknown,146927.19561743172,22311.65243942247,14340.074380749309,84243.916526141,Chevrolet,2012,1
421,32,50,IL,500/1000,500,1714.1412326942223,0,MALE,College,Prof-specialty,Movies,own-child,49461.13129235441,22702.0825553512,Parked Car,Unknown,Major Damage,Fire,OH,Northbrook,7,4,Unknown,0,2,YES,63798.63141659855,5769.012709984003,9494.869261534795,31705.461343216237,Chevrolet,2015,0
422,175,55,TX,500/1000,500,1700.228972587626,0,MALE,PhD,Machine-op-inspct,Camping,other-relative,62946.44101765912,66151.92818109893,Parked Car,Front Collision,Total Loss,None,VA,Riverwood,23,3,Unknown,3,0,NO,29719.457309010726,25123.1286846514,15506.606607610704,88764.3020445753,Volkswagen,2014,0
423,459,58,FL,250/500,2000,1898.1936496709793,0,MALE,JD,Prof-specialty,Movies,unmarried,50487.81620223341,39211.06691353573,Single Vehicle Collision,Unknown,Major Damage,Police,OH,Northbrook,19,3,Unknown,3,1,YES,52229.84041642705,28351.391940645186,10674.646930533418,27492.315460229325,Dodge,2001,0
424,442,25,NY,250/500,1000,1655.34314847481,5000000,MALE,JD,Machine-op-inspct,Reading,wife,53671.862740621815,6975.3485320339205,Parked Car,Rear Collision,Minor Damage,Fire,WV,Northbrook,22,3,NO,1,3,YES,110676.3581109774,7089.304997213753,10295.822024018722,9890.742475630488,Volkswagen,2022,0
425,370,28,TX,500/1000,500,1621.5507710196343,1000000,MALE,JD,Adm-clerical,Reading,husband,2406.7038357605375,20214.26062433853,Single Vehicle Collision,Unknown,Total Loss,Police,NY,Springfield,14,3,NO,0,1,YES,99036.42488888346,20593.928831591405,7961.865760709776,17304.481717260842,Chevrolet,2008,1
426,469,39,NY,500/1000,1000,851.1539974559608,0,MALE,College,Adm-clerical,Chess,own-child,25362.016913398933,79400.37392048925,Vehicle Theft,Side Collision,Total Loss,Fire,OH,Riverwood,15,3,NO,0,2,NO,116862.93743884991,22408.23145989994,16213.138029431648,38417.29863359321,Audi,2018,1
427,374,68,CA,100/300,1000,589.8877329816222,0,MALE,JD,Craft-repair,Movies,not-in-family,31069.6657939172,89593.0698080457,Vehicle Theft,Unknown,Minor Damage,Ambulance,VA,Riverwood,12,1,YES,2,2,YES,11483.808684529258,9155.075154286471,13323.461833569805,58513.05989000894,Mercedes,2014,0
428,21,41,TX,100/300,500,1276.3991975807116,0,MALE,Masters,Machine-op-inspct,Movies,other-relative,98708.8537881449,28282.181152837693,Multi-vehicle Collision,Side Collision,Major Damage,None,VA,Springfield,22,2,Unknown,3,2,Unknown,87265.13191404557,14250.270077168892,5889.743523816713,46562.58728015936,Saab,2013,1
429,237,58,NY,100/300,2000,686.6513119201328,0,MALE,PhD,Machine-op-inspct,Exercise,husband,29556.773848703368,19036.09380056821,Single Vehicle Collision,Side Collision,Minor Damage,None,NY,Riverwood,16,2,Unknown,0,3,Unknown,139859.21721692756,2926.172807421723,388.98782694597566,33927.40807404256,Chevrolet,2019,0
430,157,34,IL,500/1000,1000,1943.293814416987,1000000,MALE,JD,Craft-repair,Camping,own-child,89657.88488242852,2672.4504245174808,Vehicle Theft,Front Collision,Minor Damage,Fire,VA,Columbus,13,3,YES,0,1,NO,16631.336962495814,5192.844118785238,4527.886218387583,50626.79058703913,Audi,2018,0
431,37,29,IL,500/1000,500,934.8871439495429,0,FEMALE,College,Craft-repair,Exercise,other-relative,30473.620054107876,94769.73885868119,Single Vehicle Collision,Front Collision,Minor Damage,None,NY,Springfield,13,3,NO,0,3,NO,14603.121207490345,1847.1157094158418,1285.0380449561771,75508.68424068867,Toyota,2005,0
432,229,74,CA,500/1000,1000,1779.4163050764396,0,FEMALE,PhD,Adm-clerical,Exercise,not-in-family,9611.033104239108,68385.49250352079,Parked Car,Side Collision,Total Loss,Police,WV,Springfield,0,1,Unknown,3,1,YES,107632.35249566734,16804.964716358812,12947.965009152964,75519.89938469933,Audi,2021,0
433,364,63,TX,100/300,2000,1081.436937803689,0,MALE,JD,Adm-clerical,Camping,unmarried,24761.739906094437,95703.01050431603,Single Vehicle Collision,Side Collision,Total Loss,None,NY,Springfield,23,3,NO,3,0,NO,47619.777148708185,18757.88691831808,6752.90561737075,65387.88714758254,Audi,2001,1
434,50,49,TX,250/500,2000,984.7913747860662,0,FEMALE,High School,Machine-op-inspct,Chess,other-relative,27282.838491429797,86384.9182970555,Multi-vehicle Collision,Unknown,Major Damage,Fire,PA,Columbus,0,1,YES,3,2,Unknown,98957.59194895558,27483.58750301199,12613.659975741737,85725.11639607648,Audi,2005,1
435,437,32,TX,500/1000,2000,1902.7378585649317,1000000,FEMALE,JD,Adm-clerical,Chess,own-child,97824.85938889842,34046.65926904077,Multi-vehicle Collision,Unknown,Total Loss,None,VA,Riverwood,2,2,NO,1,2,Unknown,82034.9847010288,16265.544318708044,9883.496201100266,53159.399602661644,Audi,2002,1
436,263,33,CA,250/500,500,1044.983858129336,0,FEMALE,Masters,Adm-clerical,Camping,unmarried,67429.15055672372,11268.304575550681,Vehicle Theft,Side Collision,Total Loss,None,VA,Columbus,21,4,YES,3,2,Unknown,147916.9654218159,7818.3411242429975,16140.444320597002,788.4216251026011,Toyota,2018,1
437,282,71,TX,250/500,500,1085.4318629947047,0,FEMALE,PhD,Machine-op-inspct,Camping,not-in-family,93168.0995620966,49905.679486013774,Parked Car,Front Collision,Total Loss,Police,OH,Columbus,23,2,NO,3,2,NO,133413.93433475366,1784.2063977335642,21716.004863658025,26254.573989812976,Volkswagen,2004,0
438,26,39,IL,250/500,2000,659.1376694193638,0,FEMALE,Masters,Craft-repair,Movies,wife,83499.50222048219,2681.3797817671016,Parked Car,Unknown,Minor Damage,Ambulance,PA,Columbus,14,4,YES,3,3,Unknown,101871.8808434759,26548.591582525103,14379.418144015692,29607.221133660056,Mercedes,2018,0
439,225,45,NY,100/300,500,1505.669997923764,1000000,FEMALE,High School,Machine-op-inspct,Movies,other-relative,57859.84906780975,14991.662814344963,Single Vehicle Collision,Unknown,Total Loss,Police,OH,Northbrook,4,4,Unknown,2,2,NO,39620.356602421,14365.742355841601,1859.0418281739262,49304.61434957277,Audi,2005,1
440,276,37,IL,250/500,2000,933.2591217162702,1000000,MALE,High School,Exec-managerial,Movies,husband,67538.79242455633,23343.262901508355,Parked Car,Unknown,Total Loss,None,NY,Riverwood,4,4,YES,2,1,YES,39655.27024149519,22119.659683269634,525.3144424472389,81449.56347773464,Mercedes,1995,0
441,285,50,IL,500/1000,500,1378.4062517592608,0,MALE,Masters,Machine-op-inspct,Movies,not-in-family,62483.71936960315,66564.65961444752,Multi-vehicle Collision,Front Collision,Minor Damage,None,WV,Riverwood,3,3,NO,0,1,Unknown,132395.4481850574,439.4804578676692,6396.934988326174,75446.53522252417,Volkswagen,2014,0
442,96,27,NY,100/300,2000,1387.027556079814,0,FEMALE,PhD,Exec-managerial,Reading,unmarried,66626.30261917866,50987.74739540961,Vehicle Theft,Side Collision,Minor Damage,Ambulance,VA,Springfield,13,1,Unknown,2,2,YES,88008.48925867125,14644.167679932529,12749.025336625613,20972.351379216878,Mercedes,2004,0
443,283,57,IL,500/1000,1000,1578.7995433936505,0,FEMALE,High School,Machine-op-inspct,Reading,not-in-family,26477.366462727627,30241.95561127978,Vehicle Theft,Unknown,Total Loss,Ambulance,WV,Springfield,19,4,NO,1,2,Unknown,118497.6264167893,9771.678694994958,1347.1508588180193,46793.18221137182,Volkswagen,2001,1
444,366,49,CA,500/1000,2000,1617.862229258662,0,MALE,High School,Exec-managerial,Chess,unmarried,40812.51342079371,56476.83991913399,Vehicle Theft,Front Collision,Major Damage,Police,NY,Northbrook,6,1,NO,1,3,Unknown,67754.6988772561,909.9381784148053,9832.01414519667,59357.46232506365,Dodge,2016,0
445,447,67,NY,100/300,2000,1271.6786516023092,0,FEMALE,JD,Exec-managerial,Reading,not-in-family,59261.58115981464,12520.26488883673,Parked Car,Front Collision,Minor Damage,Ambulance,NY,Columbus,21,2,YES,0,3,Unknown,15909.508679403223,23270.18421217375,26610.77123685457,88877.28750274016,Mercedes,1997,0
446,480,50,IL,500/1000,500,996.4879214051045,0,FEMALE,College,Machine-op-inspct,Reading,wife,3592.846505585712,75570.81268186125,Parked Car,Front Collision,Minor Damage,Police,PA,Springfield,23,4,YES,0,1,YES,50236.62550682409,15387.049586808396,2700.570655565081,2914.123460491688,BMW,2013,0
447,452,19,FL,500/1000,500,1756.1763422521008,0,FEMALE,High School,Adm-clerical,Movies,other-relative,48283.490140169335,71203.51387532843,Multi-vehicle Collision,Front Collision,Minor Damage,Fire,OH,Riverwood,14,2,NO,1,1,Unknown,24591.804546110292,9995.407289733928,28455.495293087206,41802.57077765174,BMW,2022,0
448,316,50,IL,100/300,500,964.798474112727,0,FEMALE,PhD,Prof-specialty,Movies,husband,85972.69333978533,21650.26756805294,Single Vehicle Collision,Unknown,Trivial Damage,None,VA,Springfield,10,1,YES,1,0,YES,117384.0060556126,24173.954517221977,25700.15326527359,88930.96799529405,Saab,1998,0
449,303,50,CA,500/1000,500,1261.263641703997,5000000,FEMALE,PhD,Adm-clerical,Camping,wife,49236.772758532985,60639.15557763068,Single Vehicle Collision,Side Collision,Major Damage,Ambulance,VA,Columbus,13,1,NO,1,1,NO,105226.54245373498,13407.703555504993,24953.43468040616,87950.80115282573,Toyota,2020,0
450,146,58,TX,250/500,500,1101.8788748055922,0,MALE,JD,Exec-managerial,Movies,other-relative,55232.336865549936,50330.26042972379,Vehicle Theft,Side Collision,Minor Damage,Fire,WV,Northbrook,5,2,YES,0,0,Unknown,13717.73189701208,104.93869104903908,25909.75532628873,29832.313932026864,Saab,2000,0
451,3,30,IL,500/1000,500,1782.617578954532,0,MALE,PhD,Machine-op-inspct,Camping,husband,20190.512051519083,6081.631184979974,Vehicle Theft,Front Collision,Minor Damage,Fire,PA,Columbus,9,1,YES,1,2,Unknown,93397.11711490061,28333.428961149766,2401.5079575894924,101.50458958833369,Chevrolet,1995,0
452,34,47,TX,250/500,1000,1147.8777967187432,0,FEMALE,JD,Machine-op-inspct,Camping,not-in-family,79434.3343985438,27815.391683613445,Parked Car,Side Collision,Major Damage,Police,NY,Springfield,6,2,NO,0,2,YES,131183.25829572193,7670.482213871564,4535.042819360904,52847.43918721483,BMW,2020,0
453,191,50,FL,500/1000,2000,1079.1487832562266,0,MALE,High School,Machine-op-inspct,Reading,husband,35887.828803752884,99948.27040238524,Vehicle Theft,Unknown,Minor Damage,Police,PA,Northbrook,9,1,Unknown,1,2,Unknown,104755.962162295,24917.26566190024,4031.172796832465,78037.80268628086,Volkswagen,1998,1
454,48,30,IL,100/300,2000,1534.735539346456,0,FEMALE,High School,Machine-op-inspct,Movies,own-child,95658.75534795444,9953.566111081602,Multi-vehicle Collision,Side Collision,Trivial Damage,Ambulance,VA,Northbrook,13,3,YES,1,1,NO,76911.23099117099,24492.46152243819,3337.2543225412787,29254.320453592238,Volkswagen,2019,0
455,16,69,NY,100/300,2000,1403.6616647921642,2000000,FEMALE,High School,Prof-specialty,Reading,husband,99371.48082595793,50641.130702216076,Multi-vehicle Collision,Side Collision,Minor Damage,Police,OH,Columbus,4,2,NO,2,1,Unknown,47123.56109836364,4871.217940821939,9831.336585966877,84090.86983855594,Toyota,2001,0
456,171,43,TX,500/1000,1000,660.8702502437691,0,FEMALE,High School,Craft-repair,Movies,other-relative,91600.0542595843,84933.37546145772,Vehicle Theft,Rear Collision,Minor Damage,Fire,WV,Springfield,21,4,Unknown,1,2,NO,133120.96406309138,14220.080436443299,24906.50648851582,30009.949096302546,Ford,2005,0
457,219,39,FL,100/300,2000,1262.253209515945,5000000,FEMALE,College,Exec-managerial,Reading,wife,8487.674481614393,30065.187300516394,Vehicle Theft,Side Collision,Total Loss,Fire,NY,Columbus,0,4,YES,0,3,NO,63709.32988008247,1205.969354954789,7558.864308936878,54957.098665533966,BMW,2000,1
458,157,56,NY,500/1000,1000,1603.2175824998715,0,FEMALE,College,Prof-specialty,Reading,wife,33318.31554960268,26070.86389937505,Vehicle Theft,Side Collision,Total Loss,None,NY,Springfield,18,4,YES,1,2,Unknown,128381.34024495092,10636.55018665386,7326.6503697678,65011.94197902899,Volkswagen,2021,1
459,476,19,NY,100/300,1000,1988.1121468870344,0,FEMALE,High School,Adm-clerical,Reading,own-child,94513.76351025174,89079.30516903238,Vehicle Theft,Front Collision,Trivial Damage,Fire,NY,Springfield,7,1,NO,3,0,Unknown,117558.47581362046,21929.3653010886,20276.6627226184,31152.877228133017,Dodge,1999,1
460,45,55,NY,250/500,1000,1443.7202509554786,0,FEMALE,PhD,Craft-repair,Chess,other-relative,80453.32948444376,30482.994698157305,Vehicle Theft,Front Collision,Major Damage,Ambulance,OH,Riverwood,18,2,YES,2,3,NO,122525.93130948853,7112.084103310728,2907.7530641015137,31763.356440533276,BMW,2006,1
461,372,56,NY,500/1000,2000,1055.4395996619767,0,FEMALE,JD,Craft-repair,Reading,husband,91118.35893074296,65149.3311252792,Multi-vehicle Collision,Rear Collision,Total Loss,None,VA,Northbrook,16,1,NO,1,3,NO,148474.72926416612,3513.8379222692993,10808.399770857719,42352.53518857129,Chevrolet,2023,1
462,5,43,IL,250/500,1000,839.2273997031776,0,FEMALE,Masters,Machine-op-inspct,Exercise,own-child,57255.31936410988,74031.29843309826,Single Vehicle Collision,Unknown,Total Loss,Police,VA,Springfield,18,4,NO,1,1,NO,112439.39812300818,15213.706528050268,8862.78920532663,75186.58618660129,Dodge,1996,1
463,98,63,IL,250/500,2000,1809.2453512299803,1000000,MALE,JD,Prof-specialty,Exercise,not-in-family,48039.75881875302,78861.77493071051,Multi-vehicle Collision,Rear Collision,Major Damage,None,PA,Columbus,15,3,YES,3,1,Unknown,5589.119889937938,16109.591531208964,25419.02592388264,9166.484003844336,Dodge,2012,0
464,379,67,IL,500/1000,2000,1721.8478181702542,1000000,FEMALE,Masters,Adm-clerical,Exercise,unmarried,10649.631700445107,99475.96373069964,Multi-vehicle Collision,Side Collision,Total Loss,Fire,PA,Columbus,3,4,Unknown,3,0,YES,31212.373279621366,20274.867939634743,15435.038328763798,56869.99674735136,Chevrolet,2016,0
465,232,32,FL,250/500,500,850.8842311690773,1000000,MALE,Masters,Machine-op-inspct,Camping,not-in-family,83947.15423230991,80319.20697099002,Vehicle Theft,Side Collision,Minor Damage,Ambulance,VA,Riverwood,7,4,YES,3,2,Unknown,5761.674973612095,22774.13240407772,19394.206923658232,60993.57884490248,BMW,2003,0
466,36,51,FL,500/1000,500,800.9481352198602,1000000,MALE,High School,Machine-op-inspct,Reading,other-relative,74514.15484204785,65701.21568875344,Single Vehicle Collision,Unknown,Minor Damage,Police,NY,Riverwood,3,4,Unknown,3,2,YES,28892.078706282748,20874.285937939654,3871.0301461870567,50252.76112302339,Saab,2008,0
467,279,59,FL,250/500,1000,1572.7051652167634,1000000,FEMALE,Masters,Exec-managerial,Exercise,own-child,5887.66030154122,89546.35577589736,Vehicle Theft,Unknown,Minor Damage,Police,OH,Riverwood,12,3,YES,3,1,YES,9685.20684757394,25362.36624884552,27867.547816677306,84231.87102506848,Mercedes,2006,0
468,348,72,CA,500/1000,1000,972.4280928781392,0,MALE,High School,Craft-repair,Camping,wife,20941.458959528536,90574.46356389475,Multi-vehicle Collision,Front Collision,Major Damage,Fire,VA,Northbrook,6,3,Unknown,3,1,Unknown,75491.74765734482,6687.193928461196,9673.56462375314,54218.96545241575,Chevrolet,2003,0
469,496,61,FL,500/1000,2000,959.5981975429368,0,FEMALE,College,Adm-clerical,Exercise,own-child,55727.75633150104,97316.64576596151,Single Vehicle Collision,Side Collision,Total Loss,Ambulance,OH,Riverwood,0,2,YES,1,2,YES,4716.828863395132,17093.002386494885,21205.165135294843,57148.44992182567,Audi,1995,0
470,301,66,IL,100/300,1000,728.4353706014829,0,FEMALE,PhD,Craft-repair,Movies,unmarried,68440.24020646386,77646.5264476486,Parked Car,Side Collision,Minor Damage,Fire,WV,Northbrook,8,3,Unknown,0,3,NO,71150.57539248129,10802.860722639754,28638.785397466305,54018.42650954413,Volkswagen,2001,0
471,180,57,IL,500/1000,1000,895.9632795647449,0,FEMALE,Masters,Prof-specialty,Chess,other-relative,13767.026426100649,19492.733059813094,Vehicle Theft,Side Collision,Major Damage,Fire,NY,Riverwood,3,2,Unknown,1,0,Unknown,134876.71561444178,28863.370710049265,15259.465848480077,65009.48786604222,Volkswagen,2001,0
472,94,28,CA,500/1000,2000,1141.2613363889743,1000000,FEMALE,PhD,Exec-managerial,Reading,own-child,24482.481846232386,70980.60889039902,Parked Car,Side Collision,Minor Damage,Ambulance,WV,Northbrook,13,3,YES,1,0,YES,112412.11387993401,13208.385702444713,15226.057762015666,12273.306467285118,Toyota,2004,0
473,98,20,CA,250/500,1000,1599.2575059086232,0,MALE,High School,Machine-op-inspct,Chess,not-in-family,19311.0211709014,7512.844164381849,Parked Car,Side Collision,Total Loss,Fire,VA,Springfield,8,2,YES,1,0,NO,141621.41058593753,28791.4179940067,3517.4827067535575,80495.4414848352,BMW,1996,1
474,187,23,FL,500/1000,1000,1004.4621416206246,0,MALE,Masters,Exec-managerial,Chess,husband,21999.71526705422,31796.29279153935,Parked Car,Side Collision,Major Damage,Ambulance,PA,Riverwood,2,4,NO,2,1,YES,34383.69267659981,23071.96962177318,11708.266692693875,3920.059830422887,Toyota,2022,0
475,480,26,TX,100/300,2000,992.9065092197641,2000000,FEMALE,JD,Machine-op-inspct,Movies,not-in-family,92071.31235687668,11580.751031558346,Parked Car,Side Collision,Total Loss,Ambulance,VA,Northbrook,14,3,Unknown,0,3,YES,79897.32955259141,21553.91586206097,25573.948166446065,57702.882008853005,BMW,2020,0
476,115,23,CA,250/500,2000,927.3698788286538,0,MALE,College,Exec-managerial,Movies,other-relative,71581.95730387542,94994.260688754,Single Vehicle Collision,Side Collision,Minor Damage,Fire,WV,Springfield,4,1,YES,0,0,NO,48127.6282482929,14746.911357654808,4053.19521296845,55431.735805059405,Dodge,1998,0
477,190,26,NY,250/500,500,1217.4255012665644,0,MALE,College,Machine-op-inspct,Movies,own-child,73710.69804033033,33875.4112224362,Vehicle Theft,Front Collision,Total Loss,Fire,OH,Riverwood,0,1,NO,2,3,NO,74326.0594559591,13301.344027668063,27525.12391681972,18810.089355656146,BMW,2023,0
478,252,56,IL,100/300,2000,770.955046911973,1000000,MALE,Masters,Craft-repair,Camping,not-in-family,79399.53108692825,71321.56464432497,Single Vehicle Collision,Rear Collision,Major Damage,None,VA,Springfield,10,2,YES,0,1,Unknown,83782.83652285112,15796.445625552207,20019.282431599702,3759.9165342038773,Toyota,2002,0
479,468,48,NY,250/500,500,1228.4461010481882,2000000,FEMALE,College,Craft-repair,Exercise,own-child,35657.304264406,57131.84357861273,Vehicle Theft,Side Collision,Total Loss,Police,PA,Riverwood,18,3,Unknown,2,1,YES,5909.826506141842,8808.991887808597,12628.795051771154,12581.302194625008,BMW,2016,0
480,415,49,IL,250/500,1000,1556.2633342920349,0,MALE,JD,Craft-repair,Reading,not-in-family,76718.46143991406,10751.141305713685,Vehicle Theft,Front Collision,Minor Damage,Police,WV,Columbus,4,3,YES,1,2,Unknown,35371.79221463998,27135.298195154002,16394.95255576972,24523.31774011482,Mercedes,2021,0
481,470,58,IL,250/500,2000,544.6857560489333,1000000,MALE,PhD,Craft-repair,Movies,other-relative,97841.33943229371,56134.44478808774,Vehicle Theft,Side Collision,Minor Damage,Ambulance,VA,Northbrook,21,1,YES,0,3,Unknown,105863.5304969776,23829.919657960992,4514.898232101028,79401.30158125804,BMW,2008,0
482,160,67,CA,250/500,2000,514.6690704586428,2000000,MALE,JD,Exec-managerial,Reading,wife,69839.4245940942,66102.35434248729,Single Vehicle Collision,Unknown,Major Damage,None,WV,Columbus,23,3,NO,1,3,YES,116052.7396687748,24041.875629751317,6524.498794131929,77030.52293578112,Mercedes,2007,1
483,255,29,CA,100/300,2000,612.6843652317639,2000000,FEMALE,College,Machine-op-inspct,Reading,not-in-family,41675.31122925391,88151.72573136297,Multi-vehicle Collision,Side Collision,Total Loss,Ambulance,WV,Northbrook,16,3,YES,3,3,YES,85632.97943938173,12994.607863483083,8592.252812000184,5840.616126518048,Saab,2010,1
484,322,25,NY,100/300,1000,1303.4900925921681,2000000,MALE,PhD,Craft-repair,Reading,husband,71635.97857109747,7008.564241914317,Parked Car,Rear Collision,Major Damage,None,NY,Columbus,18,2,NO,1,2,Unknown,40988.939678327166,2132.6684473265123,11545.383545232435,26105.19392195857,Ford,2001,0
485,127,25,IL,250/500,500,1781.682624778105,0,MALE,JD,Exec-managerial,Movies,not-in-family,90079.47002628693,29563.39850968406,Multi-vehicle Collision,Front Collision,Total Loss,Ambulance,OH,Riverwood,16,4,Unknown,0,0,NO,61060.07545004963,20492.319537788357,27465.65984978954,80049.53026808993,Chevrolet,2004,0
486,17,67,NY,250/500,1000,507.32669903037794,0,FEMALE,High School,Machine-op-inspct,Movies,other-relative,12876.154367597359,69234.09439126124,Multi-vehicle Collision,Unknown,Total Loss,Police,NY,Columbus,4,1,Unknown,1,0,Unknown,14857.503376266994,11232.407519142353,11027.07074895471,21375.646657171364,Audi,2005,1
487,280,45,TX,100/300,1000,1904.9919568770215,0,MALE,High School,Exec-managerial,Exercise,not-in-family,26529.46755847214,3433.1635871811873,Multi-vehicle Collision,Unknown,Trivial Damage,None,WV,Riverwood,23,4,YES,1,1,YES,143000.35271049244,26112.909373524762,15715.057211586629,89637.28081349772,Audi,2005,0
488,489,37,NY,100/300,2000,659.4177673558037,0,FEMALE,PhD,Craft-repair,Movies,husband,91929.62153289052,20355.34561774709,Parked Car,Side Collision,Minor Damage,Fire,PA,Northbrook,19,3,NO,2,2,NO,130367.28194593808,23410.153153495907,4860.784842535266,23189.93360127886,Audi,2000,0
489,222,64,FL,100/300,500,1762.9752920873395,0,FEMALE,PhD,Prof-specialty,Movies,husband,94623.29004445272,21867.039640466814,Multi-vehicle Collision,Rear Collision,Minor Damage,Fire,PA,Riverwood,8,3,Unknown,0,3,Unknown,10307.550862665772,4359.8442596926825,22079.196031562118,66546.28177472287,Dodge,2019,0
490,53,24,NY,250/500,1000,1224.28214747442,0,FEMALE,PhD,Exec-managerial,Reading,other-relative,48413.9127117945,66932.64127735738,Parked Car,Rear Collision,Total Loss,Police,NY,Columbus,21,2,YES,1,2,YES,25390.354515920408,18051.471916155428,16808.425472001047,37593.61970406828,Dodge,2021,1
491,57,28,FL,250/500,2000,1489.036080918266,0,FEMALE,High School,Craft-repair,Exercise,own-child,37455.09634032975,28596.067947544747,Parked Car,Side Collision,Minor Damage,None,PA,Springfield,5,4,YES,2,1,NO,87373.61895771866,20766.41777781553,13197.223739501158,12348.38522880276,Dodge,2006,0
492,322,37,FL,500/1000,1000,1266.0244766707738,0,FEMALE,JD,Adm-clerical,Chess,not-in-family,28278.180560302924,59959.56622601574,Parked Car,Side Collision,Total Loss,Fire,WV,Northbrook,20,4,YES,0,0,NO,35248.29608231778,17044.127394730844,28415.593966745804,23038.399738259464,Ford,2004,1
493,359,33,FL,100/300,1000,1215.572337769032,0,FEMALE,PhD,Machine-op-inspct,Movies,wife,49875.15410909684,96534.84466763072,Vehicle Theft,Front Collision,Trivial Damage,Fire,VA,Springfield,12,2,YES,3,0,NO,140192.9043531122,15421.265284657838,26719.5253242551,60793.11499836848,BMW,2020,0
494,173,21,TX,250/500,2000,1752.3491425465872,1000000,MALE,High School,Craft-repair,Movies,husband,93453.11515910517,79324.29820012339,Vehicle Theft,Front Collision,Major Damage,Fire,WV,Springfield,20,4,YES,1,1,YES,113460.79184022565,6835.892250178238,19785.33817033492,30401.37054307686,BMW,2003,0
495,279,23,NY,100/300,2000,1633.8295693517246,0,FEMALE,PhD,Adm-clerical,Chess,husband,14980.962742445547,33290.2804644506,Multi-vehicle Collision,Side Collision,Total Loss,Police,VA,Springfield,10,2,NO,1,2,Unknown,41357.08118020688,7077.205332635531,27654.37218469581,54411.127031983,Dodge,2016,0
496,113,39,NY,250/500,500,1225.1033547845063,0,MALE,PhD,Exec-managerial,Reading,not-in-family,41983.06385472202,47239.99688393643,Vehicle Theft,Side Collision,Major Damage,Ambulance,PA,Springfield,22,2,YES,1,1,YES,1412.1609729761822,23040.244159276637,16943.453847992176,18577.24074492947,Mercedes,2000,0
497,287,43,TX,100/300,1000,667.4538940940924,0,MALE,PhD,Exec-managerial,Exercise,own-child,91160.7856957489,20067.39021010029,Parked Car,Unknown,Minor Damage,Fire,OH,Springfield,23,3,YES,1,3,YES,120017.38498484471,560.6935669067148,24808.114551458006,40427.42939923379,BMW,2003,1
498,430,20,IL,250/500,2000,673.1044389716122,0,FEMALE,High School,Adm-clerical,Reading,not-in-family,34911.92701442519,1572.0010303449828,Vehicle Theft,Rear Collision,Total Loss,Fire,OH,Columbus,22,3,YES,1,3,NO,63901.41158535931,23367.30188116729,12283.804925555589,46150.89564755187,Chevrolet,2020,0
499,341,58,CA,500/1000,2000,1702.3091910786131,2000000,MALE,JD,Adm-clerical,Camping,other-relative,76808.14070435372,28971.539812485826,Parked Car,Front Collision,Total Loss,Ambulance,WV,Riverwood,0,3,YES,3,1,Unknown,96535.46792273766,15803.962096174173,2602.3257404384294,37209.33224195776,Audi,2019,0
500,150,59,NY,500/1000,500,1294.0859320213003,0,MALE,High School,Machine-op-inspct,Movies,wife,38925.978624110205,36940.86112049382,Single Vehicle Collision,Side Collision,Total Loss,Fire,WV,Riverwood,16,2,YES,3,3,NO,43402.73640048398,28086.679571545083,29824.457685873287,17892.831018418387,Mercedes,1997,1
501,449,31,CA,100/300,500,1222.3837103290439,0,MALE,High School,Exec-managerial,Camping,not-in-family,80492.66783230417,56436.71729184754,Vehicle Theft,Side Collision,Minor Damage,None,PA,Springfield,5,3,YES,0,3,YES,21859.55227404656,29919.64643168769,4968.945624797176,41593.66186214571,Chevrolet,2001,0
502,126,28,TX,250/500,2000,1520.8502620410727,0,FEMALE,PhD,Adm-clerical,Movies,husband,98100.23499572086,94406.66492637298,Multi-vehicle Collision,Front Collision,Major Damage,Fire,OH,Columbus,2,1,YES,0,0,NO,101459.082971969,19904.536953268842,7545.301177769678,62391.76039245883,Mercedes,1997,0
503,154,35,IL,250/500,500,1788.2623751213905,0,MALE,Masters,Prof-specialty,Camping,husband,38782.20105752783,94785.20730718336,Single Vehicle Collision,Unknown,Major Damage,Ambulance,OH,Springfield,15,1,Unknown,2,2,YES,67823.52592792554,12367.71583260411,4893.101682745185,86845.01908804491,Ford,2014,0
504,489,71,IL,100/300,2000,1443.3097166199577,0,MALE,Masters,Prof-specialty,Chess,other-relative,84509.86545742005,7009.829885928875,Single Vehicle Collision,Unknown,Total Loss,Police,WV,Springfield,12,3,Unknown,2,0,YES,35657.87030996215,14252.577256820832,10124.385539362353,71077.99368096766,Dodge,2019,1
505,385,29,IL,250/500,1000,1644.2718535197187,0,FEMALE,Masters,Adm-clerical,Movies,own-child,98841.68248403008,61464.56795311703,Vehicle Theft,Side Collision,Minor Damage,Police,OH,Northbrook,11,2,YES,2,0,YES,21075.385935147377,6126.46282954523,8678.404011790162,14616.196288562272,Chevrolet,2020,0
506,473,40,TX,100/300,500,1647.9057861754354,0,MALE,High School,Machine-op-inspct,Movies,not-in-family,98383.01430112543,4235.265088785612,Vehicle Theft,Rear Collision,Total Loss,None,WV,Columbus,10,1,NO,3,2,NO,87281.6993690242,2977.0297197444306,18033.067456477045,24615.89629733825,Audi,2002,0
507,272,29,FL,250/500,1000,1034.3921731894386,2000000,MALE,PhD,Exec-managerial,Camping,unmarried,43377.1081533308,64808.107481570354,Multi-vehicle Collision,Rear Collision,Trivial Damage,Fire,NY,Springfield,22,3,YES,0,0,Unknown,108969.71606103236,17362.901799064053,29893.800432578533,7186.268201256165,Ford,2016,0
508,103,30,FL,100/300,1000,911.1247934614935,0,MALE,Masters,Prof-specialty,Exercise,own-child,48576.112054915,11770.30622751466,Single Vehicle Collision,Side Collision,Total Loss,Fire,OH,Riverwood,1,1,NO,0,3,NO,42941.100837405735,24164.85293899802,1575.271664567055,12294.892230981006,Audi,2016,0
509,416,42,CA,250/500,1000,1701.746100762738,0,FEMALE,College,Adm-clerical,Camping,husband,30340.156164300202,94640.28250221004,Parked Car,Front Collision,Total Loss,Ambulance,VA,Northbrook,18,1,NO,3,1,YES,110403.80903439503,7852.995531876397,23353.293398799662,22636.398541673436,Ford,2002,1
510,392,62,FL,100/300,2000,1065.7681876763654,0,MALE,College,Adm-clerical,Movies,not-in-family,31401.876372236504,86433.86825389694,Vehicle Theft,Rear Collision,Trivial Damage,Ambulance,PA,Springfield,7,1,NO,0,1,NO,27876.7687105494,12589.584307360496,3839.7577321945964,18037.510230209977,Audi,2007,0
511,298,68,FL,250/500,1000,1855.0040097840579,0,MALE,College,Craft-repair,Movies,husband,49247.06226322353,2232.8830553383305,Single Vehicle Collision,Front Collision,Total Loss,None,WV,Springfield,12,4,NO,1,2,YES,51093.14581871883,16643.20985330942,595.0507389664695,19307.067643920636,Volkswagen,1996,0
512,245,36,IL,500/1000,1000,604.5360450951795,0,FEMALE,JD,Adm-clerical,Exercise,wife,20051.859006430874,78213.17244578563,Single Vehicle Collision,Front Collision,Total Loss,None,OH,Springfield,13,1,NO,0,1,Unknown,111859.90187659334,27236.934599101718,19157.304603470846,20846.24335689199,Saab,2008,1
513,175,72,IL,250/500,1000,587.3262681130095,0,FEMALE,PhD,Machine-op-inspct,Reading,own-child,71112.32961549275,63589.7117170611,Parked Car,Front Collision,Total Loss,Fire,OH,Columbus,14,3,Unknown,0,1,Unknown,99191.45618723835,4158.936829861681,26199.45686608102,27131.014750946666,Dodge,1999,1
514,38,63,CA,100/300,2000,1890.5062401521125,1000000,FEMALE,High School,Prof-specialty,Exercise,unmarried,53630.85347542523,49536.91906343791,Single Vehicle Collision,Unknown,Total Loss,Fire,WV,Springfield,16,1,YES,1,1,YES,40943.28222213492,7106.495061889879,5288.955199451859,11390.187569545607,Ford,2007,0
515,476,53,NY,500/1000,1000,1472.6823712721523,0,MALE,High School,Craft-repair,Reading,wife,89806.78571732822,60263.448675248845,Vehicle Theft,Rear Collision,Total Loss,None,VA,Riverwood,14,3,Unknown,2,1,Unknown,18759.182731266505,27555.91355357354,10248.413539258421,25077.365045264716,Dodge,2017,0
516,169,62,CA,250/500,1000,1069.3990346724986,1000000,FEMALE,PhD,Prof-specialty,Movies,unmarried,81058.2433810541,67825.00604631375,Parked Car,Unknown,Total Loss,Police,OH,Northbrook,20,1,Unknown,2,0,YES,6849.777029612669,1186.0677946407538,5062.506126692316,61988.22327265688,Saab,2022,0
517,246,25,CA,500/1000,500,1632.5906222242743,0,FEMALE,JD,Prof-specialty,Chess,wife,32247.11128461346,88445.74755605131,Vehicle Theft,Rear Collision,Total Loss,Police,NY,Columbus,9,1,YES,2,3,NO,125768.3193979332,19683.469021795758,27195.22707908751,21352.44988430866,Mercedes,2007,1
518,25,46,TX,250/500,2000,1508.490214990462,5000000,FEMALE,PhD,Machine-op-inspct,Chess,own-child,50580.46230176674,76735.76610427455,Multi-vehicle Collision,Side Collision,Minor Damage,Police,PA,Northbrook,0,4,Unknown,3,3,NO,11733.721460395074,19185.776496538547,8110.8129725436775,15548.274645976599,Mercedes,2013,0
519,354,72,TX,500/1000,1000,1296.8015702293942,0,MALE,JD,Adm-clerical,Camping,husband,75051.49276387741,57537.78193299905,Single Vehicle Collision,Front Collision,Minor Damage,Police,WV,Riverwood,11,1,YES,1,1,Unknown,17669.350254854977,11497.633008976918,13341.386742183075,6185.840030383023,Chevrolet,2018,0
520,305,70,CA,100/300,500,648.310013993977,1000000,FEMALE,Masters,Machine-op-inspct,Exercise,unmarried,19320.012747839166,82461.56607450085,Vehicle Theft,Rear Collision,Total Loss,None,OH,Springfield,8,3,YES,1,2,Unknown,36037.73922616238,14044.940370213544,26842.23828849235,45047.43660911375,BMW,1997,0
521,408,72,CA,250/500,2000,1718.2693809391274,0,FEMALE,Masters,Adm-clerical,Exercise,own-child,3159.7729817583354,98692.29565036001,Vehicle Theft,Rear Collision,Minor Damage,Ambulance,PA,Columbus,22,4,YES,3,0,YES,67127.62078385726,25647.53854441684,16586.076112880153,75794.24723571764,Mercedes,2008,0
522,407,49,CA,250/500,2000,1799.0347860209372,2000000,FEMALE,JD,Craft-repair,Chess,unmarried,85230.45263082838,30018.202089329472,Multi-vehicle Collision,Side Collision,Major Damage,Police,WV,Springfield,4,4,YES,1,1,Unknown,118573.16849535615,4949.461900403374,27985.494023061176,5405.596319310384,BMW,1998,0
523,12,68,FL,100/300,2000,758.2530328289737,1000000,FEMALE,PhD,Machine-op-inspct,Reading,own-child,13755.025749294824,11842.069401826815,Single Vehicle Collision,Unknown,Total Loss,None,WV,Columbus,21,1,NO,0,1,Unknown,37498.30872819535,6947.024348367813,27793.51243941117,48855.10984870961,Saab,2020,0
524,315,61,TX,500/1000,2000,1775.7674779656,0,FEMALE,Masters,Machine-op-inspct,Exercise,wife,88941.14309537064,73144.82607086997,Vehicle Theft,Rear Collision,Total Loss,Police,WV,Springfield,14,1,NO,2,2,Unknown,81754.48312978291,15370.512343196713,13848.030596811628,58590.640496482585,Volkswagen,2004,1
525,390,35,CA,100/300,2000,1816.7709665248462,0,MALE,PhD,Exec-managerial,Reading,own-child,91360.80238811446,97859.63339129832,Parked Car,Rear Collision,Minor Damage,Fire,VA,Riverwood,2,2,Unknown,1,0,YES,14010.692046481443,12292.362690000904,17471.478382001118,53362.302944418065,Dodge,2000,0
526,312,23,IL,100/300,2000,1324.142918432774,1000000,MALE,Masters,Machine-op-inspct,Reading,wife,46070.043813715725,11670.592120246758,Vehicle Theft,Unknown,Minor Damage,Police,NY,Riverwood,18,1,YES,1,1,NO,69944.39526791046,17231.174926355507,6909.428211388106,78998.32600057001,Volkswagen,2000,0
527,35,35,IL,500/1000,1000,1484.2685543340306,0,FEMALE,PhD,Exec-managerial,Reading,husband,80678.17123525782,43170.72580082421,Vehicle Theft,Unknown,Total Loss,None,WV,Springfield,6,2,YES,2,2,YES,27057.029509907585,27625.175582813874,29716.074564034898,77988.96266074985,Dodge,1996,0
528,172,36,FL,100/300,1000,1073.3559800217372,0,FEMALE,PhD,Adm-clerical,Reading,wife,36319.124635413835,6226.7642185722225,Vehicle Theft,Rear Collision,Trivial Damage,Fire,VA,Riverwood,6,3,YES,3,0,YES,32073.13805413948,27513.0605321351,8349.499812353848,5251.95256830849,Saab,1996,0
529,19,39,FL,250/500,1000,922.6874712638989,1000000,FEMALE,College,Adm-clerical,Camping,other-relative,85826.45485117468,77653.19427707898,Vehicle Theft,Unknown,Total Loss,Fire,WV,Springfield,6,1,YES,2,0,Unknown,55340.850899284946,6900.550191449753,23499.209639428536,32548.86283320945,Chevrolet,2013,1
530,320,54,NY,250/500,1000,1582.9747204274672,0,MALE,JD,Adm-clerical,Camping,husband,82468.18841667168,94870.8715717112,Single Vehicle Collision,Side Collision,Major Damage,Police,WV,Columbus,1,1,NO,3,1,NO,114321.48095577818,9064.338385465213,9389.071804656778,60407.60176174797,Dodge,1997,0
531,263,49,NY,250/500,500,1792.8127235237123,0,MALE,High School,Exec-managerial,Chess,not-in-family,7851.8389701202395,49899.41544519999,Vehicle Theft,Side Collision,Minor Damage,Police,VA,Riverwood,1,2,NO,3,2,YES,111725.97127008508,4862.060438910897,9391.26786269355,85724.77452877854,Volkswagen,2014,0
532,493,73,NY,100/300,1000,1481.1163294336213,0,MALE,JD,Adm-clerical,Camping,not-in-family,58260.17407523671,40952.11472601892,Multi-vehicle Collision,Front Collision,Minor Damage,Fire,NY,Columbus,11,2,NO,0,2,Unknown,62538.459984555346,27833.711143917793,3115.887801028383,72441.16320112938,Saab,1998,0
533,399,58,FL,250/500,2000,1267.3859159698238,1000000,MALE,PhD,Prof-specialty,Exercise,own-child,63999.89035967481,90771.9023250521,Vehicle Theft,Rear Collision,Major Damage,Ambulance,PA,Springfield,4,4,Unknown,2,1,YES,18241.337551765086,11935.923905945856,16796.874323897395,15975.379016990357,Audi,1998,0
534,141,20,FL,250/500,1000,738.3871502662573,0,FEMALE,PhD,Machine-op-inspct,Camping,own-child,85.72906882160503,13338.83893171166,Parked Car,Side Collision,Total Loss,None,OH,Columbus,3,4,YES,1,1,Unknown,42463.39719357998,13491.154346510315,7344.970143846278,25200.87451348222,Audi,2020,0
535,459,45,FL,250/500,1000,580.1880689072273,0,FEMALE,JD,Exec-managerial,Exercise,other-relative,97991.83187292954,89158.43114750255,Parked Car,Side Collision,Total Loss,None,WV,Northbrook,6,1,NO,3,1,NO,76050.68859125566,24079.223423323787,4451.8427327285635,68747.08833977408,BMW,2020,0
536,370,27,IL,250/500,2000,1168.5376853701196,0,FEMALE,PhD,Adm-clerical,Exercise,own-child,40656.75749007108,39212.60028013674,Vehicle Theft,Side Collision,Minor Damage,None,NY,Springfield,15,3,NO,0,2,NO,130477.0609149209,15389.204184308757,6800.0008355020045,42485.58876981354,Ford,2005,0
537,470,68,FL,250/500,1000,574.0243455461319,1000000,FEMALE,Masters,Prof-specialty,Reading,husband,51734.32058592131,55940.641235789735,Vehicle Theft,Front Collision,Minor Damage,None,OH,Riverwood,2,4,YES,2,0,Unknown,145254.0649145929,3592.6644666453635,7532.7947119208975,49302.48953779165,Ford,1997,0
538,142,52,IL,250/500,1000,1354.0019478608376,0,MALE,PhD,Machine-op-inspct,Chess,husband,19480.407979302094,52829.210512830905,Multi-vehicle Collision,Unknown,Total Loss,None,WV,Riverwood,20,4,NO,3,1,YES,95801.90478607507,13135.461283280898,15122.50368358458,54847.285833796064,BMW,2011,1
539,91,46,NY,100/300,1000,1074.093786976657,0,FEMALE,JD,Machine-op-inspct,Reading,wife,61091.85775172612,61597.917441044505,Multi-vehicle Collision,Front Collision,Major Damage,Fire,OH,Northbrook,1,4,YES,0,3,YES,52927.6303293615,18915.721298358952,11577.691096666867,9385.907443543972,Toyota,2003,0
540,353,71,NY,250/500,500,1635.7836795229541,0,MALE,JD,Adm-clerical,Reading,unmarried,81061.98662793588,94212.33137575041,Single Vehicle Collision,Front Collision,Minor Damage,None,VA,Springfield,16,2,YES,1,3,NO,104171.29132730962,21576.27263271109,2264.7084306588026,77050.98680564955,Volkswagen,2008,1
541,321,32,NY,250/500,1000,958.4727452542752,1000000,MALE,JD,Prof-specialty,Camping,own-child,58589.23457197282,95112.70322673777,Single Vehicle Collision,Front Collision,Trivial Damage,Ambulance,NY,Springfield,8,1,NO,3,1,YES,50766.40530517948,19360.55558348682,16080.857486875833,77695.78609996778,Dodge,1996,0
542,287,50,CA,500/1000,2000,1389.4740514511482,5000000,FEMALE,College,Exec-managerial,Camping,other-relative,78803.50458020972,83114.82671636855,Parked Car,Front Collision,Minor Damage,Ambulance,NY,Springfield,19,2,Unknown,3,3,Unknown,94008.28128578266,3575.4215769708985,23632.42354766294,42194.72602714022,Saab,2008,0
543,214,24,CA,100/300,2000,1306.5252826326507,0,MALE,College,Adm-clerical,Exercise,not-in-family,73110.79607181669,19154.40770377994,Vehicle Theft,Rear Collision,Total Loss,Police,PA,Springfield,7,3,YES,1,0,Unknown,36943.102468503654,9130.33575485455,17227.054826819858,56453.38514320961,Ford,1997,1
544,446,29,TX,100/300,1000,507.06863828336174,0,MALE,College,Machine-op-inspct,Camping,husband,23765.781152713804,33351.63243884593,Vehicle Theft,Rear Collision,Minor Damage,Police,PA,Columbus,11,2,Unknown,1,0,Unknown,40414.810834091004,22006.93934889646,29236.207567553123,59425.38039029157,Saab,1996,0
545,341,66,TX,100/300,1000,608.5840973964655,1000000,FEMALE,College,Machine-op-inspct,Camping,husband,43581.28411091541,48782.48502545447,Multi-vehicle Collision,Side Collision,Total Loss,Police,OH,Springfield,6,1,NO,1,3,NO,11746.225561647901,26405.705830082243,2974.5062443341417,17156.06036721658,Mercedes,2016,0
546,50,47,TX,100/300,1000,935.5523187290307,0,MALE,College,Machine-op-inspct,Movies,husband,14862.688443640858,90546.09393685173,Multi-vehicle Collision,Front Collision,Minor Damage,Police,VA,Columbus,13,2,YES,3,2,NO,63311.10225586966,1415.592451867792,24634.57010274328,10221.376079118516,Volkswagen,2016,0
547,152,38,CA,250/500,2000,1823.3526215311476,0,MALE,College,Adm-clerical,Exercise,unmarried,4193.587507510199,52086.48238462119,Single Vehicle Collision,Front Collision,Minor Damage,Fire,OH,Columbus,15,3,YES,0,1,NO,92917.09075430233,1266.8732420993144,15170.780096919993,1958.4978816971502,Dodge,2023,0
548,185,48,CA,250/500,2000,720.5224323496678,1000000,FEMALE,College,Craft-repair,Exercise,unmarried,6306.895526413092,97743.5664668798,Single Vehicle Collision,Side Collision,Trivial Damage,Ambulance,WV,Riverwood,0,1,NO,0,2,Unknown,118424.84409968785,19302.13588017187,15647.855326356843,82168.07622730634,Chevrolet,1995,0
549,62,41,TX,500/1000,500,1566.3414956908125,5000000,MALE,JD,Craft-repair,Movies,own-child,94249.99298728905,98384.11716692158,Parked Car,Unknown,Major Damage,Fire,NY,Springfield,9,1,Unknown,1,0,NO,121647.1074532352,16441.38462489843,15572.998039486452,31179.62467612775,BMW,1998,1
550,189,37,TX,500/1000,500,1960.049849228431,0,MALE,High School,Craft-repair,Exercise,not-in-family,98453.74591343784,59858.425946298266,Multi-vehicle Collision,Rear Collision,Major Damage,Ambulance,OH,Columbus,10,1,NO,0,3,Unknown,148870.44520132098,4660.1715155314205,9759.564837229153,7816.201057489172,Volkswagen,2004,0
551,124,54,FL,100/300,500,1685.8513290367327,0,FEMALE,College,Prof-specialty,Chess,other-relative,9497.750804983996,87749.53395478112,Vehicle Theft,Front Collision,Minor Damage,Fire,OH,Springfield,6,1,NO,1,1,YES,13619.481012625803,16448.74745090881,9736.650427207574,41975.418066967635,Saab,2009,0
552,149,21,TX,500/1000,2000,864.4180425305659,0,MALE,JD,Adm-clerical,Chess,unmarried,33519.34351720487,99922.2712023899,Multi-vehicle Collision,Unknown,Trivial Damage,Ambulance,NY,Northbrook,17,3,NO,1,3,NO,74223.9468826514,29234.620305025524,18955.335199274276,6898.697689821148,Mercedes,2015,0
553,313,45,FL,500/1000,500,1862.5478906196224,0,FEMALE,High School,Machine-op-inspct,Movies,wife,11442.06801560227,84971.65180212197,Multi-vehicle Collision,Unknown,Total Loss,Police,NY,Columbus,18,1,Unknown,2,3,YES,78445.4990226608,18927.00661189875,1342.9525614934923,7764.042677345248,BMW,2006,0
554,57,61,IL,100/300,1000,639.6607347625851,1000000,MALE,College,Prof-specialty,Camping,unmarried,83422.8823368969,65691.10131862546,Multi-vehicle Collision,Front Collision,Major Damage,Ambulance,PA,Riverwood,13,3,YES,0,2,YES,120777.7472434949,13474.234681491558,17663.581359054104,44050.79257883681,Volkswagen,2000,0
555,341,37,CA,100/300,1000,1202.2129128061038,1000000,MALE,High School,Craft-repair,Chess,husband,49629.709164028165,84513.35255204949,Single Vehicle Collision,Front Collision,Minor Damage,Police,PA,Springfield,16,3,YES,3,2,NO,40320.59808053263,24825.97463818726,21737.721546327462,45844.4157085255,Volkswagen,2015,0
556,304,41,TX,500/1000,2000,1831.3128615896205,2000000,FEMALE,High School,Exec-managerial,Movies,other-relative,62126.17559255493,8265.506178982107,Vehicle Theft,Unknown,Minor Damage,Ambulance,NY,Riverwood,22,2,NO,2,3,NO,10871.16183095032,6384.674569564547,10689.78880426254,52254.86337097916,Dodge,1997,0
557,179,67,CA,250/500,500,1461.8985638853046,0,FEMALE,Masters,Prof-specialty,Chess,own-child,53991.08657350062,63482.13175298393,Vehicle Theft,Rear Collision,Trivial Damage,Fire,OH,Columbus,18,2,NO,1,0,YES,47406.94213512874,12429.792924807396,6520.708183788999,59102.402052773294,Chevrolet,1997,0
558,169,66,CA,500/1000,1000,1120.4668470915483,0,MALE,PhD,Prof-specialty,Reading,unmarried,71025.3583840716,21652.20322350051,Single Vehicle Collision,Rear Collision,Total Loss,None,WV,Columbus,21,1,Unknown,2,1,YES,147597.21044510702,15833.036754325421,6401.607381687133,60177.23657910281,Chevrolet,2013,1
559,325,68,CA,500/1000,2000,939.2193001057532,0,FEMALE,Masters,Adm-clerical,Movies,husband,31913.224331706057,11606.365065067403,Single Vehicle Collision,Front Collision,Major Damage,Ambulance,OH,Riverwood,12,4,NO,1,3,YES,134966.45907477566,15136.196761522664,2455.1896003369798,39026.402210881424,Chevrolet,2016,0
560,270,49,IL,250/500,500,1062.649107977525,0,MALE,High School,Prof-specialty,Exercise,wife,13749.33545300323,89287.12523281018,Vehicle Theft,Front Collision,Total Loss,Fire,WV,Springfield,22,4,Unknown,1,3,Unknown,59589.42066152441,27629.174076334573,2691.579576192249,57953.62196251013,Mercedes,2014,0
561,53,58,NY,250/500,1000,1263.4126715139294,1000000,FEMALE,JD,Adm-clerical,Chess,wife,1762.0002729713979,63964.49437580538,Parked Car,Side Collision,Total Loss,None,NY,Columbus,2,1,Unknown,1,3,YES,131502.66381238657,8780.043217400274,5000.63604583778,27496.10408368498,BMW,1998,0
562,490,53,TX,100/300,500,978.5658948092112,0,MALE,College,Exec-managerial,Exercise,own-child,44569.288862593814,24354.65459219237,Multi-vehicle Collision,Side Collision,Major Damage,Fire,WV,Northbrook,1,3,Unknown,0,3,Unknown,5396.795375440477,1695.1116218885886,575.1871515926132,39773.606384846906,Volkswagen,2013,0
563,443,70,NY,100/300,2000,1953.4517931234495,0,MALE,PhD,Machine-op-inspct,Movies,own-child,90783.44287914372,38678.229774014864,Vehicle Theft,Rear Collision,Total Loss,None,PA,Riverwood,8,2,NO,1,2,NO,47473.50958089798,27491.316135412257,7987.062225725528,35460.10166305201,Audi,2008,0
564,100,51,NY,500/1000,500,1899.6164795992177,0,MALE,College,Machine-op-inspct,Chess,unmarried,30526.653801226665,97327.65453533918,Single Vehicle Collision,Side Collision,Major Damage,Police,NY,Columbus,6,1,YES,1,2,YES,109158.3712741379,6512.029714150279,9192.054877438803,29686.989109555416,Saab,1998,0
565,480,53,NY,250/500,2000,1806.0072023214811,5000000,MALE,JD,Craft-repair,Exercise,own-child,19595.682113562307,86218.20528796286,Vehicle Theft,Unknown,Minor Damage,Ambulance,VA,Springfield,13,1,Unknown,0,0,NO,33607.11152701743,11370.839219301222,29856.637600683927,21547.51722242586,Saab,2002,0
566,263,19,CA,100/300,500,1132.7447532839801,1000000,MALE,PhD,Craft-repair,Camping,not-in-family,92604.27462471071,1558.179550051597,Multi-vehicle Collision,Unknown,Minor Damage,Fire,WV,Columbus,4,3,YES,0,1,YES,30159.44724735235,15926.748735542315,29750.632129683763,7153.464148624499,Audi,2013,0
567,52,32,FL,500/1000,1000,1536.9526540028435,1000000,FEMALE,Masters,Exec-managerial,Camping,not-in-family,10544.863875129418,97980.09951323443,Vehicle Theft,Unknown,Minor Damage,Ambulance,WV,Springfield,19,2,Unknown,1,3,NO,129340.22812167382,29276.414116446405,5611.4654051125435,45581.35195293405,Chevrolet,2020,0
568,59,51,CA,250/500,2000,1854.2439605539469,0,FEMALE,High School,Machine-op-inspct,Reading,husband,5180.103341581011,36852.94733464574,Single Vehicle Collision,Unknown,Total Loss,Police,VA,Springfield,14,4,NO,0,0,YES,92585.1171809732,16058.053248857943,6390.964742907733,48402.207939909946,Toyota,2013,1
569,491,53,CA,500/1000,2000,1775.644231518392,0,MALE,JD,Craft-repair,Movies,husband,87941.31749554379,69541.81659859247,Parked Car,Front Collision,Major Damage,Police,VA,Columbus,19,4,Unknown,3,2,Unknown,148358.89638764935,13432.29919645437,14757.191116812975,30320.338464774904,Mercedes,2016,1
570,107,23,NY,100/300,2000,1121.4905210303114,0,MALE,High School,Prof-specialty,Exercise,husband,70090.93819546892,71267.65646091936,Single Vehicle Collision,Unknown,Total Loss,Ambulance,NY,Northbrook,0,1,Unknown,3,1,NO,20633.116603732702,17509.1543855294,4463.530012131305,87828.36328688658,Saab,1995,1
571,4,56,CA,100/300,500,668.579073983391,0,FEMALE,High School,Adm-clerical,Reading,not-in-family,42206.86381374128,91168.44357070274,Parked Car,Rear Collision,Total Loss,Fire,OH,Springfield,19,1,YES,1,0,NO,53741.19688135543,29124.244797514133,15121.18224474575,50170.8128065506,Toyota,2020,1
572,102,59,NY,250/500,500,613.4455457518242,0,FEMALE,College,Craft-repair,Movies,unmarried,75234.3973008841,88506.08762036146,Multi-vehicle Collision,Side Collision,Major Damage,Fire,VA,Riverwood,6,1,NO,2,1,YES,47026.39908465083,24538.337962693215,11981.69114415223,80022.04565047988,BMW,2016,0
573,195,68,FL,500/1000,1000,1365.596067838554,0,FEMALE,JD,Exec-managerial,Camping,unmarried,74143.99520442692,28172.95914496609,Single Vehicle Collision,Rear Collision,Minor Damage,Fire,WV,Springfield,4,1,Unknown,0,1,Unknown,132079.769538977,5069.044089357662,9738.686731496173,51350.66932599362,Dodge,2009,0
574,261,68,TX,250/500,2000,1463.9419028163975,0,FEMALE,High School,Machine-op-inspct,Exercise,own-child,4006.056326058294,64353.547828573086,Vehicle Theft,Front Collision,Major Damage,Ambulance,VA,Springfield,3,1,NO,2,1,Unknown,38666.829746430085,24097.800447126272,24678.15512429326,17173.435182152338,Chevrolet,2005,0
575,364,71,NY,100/300,2000,1774.7639068955361,0,FEMALE,Masters,Exec-managerial,Chess,unmarried,67624.681206184,39370.54229290045,Single Vehicle Collision,Side Collision,Trivial Damage,Fire,NY,Northbrook,10,4,YES,3,2,Unknown,53342.41915228842,25232.971794116653,24843.53099979173,87718.56631021258,Saab,2003,0
576,479,29,FL,100/300,500,938.7725305115466,0,MALE,PhD,Adm-clerical,Camping,husband,64087.23774527126,52554.37364597197,Single Vehicle Collision,Side Collision,Minor Damage,Fire,NY,Springfield,18,1,NO,1,3,YES,21853.66441347641,20720.82311875399,29636.6840095118,79691.6174393694,Toyota,1997,0
577,371,20,TX,500/1000,500,751.2057358250637,0,MALE,JD,Adm-clerical,Chess,other-relative,96377.91364163035,55467.852543493915,Multi-vehicle Collision,Side Collision,Minor Damage,None,WV,Columbus,5,2,NO,3,1,NO,116422.44690605348,19717.00377501793,6692.643422447467,42467.5036915468,Audi,2012,0
578,349,62,IL,500/1000,1000,1068.5087497672992,0,FEMALE,College,Exec-managerial,Chess,husband,96662.26101597636,39634.34458310367,Parked Car,Unknown,Minor Damage,Fire,WV,Northbrook,19,3,YES,0,0,YES,36036.6409518485,13226.310025434126,26648.324914312383,21950.904473477567,Saab,2013,0
579,46,35,NY,500/1000,1000,1030.3626854484125,0,FEMALE,JD,Craft-repair,Exercise,not-in-family,37779.932620204396,46389.40204404267,Parked Car,Front Collision,Major Damage,Police,WV,Springfield,17,4,Unknown,0,1,Unknown,10713.880698716812,19250.861613583613,16135.37789021793,20117.9985022101,Mercedes,2010,0
580,354,57,NY,250/500,500,698.7034310267821,0,FEMALE,College,Craft-repair,Exercise,other-relative,58984.19118882183,20834.22679210112,Vehicle Theft,Rear Collision,Minor Damage,Fire,OH,Columbus,4,3,Unknown,1,1,Unknown,65548.75553728905,22127.249164567733,17743.78293997056,72561.23640224643,Mercedes,2010,0
581,310,38,IL,500/1000,2000,1508.4239787697281,0,FEMALE,PhD,Machine-op-inspct,Chess,own-child,14135.737488837874,60764.63832614718,Single Vehicle Collision,Unknown,Major Damage,Ambulance,WV,Columbus,19,3,NO,0,2,NO,59022.989532249434,3684.6074422289707,26888.796429975788,6313.763169468221,BMW,2022,0
582,423,32,IL,500/1000,1000,1263.037911094064,1000000,FEMALE,Masters,Machine-op-inspct,Reading,wife,6645.652595713403,75895.98154427607,Multi-vehicle Collision,Side Collision,Total Loss,Ambulance,NY,Springfield,14,1,Unknown,0,0,YES,27052.57604365364,7719.89880550307,28278.9238913496,57461.62828907804,Ford,1997,0
583,307,50,NY,100/300,500,1581.6841341721495,1000000,FEMALE,High School,Prof-specialty,Chess,unmarried,43277.98722589025,42974.12041232745,Parked Car,Rear Collision,Major Damage,Fire,NY,Riverwood,20,3,YES,0,1,YES,20472.83520445432,5822.456368988821,21804.337731019117,57648.129626411,BMW,2012,0
584,143,52,IL,100/300,500,1029.036680254602,0,FEMALE,JD,Prof-specialty,Chess,unmarried,68988.20108350104,97768.00882040687,Vehicle Theft,Rear Collision,Major Damage,Ambulance,VA,Riverwood,19,2,NO,2,2,Unknown,134535.30340079748,25236.35510718043,10435.272958053716,16502.663840550213,Saab,2007,0
585,268,43,CA,500/1000,2000,988.5533173665534,0,FEMALE,College,Machine-op-inspct,Exercise,not-in-family,56776.11222977269,5722.640741146856,Parked Car,Rear Collision,Trivial Damage,Ambulance,WV,Springfield,5,1,NO,1,2,NO,10642.750739408966,20400.07774595303,14690.03969005516,63471.6219222762,BMW,2021,0
586,369,25,TX,500/1000,500,1208.8637795657835,0,FEMALE,PhD,Prof-specialty,Movies,husband,42965.69221860019,58916.06817472145,Vehicle Theft,Front Collision,Minor Damage,Fire,OH,Springfield,3,4,Unknown,1,3,NO,15346.988026099832,13523.356187255296,18451.615921623295,63516.02539867374,BMW,2014,0
587,123,53,TX,100/300,500,1816.1110180927205,1000000,MALE,High School,Exec-managerial,Camping,husband,81811.2546774591,58360.0773443762,Parked Car,Unknown,Minor Damage,None,PA,Columbus,16,2,Unknown,1,3,Unknown,37134.5685301917,24781.672514654045,24859.20116958291,31567.77498298039,Toyota,2002,0
588,105,65,TX,500/1000,1000,560.4219601009705,1000000,FEMALE,PhD,Craft-repair,Exercise,other-relative,79442.7472183747,3629.627841074945,Vehicle Theft,Front Collision,Minor Damage,None,VA,Springfield,14,4,Unknown,0,3,YES,142949.45885364708,21503.44019977532,19738.431161326662,43555.49455325755,Mercedes,2001,0
589,157,47,CA,250/500,500,1707.249225944708,0,FEMALE,Masters,Prof-specialty,Reading,unmarried,73194.20550777613,22457.017239773802,Parked Car,Side Collision,Total Loss,None,OH,Springfield,17,1,NO,0,1,YES,13264.945303218341,27407.792446358904,10963.428500628692,74965.44324829454,BMW,2020,0
590,146,40,IL,250/500,500,1053.4814189866347,0,MALE,High School,Prof-specialty,Camping,not-in-family,7703.224815376108,90554.25836495653,Parked Car,Side Collision,Total Loss,None,WV,Columbus,5,1,Unknown,0,1,NO,122494.21659806088,2304.2098829374722,12536.413540808831,47131.47928470535,Audi,2019,1
591,144,59,FL,250/500,1000,1781.9285386827166,0,MALE,High School,Exec-managerial,Exercise,own-child,79646.96278956436,54451.40446092138,Single Vehicle Collision,Rear Collision,Trivial Damage,Police,OH,Springfield,23,4,NO,1,1,NO,133861.79692116467,15274.721446237058,1513.1310611782433,55672.32337854934,Audi,2018,1
592,119,61,IL,500/1000,2000,1703.3045132537848,0,MALE,High School,Adm-clerical,Exercise,husband,91942.13159947,43638.58749678805,Vehicle Theft,Rear Collision,Major Damage,Fire,PA,Springfield,19,3,Unknown,2,2,Unknown,56991.22734690737,21202.437107287657,27728.03581311408,37207.991578716385,Mercedes,2023,0
593,318,31,NY,100/300,2000,1023.1418710941326,0,FEMALE,College,Machine-op-inspct,Movies,unmarried,5944.208829091646,41549.64455368389,Vehicle Theft,Rear Collision,Minor Damage,Ambulance,OH,Springfield,21,4,NO,3,1,NO,44437.21277486044,6224.795604145373,2643.570399884797,13548.958115924695,Ford,2017,0
594,274,31,TX,500/1000,1000,1540.814802982424,0,FEMALE,High School,Exec-managerial,Reading,wife,40167.138880853505,88816.08320201092,Single Vehicle Collision,Front Collision,Major Damage,Ambulance,PA,Columbus,18,2,NO,1,2,YES,101767.97037448251,9813.786959140922,17397.92372056634,89826.19018390478,Toyota,2016,0
595,91,19,IL,500/1000,1000,739.4491351601603,0,FEMALE,PhD,Adm-clerical,Reading,not-in-family,98835.54897165878,36703.11756215858,Single Vehicle Collision,Unknown,Minor Damage,Fire,PA,Springfield,11,3,NO,1,0,YES,105543.87279122832,12569.2875395948,26149.556437164654,47885.13317340641,Ford,2013,1
596,57,72,FL,100/300,2000,1844.4223282456821,0,FEMALE,College,Exec-managerial,Exercise,other-relative,59923.885846828365,85916.68623262577,Parked Car,Front Collision,Minor Damage,Ambulance,PA,Riverwood,8,1,Unknown,2,1,NO,117106.58584221125,23829.768548117674,12625.957485450215,30346.536881703923,Dodge,2020,0
597,438,54,NY,100/300,2000,1106.736596677864,5000000,MALE,High School,Craft-repair,Movies,husband,51357.740212746285,30919.25993094502,Parked Car,Side Collision,Major Damage,Police,OH,Springfield,7,2,Unknown,3,0,Unknown,124669.7338086744,14807.286031715854,24003.764625341144,64269.48060678274,Saab,2014,0
598,345,22,CA,100/300,2000,1183.4384230328003,1000000,FEMALE,PhD,Exec-managerial,Exercise,husband,17744.614746874355,53150.398450284345,Parked Car,Rear Collision,Trivial Damage,None,WV,Riverwood,14,2,YES,3,3,YES,40625.12067384484,14786.100985433679,24114.48238908885,55911.87682286904,Toyota,2018,0
599,228,55,CA,250/500,2000,1558.6385765554774,0,FEMALE,PhD,Exec-managerial,Chess,own-child,56548.62833341699,14381.97695359088,Single Vehicle Collision,Rear Collision,Minor Damage,Fire,NY,Springfield,0,1,NO,0,0,YES,103200.75948205403,12926.62855656436,1795.3811575874079,21038.4543989121,Volkswagen,2006,0
600,473,62,FL,500/1000,2000,1731.2603550572765,0,MALE,JD,Craft-repair,Chess,husband,43904.326046945294,82503.03122434446,Parked Car,Front Collision,Major Damage,Ambulance,NY,Columbus,1,3,Unknown,3,0,Unknown,20668.405780558987,6857.672678889461,12364.31177192165,78935.60239584005,BMW,2012,0
601,116,58,NY,100/300,1000,854.5141149923144,0,FEMALE,PhD,Machine-op-inspct,Movies,not-in-family,12744.305557012303,73597.48710048279,Single Vehicle Collision,Side Collision,Major Damage,Police,OH,Riverwood,2,1,YES,0,2,NO,76854.33406585097,27692.14606838294,20730.764600611306,6474.174029219192,Toyota,2009,0
602,317,71,TX,500/1000,500,1492.025209815493,0,FEMALE,Masters,Adm-clerical,Exercise,unmarried,46433.265261803426,53009.306347476646,Parked Car,Unknown,Minor Damage,Ambulance,WV,Springfield,18,2,YES,1,2,YES,92126.59401863287,9534.033619700263,12670.605272066487,54552.272840047706,Audi,2006,1
603,278,64,IL,250/500,2000,1087.997065833723,0,FEMALE,High School,Prof-specialty,Movies,unmarried,16439.930517526045,2590.130747897279,Single Vehicle Collision,Rear Collision,Minor Damage,Police,NY,Springfield,9,2,Unknown,2,2,YES,24678.92453314392,17023.969823097017,16355.017445380685,43062.17538390222,Mercedes,2000,0
604,126,31,NY,250/500,2000,1053.054386005942,0,FEMALE,High School,Machine-op-inspct,Exercise,unmarried,73066.36217260566,48125.7331857554,Vehicle Theft,Rear Collision,Major Damage,Ambulance,PA,Springfield,13,2,NO,1,2,Unknown,11937.727688071349,4463.392065669195,17833.7371381992,28706.037399300447,Ford,2023,0
605,392,73,CA,100/300,500,1535.038735910982,2000000,MALE,High School,Exec-managerial,Exercise,wife,97364.8366143623,22519.652822524684,Multi-vehicle Collision,Side Collision,Major Damage,None,OH,Springfield,18,1,YES,3,3,NO,29614.569798290846,13027.301762971414,4536.881301937275,74391.57353059575,Dodge,2011,0
606,395,56,FL,100/300,500,1080.7749112339015,0,MALE,PhD,Prof-specialty,Chess,wife,46957.70484256961,41337.42958750194,Parked Car,Rear Collision,Total Loss,Fire,OH,Columbus,10,4,YES,1,0,Unknown,63378.01780392888,27114.105485076532,12359.436184455895,59099.30897860475,Mercedes,2017,0
607,128,42,FL,500/1000,500,1019.1627502466115,0,MALE,PhD,Craft-repair,Camping,husband,63236.833191461286,85642.64888586444,Parked Car,Unknown,Minor Damage,None,VA,Northbrook,20,2,NO,2,3,Unknown,133232.2261833985,29863.957155317763,853.8966505069756,68379.00476929403,Dodge,1998,1
608,57,37,IL,100/300,500,1753.8326121893635,0,MALE,High School,Machine-op-inspct,Reading,wife,43097.55247668423,76960.3305350733,Single Vehicle Collision,Front Collision,Total Loss,None,VA,Riverwood,5,2,Unknown,2,3,NO,80021.20646794171,10852.555702004012,4488.782495860333,37377.820963742466,Chevrolet,2006,1
609,121,19,FL,500/1000,500,651.9141857465096,0,FEMALE,College,Adm-clerical,Reading,wife,13845.385365700535,24195.290950759718,Vehicle Theft,Side Collision,Major Damage,Ambulance,VA,Springfield,18,3,NO,0,2,YES,112399.68731423159,4619.716389430066,15367.621901294959,84821.60998445528,Mercedes,2011,0
610,0,56,FL,100/300,500,1513.838934245316,0,FEMALE,College,Machine-op-inspct,Movies,own-child,97055.52864754987,98495.34329255504,Vehicle Theft,Rear Collision,Total Loss,None,WV,Columbus,13,4,NO,1,0,Unknown,26534.60697957126,9433.545801911854,17207.57993816431,31090.635702438103,Mercedes,2015,0
611,238,23,NY,500/1000,1000,873.088090685937,1000000,FEMALE,Masters,Machine-op-inspct,Reading,wife,12957.86640840797,90321.05062904679,Parked Car,Rear Collision,Minor Damage,Fire,OH,Northbrook,7,3,Unknown,2,0,YES,16343.740609256207,9817.253051610583,4387.03219774987,47840.93870856254,Volkswagen,1999,0
612,289,34,TX,500/1000,500,523.2473627392854,2000000,MALE,JD,Prof-specialty,Chess,other-relative,11162.680851354067,52867.34431337664,Single Vehicle Collision,Unknown,Major Damage,Police,VA,Columbus,1,2,YES,2,3,YES,36322.79496601985,19335.26382846953,22668.578106372614,84035.14505185914,Dodge,2023,0
613,95,42,IL,500/1000,500,750.1464033090381,0,MALE,Masters,Craft-repair,Camping,other-relative,45917.29416713005,53015.032028791335,Single Vehicle Collision,Front Collision,Total Loss,Police,OH,Springfield,21,4,NO,2,2,YES,47425.12171215868,14884.701734836808,11189.63663612978,7578.687313916257,Dodge,2000,0
614,125,74,NY,500/1000,1000,1409.9922946638017,0,MALE,High School,Craft-repair,Exercise,other-relative,65888.72657669321,90126.59650033024,Multi-vehicle Collision,Unknown,Major Damage,Ambulance,PA,Northbrook,17,3,YES,2,3,YES,82441.25181391882,23053.791847968914,27619.49786483016,9882.058301309498,Chevrolet,2009,0
615,117,45,TX,250/500,500,1563.6907872289062,2000000,FEMALE,High School,Machine-op-inspct,Exercise,husband,35492.327097289126,63614.48084392319,Vehicle Theft,Front Collision,Trivial Damage,Fire,VA,Riverwood,21,1,YES,3,0,Unknown,132245.8763944839,21039.098534924433,11629.881699162195,89477.48019247974,Ford,2022,0
616,47,19,NY,500/1000,2000,531.5866753344801,0,FEMALE,High School,Craft-repair,Chess,unmarried,19251.7022196903,53668.84118627729,Multi-vehicle Collision,Unknown,Major Damage,Fire,OH,Riverwood,3,3,YES,1,2,NO,64200.846208216135,7539.261717757388,4494.329292978136,87428.06501031383,Dodge,2002,0
617,88,52,NY,100/300,2000,554.6381649525803,1000000,MALE,JD,Prof-specialty,Reading,own-child,81896.33680274762,74914.85236809294,Vehicle Theft,Front Collision,Trivial Damage,Police,WV,Columbus,2,4,Unknown,1,3,YES,78060.32908282304,23527.670696573343,22739.11376042273,69475.97436475854,BMW,2014,0
618,487,54,FL,250/500,500,1853.8131722644296,0,MALE,PhD,Prof-specialty,Exercise,husband,36310.33206095512,23509.71152707523,Parked Car,Rear Collision,Trivial Damage,Police,WV,Riverwood,1,3,YES,1,0,YES,1189.7236297456366,25423.85600744448,17034.024013179867,43628.52601879771,Dodge,2010,0
619,236,22,TX,250/500,1000,609.9587271705798,0,FEMALE,JD,Adm-clerical,Reading,unmarried,19432.09733839072,87837.74196955995,Parked Car,Rear Collision,Total Loss,None,WV,Riverwood,23,4,NO,3,1,YES,5480.153402247352,17951.705692620053,11600.645047324673,45594.87029241624,Volkswagen,2007,0
620,372,18,IL,500/1000,2000,1841.2732379248569,0,FEMALE,Masters,Craft-repair,Chess,own-child,36508.48775068701,53141.52404080543,Single Vehicle Collision,Rear Collision,Major Damage,Ambulance,VA,Northbrook,3,4,NO,3,2,NO,13023.495389168367,27830.031277457285,10678.714902967848,23223.437331015462,Chevrolet,2022,0
621,384,57,IL,250/500,1000,842.2488706263587,0,FEMALE,PhD,Adm-clerical,Exercise,own-child,21455.420764279097,60349.92949717009,Single Vehicle Collision,Side Collision,Total Loss,Police,WV,Riverwood,17,3,NO,2,0,YES,104999.61577911479,23488.443682036508,4523.069206718131,39002.52014856571,Ford,2017,0
622,271,29,TX,500/1000,2000,1610.0267002373193,1000000,MALE,PhD,Exec-managerial,Movies,own-child,51944.77378123406,8994.38712548345,Single Vehicle Collision,Front Collision,Total Loss,Police,NY,Northbrook,10,3,Unknown,3,2,NO,73185.60963140165,17861.877206195968,10225.038823980343,38878.30907018328,Dodge,2021,1
623,188,73,FL,100/300,500,964.5998734190181,0,MALE,Masters,Prof-specialty,Camping,other-relative,66828.93861376992,30950.89587622316,Vehicle Theft,Side Collision,Minor Damage,Fire,PA,Northbrook,8,1,NO,0,0,Unknown,29347.699180512787,27184.979919399902,880.3242293500513,3344.492701513808,Ford,2009,0
624,486,53,CA,500/1000,1000,1788.1280384137758,0,MALE,PhD,Machine-op-inspct,Reading,other-relative,79955.7377199186,42673.53366720945,Single Vehicle Collision,Front Collision,Total Loss,Fire,OH,Northbrook,7,3,Unknown,3,2,NO,89093.61608412796,18010.75440721617,15072.057422273132,40838.922902226885,Toyota,2014,1
625,191,62,NY,250/500,1000,1550.6822981365367,0,MALE,College,Prof-specialty,Reading,other-relative,22756.203031986588,41390.95234360195,Parked Car,Rear Collision,Minor Damage,Fire,NY,Riverwood,20,4,YES,2,1,YES,81919.5166969459,15635.733820120206,26901.71225441208,43233.51732572029,Dodge,2007,1
626,446,40,FL,100/300,1000,1102.7201879025429,2000000,FEMALE,Masters,Exec-managerial,Reading,own-child,16695.40057044455,77828.43661784579,Multi-vehicle Collision,Side Collision,Total Loss,Police,VA,Columbus,7,2,YES,1,3,Unknown,13775.495620594362,10687.750212333081,23859.923886459812,59953.90736326466,Dodge,2009,0
627,68,64,TX,500/1000,2000,614.4536812611193,0,FEMALE,Masters,Machine-op-inspct,Reading,not-in-family,1960.3420895220158,28232.239749000797,Parked Car,Side Collision,Minor Damage,Ambulance,OH,Columbus,4,3,Unknown,3,3,NO,96241.70952121336,26485.89991783336,855.6359161264293,46529.11691355221,Saab,1996,1
628,277,48,NY,100/300,2000,1599.0502758062105,1000000,FEMALE,College,Craft-repair,Chess,own-child,22808.776834724264,18210.9262343066,Parked Car,Unknown,Trivial Damage,None,OH,Riverwood,12,3,Unknown,1,3,YES,115189.65345826127,3681.815126184648,26437.809788046976,77565.29562053071,Mercedes,2018,0
629,348,28,IL,100/300,2000,1425.3271339477724,0,MALE,JD,Craft-repair,Chess,other-relative,2390.535249779624,58261.72514622532,Parked Car,Front Collision,Total Loss,Ambulance,WV,Northbrook,6,4,Unknown,1,1,Unknown,43339.88395250999,14205.081426523691,13569.7448664766,33143.80808923995,Chevrolet,2015,0
630,246,27,CA,250/500,500,504.3675767506831,0,FEMALE,JD,Prof-specialty,Chess,own-child,34547.420368905936,61501.48583670825,Multi-vehicle Collision,Unknown,Minor Damage,Police,OH,Riverwood,20,2,YES,0,2,Unknown,103279.58486814899,16122.399956250654,5726.743962464832,36933.61144938364,Audi,2020,1
631,450,20,IL,100/300,2000,514.129783958668,0,FEMALE,JD,Machine-op-inspct,Chess,other-relative,14569.308883003661,12158.330708624087,Parked Car,Side Collision,Total Loss,None,OH,Springfield,4,1,Unknown,0,2,NO,30358.067792813206,16642.473203093305,22572.358656461623,51476.2779776811,Dodge,2014,0
632,75,71,TX,250/500,500,1713.189459789041,0,FEMALE,PhD,Machine-op-inspct,Exercise,other-relative,57989.55982277842,246.85029859959906,Vehicle Theft,Side Collision,Minor Damage,Ambulance,PA,Columbus,12,2,YES,3,0,YES,113630.95764990585,19556.694914557294,9686.20650531139,18324.772933564025,Ford,2022,0
633,153,31,NY,100/300,1000,889.0996082027807,0,FEMALE,College,Adm-clerical,Chess,other-relative,38372.67594912731,91764.90800218588,Vehicle Theft,Rear Collision,Major Damage,Police,VA,Northbrook,19,4,YES,1,0,NO,136810.23828384667,15173.868727614468,7599.552694105585,35475.477893841526,Audi,2012,0
634,143,33,TX,500/1000,1000,1454.2005015920986,0,FEMALE,Masters,Exec-managerial,Exercise,not-in-family,9358.534107075955,7963.6997113334055,Multi-vehicle Collision,Unknown,Total Loss,Ambulance,NY,Riverwood,15,4,NO,2,2,Unknown,66559.13500834623,7704.544429197812,4839.552203446429,61786.45571062416,Chevrolet,2001,0
635,434,27,NY,100/300,500,1181.3216296478713,0,MALE,Masters,Craft-repair,Movies,unmarried,39986.646303659414,89786.69319420002,Vehicle Theft,Unknown,Total Loss,Police,WV,Northbrook,13,4,YES,1,1,Unknown,37071.000692636866,25708.331884184994,14598.657207006683,37121.60566080489,Chevrolet,2015,1
636,484,46,FL,500/1000,2000,1795.145021782651,0,FEMALE,Masters,Prof-specialty,Chess,own-child,20934.811596785163,39921.48743864111,Single Vehicle Collision,Unknown,Major Damage,Fire,PA,Springfield,4,4,Unknown,1,1,YES,60176.916978556124,19725.759835065848,2801.819986483358,81604.8242498952,BMW,2003,0
637,85,27,CA,500/1000,500,1875.441669653733,0,FEMALE,PhD,Machine-op-inspct,Movies,husband,68017.73513401055,65305.59079950671,Vehicle Theft,Front Collision,Total Loss,Ambulance,NY,Northbrook,22,2,Unknown,0,3,Unknown,37886.58216202968,25745.634411309184,23568.393873413595,55415.51683254582,Toyota,2001,0
638,184,29,FL,100/300,1000,1995.2115690182811,0,MALE,PhD,Craft-repair,Chess,other-relative,36443.62447707399,18561.469070639625,Parked Car,Side Collision,Major Damage,Fire,NY,Springfield,18,2,Unknown,0,3,YES,685.2866770731298,8281.304729411302,14120.23729999233,13923.720717930642,BMW,2003,0
639,284,47,FL,500/1000,1000,730.5262037108703,1000000,MALE,JD,Prof-specialty,Movies,not-in-family,14703.00092151461,82391.70278274891,Vehicle Theft,Unknown,Total Loss,Fire,PA,Columbus,3,2,YES,0,3,NO,97743.26346476455,19111.70684708465,13409.292504567606,43921.24625494359,Chevrolet,2023,1
640,461,58,TX,100/300,500,1794.446069713213,0,FEMALE,PhD,Craft-repair,Camping,husband,34960.17324042866,18019.33868998743,Single Vehicle Collision,Rear Collision,Total Loss,None,WV,Northbrook,23,3,YES,0,2,Unknown,6857.732973348438,21425.212352291852,55.61869444562939,68853.60922905937,Toyota,2006,0
641,219,18,CA,100/300,2000,899.0320650932026,5000000,FEMALE,JD,Prof-specialty,Movies,unmarried,22437.833393018547,38650.91483149067,Single Vehicle Collision,Side Collision,Total Loss,None,VA,Riverwood,21,4,NO,3,0,Unknown,31953.41566247604,11502.154811035154,24535.91580925684,57936.730361057605,Dodge,2004,0
642,68,22,NY,500/1000,2000,1386.2238123432617,0,FEMALE,JD,Craft-repair,Exercise,own-child,79577.90016383861,23802.57794808264,Single Vehicle Collision,Rear Collision,Minor Damage,Ambulance,PA,Northbrook,23,3,NO,3,2,YES,108506.20864140826,24367.323546207037,14785.11177114761,79685.19527312358,Dodge,2004,0
643,46,37,NY,500/1000,500,1258.6592508038163,0,FEMALE,Masters,Adm-clerical,Reading,not-in-family,98336.75603649452,83750.59576869367,Parked Car,Side Collision,Minor Damage,Police,PA,Northbrook,10,3,Unknown,1,2,YES,100025.88958040962,75.26324526890171,13196.835594040436,67523.46239738323,Toyota,2007,0
644,496,25,IL,250/500,500,526.9821973585815,0,MALE,PhD,Exec-managerial,Movies,other-relative,2549.1389029767442,85833.58136488794,Single Vehicle Collision,Rear Collision,Minor Damage,None,PA,Springfield,1,3,YES,3,1,NO,11462.672350901765,17847.59250642665,22841.546558531714,5639.07815762881,BMW,1999,0
645,93,60,NY,500/1000,2000,1899.1569198591421,0,FEMALE,JD,Craft-repair,Reading,other-relative,69002.01373152819,37202.888937023126,Parked Car,Unknown,Major Damage,None,WV,Springfield,12,1,Unknown,2,1,YES,99178.18379132201,18407.054110563913,1886.956473022826,10214.88716651017,Mercedes,2021,1
646,237,29,TX,250/500,1000,617.4905827238276,0,MALE,College,Exec-managerial,Camping,other-relative,26395.78336234866,30737.847100427363,Single Vehicle Collision,Unknown,Major Damage,Fire,PA,Riverwood,15,3,Unknown,1,0,Unknown,139620.9459915795,16015.292791159063,11000.413682856111,58512.40801952174,Saab,2016,0
647,445,18,FL,500/1000,500,1532.3283791116037,0,FEMALE,College,Craft-repair,Camping,not-in-family,6640.864386929446,77356.53751951653,Parked Car,Rear Collision,Minor Damage,Fire,PA,Columbus,8,4,Unknown,1,0,NO,11638.11911821838,18901.454607583484,17272.018726612692,21532.875470223284,BMW,2002,0
648,499,74,FL,100/300,2000,1677.510254312393,0,FEMALE,PhD,Machine-op-inspct,Exercise,husband,1435.1309585293516,87851.19718112511,Parked Car,Front Collision,Minor Damage,Police,OH,Columbus,15,3,NO,2,2,NO,62645.390037657126,5016.805710698107,13817.326882175632,52946.357747267444,Audi,2004,0
649,452,71,FL,500/1000,2000,1692.9317735715263,0,FEMALE,Masters,Adm-clerical,Exercise,unmarried,88100.96692124273,62401.99941140638,Parked Car,Rear Collision,Trivial Damage,None,OH,Springfield,6,4,Unknown,1,2,NO,109550.36657206414,20543.444454071272,5449.166696339232,71320.36152924849,Dodge,2000,0
650,203,37,CA,100/300,1000,703.2417783932672,5000000,MALE,Masters,Adm-clerical,Movies,own-child,35360.65020777995,92740.36757291033,Vehicle Theft,Side Collision,Minor Damage,None,OH,Riverwood,15,1,NO,2,2,YES,100324.58897509804,10073.668885099958,8978.295230409354,51966.14974385397,Audi,2005,1
651,399,45,NY,100/300,1000,1171.3549257619582,2000000,FEMALE,JD,Exec-managerial,Chess,unmarried,99454.3892090604,38304.38128500836,Single Vehicle Collision,Rear Collision,Total Loss,Police,OH,Northbrook,12,2,YES,0,2,YES,34363.326099189995,13561.612277277534,9006.01672942899,37452.42244356541,BMW,1998,0
652,217,74,TX,100/300,1000,1744.1433056509698,0,FEMALE,PhD,Machine-op-inspct,Camping,other-relative,44237.71676302123,15188.640201736225,Parked Car,Rear Collision,Total Loss,None,PA,Riverwood,4,4,Unknown,0,1,Unknown,24878.5579857576,9993.28091988806,29759.12408295681,58199.70096903343,Chevrolet,1996,0
653,473,60,CA,250/500,1000,954.018815568132,0,MALE,College,Prof-specialty,Reading,unmarried,18759.77517713744,17964.298231704135,Single Vehicle Collision,Side Collision,Major Damage,Ambulance,OH,Riverwood,14,3,NO,0,3,NO,117744.92710411933,14218.086104984563,9785.913564199464,13011.388040289388,Mercedes,2000,0
654,431,54,IL,500/1000,1000,1201.6230130619954,1000000,FEMALE,JD,Adm-clerical,Chess,husband,77714.35685225458,66983.195229722,Vehicle Theft,Unknown,Minor Damage,Ambulance,NY,Riverwood,6,4,YES,2,3,NO,143458.5759582001,18647.076795352434,6155.46187626897,65116.39879574503,Audi,2007,1
655,340,64,TX,100/300,500,909.1908390497687,5000000,MALE,JD,Machine-op-inspct,Camping,wife,92649.22163672987,40752.64230786165,Multi-vehicle Collision,Side Collision,Trivial Damage,Police,VA,Columbus,17,3,NO,3,3,NO,115253.72839765296,25150.304126866533,24679.114593124392,62762.55772271079,Ford,2023,1
656,38,54,TX,100/300,2000,1195.3271268279864,0,FEMALE,High School,Machine-op-inspct,Movies,wife,81562.1030775491,15631.459834181771,Single Vehicle Collision,Rear Collision,Total Loss,Fire,OH,Northbrook,19,2,Unknown,3,0,Unknown,144499.07008856363,14503.051729206629,12635.13765010826,46344.86250921079,Ford,2006,0
657,99,29,TX,250/500,500,1831.75688388932,0,MALE,PhD,Exec-managerial,Camping,own-child,74519.92340275277,29222.68549036079,Single Vehicle Collision,Side Collision,Minor Damage,Police,WV,Riverwood,22,4,YES,1,0,YES,90946.8159084879,9696.714828108097,13315.910834611523,25165.333201684192,Mercedes,2008,0
658,288,54,FL,500/1000,500,1182.6863465491542,2000000,MALE,JD,Machine-op-inspct,Exercise,own-child,33469.96945191685,53060.50720327485,Vehicle Theft,Rear Collision,Total Loss,Ambulance,VA,Columbus,1,3,YES,0,0,NO,139400.2796734416,14638.256367761529,16466.67190487212,71800.98441801452,Ford,2019,0
659,253,66,TX,500/1000,500,1333.8680256114806,1000000,MALE,College,Machine-op-inspct,Reading,unmarried,6449.03638950427,12144.526696213643,Parked Car,Unknown,Total Loss,None,NY,Columbus,7,4,YES,0,0,YES,103720.13633446058,20664.109922115465,17870.675917875345,45998.472260198745,BMW,2002,1
660,221,66,NY,250/500,500,1105.9644249546254,0,FEMALE,High School,Prof-specialty,Reading,own-child,20129.93485600898,344.2498944409733,Single Vehicle Collision,Rear Collision,Minor Damage,None,VA,Springfield,9,2,NO,1,1,YES,136378.27015506246,10401.021501773868,17716.668012310183,5420.003836766243,Mercedes,1997,0
661,356,73,TX,250/500,500,1190.1757748049881,0,MALE,College,Exec-managerial,Exercise,not-in-family,44681.0254247401,91729.80474956126,Multi-vehicle Collision,Rear Collision,Trivial Damage,Fire,VA,Northbrook,9,2,NO,0,2,YES,24657.55071145382,12428.462241702186,1034.991672331318,82683.26841047533,Saab,1999,0
662,22,61,FL,500/1000,1000,522.7612985696326,2000000,MALE,Masters,Exec-managerial,Chess,husband,95619.9870014404,30486.119077808573,Vehicle Theft,Unknown,Minor Damage,Fire,NY,Riverwood,10,2,NO,0,0,YES,122426.99975372036,16885.194510262092,24565.272986938584,69117.70764017159,BMW,2016,0
663,249,73,TX,250/500,1000,925.618264940684,1000000,FEMALE,High School,Machine-op-inspct,Exercise,other-relative,72285.41796753541,22149.814534298628,Parked Car,Side Collision,Major Damage,Ambulance,OH,Northbrook,20,4,YES,2,3,YES,29913.49724254115,8820.2779148205,5845.5845722451395,52673.98277667308,Audi,2001,0
664,9,45,IL,500/1000,2000,1154.8725826127366,1000000,MALE,High School,Prof-specialty,Reading,other-relative,82828.30451682473,69848.08097281888,Single Vehicle Collision,Front Collision,Total Loss,Fire,NY,Springfield,20,4,Unknown,1,0,Unknown,4600.6507409206115,6272.539786333254,8770.263833515824,39370.614003732815,Audi,2012,0
665,245,64,IL,500/1000,500,1450.6954639890932,1000000,FEMALE,JD,Craft-repair,Movies,unmarried,27729.3896906476,85340.27221808783,Single Vehicle Collision,Front Collision,Minor Damage,Police,WV,Springfield,7,3,Unknown,2,3,YES,77879.12703942297,4211.768515897859,5202.885600620264,86394.982853948,Audi,2000,0
666,324,32,FL,100/300,2000,1175.0778958308383,0,FEMALE,Masters,Adm-clerical,Chess,other-relative,68382.30274535032,63227.876734352416,Vehicle Theft,Rear Collision,Minor Damage,Ambulance,NY,Riverwood,15,2,YES,0,2,NO,48078.641193995725,10578.299493782228,23012.299726076333,69774.34962645959,Ford,2012,0
667,99,23,NY,100/300,1000,1006.725564982346,1000000,MALE,JD,Exec-managerial,Camping,unmarried,86243.81433779965,25448.275409853162,Parked Car,Rear Collision,Total Loss,None,PA,Columbus,15,3,Unknown,0,1,NO,7007.93858730867,1450.2871931417117,17509.739778762585,48195.8767490866,Saab,2002,0
668,289,61,NY,500/1000,1000,1082.1481030162358,0,MALE,PhD,Prof-specialty,Movies,own-child,47941.15148965845,86163.66233543087,Parked Car,Unknown,Total Loss,None,PA,Springfield,16,4,YES,1,1,NO,147055.50461985983,17504.475801285047,22658.88458256154,58818.535177031365,Dodge,2001,1
669,179,37,CA,500/1000,1000,863.4399938006998,2000000,FEMALE,College,Prof-specialty,Chess,own-child,42989.18602307587,51042.71961272193,Vehicle Theft,Side Collision,Major Damage,None,VA,Columbus,5,1,Unknown,0,0,Unknown,100136.68127575393,5277.280979925735,19601.95216287901,25339.461115508944,Volkswagen,1996,0
670,222,67,FL,500/1000,500,1886.7414241610793,0,MALE,College,Machine-op-inspct,Reading,not-in-family,71940.45134317788,38119.08029602469,Single Vehicle Collision,Front Collision,Total Loss,Fire,OH,Springfield,17,2,Unknown,3,0,YES,135320.91989573202,11321.843769901285,3124.759032582056,17694.863253124746,Audi,1998,1
671,393,31,TX,500/1000,500,1282.614838686372,2000000,MALE,JD,Adm-clerical,Reading,not-in-family,55991.16862447463,60472.61196329739,Single Vehicle Collision,Front Collision,Total Loss,Ambulance,OH,Northbrook,16,3,Unknown,2,3,NO,149862.84658785624,8076.684461951177,9044.993275530158,24671.427302636665,Chevrolet,2017,1
672,249,19,FL,500/1000,1000,520.1141808081846,0,MALE,College,Exec-managerial,Movies,husband,99317.10831940439,70061.22236383165,Parked Car,Unknown,Minor Damage,Fire,PA,Riverwood,11,2,NO,2,0,NO,59099.027132328265,18911.69899025248,15217.954787703638,26452.935325517137,Dodge,2003,0
673,146,26,CA,500/1000,2000,529.1693876293199,0,MALE,College,Craft-repair,Chess,other-relative,42510.28007285616,59382.98741151422,Parked Car,Unknown,Trivial Damage,Police,WV,Springfield,14,3,NO,3,1,NO,38583.18579575022,25510.36984400599,9148.35094294091,66602.4867124201,Mercedes,2010,0
674,441,54,FL,250/500,2000,1959.4424524280623,0,FEMALE,PhD,Machine-op-inspct,Camping,not-in-family,17594.32773249866,92024.54457228059,Multi-vehicle Collision,Front Collision,Trivial Damage,Ambulance,NY,Northbrook,6,3,YES,1,0,YES,27990.7167066809,18999.03128965035,6219.117132183494,12691.487560659005,Ford,2013,0
675,95,37,FL,500/1000,1000,832.1763370598676,0,FEMALE,Masters,Exec-managerial,Camping,husband,47193.50527863129,62801.78059990537,Multi-vehicle Collision,Side Collision,Total Loss,Fire,NY,Springfield,13,1,NO,1,3,NO,77520.47261480571,16275.147860201816,26094.35907199799,70005.08943441932,Mercedes,2004,0
676,256,43,CA,250/500,2000,1708.412433221472,1000000,MALE,High School,Exec-managerial,Exercise,wife,23520.499309773135,87858.07126255764,Multi-vehicle Collision,Side Collision,Minor Damage,None,NY,Riverwood,3,4,YES,0,2,YES,91109.07623657254,20072.512179661262,22433.51025646128,47153.23867117299,Audi,2020,0
677,324,46,NY,250/500,1000,587.4129523408617,1000000,FEMALE,JD,Prof-specialty,Movies,not-in-family,56125.3820794501,58695.84351538735,Parked Car,Side Collision,Major Damage,None,WV,Northbrook,16,2,NO,1,1,NO,71127.19903686247,899.7191328059951,10356.6018166253,34673.12208347448,Audi,2002,0
678,492,18,TX,500/1000,2000,1881.7441050418236,0,MALE,JD,Adm-clerical,Chess,husband,12579.699243794585,32967.95737301249,Parked Car,Rear Collision,Major Damage,Police,WV,Columbus,10,4,Unknown,3,1,NO,58394.176219429515,3685.339828863593,22950.370878866954,27105.610252472612,Dodge,2023,0
679,3,72,CA,500/1000,1000,1811.6255055000177,0,MALE,PhD,Craft-repair,Movies,unmarried,94997.6273549186,53229.681748319534,Parked Car,Side Collision,Total Loss,Police,NY,Springfield,5,3,NO,1,2,YES,25656.748237139687,2847.8170791313273,18826.15855335684,46236.73434875329,Chevrolet,2010,1
680,15,52,IL,250/500,2000,1356.639743651772,2000000,MALE,PhD,Adm-clerical,Camping,unmarried,85982.28815401609,8633.668965160257,Single Vehicle Collision,Rear Collision,Total Loss,Police,NY,Springfield,9,4,NO,0,2,NO,66558.01375968829,2945.9149724635204,113.57200897190279,28644.909790441445,Audi,2019,1
681,279,23,NY,250/500,500,513.4979859248837,1000000,MALE,High School,Prof-specialty,Chess,husband,15556.53971088704,23017.46338957943,Vehicle Theft,Rear Collision,Major Damage,None,WV,Northbrook,14,1,NO,3,1,Unknown,13243.848993320209,7814.511455896441,11407.860780349049,38707.73411936593,Saab,2023,0
682,335,54,IL,500/1000,1000,886.7163110350064,1000000,FEMALE,Masters,Craft-repair,Reading,own-child,17239.29227470097,76623.16622037167,Parked Car,Unknown,Minor Damage,Fire,NY,Riverwood,5,4,YES,0,3,YES,129824.63995369499,15961.567811496156,8714.624975829915,66537.47454244323,Toyota,2002,1
683,246,70,NY,500/1000,1000,1110.2339710976976,1000000,MALE,JD,Craft-repair,Reading,wife,51243.86744880165,66147.5610684426,Single Vehicle Collision,Rear Collision,Total Loss,None,WV,Springfield,15,3,YES,2,3,NO,7511.946488644931,3440.447359702413,6537.258651176906,56377.26572114824,Mercedes,2014,0
684,257,22,TX,250/500,2000,1190.0961751213426,1000000,FEMALE,PhD,Machine-op-inspct,Chess,husband,77288.13870417251,16651.871053386134,Parked Car,Rear Collision,Minor Damage,None,VA,Northbrook,11,3,Unknown,2,0,Unknown,57406.586228867425,28053.487235681678,7547.681822125347,67343.61564493917,Audi,1998,0
685,496,50,TX,250/500,1000,946.5181378435581,0,MALE,JD,Craft-repair,Movies,not-in-family,21907.933566752945,43801.51762580812,Vehicle Theft,Unknown,Minor Damage,None,PA,Riverwood,18,1,Unknown,1,3,Unknown,15470.611421923792,25627.70407963246,28270.945397265677,64196.33469891668,Dodge,2021,0
686,475,66,FL,250/500,1000,549.421802368295,1000000,FEMALE,College,Exec-managerial,Movies,own-child,6097.171955953185,14199.220593024975,Parked Car,Side Collision,Trivial Damage,Fire,PA,Springfield,15,2,Unknown,3,1,YES,116359.5846703282,29149.33061498946,14589.512039746118,73375.01714973067,BMW,2017,0
687,383,68,IL,100/300,1000,1385.1911088898132,0,FEMALE,JD,Adm-clerical,Reading,husband,54553.42765826151,85581.7856373974,Single Vehicle Collision,Side Collision,Total Loss,None,WV,Northbrook,13,1,NO,3,0,NO,47254.17833477506,1275.0013526547177,25431.261546723585,18231.92737763349,Ford,2014,0
688,159,31,NY,250/500,500,1286.232001542134,2000000,FEMALE,Masters,Adm-clerical,Reading,other-relative,69159.711410201,10916.970175428885,Parked Car,Front Collision,Major Damage,Police,NY,Riverwood,5,2,Unknown,3,3,YES,17409.289091556944,25542.07341267949,6426.514564589476,89561.55765264979,Mercedes,2021,0
689,474,29,TX,100/300,500,924.5009531436166,1000000,FEMALE,Masters,Machine-op-inspct,Camping,not-in-family,24436.5491292717,65423.49967603346,Parked Car,Front Collision,Total Loss,Police,PA,Springfield,8,3,YES,0,2,Unknown,79957.94918024482,24112.022263244682,5232.113989378449,42871.763443453776,Audi,2007,0
690,339,59,CA,500/1000,2000,556.9639513544098,0,MALE,JD,Craft-repair,Chess,not-in-family,73976.77877506381,60700.00009781692,Parked Car,Rear Collision,Major Damage,Police,OH,Springfield,21,4,Unknown,3,3,Unknown,137483.41258081625,27063.175938073815,26663.687649417294,64669.14113347027,Dodge,2020,0
691,151,37,TX,500/1000,500,1991.8912808329103,0,FEMALE,College,Prof-specialty,Movies,unmarried,95064.37849446086,47277.66456468499,Multi-vehicle Collision,Front Collision,Total Loss,Police,NY,Riverwood,0,3,Unknown,1,0,YES,136342.4082323209,15838.32502979426,14871.140573474035,61029.73965381881,BMW,2004,1
692,395,70,CA,250/500,2000,1222.979280239609,0,MALE,Masters,Exec-managerial,Camping,other-relative,13707.444268547286,27823.46226641418,Parked Car,Unknown,Minor Damage,None,WV,Riverwood,21,1,Unknown,2,2,YES,37822.830649352094,23636.6721232702,26854.563759372388,50996.892607070855,Audi,2017,0
693,177,67,NY,500/1000,500,1634.0063626611156,0,FEMALE,PhD,Machine-op-inspct,Movies,other-relative,51102.90653086953,40395.64999930294,Single Vehicle Collision,Front Collision,Major Damage,None,OH,Northbrook,7,1,Unknown,1,0,NO,108089.1215560549,1538.6063802795725,1890.8655861382472,89623.8780526675,Volkswagen,2019,0
694,162,41,TX,500/1000,2000,1178.4710525770033,0,FEMALE,JD,Craft-repair,Reading,not-in-family,5684.19506815826,80639.1300461047,Single Vehicle Collision,Front Collision,Minor Damage,None,WV,Springfield,6,4,Unknown,2,0,Unknown,5027.486829728194,2276.3336845196645,27493.065665289232,19636.6948823561,Ford,2022,0
695,379,60,TX,500/1000,500,564.7554362944122,2000000,FEMALE,College,Prof-specialty,Chess,wife,20666.100723071555,76155.08155461025,Single Vehicle Collision,Rear Collision,Total Loss,Police,NY,Springfield,13,1,YES,2,2,YES,20211.843577261978,3555.9672284876474,12463.359490266692,38013.42516838463,BMW,2003,0
696,32,51,NY,500/1000,500,964.4011176282502,0,MALE,PhD,Craft-repair,Exercise,own-child,8981.935346107328,73880.91151611364,Parked Car,Unknown,Total Loss,Fire,VA,Northbrook,7,3,NO,1,0,Unknown,75171.11936191004,27443.665898946238,4661.114622655434,11582.977274366334,Dodge,2019,1
697,416,42,TX,100/300,2000,980.1652115088518,0,FEMALE,JD,Machine-op-inspct,Chess,unmarried,40400.662308020255,74982.35843610577,Vehicle Theft,Front Collision,Minor Damage,Ambulance,VA,Springfield,10,4,Unknown,2,1,YES,34699.08695600864,1835.080481653466,20501.480683055823,16447.008931231197,Ford,2020,0
698,444,67,CA,100/300,1000,1757.529356073524,2000000,MALE,College,Prof-specialty,Exercise,other-relative,82083.17903747575,14388.637435533914,Single Vehicle Collision,Side Collision,Minor Damage,Ambulance,VA,Springfield,23,2,NO,2,0,NO,119840.14716704063,3004.4858009733275,23907.08049882771,64195.469315551316,BMW,2006,1
699,178,46,TX,250/500,1000,1481.3449669998115,1000000,MALE,PhD,Prof-specialty,Camping,unmarried,57713.04505217814,9909.645036243164,Multi-vehicle Collision,Unknown,Major Damage,Ambulance,NY,Springfield,8,1,Unknown,0,1,Unknown,139695.28972187286,27912.31207888581,1421.2418274420113,535.3568208188756,Dodge,2020,1
700,426,74,IL,250/500,500,913.1448554592093,0,MALE,Masters,Prof-specialty,Exercise,not-in-family,22258.483716543076,86149.86228540221,Vehicle Theft,Unknown,Total Loss,Fire,NY,Columbus,18,2,NO,1,2,NO,1147.830814175944,3221.7774549683454,29615.879232560583,80094.87655813158,Mercedes,2009,1
701,100,56,FL,250/500,2000,1951.6099319886291,1000000,FEMALE,JD,Prof-specialty,Exercise,own-child,4011.0647095723098,83717.4570344444,Single Vehicle Collision,Rear Collision,Total Loss,None,OH,Riverwood,6,4,YES,1,0,NO,35320.916525346474,26092.688961761214,20910.80661948541,57023.28504585178,Audi,2016,0
702,267,48,CA,500/1000,1000,982.3127485968071,0,FEMALE,JD,Craft-repair,Camping,husband,55339.819528675296,68131.83040463633,Parked Car,Unknown,Total Loss,Ambulance,NY,Columbus,5,1,NO,1,3,Unknown,66213.22523839599,23678.12364186859,9642.05974973533,39737.36432909807,Toyota,1995,0
703,322,73,IL,500/1000,2000,1997.3510387430806,0,FEMALE,Masters,Prof-specialty,Chess,other-relative,13279.6714990571,60590.57453155382,Multi-vehicle Collision,Unknown,Total Loss,Ambulance,NY,Columbus,17,4,Unknown,2,0,YES,84680.35360868208,1208.4596559646277,4538.813870861718,29889.36354149861,Chevrolet,2006,1
704,64,64,NY,100/300,1000,1994.2455397553947,0,FEMALE,High School,Craft-repair,Camping,own-child,34273.40273637573,36687.17064823884,Single Vehicle Collision,Unknown,Major Damage,None,OH,Riverwood,4,1,NO,3,1,NO,137427.4652500191,655.4219066889,11775.942440346442,11452.036969132467,Dodge,2018,1
705,416,60,CA,100/300,2000,786.8157766201127,0,FEMALE,PhD,Prof-specialty,Reading,unmarried,51019.2258913606,22408.259157800327,Multi-vehicle Collision,Unknown,Major Damage,Ambulance,OH,Columbus,18,1,NO,3,1,NO,133836.58183203638,16031.651505407795,6616.969816758774,82948.47652220339,Chevrolet,2008,1
706,167,67,FL,250/500,500,969.1116742826002,0,FEMALE,Masters,Prof-specialty,Reading,not-in-family,90373.25356861924,66765.64377298365,Vehicle Theft,Unknown,Minor Damage,None,WV,Northbrook,10,1,Unknown,2,3,Unknown,95756.9298704609,29915.262113003017,14824.596707942874,64137.77702066992,Audi,2016,0
707,329,40,FL,100/300,2000,1229.0662977269812,2000000,FEMALE,JD,Machine-op-inspct,Exercise,own-child,8182.332708871698,91303.46380824769,Single Vehicle Collision,Unknown,Total Loss,Ambulance,PA,Columbus,4,4,NO,3,2,Unknown,38979.50810554074,26364.904802969595,23456.781254709826,30341.7306034511,Audi,2017,0
708,42,61,NY,100/300,1000,1496.1510067218364,1000000,MALE,PhD,Craft-repair,Camping,husband,66860.75922668305,43699.657573815,Parked Car,Unknown,Total Loss,None,PA,Northbrook,23,4,Unknown,3,1,Unknown,117601.52757681502,9300.763001138539,19803.9116685166,6477.1625317117805,BMW,1996,1
709,43,55,NY,100/300,500,1292.0711735056989,0,FEMALE,PhD,Craft-repair,Camping,own-child,1408.1285504878526,30321.247022290354,Multi-vehicle Collision,Side Collision,Total Loss,Police,WV,Riverwood,8,3,YES,2,1,NO,30796.43980744115,11589.277023462102,13078.047143451868,29378.886555537483,Audi,1997,0
710,284,37,CA,100/300,2000,1954.1622036983852,0,MALE,High School,Adm-clerical,Camping,not-in-family,62990.85523602959,27074.18134894911,Single Vehicle Collision,Unknown,Total Loss,Fire,VA,Springfield,23,3,Unknown,1,1,YES,144793.2624524741,11637.179887143033,3568.3177374014863,16698.623103336602,Audi,2000,1
711,396,40,TX,100/300,1000,1585.9837463535373,0,MALE,JD,Machine-op-inspct,Chess,unmarried,55153.24893305936,2370.5242899748623,Vehicle Theft,Rear Collision,Total Loss,Ambulance,NY,Riverwood,7,4,YES,0,0,YES,1373.0674022327014,22025.364477150444,28714.70767104021,70785.9708594857,BMW,2013,0
712,11,62,NY,250/500,500,818.0672740744617,1000000,FEMALE,College,Craft-repair,Movies,other-relative,81186.66200900677,52031.672219406544,Vehicle Theft,Side Collision,Minor Damage,None,OH,Riverwood,10,4,NO,1,0,Unknown,85680.69033423127,10233.982579871506,8111.1157635146,64791.921759596735,Ford,2015,0
713,94,69,TX,250/500,2000,657.6463253204574,1000000,FEMALE,High School,Machine-op-inspct,Movies,other-relative,53166.247286447935,98823.60298548314,Single Vehicle Collision,Unknown,Total Loss,Police,OH,Columbus,21,1,Unknown,1,0,NO,13715.38841478335,4433.911841257822,8335.03637625052,44884.640396330964,Dodge,2007,1
714,301,33,IL,100/300,1000,1532.601936064035,0,MALE,High School,Machine-op-inspct,Movies,wife,35261.65997261374,81523.77161393224,Vehicle Theft,Front Collision,Minor Damage,None,VA,Riverwood,5,3,NO,1,0,NO,61436.129762212186,22413.222257506513,19365.066655155973,79737.11516788167,Saab,2014,0
715,385,67,FL,250/500,2000,737.6786602711445,0,MALE,College,Machine-op-inspct,Chess,unmarried,24275.08713282266,89747.47181652582,Multi-vehicle Collision,Rear Collision,Minor Damage,Ambulance,OH,Riverwood,14,3,YES,0,0,NO,95422.56427640737,13740.468547353139,23115.28866441308,16343.193863703651,Chevrolet,2015,1
716,252,59,TX,500/1000,2000,1681.5152605036312,0,FEMALE,College,Exec-managerial,Camping,wife,8524.974178207302,62116.40962755061,Multi-vehicle Collision,Side Collision,Trivial Damage,Ambulance,VA,Northbrook,5,4,YES,1,3,Unknown,103594.97509099149,2303.3617105940098,29524.582959520485,40731.70613047116,Saab,2002,0
717,498,72,FL,100/300,500,966.5550008905054,0,MALE,High School,Craft-repair,Movies,wife,53461.26742964312,48144.64104827508,Multi-vehicle Collision,Rear Collision,Total Loss,Ambulance,WV,Springfield,21,3,NO,3,1,NO,117942.63571625331,23701.568054761825,29074.92781883419,63984.76532637443,Saab,1998,1
718,241,25,TX,500/1000,500,990.3398945834098,0,MALE,PhD,Machine-op-inspct,Camping,not-in-family,88832.19266485685,99045.70074037515,Multi-vehicle Collision,Side Collision,Total Loss,Ambulance,VA,Columbus,10,4,Unknown,0,3,NO,89202.49156333313,17559.337918506877,27412.81572696242,6195.431239709256,BMW,2019,1
719,34,67,IL,250/500,1000,516.1975885842679,0,MALE,Masters,Exec-managerial,Exercise,not-in-family,51474.44939556895,44716.21106388469,Vehicle Theft,Front Collision,Minor Damage,Ambulance,PA,Springfield,14,3,Unknown,3,1,YES,38072.24301725617,14681.079758063528,13059.407021500494,33603.69474443451,Ford,2013,0
720,214,38,NY,250/500,500,1551.516900642561,0,MALE,Masters,Exec-managerial,Movies,not-in-family,73910.28574658923,91683.05757134467,Single Vehicle Collision,Rear Collision,Major Damage,Police,VA,Springfield,11,2,Unknown,0,0,Unknown,133443.3598187633,20200.295014418396,5000.089792693443,51492.665716178,Toyota,2022,0
721,336,18,IL,500/1000,1000,669.9046295970287,0,FEMALE,High School,Prof-specialty,Exercise,husband,29843.49382175756,76184.48087837349,Vehicle Theft,Rear Collision,Minor Damage,None,WV,Springfield,8,2,Unknown,3,0,Unknown,121760.5582455463,15161.030484610988,17534.136098598832,33075.63813245843,Saab,2001,0
722,89,72,NY,250/500,2000,1659.3208661952772,0,FEMALE,PhD,Prof-specialty,Chess,unmarried,44813.08598747678,33097.842523805266,Vehicle Theft,Side Collision,Total Loss,None,VA,Columbus,9,3,YES,1,2,Unknown,24427.821497174078,19452.604439654977,517.6951664030416,43269.8891356203,Saab,2001,0
723,263,25,NY,100/300,2000,1237.80173287581,0,MALE,College,Craft-repair,Reading,other-relative,32460.32034459314,50306.218325298505,Single Vehicle Collision,Side Collision,Total Loss,Ambulance,WV,Riverwood,14,4,Unknown,1,2,NO,124063.42203907343,26024.65636095965,5887.4651698618045,54769.83960809975,Volkswagen,1995,1
724,92,46,FL,500/1000,1000,1676.4197224318536,2000000,MALE,High School,Prof-specialty,Chess,unmarried,10926.611135489738,38432.922176370135,Single Vehicle Collision,Front Collision,Major Damage,None,PA,Springfield,16,2,NO,1,3,NO,145910.35512861703,18405.43104333376,75.88190384293813,33218.316214744686,BMW,2013,1
725,409,49,IL,100/300,2000,1375.889808796612,5000000,MALE,JD,Craft-repair,Chess,not-in-family,41698.86032835049,13622.327416596492,Parked Car,Unknown,Major Damage,Police,NY,Columbus,15,1,YES,3,1,YES,95764.25796278368,19788.014935628245,5416.077377146164,9630.690597429893,Volkswagen,2020,0
726,457,55,TX,500/1000,500,623.6499080284862,2000000,FEMALE,PhD,Exec-managerial,Chess,husband,76428.72318372164,35676.658156219295,Multi-vehicle Collision,Side Collision,Minor Damage,Ambulance,WV,Riverwood,21,4,NO,3,3,Unknown,42629.88085552712,18415.682082620242,14242.713701887682,12636.060311057701,BMW,2011,0
727,89,22,IL,250/500,2000,1648.4785050577746,1000000,FEMALE,JD,Exec-managerial,Movies,unmarried,39497.49995445172,88897.28842800944,Single Vehicle Collision,Side Collision,Major Damage,Fire,NY,Springfield,7,2,NO,2,2,NO,91185.77777537543,15935.393328998898,11799.729332802477,47477.65686292231,BMW,2002,0
728,417,64,FL,500/1000,500,604.6992273421246,0,MALE,JD,Craft-repair,Exercise,unmarried,65017.92222182673,75263.5685349068,Vehicle Theft,Side Collision,Major Damage,Police,WV,Northbrook,16,1,NO,3,1,YES,51708.9928376707,5159.172329264146,11078.896947799176,15809.128304307565,Toyota,2020,0
729,114,39,NY,500/1000,1000,1218.0525808539983,0,MALE,High School,Prof-specialty,Movies,wife,75861.54840508603,27758.1074301662,Multi-vehicle Collision,Front Collision,Trivial Damage,Ambulance,VA,Columbus,10,2,YES,0,3,NO,101553.99736102478,10070.329306765963,24928.585918015873,80096.04712573632,Mercedes,2015,0
730,104,64,FL,100/300,1000,758.523821217445,2000000,MALE,PhD,Prof-specialty,Reading,unmarried,32273.622721632266,36791.33130975384,Multi-vehicle Collision,Unknown,Trivial Damage,None,NY,Springfield,10,2,Unknown,1,2,NO,81947.59393865308,20793.269020743668,20249.889139370338,75093.29309263197,Dodge,2009,1
731,390,51,CA,250/500,2000,1628.5027669668275,0,FEMALE,JD,Craft-repair,Chess,wife,79751.45596054768,61643.39230065218,Vehicle Theft,Unknown,Total Loss,Police,WV,Columbus,5,1,NO,0,0,Unknown,139458.84650741782,12764.283201053315,28092.95288613318,31477.98300364078,Chevrolet,2014,1
732,195,18,CA,100/300,2000,1867.3868417091899,0,MALE,PhD,Adm-clerical,Camping,wife,33892.57169697096,41613.98150084874,Single Vehicle Collision,Front Collision,Major Damage,Ambulance,WV,Northbrook,21,1,NO,2,3,Unknown,92877.32720852002,12183.870357330698,13360.232720330174,74805.74676234419,Saab,2013,0
733,313,72,TX,250/500,500,1331.1892450374114,0,MALE,Masters,Prof-specialty,Reading,own-child,25610.706046045605,50304.411636456294,Multi-vehicle Collision,Unknown,Total Loss,None,NY,Columbus,1,3,Unknown,2,0,NO,32490.26171721178,22778.078523916738,8166.890264278553,48033.58594766444,Audi,2001,1
734,113,72,FL,100/300,500,1290.7209414487706,0,MALE,JD,Machine-op-inspct,Exercise,not-in-family,22244.616775986502,69816.84110959824,Multi-vehicle Collision,Rear Collision,Total Loss,None,WV,Riverwood,0,2,Unknown,3,3,NO,108903.92606461176,167.0658187098373,3680.5361410006667,14398.678481404408,Audi,2018,1
735,492,43,TX,500/1000,2000,1645.9447944884269,0,MALE,JD,Prof-specialty,Reading,husband,19990.41457248393,46725.08481440207,Multi-vehicle Collision,Front Collision,Minor Damage,Ambulance,NY,Springfield,19,1,Unknown,1,1,NO,45481.30852020185,20369.834407360155,20160.82187055438,55317.645723265,Chevrolet,2018,0
736,74,60,TX,100/300,2000,507.61821946359083,0,MALE,PhD,Adm-clerical,Movies,wife,73712.40728133968,19096.97896671958,Multi-vehicle Collision,Side Collision,Minor Damage,Police,PA,Columbus,5,3,Unknown,0,1,NO,41222.44746584625,14676.79531470046,25252.23265414971,61182.65543775495,Saab,2007,0
737,412,27,CA,250/500,1000,1876.637963952741,1000000,FEMALE,Masters,Exec-managerial,Camping,unmarried,88750.92610569176,52057.39373148292,Multi-vehicle Collision,Unknown,Minor Damage,Ambulance,OH,Columbus,4,1,NO,2,1,NO,59070.605523388265,11302.877437390564,5512.180927852689,7641.852904467259,Saab,1995,0
738,375,47,TX,250/500,1000,796.1732256366976,0,FEMALE,JD,Exec-managerial,Movies,wife,23064.847418528923,35611.82302170924,Vehicle Theft,Rear Collision,Trivial Damage,Ambulance,PA,Springfield,22,3,YES,2,1,Unknown,2293.5035198700098,10216.098347207688,26362.582335376086,28369.33282894123,BMW,2001,0
739,419,67,CA,500/1000,1000,1976.1783257393558,1000000,FEMALE,High School,Exec-managerial,Chess,wife,8524.029779615394,29073.422845862264,Single Vehicle Collision,Front Collision,Minor Damage,Ambulance,NY,Northbrook,21,3,Unknown,0,2,Unknown,145386.52869411142,5186.2648594550865,15788.286050859992,584.0204863115126,Mercedes,1999,0
740,216,35,NY,250/500,2000,1604.3809219406933,0,MALE,PhD,Prof-specialty,Chess,wife,31376.69762884384,32810.85611065191,Single Vehicle Collision,Front Collision,Minor Damage,Ambulance,VA,Northbrook,21,1,Unknown,2,0,NO,80083.50114812539,10027.562482458092,4322.418964228557,28546.94942171576,Saab,2012,1
741,276,34,FL,100/300,2000,1661.3767215510065,2000000,FEMALE,PhD,Exec-managerial,Reading,other-relative,65784.72389213587,43900.221749000564,Multi-vehicle Collision,Side Collision,Total Loss,Ambulance,VA,Springfield,8,1,NO,0,2,NO,116137.33713400757,11742.554163311184,19285.89974705265,30256.53542944046,Mercedes,2002,1
742,248,43,TX,500/1000,2000,1484.3044705604098,0,MALE,JD,Adm-clerical,Chess,other-relative,36852.00922260389,88661.31428716211,Multi-vehicle Collision,Side Collision,Total Loss,None,OH,Springfield,4,2,Unknown,1,3,Unknown,39048.90724549281,13123.467582745046,15601.582246116404,56755.75554743973,Toyota,2009,1
743,163,25,CA,250/500,1000,1207.4947741777405,0,FEMALE,Masters,Adm-clerical,Chess,other-relative,54917.65392112188,73405.71043302002,Multi-vehicle Collision,Front Collision,Trivial Damage,Ambulance,NY,Riverwood,17,2,NO,3,3,NO,112119.41067922702,20169.019160325824,845.5064193819694,17993.990840459934,Chevrolet,2012,1
744,393,64,IL,250/500,2000,1357.4415400417483,0,FEMALE,JD,Prof-specialty,Exercise,other-relative,74430.49656751953,66788.19385013619,Vehicle Theft,Rear Collision,Total Loss,Police,WV,Columbus,23,3,NO,0,0,Unknown,85291.99009058124,13607.130582690148,11977.296141798726,2805.1797068285587,Toyota,2000,1
745,356,57,TX,100/300,500,569.6043290226885,0,MALE,College,Machine-op-inspct,Exercise,own-child,40847.85311550485,47126.021088173344,Vehicle Theft,Side Collision,Minor Damage,Fire,PA,Columbus,18,1,NO,1,0,Unknown,63909.55398003561,23888.52912670052,23543.63978828733,28475.544561045997,Toyota,2022,0
746,456,66,NY,100/300,2000,1435.9392641480213,0,MALE,JD,Prof-specialty,Movies,wife,99969.48313711949,182.9947149683431,Parked Car,Front Collision,Trivial Damage,Ambulance,PA,Northbrook,14,2,NO,0,2,Unknown,145615.04931637106,19192.139921351234,16662.712602663214,74323.19720867726,Chevrolet,1999,0
747,407,29,NY,500/1000,2000,1439.1471529805701,0,MALE,College,Exec-managerial,Movies,own-child,29794.92602355025,34055.07114390913,Multi-vehicle Collision,Front Collision,Minor Damage,Police,OH,Riverwood,14,3,Unknown,2,1,Unknown,74329.63526488766,5687.91238482268,8461.233787875915,35983.15397964857,Mercedes,2016,0
748,191,44,IL,250/500,2000,1836.8011961027141,0,FEMALE,High School,Prof-specialty,Exercise,unmarried,97824.8351872617,81319.20399794735,Parked Car,Side Collision,Trivial Damage,Fire,OH,Columbus,8,2,YES,1,2,YES,98790.0579925067,8315.195183115404,27859.25290147649,37416.92990807838,Audi,2005,0
749,226,25,CA,100/300,2000,1258.484536145329,0,MALE,PhD,Adm-clerical,Reading,not-in-family,20302.966523311396,38817.09095177397,Parked Car,Unknown,Minor Damage,Police,OH,Riverwood,13,3,Unknown,0,2,NO,2793.6576277370145,2377.4755932415637,7133.371141315797,42265.57789990955,Dodge,2020,0
750,176,42,TX,500/1000,2000,615.7165611290915,1000000,FEMALE,PhD,Prof-specialty,Exercise,husband,11093.174326428978,56381.912506764056,Parked Car,Rear Collision,Major Damage,None,OH,Springfield,4,2,YES,1,3,NO,45567.553371547925,28371.652647699666,7582.0802079784835,67685.81588981778,Saab,2002,0
751,98,63,CA,250/500,500,959.2938807231219,1000000,FEMALE,Masters,Prof-specialty,Movies,own-child,75083.06250943679,20473.981634709682,Single Vehicle Collision,Unknown,Minor Damage,None,OH,Columbus,16,1,Unknown,0,2,NO,133359.38914092994,26596.514436878,10639.18038840789,43254.23782483361,Volkswagen,2003,1
752,495,21,NY,250/500,500,1483.4441181714762,0,FEMALE,JD,Machine-op-inspct,Camping,other-relative,70230.9656651198,91585.77418457909,Parked Car,Unknown,Trivial Damage,Fire,OH,Springfield,14,4,NO,0,0,Unknown,113964.37963684482,2543.8867635281135,26836.135837683854,8306.31945305674,Chevrolet,2007,1
753,35,50,CA,500/1000,2000,858.8882941271959,0,MALE,High School,Adm-clerical,Chess,other-relative,81116.93472424644,92317.04357370666,Multi-vehicle Collision,Rear Collision,Minor Damage,Fire,WV,Northbrook,19,4,Unknown,1,1,Unknown,80744.72840825965,17222.280475423802,15228.76186276549,18655.3419840085,Audi,1997,0
754,465,18,NY,500/1000,1000,920.7917327831015,1000000,MALE,College,Craft-repair,Camping,unmarried,34359.04217333049,14607.038395835381,Vehicle Theft,Rear Collision,Minor Damage,Fire,WV,Northbrook,16,3,NO,1,3,Unknown,135073.87621343616,28812.054565824557,20465.371776774868,16991.9732926325,Volkswagen,1997,0
755,496,36,CA,100/300,2000,1730.70352454128,0,MALE,Masters,Craft-repair,Camping,wife,93080.76538529836,72415.89492063322,Multi-vehicle Collision,Side Collision,Major Damage,None,PA,Springfield,23,4,Unknown,1,0,NO,73189.96672452959,22414.283698384672,29287.925175308417,45756.91232454978,Toyota,2001,0
756,486,48,IL,250/500,2000,1376.4795976440637,0,FEMALE,High School,Adm-clerical,Chess,husband,11948.142837307885,7523.850775191298,Vehicle Theft,Side Collision,Minor Damage,None,PA,Northbrook,23,4,NO,2,3,Unknown,85192.80609607245,14754.36581912018,23498.888906770935,2790.658909363746,Audi,1997,0
757,95,33,FL,250/500,2000,1262.7911476603588,0,FEMALE,High School,Craft-repair,Exercise,own-child,3027.7101331126155,59854.76179800978,Single Vehicle Collision,Side Collision,Major Damage,Police,OH,Springfield,8,3,YES,3,2,YES,57631.85065603307,7233.089667199045,5178.003559532798,25597.13310529745,Mercedes,2005,0
758,151,31,IL,250/500,1000,977.6779502087065,0,MALE,College,Exec-managerial,Reading,wife,30056.38851119715,17865.365082599637,Single Vehicle Collision,Rear Collision,Major Damage,None,PA,Springfield,12,4,NO,0,2,NO,93195.9854900712,8371.112252438868,23650.617871199298,54686.82519978086,Chevrolet,2008,0
759,150,70,IL,500/1000,1000,1596.39205389955,0,FEMALE,College,Craft-repair,Camping,wife,79732.44634002504,14570.525248920385,Multi-vehicle Collision,Unknown,Total Loss,Fire,OH,Springfield,21,2,Unknown,0,0,YES,48190.72887267063,22087.13864014082,22450.114476780567,31983.095730290992,Ford,2020,0
760,189,65,FL,100/300,1000,931.5776517350439,0,FEMALE,PhD,Exec-managerial,Reading,not-in-family,67298.23072736482,411.98173926698666,Single Vehicle Collision,Rear Collision,Total Loss,Ambulance,WV,Northbrook,12,2,NO,1,0,YES,58131.0805425824,23417.2581973154,6978.509834316768,63723.32304185206,Ford,2022,0
761,223,22,FL,250/500,500,1605.595276466263,0,FEMALE,JD,Adm-clerical,Movies,not-in-family,43620.876422262314,94085.71368674033,Vehicle Theft,Side Collision,Trivial Damage,Ambulance,VA,Northbrook,4,2,YES,0,3,NO,144965.77634948667,15860.799730542976,9760.494926628478,35270.79818342545,Saab,2015,0
762,36,58,TX,500/1000,1000,605.152220401163,0,MALE,Masters,Craft-repair,Camping,own-child,25625.361419433546,82925.24915204578,Single Vehicle Collision,Unknown,Major Damage,Fire,WV,Northbrook,13,1,YES,3,1,YES,17140.647630038726,3628.4610455011434,21303.847195892304,88135.25180116229,Audi,2004,0
763,267,43,TX,250/500,500,1796.8120123731255,2000000,FEMALE,JD,Craft-repair,Movies,own-child,5927.27867679772,7747.555725795907,Parked Car,Side Collision,Total Loss,None,NY,Springfield,6,2,Unknown,3,3,YES,16235.674114283125,28016.05120879784,7151.792822035757,86885.53020654246,Audi,2014,0
764,368,45,IL,100/300,500,1249.3496950638992,0,FEMALE,Masters,Exec-managerial,Exercise,own-child,33750.55784474725,59937.56100670233,Parked Car,Unknown,Minor Damage,Fire,WV,Riverwood,4,4,NO,0,2,Unknown,6975.744908524852,25342.882037002048,6245.606070078578,72005.68023036675,Ford,2021,0
765,182,19,IL,250/500,1000,1157.7620250484551,0,MALE,High School,Exec-managerial,Camping,own-child,46001.97677547496,23289.82347992329,Single Vehicle Collision,Side Collision,Minor Damage,None,NY,Northbrook,11,4,Unknown,0,0,YES,48346.65570416,4216.1633708226855,21104.183163909933,85899.70847183085,Dodge,2003,0
766,12,67,NY,100/300,1000,1416.5351173128868,0,MALE,College,Prof-specialty,Movies,other-relative,68702.38380712052,26401.58821396067,Multi-vehicle Collision,Rear Collision,Minor Damage,Ambulance,PA,Riverwood,2,2,NO,1,0,Unknown,60035.27174895467,1701.8275088655666,26417.864784592908,18509.563921427904,Volkswagen,2021,0
767,278,23,NY,100/300,1000,1436.2881093444057,0,MALE,College,Machine-op-inspct,Movies,wife,64597.1954946431,87417.03216759925,Parked Car,Front Collision,Total Loss,Police,WV,Northbrook,8,1,YES,3,3,YES,14630.088788397166,16076.03048249201,2250.500478663601,67607.99260509099,Toyota,2006,0
768,216,26,TX,250/500,500,698.0527653349933,0,MALE,High School,Craft-repair,Exercise,wife,94734.49029318779,11432.574560120223,Vehicle Theft,Front Collision,Major Damage,None,VA,Columbus,9,2,Unknown,0,0,NO,82595.08380734103,8524.278531885779,13377.232057743384,29017.11113541918,Ford,2002,0
769,354,50,TX,250/500,2000,1634.3503847243198,0,MALE,High School,Machine-op-inspct,Reading,other-relative,10039.591905286105,60149.013566304355,Multi-vehicle Collision,Unknown,Major Damage,Police,WV,Columbus,0,1,YES,3,0,NO,87703.57859370293,8497.491282437039,18215.256609870234,65303.959272968845,Saab,2006,1
770,360,58,NY,100/300,1000,913.8924469250944,0,MALE,Masters,Machine-op-inspct,Reading,wife,33634.01228791364,40125.55349790091,Single Vehicle Collision,Rear Collision,Major Damage,Ambulance,WV,Columbus,13,1,NO,0,2,NO,112778.49069519255,2616.6477825123525,20288.30357496204,33713.02220082461,Toyota,2003,1
771,285,42,NY,500/1000,1000,1857.4428202548709,0,FEMALE,High School,Craft-repair,Camping,own-child,48157.80819368983,19080.05996302896,Multi-vehicle Collision,Side Collision,Total Loss,Police,WV,Riverwood,0,2,YES,2,1,NO,146407.23343406233,28601.57505814162,29885.877371244867,26118.91731100228,Saab,2016,1
772,272,65,CA,100/300,1000,1726.7759951222488,0,FEMALE,Masters,Exec-managerial,Exercise,husband,67069.57938539893,45191.807526266246,Multi-vehicle Collision,Unknown,Total Loss,Police,OH,Northbrook,9,1,NO,3,0,Unknown,93093.16097021374,24904.99378979534,20480.75880950162,86295.67906042722,Saab,2012,1
773,368,30,CA,250/500,500,1019.3990623021227,0,FEMALE,JD,Prof-specialty,Camping,not-in-family,49545.16914414063,94048.92871061282,Multi-vehicle Collision,Unknown,Major Damage,Fire,WV,Springfield,10,4,Unknown,2,0,YES,17191.79559880134,3415.0377562775047,18604.62338991462,18968.701213849847,Audi,2018,0
774,61,26,NY,250/500,500,1711.6089398010718,1000000,FEMALE,College,Adm-clerical,Reading,not-in-family,91275.82319467387,78161.00492305522,Multi-vehicle Collision,Side Collision,Major Damage,Police,WV,Riverwood,19,2,NO,1,3,YES,13734.374365244526,26297.963029524908,29692.024569270056,68295.31665512998,BMW,2011,0
775,83,70,CA,500/1000,2000,1034.5857489498562,0,MALE,College,Craft-repair,Exercise,wife,60867.234559981356,13211.140136366696,Single Vehicle Collision,Side Collision,Total Loss,Ambulance,VA,Northbrook,1,4,NO,3,1,NO,116743.25611573049,20488.68167889411,1820.044211345514,60753.02747208952,Toyota,2005,1
776,367,30,FL,100/300,1000,651.4215224540609,0,FEMALE,College,Craft-repair,Chess,husband,3966.5409691215236,84942.97397176472,Single Vehicle Collision,Side Collision,Minor Damage,None,NY,Columbus,22,1,Unknown,0,2,Unknown,97724.95221612105,9763.23395485826,2233.106884592947,27382.639998544975,Mercedes,2015,1
777,216,48,TX,100/300,500,1942.832358088562,0,MALE,JD,Adm-clerical,Exercise,not-in-family,11365.59690661343,93744.05289874431,Parked Car,Rear Collision,Total Loss,Police,NY,Riverwood,1,3,Unknown,0,0,Unknown,24706.202008630986,26137.516632453953,16820.475792722526,41305.037272555935,Volkswagen,1996,0
778,341,58,TX,100/300,2000,1478.90302282316,0,MALE,JD,Machine-op-inspct,Exercise,husband,75349.55614805585,27696.428084220726,Parked Car,Front Collision,Total Loss,None,VA,Northbrook,22,2,YES,2,1,NO,38377.31591618834,17940.66563345875,10759.938430487726,12950.584323597193,Toyota,2023,0
779,396,28,NY,250/500,1000,1184.1492899938876,2000000,FEMALE,PhD,Prof-specialty,Chess,other-relative,71578.76963462943,33341.96955153477,Vehicle Theft,Unknown,Minor Damage,Fire,PA,Springfield,23,3,NO,3,1,YES,112660.93790023148,25460.09533003158,2900.925412411678,82916.65353292796,Ford,2017,1
780,186,21,IL,100/300,500,1096.6600272965595,0,FEMALE,Masters,Machine-op-inspct,Movies,unmarried,15349.700182570514,12630.992662205497,Vehicle Theft,Unknown,Total Loss,Ambulance,WV,Riverwood,10,3,NO,3,3,NO,85140.28937994415,14078.037734617572,9193.466882783718,87133.97015731601,Volkswagen,2015,1
781,18,51,NY,500/1000,1000,987.058001387396,0,MALE,Masters,Adm-clerical,Movies,wife,5890.866106566606,34494.010442174214,Parked Car,Front Collision,Minor Damage,Ambulance,PA,Springfield,7,3,YES,3,2,YES,87957.50934412958,15019.531204854824,20230.63462222932,65948.42655444723,Mercedes,2020,0
782,176,55,CA,250/500,1000,1972.1713931436939,0,MALE,PhD,Adm-clerical,Movies,other-relative,57871.78554398685,67314.07971396123,Parked Car,Unknown,Trivial Damage,None,VA,Riverwood,2,3,NO,1,1,NO,31896.29635754248,8730.300882328684,26418.448910598905,76462.88891055342,BMW,2013,0
783,99,63,IL,250/500,500,702.1208976963611,0,MALE,College,Prof-specialty,Reading,other-relative,63573.88320267334,27215.50150962677,Multi-vehicle Collision,Rear Collision,Minor Damage,Ambulance,PA,Columbus,8,4,NO,3,2,YES,94544.16825782787,11630.780758341247,2829.734299696626,7527.3070290385485,Chevrolet,2008,0
784,395,21,CA,100/300,500,972.2075883808525,0,MALE,Masters,Adm-clerical,Exercise,husband,13529.96375128349,682.5010766919992,Parked Car,Side Collision,Total Loss,Fire,NY,Columbus,15,2,Unknown,1,1,Unknown,115708.97501338465,17032.562073846642,16204.351874523127,34618.77875427959,Toyota,2017,1
785,444,55,FL,500/1000,500,1228.2464604239954,0,FEMALE,Masters,Adm-clerical,Chess,wife,47361.93210408153,33854.46476334715,Vehicle Theft,Front Collision,Major Damage,None,OH,Columbus,15,4,Unknown,0,0,NO,132845.20770684513,28411.776711258517,8883.466943892656,29839.919227911112,BMW,2022,1
786,232,36,CA,250/500,1000,1216.999317581467,0,MALE,College,Prof-specialty,Reading,other-relative,30583.152911841295,45317.40289687326,Parked Car,Rear Collision,Total Loss,Ambulance,PA,Springfield,9,1,Unknown,2,2,YES,110639.24006029835,18003.532799044042,20019.78489881419,50889.145749154304,BMW,1997,1
787,402,23,FL,250/500,1000,1207.0497266117652,5000000,FEMALE,High School,Craft-repair,Chess,own-child,93130.56456368876,56635.603742070925,Multi-vehicle Collision,Side Collision,Major Damage,Fire,OH,Columbus,5,2,YES,2,3,YES,86668.1598258479,4421.345753411807,16483.544833725206,16583.64099120919,Ford,2000,0
788,75,51,FL,100/300,2000,763.6757237455727,0,MALE,High School,Machine-op-inspct,Reading,other-relative,21919.98033894046,68382.51043580197,Vehicle Theft,Front Collision,Major Damage,Fire,PA,Springfield,19,2,Unknown,3,1,YES,101152.26643339315,209.8855642946018,27801.33018066538,50747.98072436709,Ford,1998,0
789,264,35,CA,100/300,1000,717.3987906642508,0,MALE,PhD,Craft-repair,Reading,own-child,73326.07259032996,6178.434422877011,Single Vehicle Collision,Rear Collision,Trivial Damage,Police,VA,Springfield,23,4,YES,2,0,YES,73024.16364582472,25529.635665260397,1130.5166084966434,58927.44636533529,Mercedes,2006,0
790,454,30,CA,500/1000,500,882.1513794929301,5000000,MALE,JD,Craft-repair,Reading,unmarried,51813.391334433756,46975.19452994411,Parked Car,Front Collision,Total Loss,Ambulance,OH,Springfield,19,1,Unknown,3,1,Unknown,34421.287346084566,10929.762700984591,14101.11824820424,11998.54295796792,Toyota,2020,0
791,283,58,FL,100/300,1000,1871.789230703084,1000000,FEMALE,Masters,Machine-op-inspct,Chess,own-child,1152.1012026043386,26636.246268401843,Single Vehicle Collision,Front Collision,Minor Damage,None,PA,Columbus,19,3,NO,0,0,YES,132389.94242940433,9448.978189194986,5782.786660521269,11941.691727003412,Toyota,1996,0
792,205,40,IL,500/1000,2000,669.5794517517652,0,MALE,Masters,Craft-repair,Camping,own-child,51699.858321261774,94796.95655444975,Vehicle Theft,Rear Collision,Total Loss,Police,VA,Northbrook,10,1,NO,0,2,Unknown,80127.08365853009,24021.933688271456,16103.451259927371,3284.5627468992816,Volkswagen,2019,1
793,222,36,FL,250/500,2000,1636.1376550599873,0,FEMALE,PhD,Prof-specialty,Reading,husband,9947.214991950148,35989.85097939226,Parked Car,Unknown,Major Damage,None,NY,Springfield,7,4,Unknown,0,3,YES,89350.58751651163,28360.928972695063,25607.380322005294,68504.23122121058,Chevrolet,2000,0
794,383,62,TX,500/1000,500,1636.322589700057,1000000,FEMALE,PhD,Machine-op-inspct,Movies,other-relative,65906.21958253116,10012.369871987037,Single Vehicle Collision,Rear Collision,Total Loss,Police,WV,Northbrook,19,4,Unknown,2,0,Unknown,148521.2826061008,22441.352650558692,27339.495833581757,29857.667461808545,Audi,1999,0
795,51,28,FL,500/1000,500,1714.6556058458934,0,FEMALE,Masters,Exec-managerial,Exercise,unmarried,56552.35303815722,4149.149077157111,Parked Car,Front Collision,Minor Damage,Fire,VA,Springfield,0,4,YES,3,1,Unknown,147759.84390175974,5215.419387342969,11946.949896516055,20365.298971457716,Dodge,2023,0
796,338,18,IL,500/1000,2000,1829.9232334840333,0,MALE,College,Craft-repair,Camping,other-relative,1042.7227333474564,26540.588759490645,Single Vehicle Collision,Front Collision,Minor Damage,Police,VA,Columbus,5,3,NO,1,0,YES,88153.49225749062,11741.348807731269,24353.41569797477,70050.68611456608,Dodge,1999,0
797,366,41,TX,250/500,2000,894.5542663083954,1000000,FEMALE,College,Adm-clerical,Camping,own-child,20469.28295829813,17887.87388826426,Single Vehicle Collision,Rear Collision,Total Loss,Police,NY,Columbus,7,2,Unknown,0,0,Unknown,5576.610671611194,22781.95657304222,8415.242241765163,12978.686539049604,Mercedes,2002,0
798,143,71,NY,100/300,2000,836.8392039033445,0,FEMALE,JD,Machine-op-inspct,Chess,not-in-family,77622.50528720226,64979.96268787427,Vehicle Theft,Side Collision,Major Damage,Police,OH,Columbus,13,1,Unknown,0,3,NO,59724.05693770408,27207.7744401172,189.1483895754198,38503.79009604771,Toyota,1999,0
799,372,24,NY,250/500,500,1198.2584997912195,0,MALE,Masters,Exec-managerial,Camping,own-child,27577.261430202117,84696.65417076332,Parked Car,Side Collision,Minor Damage,Ambulance,PA,Riverwood,2,1,NO,1,2,YES,140625.34536760792,29958.001918489805,25657.171725689066,67056.32212911561,Mercedes,2018,1
800,68,42,IL,100/300,2000,897.6337531280542,0,MALE,Masters,Adm-clerical,Chess,other-relative,49928.34011630531,31255.870347026248,Single Vehicle Collision,Side Collision,Total Loss,Police,OH,Columbus,1,3,Unknown,1,0,NO,43601.835560213374,15346.827214145575,3582.367272198439,51687.52535108717,Toyota,2002,1
801,98,38,FL,500/1000,2000,1601.4649834746613,0,FEMALE,Masters,Exec-managerial,Chess,unmarried,31199.861440918376,57779.145496049045,Parked Car,Side Collision,Minor Damage,Fire,VA,Northbrook,21,4,NO,2,0,Unknown,149890.66843684923,24675.744550258492,528.3337008884537,49904.61289996884,Dodge,1995,0
802,395,32,CA,500/1000,500,1453.9093651121505,2000000,FEMALE,Masters,Craft-repair,Movies,not-in-family,92152.685639754,73030.52769810532,Parked Car,Rear Collision,Major Damage,None,PA,Springfield,0,1,Unknown,0,1,Unknown,13105.470265054595,1398.9492833215222,10613.929901038458,14255.960623370656,Saab,2014,0
803,24,18,IL,500/1000,1000,1812.4815320789771,0,MALE,PhD,Adm-clerical,Reading,unmarried,53657.70177834341,39848.7689139335,Multi-vehicle Collision,Unknown,Major Damage,Ambulance,WV,Northbrook,10,2,NO,2,1,NO,85433.07006027548,8574.742492649038,11381.399688748723,16365.852232343217,Volkswagen,2003,0
804,435,29,TX,500/1000,1000,624.1074552306073,2000000,FEMALE,High School,Craft-repair,Camping,husband,69617.35148560209,6632.561133806758,Vehicle Theft,Side Collision,Total Loss,Fire,WV,Riverwood,20,1,YES,0,2,YES,77559.67934611678,11145.402100424679,2316.605123168175,52472.03557248572,Volkswagen,2008,0
805,378,24,TX,500/1000,2000,1872.6250000371122,0,FEMALE,Masters,Adm-clerical,Reading,own-child,8347.610469710798,22918.491092778524,Parked Car,Front Collision,Minor Damage,Ambulance,PA,Northbrook,5,4,Unknown,2,2,NO,38675.26054847116,29265.715358456822,24425.47939453413,2218.6608111513415,Saab,1996,0
806,468,32,NY,100/300,1000,940.0229400051344,0,FEMALE,High School,Machine-op-inspct,Reading,own-child,4033.5987532752138,88306.58080886833,Parked Car,Side Collision,Minor Damage,None,VA,Springfield,7,1,Unknown,2,2,Unknown,142316.76603144244,101.80944644581635,12167.781906250002,78233.7072078106,BMW,2005,0
807,483,38,TX,100/300,1000,1236.041518890476,0,MALE,College,Prof-specialty,Reading,husband,25922.81950671309,82448.0266254895,Parked Car,Unknown,Total Loss,None,NY,Springfield,6,4,Unknown,1,1,YES,93066.09589459788,9240.622132877792,14697.70841308783,31607.324977623633,Chevrolet,1998,1
808,52,36,IL,500/1000,1000,1157.9171539094655,1000000,FEMALE,JD,Prof-specialty,Chess,other-relative,30913.429225365406,8653.252882391704,Vehicle Theft,Rear Collision,Total Loss,None,OH,Columbus,5,2,YES,3,0,NO,34919.12837497909,27912.367788387117,7938.758038584951,37553.797909857705,Ford,1998,1
809,150,46,TX,250/500,1000,1640.4674766566359,2000000,MALE,College,Exec-managerial,Reading,own-child,68768.05411799019,22394.872336724082,Vehicle Theft,Unknown,Total Loss,Ambulance,OH,Riverwood,17,3,Unknown,3,2,NO,57915.205576831264,9200.347051320337,15345.202570397934,23333.066892460745,Volkswagen,2011,1
810,143,42,IL,250/500,2000,1130.4999641477639,0,MALE,Masters,Adm-clerical,Camping,other-relative,56913.05027124412,76916.528212332,Parked Car,Unknown,Trivial Damage,Ambulance,NY,Riverwood,11,4,Unknown,3,1,YES,108323.79931886836,6752.002974437306,23001.94171852001,78912.73182375298,Volkswagen,2020,1
811,56,50,CA,500/1000,1000,1915.329718474114,0,MALE,College,Craft-repair,Chess,unmarried,37457.96069349853,48589.823198882,Vehicle Theft,Unknown,Trivial Damage,None,NY,Northbrook,7,4,NO,0,1,NO,45005.65854809888,21902.655343079507,27185.481465015506,57861.11614525086,Toyota,2020,0
812,38,66,NY,100/300,1000,1853.8008239578633,0,FEMALE,PhD,Machine-op-inspct,Camping,not-in-family,65411.748417801085,75996.70316957243,Multi-vehicle Collision,Side Collision,Minor Damage,None,WV,Columbus,23,1,Unknown,1,2,YES,132001.1272081466,22360.16678999596,29115.888022054478,40546.7713662525,Ford,2010,0
813,108,49,TX,250/500,500,1808.2417279542597,1000000,MALE,High School,Machine-op-inspct,Chess,not-in-family,16356.574733628715,21109.24716621465,Vehicle Theft,Side Collision,Minor Damage,Fire,NY,Columbus,20,3,Unknown,1,1,YES,25268.247744664804,14165.336479425254,12801.71773804092,52719.26072981073,BMW,2001,0
814,180,66,IL,250/500,2000,606.8874989723419,0,FEMALE,Masters,Machine-op-inspct,Exercise,not-in-family,6348.96948147059,95269.81391702748,Multi-vehicle Collision,Unknown,Total Loss,None,PA,Columbus,18,4,NO,1,0,NO,40043.510934794875,28407.5240959627,29701.015763053776,34295.22667818764,Volkswagen,2006,1
815,41,52,FL,250/500,500,1781.3870923309091,0,MALE,PhD,Prof-specialty,Exercise,wife,85450.50923182005,78360.74487998993,Multi-vehicle Collision,Rear Collision,Total Loss,Police,WV,Springfield,23,1,YES,0,3,YES,22162.34269823195,6081.212386255256,8848.67135168044,41955.86479776865,Ford,2011,0
816,185,61,NY,500/1000,500,1672.4531681648157,0,FEMALE,High School,Craft-repair,Exercise,husband,56394.61282688776,19745.232482600804,Multi-vehicle Collision,Side Collision,Total Loss,Ambulance,VA,Riverwood,4,2,YES,2,1,YES,16074.736394544994,27402.475019387923,209.27805855180392,32251.13418794418,Dodge,1999,0
817,422,55,CA,250/500,2000,655.2694205091965,0,FEMALE,PhD,Machine-op-inspct,Exercise,not-in-family,64909.52736374213,55844.92006799889,Single Vehicle Collision,Rear Collision,Major Damage,Fire,WV,Northbrook,18,3,NO,2,1,Unknown,45397.15580785706,22665.24229575887,23028.51131692904,37019.6639995541,Audi,2002,0
818,397,43,IL,250/500,1000,661.1214881543328,0,FEMALE,College,Machine-op-inspct,Chess,own-child,30724.225074957412,11309.712809625782,Vehicle Theft,Side Collision,Minor Damage,Ambulance,WV,Northbrook,8,1,YES,3,3,Unknown,149877.22257714835,11046.250225621423,5353.0694562359595,28416.391306447786,Audi,2014,0
819,222,28,CA,250/500,500,651.7457172763118,0,MALE,Masters,Exec-managerial,Reading,husband,37195.49577376997,36143.48151265026,Parked Car,Rear Collision,Major Damage,None,OH,Northbrook,11,3,YES,3,0,Unknown,14602.247282619383,24207.25859170122,1573.645143715886,7079.932871387378,Saab,1999,0
820,121,52,CA,250/500,2000,516.9988898067313,1000000,FEMALE,College,Adm-clerical,Movies,unmarried,8236.744715297573,65962.13684755207,Multi-vehicle Collision,Side Collision,Total Loss,Police,NY,Columbus,14,4,Unknown,0,2,NO,32343.8276811696,3996.065292412616,27720.267677930962,3457.430406868877,Toyota,2005,0
821,132,25,TX,100/300,1000,1322.9514577918753,0,FEMALE,JD,Adm-clerical,Movies,unmarried,85698.81878017735,33012.76879287717,Parked Car,Unknown,Trivial Damage,None,PA,Riverwood,22,1,Unknown,0,1,NO,41106.71146216131,3929.474795796819,23754.324914909605,15752.1477636697,Chevrolet,2020,0
822,162,63,TX,500/1000,2000,1960.0914371540648,0,MALE,Masters,Adm-clerical,Exercise,unmarried,59243.94500789348,65675.8395757968,Multi-vehicle Collision,Front Collision,Total Loss,Ambulance,NY,Riverwood,12,2,Unknown,3,0,NO,93059.88782859448,27898.11609742218,3079.944046147689,22722.23317020286,BMW,2022,1
823,214,31,IL,500/1000,500,1158.0270543496904,0,MALE,College,Exec-managerial,Reading,unmarried,8362.766317994063,24477.946466076195,Parked Car,Front Collision,Major Damage,Fire,OH,Springfield,23,2,YES,2,2,NO,111929.18161297396,2843.415235362351,23307.304571529996,80153.42026701245,Toyota,2013,0
824,220,27,FL,100/300,1000,1311.1362528310347,0,FEMALE,Masters,Prof-specialty,Camping,wife,80452.95997250006,72120.67805330669,Single Vehicle Collision,Rear Collision,Minor Damage,Ambulance,NY,Springfield,12,1,Unknown,2,0,YES,112914.08439067984,122.38820548214014,25319.99092280989,55051.254041627115,Volkswagen,2015,1
825,234,19,IL,100/300,1000,1951.9546951549332,1000000,MALE,High School,Exec-managerial,Reading,other-relative,44411.53695169745,35958.95739199291,Multi-vehicle Collision,Rear Collision,Major Damage,Fire,PA,Springfield,20,1,YES,1,3,YES,1791.0792998552636,11670.91474754706,27159.04995547713,86250.91554919678,Ford,2022,0
826,330,63,FL,500/1000,2000,882.773343161346,0,MALE,Masters,Machine-op-inspct,Camping,other-relative,76510.13501700132,79048.12709114372,Single Vehicle Collision,Unknown,Minor Damage,Police,NY,Northbrook,20,3,Unknown,3,1,Unknown,97951.64359052005,3115.529232963833,16310.822023990799,30634.2527315871,Ford,2013,0
827,145,26,CA,250/500,1000,1787.7053788973944,0,MALE,Masters,Craft-repair,Movies,not-in-family,1261.9862089148005,13668.991471781355,Single Vehicle Collision,Unknown,Total Loss,None,OH,Northbrook,4,1,YES,3,0,YES,94795.16346538189,25891.094797327532,21102.36211584288,36216.24654165929,BMW,1998,1
828,238,20,NY,250/500,500,1319.5857008176042,0,FEMALE,High School,Machine-op-inspct,Reading,wife,2873.9696972122642,36197.79493522852,Vehicle Theft,Rear Collision,Minor Damage,None,PA,Riverwood,1,3,NO,2,2,NO,77889.37494253664,27680.805403287988,22867.17836883033,64805.81516032814,Toyota,2005,0
829,75,38,IL,500/1000,500,1354.214771994516,0,MALE,College,Machine-op-inspct,Reading,other-relative,17078.295878214467,46393.24537746842,Parked Car,Front Collision,Minor Damage,Police,NY,Springfield,18,4,NO,1,2,YES,57191.67992986199,14472.790930692381,20659.168054683207,52053.396779299335,Ford,2013,0
830,8,43,IL,250/500,500,1014.7607858109253,0,FEMALE,Masters,Craft-repair,Movies,unmarried,21091.655614067982,42384.552450057665,Multi-vehicle Collision,Unknown,Minor Damage,Ambulance,OH,Northbrook,7,1,Unknown,3,2,Unknown,119717.90752045387,12764.145990301107,19405.00860916781,47556.41922635065,Ford,1999,0
831,73,25,FL,100/300,2000,1342.3765414503623,0,MALE,PhD,Adm-clerical,Reading,other-relative,76395.55303101377,43309.450452034005,Single Vehicle Collision,Rear Collision,Minor Damage,Police,OH,Springfield,13,4,YES,2,3,NO,51910.17891728616,16171.178308322758,16426.77758333651,51843.20733659688,Chevrolet,1996,0
832,441,65,CA,250/500,1000,609.7137642174259,0,MALE,Masters,Exec-managerial,Camping,husband,70669.41640165981,44480.33333450726,Parked Car,Unknown,Total Loss,None,WV,Springfield,5,2,NO,2,0,YES,34886.83467993689,6785.838745349586,14375.863625867083,52613.76457365373,Saab,2019,0
833,491,19,CA,250/500,1000,1646.9653589211682,1000000,FEMALE,College,Prof-specialty,Reading,not-in-family,61608.81191298282,98880.35252326513,Vehicle Theft,Unknown,Trivial Damage,Fire,PA,Riverwood,6,3,NO,2,0,Unknown,46859.228597858135,8938.97584261008,29883.750586944916,68940.06413598737,Toyota,2013,0
834,400,23,FL,250/500,1000,927.0316423164074,0,MALE,High School,Machine-op-inspct,Camping,other-relative,88485.88964833388,19315.710326965473,Parked Car,Side Collision,Total Loss,None,PA,Riverwood,13,3,Unknown,1,2,YES,66227.3636099133,3029.3151145201437,10126.823412664693,60160.57425561931,Toyota,2020,1
835,252,45,CA,500/1000,500,1831.4124942409323,0,MALE,College,Machine-op-inspct,Exercise,husband,24714.87836563663,76866.38305086043,Parked Car,Unknown,Major Damage,Ambulance,NY,Northbrook,5,2,Unknown,1,2,Unknown,32501.579506409562,13393.5027333409,2648.0631133364586,86162.55095651792,BMW,2011,0
836,229,70,TX,100/300,1000,1051.7760419111878,1000000,MALE,JD,Prof-specialty,Reading,own-child,90440.49039044483,55178.8781106658,Vehicle Theft,Rear Collision,Minor Damage,Fire,WV,Riverwood,15,4,YES,2,2,Unknown,91331.90130772024,18350.748676009778,22951.108950108828,85321.87532327334,Mercedes,2015,0
837,6,46,NY,250/500,500,714.2361657303239,0,MALE,Masters,Exec-managerial,Camping,husband,90947.10692651825,41362.84181098541,Vehicle Theft,Unknown,Total Loss,Ambulance,PA,Springfield,3,3,NO,1,3,Unknown,132689.2757755284,27906.71203174806,6414.731336084825,38030.86418607284,Mercedes,2014,1
838,173,43,IL,500/1000,1000,1543.8223615527274,0,FEMALE,Masters,Machine-op-inspct,Movies,husband,43425.97601868639,63352.87171752645,Vehicle Theft,Rear Collision,Minor Damage,None,OH,Riverwood,6,2,YES,1,3,NO,89521.28856223023,22172.19511880275,15980.80078856117,3311.4625951207468,BMW,2012,0
839,140,42,NY,250/500,500,746.8672170702542,0,FEMALE,High School,Prof-specialty,Exercise,unmarried,9438.620042016888,85353.14430998039,Single Vehicle Collision,Side Collision,Minor Damage,None,PA,Springfield,15,2,YES,1,1,YES,67276.91196786851,21691.9120065956,2874.0454980171203,1095.622921463581,Audi,2009,0
840,167,29,IL,100/300,1000,1630.5207733144857,0,FEMALE,Masters,Machine-op-inspct,Reading,unmarried,72655.9908189525,46663.8363953086,Parked Car,Side Collision,Minor Damage,Fire,WV,Springfield,3,2,Unknown,1,1,YES,119631.88055062314,9239.968862823065,18578.51582450372,11175.087099420212,Ford,2010,0
841,169,22,TX,250/500,2000,1952.168354609175,0,FEMALE,PhD,Adm-clerical,Camping,not-in-family,33692.867264707915,86480.13689610676,Vehicle Theft,Front Collision,Total Loss,Ambulance,VA,Northbrook,6,1,YES,0,1,NO,112331.77411974204,26648.798925301333,28320.222117096666,6833.27616093879,Toyota,2022,1
842,392,51,CA,100/300,2000,1669.3293031928927,0,FEMALE,PhD,Adm-clerical,Reading,unmarried,79492.95174367307,9379.833495904988,Parked Car,Side Collision,Minor Damage,Fire,OH,Northbrook,20,4,YES,3,2,NO,55375.189168839075,28408.67090039993,21681.141378208733,33665.607802481085,Mercedes,2006,0
843,433,65,FL,250/500,500,533.673872646987,1000000,FEMALE,College,Machine-op-inspct,Camping,husband,16369.028390380314,65308.42219930989,Parked Car,Side Collision,Trivial Damage,Fire,PA,Northbrook,1,2,NO,3,3,YES,90820.9438644716,27967.88809626111,6436.043346798405,4853.426439671863,BMW,2002,0
844,282,54,TX,100/300,500,1399.828682079162,0,FEMALE,High School,Machine-op-inspct,Reading,wife,53951.51135743653,33318.00613208632,Single Vehicle Collision,Rear Collision,Total Loss,Ambulance,OH,Springfield,22,4,YES,1,3,NO,109611.50761753968,1164.0907957315517,29134.14135866582,56279.771848726916,BMW,2019,1
845,121,32,NY,250/500,1000,1543.1160064545866,0,MALE,JD,Adm-clerical,Exercise,unmarried,50807.37303182109,38671.53272721641,Parked Car,Front Collision,Major Damage,Fire,NY,Riverwood,7,3,NO,2,1,NO,37196.75707390643,18130.519089120648,9212.607930736445,17196.662916975423,BMW,2000,0
846,193,61,FL,100/300,1000,1738.1874886944279,0,FEMALE,College,Machine-op-inspct,Exercise,unmarried,10031.44905696135,57101.975090430366,Single Vehicle Collision,Side Collision,Trivial Damage,Police,OH,Northbrook,9,1,NO,3,2,YES,55257.94492308638,19296.75317175885,13098.449594740634,46305.482139405925,BMW,2018,0
847,4,53,CA,250/500,2000,584.0034634085002,0,FEMALE,High School,Exec-managerial,Reading,husband,36333.282567265844,47991.67982975723,Vehicle Theft,Unknown,Total Loss,Fire,PA,Northbrook,1,2,YES,1,0,Unknown,16313.522547220591,8851.954806495105,14943.510611184025,9366.782558772791,Chevrolet,2012,1
848,28,32,TX,250/500,1000,1220.1617419284294,0,FEMALE,High School,Exec-managerial,Reading,own-child,8475.531344672805,38177.94385098544,Vehicle Theft,Front Collision,Trivial Damage,None,NY,Riverwood,5,2,YES,3,2,NO,148158.2016068716,29772.365494737893,29721.562301204183,74512.84301796345,Ford,2005,0
849,164,60,FL,500/1000,500,1303.0563089575915,0,MALE,College,Craft-repair,Chess,own-child,46474.03095122474,30832.342181973137,Parked Car,Side Collision,Minor Damage,Ambulance,NY,Riverwood,3,2,NO,2,2,YES,13338.708738258798,8735.623764556767,2066.742021575496,70218.2986545791,Chevrolet,2000,0
850,421,65,TX,500/1000,500,753.687293966267,0,FEMALE,College,Exec-managerial,Reading,other-relative,84290.45586137929,61831.53022315322,Single Vehicle Collision,Front Collision,Major Damage,None,NY,Northbrook,20,3,YES,1,1,YES,25706.615705974826,6498.349745431673,20901.8488330671,34845.20117252044,BMW,2011,0
851,338,40,TX,100/300,500,983.6747145659745,1000000,FEMALE,Masters,Machine-op-inspct,Reading,not-in-family,27020.476330413167,50557.96518296253,Single Vehicle Collision,Side Collision,Minor Damage,Police,VA,Springfield,0,1,NO,2,3,YES,72234.87647478889,14524.369513295755,10857.926270782076,81962.34059405,Audi,2004,0
852,135,23,CA,250/500,500,1160.3325893842477,0,FEMALE,JD,Machine-op-inspct,Exercise,own-child,76486.19871874375,32330.912551088044,Multi-vehicle Collision,Rear Collision,Total Loss,Police,VA,Springfield,5,4,YES,3,3,NO,129858.13911490863,9694.421393110304,2349.75957307318,16794.48809206541,Ford,2013,1
853,495,63,IL,100/300,500,1749.8145319367022,1000000,MALE,PhD,Prof-specialty,Reading,unmarried,18342.741561245635,20496.101887755878,Multi-vehicle Collision,Front Collision,Total Loss,Fire,NY,Northbrook,11,4,NO,0,0,Unknown,53704.362430719935,27720.883796098326,28050.94972898569,73272.90979865195,Ford,2009,0
854,364,67,FL,500/1000,2000,1894.1113491053104,2000000,FEMALE,Masters,Exec-managerial,Movies,wife,67373.49274906515,77446.81959637522,Vehicle Theft,Front Collision,Trivial Damage,None,PA,Riverwood,13,4,NO,2,3,Unknown,115405.1240559362,13202.301939443183,17695.74957429196,49172.403550459756,Dodge,2010,0
855,320,61,CA,100/300,2000,1442.6342433765094,0,MALE,High School,Adm-clerical,Reading,other-relative,91553.73999304496,79971.49245278878,Vehicle Theft,Side Collision,Trivial Damage,Fire,NY,Springfield,14,4,Unknown,1,3,YES,101567.0939607773,12304.486640177502,22605.540227663274,29729.248140056774,Toyota,2017,0
856,341,60,TX,100/300,500,1092.4177790321933,1000000,MALE,JD,Adm-clerical,Chess,not-in-family,32392.80815657698,21378.812698020265,Multi-vehicle Collision,Front Collision,Minor Damage,Fire,NY,Riverwood,23,4,YES,1,0,NO,95980.279535372,18775.863903255,7211.563067138391,7684.0480490929385,Ford,2022,1
857,499,62,CA,500/1000,1000,881.0465266984789,1000000,MALE,JD,Craft-repair,Camping,wife,90041.16380886182,26164.901324460032,Single Vehicle Collision,Side Collision,Total Loss,None,OH,Columbus,17,4,NO,2,0,NO,126830.0790195426,2433.440137533701,22846.227678882708,15500.870264056808,Mercedes,2023,1
858,144,38,IL,250/500,500,1973.2027766542258,0,MALE,College,Prof-specialty,Exercise,wife,50542.09265263945,23914.30225014869,Parked Car,Unknown,Major Damage,Police,OH,Riverwood,16,4,NO,0,1,Unknown,2618.458299479535,22701.988404495656,24854.2632006965,77671.34822147632,Audi,2023,0
859,326,40,FL,100/300,2000,1974.5299971145375,5000000,FEMALE,JD,Adm-clerical,Movies,unmarried,31680.51331656575,88456.97455765415,Parked Car,Front Collision,Major Damage,Police,OH,Riverwood,8,1,YES,3,1,Unknown,139408.37926477854,23051.96465414614,12924.88191643429,54659.05815973521,Ford,2011,0
860,216,60,IL,500/1000,500,1887.4654223525522,0,MALE,JD,Craft-repair,Camping,husband,89650.82351115314,77413.03810618505,Single Vehicle Collision,Front Collision,Minor Damage,Police,WV,Columbus,14,1,YES,3,1,NO,124469.31396027583,14220.775041830031,17158.69418243896,21414.89069984531,Toyota,2016,0
861,300,72,NY,250/500,2000,1678.503724816729,0,MALE,High School,Exec-managerial,Movies,husband,3203.726676972818,7457.352324998068,Vehicle Theft,Rear Collision,Total Loss,Ambulance,OH,Springfield,17,3,YES,3,1,Unknown,140711.14933794815,28670.93823001285,29156.176047886638,44677.173683255256,Toyota,2001,0
862,131,33,FL,500/1000,2000,988.6693156184274,1000000,FEMALE,Masters,Prof-specialty,Exercise,husband,2801.8851272810452,83266.59498270857,Parked Car,Rear Collision,Major Damage,Ambulance,OH,Springfield,23,2,Unknown,3,3,YES,119141.38863657472,17380.173323872434,25401.889251232766,9794.516617289244,Volkswagen,2013,0
863,291,64,IL,100/300,500,1725.5007252464459,0,MALE,JD,Prof-specialty,Chess,own-child,59982.96042063329,3685.1820725791627,Single Vehicle Collision,Front Collision,Major Damage,Fire,PA,Springfield,20,1,YES,3,1,Unknown,131849.41541441373,20857.093627349725,13345.501832044929,8985.940001006486,Chevrolet,2021,0
864,69,70,TX,250/500,500,1113.1895259067587,0,MALE,College,Machine-op-inspct,Exercise,husband,79675.07173302343,25319.97909830127,Parked Car,Rear Collision,Total Loss,Ambulance,VA,Northbrook,17,2,Unknown,1,2,NO,30860.168205822134,27730.34866509304,19937.215762675376,81708.04218218142,Toyota,2002,0
865,251,32,FL,250/500,1000,990.1596472325677,0,MALE,Masters,Exec-managerial,Movies,not-in-family,75154.63074381063,91899.1384096615,Single Vehicle Collision,Front Collision,Major Damage,Ambulance,VA,Columbus,4,3,YES,1,0,YES,48224.74549811906,19990.36030274377,23526.94430407539,41261.28040473554,Dodge,2002,0
866,414,42,FL,500/1000,2000,1617.2980376994194,1000000,MALE,College,Prof-specialty,Movies,unmarried,7946.950335160552,86433.12947662095,Multi-vehicle Collision,Side Collision,Total Loss,None,VA,Riverwood,15,1,Unknown,2,1,NO,47625.541513874276,12954.780231766414,729.8646173474543,32604.88714020721,Audi,1999,1
867,274,53,CA,500/1000,1000,619.4808914306343,1000000,MALE,JD,Craft-repair,Exercise,own-child,95025.11935335578,78143.45147246147,Multi-vehicle Collision,Front Collision,Trivial Damage,Fire,WV,Columbus,8,3,YES,2,0,Unknown,16820.428508769484,743.1352689944504,17650.979598758113,85421.55721531904,Volkswagen,2005,0
868,444,28,TX,500/1000,500,572.8440849434926,0,MALE,Masters,Adm-clerical,Reading,not-in-family,70306.35376375155,45754.72291092496,Parked Car,Front Collision,Total Loss,Fire,NY,Columbus,21,1,Unknown,3,3,Unknown,109572.09866504632,21848.979468954283,29535.85840238125,35970.16100678457,Audi,1996,1
869,363,68,NY,250/500,2000,1171.9305457717783,5000000,FEMALE,JD,Exec-managerial,Exercise,husband,94911.2053727739,32141.410102000777,Parked Car,Unknown,Total Loss,None,OH,Columbus,2,1,NO,3,1,YES,20857.548456717388,28945.980348031353,28415.41949478994,30328.16731201687,Mercedes,2012,1
870,181,32,IL,250/500,1000,1168.4582012332428,0,FEMALE,High School,Exec-managerial,Chess,not-in-family,32909.77589741021,88154.58375404567,Parked Car,Rear Collision,Major Damage,Police,PA,Columbus,11,4,Unknown,3,2,YES,8350.120328819567,14107.053706079814,24973.21184287333,24641.45678709002,Chevrolet,2015,0
871,166,21,CA,100/300,1000,1843.4662295957523,0,FEMALE,Masters,Prof-specialty,Exercise,wife,69393.91279828174,65707.40902692122,Parked Car,Rear Collision,Minor Damage,None,WV,Columbus,23,2,Unknown,0,0,YES,116429.30707323205,10193.059133647925,3186.4227939205593,50899.147585163875,Saab,1998,0
872,90,38,IL,250/500,1000,689.2296444317252,0,FEMALE,College,Prof-specialty,Camping,unmarried,85993.87467334853,29550.885504779344,Multi-vehicle Collision,Unknown,Trivial Damage,Police,VA,Columbus,13,3,NO,2,1,YES,135747.14387492344,15577.782792413353,29821.24357548455,50301.11224558646,Volkswagen,2006,0
873,201,30,NY,100/300,500,684.9258911786192,1000000,MALE,High School,Prof-specialty,Reading,unmarried,38046.42231542933,46319.58779654482,Multi-vehicle Collision,Side Collision,Total Loss,Fire,WV,Northbrook,0,4,YES,1,2,Unknown,114736.44052078742,21853.116170539775,18286.144594138477,1555.856422126848,Chevrolet,1998,0
874,345,39,NY,500/1000,500,721.1789007123517,0,MALE,PhD,Craft-repair,Camping,not-in-family,96485.99187685702,88150.02222616192,Single Vehicle Collision,Side Collision,Trivial Damage,Fire,PA,Columbus,8,1,NO,3,3,NO,123890.15581838046,20.714234461478576,6687.247482884715,58900.20292376186,Chevrolet,1999,0
875,18,36,FL,500/1000,500,544.6043919419039,0,MALE,College,Machine-op-inspct,Exercise,other-relative,26499.279122054097,90345.54360782215,Parked Car,Side Collision,Minor Damage,Ambulance,WV,Columbus,8,1,NO,2,2,Unknown,89545.4408357003,26616.351681955606,20228.060688429498,70968.80856207818,Toyota,2011,0
876,38,51,NY,250/500,2000,607.5976067223626,1000000,FEMALE,JD,Prof-specialty,Reading,unmarried,31561.362602122066,65930.20939717295,Multi-vehicle Collision,Unknown,Total Loss,Ambulance,VA,Springfield,19,3,NO,0,3,Unknown,133218.0775182556,26590.885790349654,25695.706862390438,55475.21236449202,BMW,2017,1
877,125,31,IL,500/1000,500,1489.8048002435585,5000000,FEMALE,College,Machine-op-inspct,Camping,wife,92032.85766270387,73255.58607170338,Vehicle Theft,Front Collision,Major Damage,None,NY,Columbus,12,2,Unknown,0,0,YES,74757.17061249934,16238.938008261264,3369.8328254290755,78302.94363173499,Dodge,2013,0
878,450,21,TX,500/1000,2000,1147.3764936762639,0,MALE,PhD,Machine-op-inspct,Camping,unmarried,96965.97465027032,3929.783322880354,Single Vehicle Collision,Side Collision,Major Damage,Ambulance,VA,Columbus,7,3,NO,3,1,YES,148254.231463876,3671.3629852682384,27493.14429868274,24949.83085719716,Volkswagen,2004,0
879,172,65,TX,250/500,1000,1645.4046006320204,0,MALE,College,Exec-managerial,Reading,other-relative,28519.574830514972,60460.050763718806,Single Vehicle Collision,Side Collision,Minor Damage,Fire,VA,Springfield,10,1,YES,1,2,NO,15960.548894032612,20154.17383840864,27606.128442569854,17358.94830890995,Mercedes,2008,0
880,140,70,FL,100/300,1000,1988.8965778724903,5000000,FEMALE,High School,Adm-clerical,Reading,unmarried,13639.003964285845,68899.2568370977,Single Vehicle Collision,Unknown,Minor Damage,Fire,VA,Springfield,13,4,Unknown,2,2,NO,121472.51565185688,4135.3698888994,403.93218693953514,62785.30063441564,Saab,2009,1
881,241,69,IL,250/500,500,1488.552021648502,2000000,FEMALE,College,Adm-clerical,Movies,unmarried,75905.54097105976,2037.714708023164,Vehicle Theft,Rear Collision,Total Loss,Police,WV,Springfield,15,3,Unknown,1,2,Unknown,96387.71769368566,15226.414542980421,27009.573649901828,17051.463287809427,Mercedes,2020,1
882,219,63,IL,100/300,1000,575.6833559301856,0,FEMALE,Masters,Craft-repair,Reading,other-relative,92966.52663004483,84385.89879562556,Vehicle Theft,Unknown,Total Loss,Ambulance,PA,Riverwood,10,4,NO,3,3,NO,87306.58719906867,2808.89915943351,28404.537547204687,8290.328655836145,Audi,2008,1
883,125,44,NY,250/500,500,656.8442971315122,1000000,FEMALE,PhD,Craft-repair,Exercise,unmarried,60071.36437018746,92828.5011650741,Vehicle Theft,Rear Collision,Major Damage,Police,VA,Columbus,18,2,Unknown,3,0,YES,109008.67436373763,17671.960148925038,1130.7539094103558,8785.694661715599,Ford,2010,0
884,57,46,IL,250/500,2000,1821.5061272220617,1000000,MALE,College,Adm-clerical,Chess,not-in-family,63451.89544062467,23793.645241878803,Multi-vehicle Collision,Side Collision,Total Loss,Fire,WV,Columbus,21,2,YES,0,0,YES,126123.5838544279,9542.079753539621,8824.989705241522,69178.57504099206,Ford,2002,1
885,147,64,CA,500/1000,1000,1291.2439168373924,2000000,FEMALE,PhD,Adm-clerical,Movies,own-child,76294.33341723002,84579.59326969644,Vehicle Theft,Side Collision,Major Damage,Ambulance,PA,Columbus,9,4,Unknown,0,1,YES,129501.16799265624,24929.742442125083,11193.225204483795,2683.4834199625852,BMW,2003,0
886,475,45,NY,250/500,500,1737.25573909361,1000000,FEMALE,High School,Exec-managerial,Reading,not-in-family,15308.481884140823,66551.25827091643,Single Vehicle Collision,Front Collision,Total Loss,Police,NY,Springfield,7,2,NO,2,1,Unknown,26719.453960125753,23998.38378625244,10466.714161991704,26122.157765044074,Dodge,2002,0
887,455,52,CA,250/500,1000,1784.918504337389,0,MALE,Masters,Exec-managerial,Chess,unmarried,97346.88964947393,58069.58197501984,Parked Car,Front Collision,Minor Damage,Fire,VA,Northbrook,10,4,NO,3,0,NO,29956.8714980689,29954.21626423323,22770.097118105674,11713.858253972507,Saab,2005,0
888,316,25,FL,100/300,1000,1891.5118122492788,0,MALE,JD,Adm-clerical,Movies,husband,36432.938472859474,84312.59736891485,Single Vehicle Collision,Rear Collision,Minor Damage,Police,OH,Columbus,7,4,NO,3,0,YES,2916.893172282767,7725.095241130944,10743.133776716011,67966.42219727552,Volkswagen,2006,0
889,382,33,TX,500/1000,500,1924.7438082295487,0,MALE,College,Prof-specialty,Exercise,husband,62824.04259422626,28561.053574520367,Single Vehicle Collision,Side Collision,Total Loss,Ambulance,WV,Springfield,19,4,Unknown,2,0,Unknown,20210.44743994478,1854.0327833874103,28697.36429684227,45364.028393011264,Toyota,2008,0
890,360,59,FL,100/300,1000,1332.2386947549594,0,FEMALE,High School,Prof-specialty,Chess,own-child,46861.60204999929,79085.6177686854,Multi-vehicle Collision,Side Collision,Total Loss,Police,NY,Springfield,9,2,NO,1,2,Unknown,39950.43268106373,13290.097954465344,29849.77875914214,18573.76806334028,Volkswagen,2012,0
891,422,53,TX,100/300,1000,1011.5302583840507,1000000,FEMALE,PhD,Exec-managerial,Reading,unmarried,46818.097976484496,31452.076766820326,Single Vehicle Collision,Unknown,Total Loss,Police,NY,Springfield,16,4,Unknown,0,3,Unknown,108294.85547126729,2502.1000489971248,9504.566121187398,67561.93978874892,Audi,2017,1
892,0,47,FL,500/1000,1000,1942.797311521998,5000000,FEMALE,PhD,Machine-op-inspct,Reading,wife,70274.43721197214,78745.65429080738,Multi-vehicle Collision,Side Collision,Major Damage,Fire,NY,Riverwood,22,2,NO,3,0,NO,71627.24259587526,5354.991451972894,15264.022596195206,67557.94917152089,Mercedes,2006,0
893,386,35,IL,500/1000,1000,1321.1096090018377,0,FEMALE,High School,Adm-clerical,Exercise,unmarried,99466.22988722545,45105.40057564575,Multi-vehicle Collision,Side Collision,Total Loss,Ambulance,WV,Springfield,10,4,NO,3,1,NO,113806.57856981059,17919.00424084657,16731.175209000223,47119.735971471695,Ford,1998,1
894,460,19,CA,500/1000,2000,596.3790844319166,0,MALE,College,Craft-repair,Movies,husband,65905.98504959515,11694.547149308044,Parked Car,Unknown,Trivial Damage,None,PA,Northbrook,11,4,NO,1,3,NO,73237.10924907366,17763.925540328957,17382.08489901185,24898.89585626335,Mercedes,2007,0
895,347,66,TX,250/500,1000,1464.1648250897974,0,MALE,JD,Prof-specialty,Chess,other-relative,79405.91315727352,38151.98603059905,Single Vehicle Collision,Unknown,Trivial Damage,None,OH,Riverwood,9,2,YES,1,2,Unknown,83561.81921004027,1299.824331890711,11226.269825858988,52806.31122367372,Volkswagen,2015,0
896,189,30,NY,500/1000,1000,1381.5271255925163,0,FEMALE,College,Machine-op-inspct,Exercise,own-child,2761.6057262270124,23349.327830975064,Parked Car,Side Collision,Minor Damage,Police,PA,Springfield,19,4,YES,1,3,Unknown,17104.45469574058,13287.14254254836,4979.80505876489,84024.35605780185,Chevrolet,2021,0
897,190,21,CA,500/1000,500,1843.689309342059,0,FEMALE,Masters,Prof-specialty,Movies,other-relative,81042.73690648183,10053.155078621912,Parked Car,Front Collision,Major Damage,Fire,VA,Northbrook,16,4,NO,0,0,NO,116595.46355906686,15906.56078601725,1636.8162519338302,4742.11124759707,Chevrolet,2010,0
898,368,43,NY,500/1000,2000,1479.7807837367186,0,FEMALE,College,Machine-op-inspct,Camping,wife,29997.588176829715,11028.706842366499,Single Vehicle Collision,Front Collision,Total Loss,Ambulance,OH,Northbrook,2,2,NO,2,3,YES,113839.91656383345,8040.727134599599,3190.4599694949643,24098.79121129913,Volkswagen,2004,0
899,408,42,CA,100/300,500,1023.5786366923271,0,MALE,Masters,Adm-clerical,Camping,unmarried,12670.184503466486,78007.13985040499,Single Vehicle Collision,Side Collision,Total Loss,Fire,PA,Columbus,6,1,Unknown,3,1,NO,46480.45795625263,26161.29545626482,27038.737127815235,25718.73066580176,Toyota,2015,1
900,311,47,CA,100/300,500,1949.3385885587306,0,FEMALE,PhD,Adm-clerical,Movies,wife,11333.408544770584,88139.78525224676,Vehicle Theft,Front Collision,Total Loss,Ambulance,VA,Springfield,2,3,Unknown,0,3,Unknown,49622.42263116009,4832.959429392657,8411.250198615213,56899.868556280955,Saab,2005,0
901,416,28,FL,250/500,500,1702.4292289730504,0,MALE,Masters,Adm-clerical,Reading,other-relative,67987.48141696266,92712.9119432504,Vehicle Theft,Unknown,Major Damage,Fire,OH,Springfield,16,2,YES,1,0,Unknown,33342.376860683755,7617.054150186432,2304.6894963313357,58639.679259909055,Toyota,2019,0
902,421,24,TX,100/300,2000,1445.6264275720314,1000000,FEMALE,JD,Exec-managerial,Reading,unmarried,99761.683604055,85394.61723304547,Multi-vehicle Collision,Front Collision,Trivial Damage,None,WV,Columbus,22,4,Unknown,3,3,Unknown,122169.03156740483,4709.832450982591,18705.890986330585,18647.754005439838,Dodge,2006,0
903,116,48,TX,250/500,500,939.3878051046843,0,MALE,High School,Machine-op-inspct,Camping,not-in-family,66619.50983728997,83022.40972854418,Single Vehicle Collision,Side Collision,Total Loss,None,VA,Northbrook,7,3,Unknown,3,3,Unknown,112177.51689328617,3496.3990161167426,2259.2145378385585,19527.443729859708,Ford,2012,1
904,133,61,CA,100/300,500,1060.3104444714431,0,MALE,Masters,Craft-repair,Reading,not-in-family,26234.81500667757,6883.585151660598,Multi-vehicle Collision,Front Collision,Minor Damage,None,PA,Springfield,20,3,Unknown,0,3,Unknown,91567.58685854578,26369.375520213776,2101.5881900707277,83546.32033827333,Volkswagen,1996,0
905,57,27,IL,500/1000,500,1504.954886144985,0,FEMALE,College,Craft-repair,Reading,wife,20330.59710029397,79012.35947217104,Parked Car,Side Collision,Total Loss,Fire,OH,Columbus,21,4,Unknown,1,1,Unknown,36203.90441788977,8335.774952099457,18647.115176136645,68091.2637078867,BMW,2013,0
906,43,56,IL,100/300,1000,607.9712276949825,0,MALE,Masters,Adm-clerical,Movies,not-in-family,52595.70992680407,78328.2659656451,Parked Car,Front Collision,Minor Damage,Fire,VA,Columbus,18,4,YES,1,3,NO,26192.073225754764,21675.720584035687,17741.85732595592,84090.84589800159,Volkswagen,1999,0
907,172,30,NY,250/500,500,885.0208874753953,1000000,MALE,PhD,Craft-repair,Movies,not-in-family,6503.9299350703295,13129.039410461319,Vehicle Theft,Side Collision,Total Loss,Police,VA,Northbrook,13,1,YES,2,3,Unknown,8015.19325060466,12839.470791757494,1244.3186084988033,74686.70263582659,Ford,2022,0
908,159,48,NY,100/300,2000,1570.851400094897,0,FEMALE,Masters,Prof-specialty,Reading,husband,39933.08329271872,66200.92319346324,Multi-vehicle Collision,Side Collision,Major Damage,None,WV,Northbrook,4,4,Unknown,1,2,Unknown,7318.916525888662,19076.204422017505,13814.335033108464,36250.4064257065,Audi,2014,0
909,172,24,FL,500/1000,2000,1220.0277647669313,2000000,MALE,JD,Machine-op-inspct,Movies,not-in-family,66623.49040057874,45250.73364592815,Single Vehicle Collision,Front Collision,Total Loss,Police,VA,Springfield,18,3,Unknown,0,3,Unknown,28476.852901344886,27845.285885166282,13073.049237181038,11059.496552380617,BMW,2004,0
910,316,73,CA,250/500,1000,1103.590347221645,0,FEMALE,Masters,Machine-op-inspct,Chess,husband,96766.22758084841,90001.35234720708,Single Vehicle Collision,Front Collision,Minor Damage,Fire,OH,Springfield,12,4,YES,2,3,Unknown,15529.613582321708,25338.236011297482,16400.67389107665,56696.57792648073,Audi,2020,0
911,302,66,NY,500/1000,2000,727.1864336006217,0,MALE,JD,Machine-op-inspct,Camping,own-child,42565.34478156052,69540.83623956674,Vehicle Theft,Unknown,Total Loss,Ambulance,NY,Riverwood,17,3,NO,2,2,Unknown,83638.09710190522,2069.5917726071357,22135.341313103625,31743.996496963122,Chevrolet,2010,1
912,148,59,NY,500/1000,2000,1162.7735517165988,0,MALE,College,Prof-specialty,Chess,husband,20022.39404073066,95098.75363742521,Vehicle Theft,Rear Collision,Total Loss,None,OH,Northbrook,22,2,Unknown,2,1,YES,54034.47410527431,25356.076058376533,8484.001426865823,38344.53795420449,Mercedes,2006,1
913,79,59,CA,250/500,1000,1656.0379561403508,1000000,MALE,PhD,Exec-managerial,Chess,husband,81736.24033727843,10492.264527464367,Multi-vehicle Collision,Side Collision,Minor Damage,None,OH,Riverwood,10,2,NO,2,1,NO,67019.39443413787,13554.705458420913,12983.408507514308,38386.588710870834,Volkswagen,2003,0
914,373,73,FL,500/1000,500,896.0192691078396,0,MALE,High School,Prof-specialty,Reading,other-relative,74419.95248606165,4060.7314452393184,Vehicle Theft,Side Collision,Total Loss,None,WV,Riverwood,22,3,Unknown,2,2,NO,89313.04394628487,10504.371806396559,23782.28053082895,84293.11398761273,Ford,1997,1
915,212,53,NY,500/1000,1000,508.0978132755161,2000000,FEMALE,College,Machine-op-inspct,Reading,husband,85970.38882047439,97357.93577605461,Vehicle Theft,Side Collision,Trivial Damage,None,WV,Columbus,11,2,YES,0,2,YES,99035.71093035028,20171.637763848852,27676.69171381706,6290.731485414166,Mercedes,1995,0
916,202,37,FL,100/300,500,1502.757351726474,0,FEMALE,College,Machine-op-inspct,Chess,husband,21471.872754289212,8019.216144490438,Vehicle Theft,Side Collision,Major Damage,None,VA,Columbus,7,1,Unknown,3,3,YES,97406.15712244541,28506.23619297744,26739.68919149634,17460.028156129483,BMW,1999,0
917,251,21,TX,500/1000,500,1958.9399066488288,0,FEMALE,High School,Machine-op-inspct,Chess,other-relative,40483.21958498351,38619.58209102295,Parked Car,Front Collision,Total Loss,Fire,WV,Springfield,11,3,NO,1,1,Unknown,39498.059729714456,2824.064927644123,14328.928562821251,54754.0641042433,Dodge,2002,0
918,228,71,FL,500/1000,2000,1410.2398453828744,1000000,MALE,Masters,Craft-repair,Exercise,husband,98155.44377230376,64997.06222505548,Multi-vehicle Collision,Front Collision,Total Loss,None,VA,Northbrook,0,3,YES,3,1,NO,121539.23953426736,23042.310907507173,15625.973910063058,79549.85012323172,Saab,2011,0
919,163,24,IL,500/1000,1000,679.8827883906952,2000000,MALE,Masters,Exec-managerial,Exercise,not-in-family,15804.231977637352,88005.66733340838,Single Vehicle Collision,Rear Collision,Minor Damage,None,NY,Northbrook,17,4,Unknown,3,3,NO,137697.59565292485,6105.240922738662,15873.16326456478,82623.04440311219,BMW,1995,0
920,226,71,IL,500/1000,2000,981.0996385170097,0,FEMALE,Masters,Prof-specialty,Camping,husband,67145.08191554378,25457.731821392605,Single Vehicle Collision,Side Collision,Major Damage,Police,PA,Riverwood,1,1,Unknown,1,0,YES,47732.78290986769,11404.083684809964,26061.467091224542,50326.49409369222,Volkswagen,2007,0
921,146,18,FL,250/500,2000,1801.462422080335,0,FEMALE,PhD,Machine-op-inspct,Chess,own-child,23718.446154726404,2905.8211885023334,Multi-vehicle Collision,Rear Collision,Total Loss,Ambulance,WV,Riverwood,11,4,YES,1,3,NO,3051.2797766271615,26214.690487897496,25198.185208140025,3207.0535732122603,Saab,2000,0
922,19,61,IL,100/300,500,848.8521113852428,0,FEMALE,College,Adm-clerical,Movies,husband,50015.90062825443,52128.679049918945,Vehicle Theft,Unknown,Trivial Damage,None,WV,Springfield,18,1,Unknown,3,0,NO,134923.5509039515,16373.975520370182,9345.975856360352,32723.004987118708,Dodge,2009,1
923,440,73,TX,500/1000,2000,1411.543855246412,0,FEMALE,JD,Exec-managerial,Exercise,husband,80050.9645795688,47111.20202722413,Vehicle Theft,Rear Collision,Trivial Damage,Police,NY,Columbus,22,1,YES,1,3,Unknown,138570.53557654467,2023.6994385127882,4885.490682661058,82703.11296632384,BMW,2001,0
924,401,62,CA,500/1000,1000,1104.0068123809967,5000000,MALE,High School,Adm-clerical,Reading,own-child,48858.6052555819,30689.318218907956,Single Vehicle Collision,Rear Collision,Total Loss,Fire,WV,Northbrook,6,1,Unknown,2,2,Unknown,8116.4928417485135,15241.45650410215,11369.236844763049,45044.973328981,Dodge,2018,0
925,46,59,IL,250/500,2000,811.7655821294735,0,FEMALE,College,Exec-managerial,Chess,other-relative,80548.169331191,87389.93675014492,Parked Car,Unknown,Trivial Damage,Police,NY,Northbrook,6,3,YES,1,3,Unknown,1241.0104829522338,23689.257049242726,8652.191497482034,65422.53379859523,Toyota,2002,0
926,232,64,IL,500/1000,2000,1720.1103403470195,0,MALE,Masters,Machine-op-inspct,Movies,not-in-family,42633.49054403459,74932.21715832346,Multi-vehicle Collision,Unknown,Trivial Damage,None,VA,Northbrook,0,2,Unknown,1,2,NO,122552.51505741496,15866.4176329678,28523.421744447285,24300.488498409573,BMW,1997,1
927,304,30,FL,250/500,500,1614.2469146985354,5000000,FEMALE,High School,Exec-managerial,Movies,husband,99935.29298700328,85811.63831992466,Vehicle Theft,Rear Collision,Total Loss,Police,WV,Northbrook,17,2,YES,2,0,NO,45568.771495224435,5006.677169371568,7977.470383159547,2348.126633197913,Audi,2009,0
928,13,72,TX,100/300,1000,1492.3865989388983,1000000,MALE,JD,Exec-managerial,Movies,not-in-family,43582.823422021014,16180.89594771992,Parked Car,Unknown,Total Loss,Police,WV,Columbus,7,4,YES,2,0,Unknown,137230.03401075027,13351.232251725956,5436.200451808067,52094.58074191735,BMW,1998,1
929,142,39,CA,100/300,2000,854.5048854031268,0,FEMALE,College,Machine-op-inspct,Reading,wife,14937.947863782641,69241.1958940341,Parked Car,Rear Collision,Major Damage,Fire,VA,Springfield,9,4,Unknown,2,2,Unknown,32903.16420379722,27730.361041189477,26984.371876776466,75164.7922988342,Toyota,2003,0
930,414,71,FL,500/1000,500,646.785504074675,2000000,FEMALE,College,Adm-clerical,Exercise,not-in-family,40186.951564924886,97510.17354188574,Vehicle Theft,Front Collision,Minor Damage,Police,WV,Springfield,22,2,YES,1,2,NO,129242.61511092476,19746.11970282339,2594.3581306821306,89125.15585041635,Mercedes,2005,1
931,0,38,FL,500/1000,2000,1364.2389947389493,0,MALE,PhD,Adm-clerical,Movies,other-relative,74259.31846422302,61191.38918086923,Multi-vehicle Collision,Front Collision,Total Loss,Fire,OH,Columbus,0,2,Unknown,2,1,NO,10762.318323892983,21896.59519525768,7807.981542793806,76211.77699471464,Chevrolet,2015,1
932,372,39,TX,500/1000,1000,1330.51675030915,0,MALE,College,Craft-repair,Exercise,other-relative,84793.77577586286,17136.436529548617,Multi-vehicle Collision,Rear Collision,Minor Damage,Fire,NY,Springfield,14,1,Unknown,2,1,YES,39465.208673439054,23578.09522348351,13173.335820017652,49904.09317266916,Ford,2008,0
933,53,45,CA,250/500,2000,782.5775140023095,2000000,FEMALE,College,Adm-clerical,Camping,husband,46010.32991762624,99578.03944681345,Single Vehicle Collision,Unknown,Total Loss,Police,PA,Springfield,14,4,Unknown,0,3,Unknown,145982.76743227334,2720.8027258000443,17853.22134479046,54824.61023316836,Mercedes,2021,1
934,373,26,TX,500/1000,2000,584.3700414727588,0,MALE,JD,Adm-clerical,Reading,own-child,59447.68410584397,52832.35815583782,Single Vehicle Collision,Unknown,Trivial Damage,None,OH,Riverwood,3,4,YES,0,2,Unknown,35063.899822526706,17446.096778098916,9830.18689119919,74192.3471844178,Toyota,2003,0
935,258,43,CA,500/1000,500,621.062681290979,0,FEMALE,JD,Exec-managerial,Exercise,other-relative,84489.00678262903,84005.90182762472,Multi-vehicle Collision,Front Collision,Minor Damage,Ambulance,PA,Columbus,9,4,Unknown,1,0,Unknown,20385.44111921865,11277.455795559243,14887.01990763015,1880.9816448026927,Chevrolet,2006,0
936,143,26,TX,100/300,2000,1989.1564797691005,0,MALE,High School,Craft-repair,Exercise,own-child,81354.61799983199,14936.144743043134,Vehicle Theft,Front Collision,Major Damage,Police,OH,Springfield,7,4,YES,2,1,NO,128629.67054471279,4174.774910162914,5964.935592918195,85652.82690268235,Audi,1999,0
937,470,32,FL,500/1000,500,1675.3758421143255,1000000,FEMALE,Masters,Machine-op-inspct,Movies,wife,65772.39053611328,66609.62177579214,Multi-vehicle Collision,Unknown,Minor Damage,Police,OH,Riverwood,13,2,NO,1,2,NO,18111.21836834112,6081.286749120714,17228.22360676456,47856.79000175601,Volkswagen,2015,0
938,440,27,FL,100/300,1000,1882.981213947759,0,FEMALE,JD,Machine-op-inspct,Movies,own-child,81502.71042508549,91261.76982038638,Single Vehicle Collision,Unknown,Major Damage,Police,OH,Columbus,12,2,NO,0,0,YES,15069.688232635772,23434.814211742032,12234.504248389785,85689.49677964389,Audi,2019,0
939,458,41,NY,500/1000,2000,792.5820833545449,0,FEMALE,High School,Prof-specialty,Reading,unmarried,57591.0758368637,53201.78191119393,Single Vehicle Collision,Unknown,Total Loss,Ambulance,NY,Columbus,20,3,NO,0,0,YES,48852.0575613356,4844.673158693184,25477.79061805351,68830.18317561674,Volkswagen,2000,0
940,11,74,IL,100/300,1000,1940.8528044851525,0,FEMALE,College,Craft-repair,Exercise,own-child,464.8168925280638,28866.00605848044,Single Vehicle Collision,Unknown,Minor Damage,Ambulance,PA,Northbrook,16,3,Unknown,2,2,Unknown,95481.61173624544,9372.55821665158,12472.024001659573,13793.359307461653,Ford,2013,1
941,329,59,TX,500/1000,1000,713.9815272097431,0,FEMALE,High School,Exec-managerial,Chess,other-relative,4126.67844022232,12742.18279575865,Multi-vehicle Collision,Rear Collision,Total Loss,Fire,VA,Riverwood,6,2,YES,1,3,YES,106756.582879915,8546.200147892445,13314.462536461508,14956.8573361025,Audi,2022,0
942,223,25,NY,100/300,2000,1263.6227428497068,0,FEMALE,High School,Prof-specialty,Movies,own-child,97980.8399238183,29594.46652383303,Multi-vehicle Collision,Unknown,Major Damage,Ambulance,VA,Riverwood,5,1,Unknown,0,1,NO,132245.19818219566,1458.9109174370296,17765.249680272376,31892.773243542924,Ford,1999,0
943,271,41,IL,250/500,500,1744.543526625596,2000000,FEMALE,High School,Prof-specialty,Movies,own-child,14499.204200270522,35488.4202926858,Vehicle Theft,Front Collision,Total Loss,Ambulance,WV,Riverwood,8,2,YES,3,1,YES,81366.27313088636,13864.753477180757,3695.1001223082435,23832.523172028177,Volkswagen,1995,1
944,455,33,TX,100/300,1000,1024.705031767369,0,FEMALE,High School,Machine-op-inspct,Camping,unmarried,40451.64088234628,70995.51052298295,Single Vehicle Collision,Front Collision,Major Damage,Police,NY,Columbus,19,1,NO,2,2,YES,59315.95912076582,22977.89526507626,4703.855301188432,39592.958460847614,Chevrolet,2019,0
945,357,66,CA,100/300,1000,1137.2427997653508,0,MALE,JD,Adm-clerical,Reading,unmarried,93381.1275009968,17862.140702960194,Parked Car,Side Collision,Total Loss,Fire,NY,Northbrook,19,4,NO,1,3,NO,54145.64739425254,664.57898246699,23707.13241681721,54390.95799169755,Ford,2004,1
946,459,43,IL,100/300,2000,692.2776654486468,0,MALE,Masters,Exec-managerial,Exercise,husband,19503.948473304943,10610.485571540761,Parked Car,Unknown,Minor Damage,None,NY,Columbus,7,3,NO,3,0,Unknown,127111.95790738236,3376.5435143968834,8202.563374186411,39348.49700385808,Chevrolet,2008,1
947,407,44,FL,500/1000,2000,684.3828199984591,0,MALE,High School,Craft-repair,Exercise,other-relative,84379.13444665007,38693.95410337545,Vehicle Theft,Rear Collision,Trivial Damage,Fire,OH,Springfield,13,1,Unknown,2,3,Unknown,108710.38876765849,21605.600387927036,20540.90786785368,5172.210565178968,Mercedes,2020,0
948,155,54,NY,500/1000,2000,1429.3523371679894,2000000,FEMALE,PhD,Prof-specialty,Exercise,husband,81826.75681595904,45865.36164091378,Vehicle Theft,Side Collision,Total Loss,Ambulance,NY,Springfield,19,4,Unknown,2,1,YES,135861.63755190832,17807.429720187407,2922.809099316064,87809.2822020661,Chevrolet,2021,1
949,372,21,IL,500/1000,2000,1513.298552930085,0,FEMALE,College,Exec-managerial,Movies,unmarried,98632.96545513396,62838.50522175049,Single Vehicle Collision,Side Collision,Total Loss,Ambulance,VA,Springfield,2,2,YES,0,2,NO,144623.3006318763,21457.42842146046,24655.399809540395,38318.47986470133,Ford,2017,1
950,7,67,IL,250/500,2000,1665.99877112329,0,FEMALE,College,Machine-op-inspct,Reading,own-child,28168.183364816836,70753.13013009391,Multi-vehicle Collision,Rear Collision,Minor Damage,Police,NY,Northbrook,22,3,YES,1,1,NO,45357.59999452921,6903.118646314156,29646.843327568713,76611.64288852266,BMW,2011,0
951,121,41,FL,250/500,2000,1335.0230790226303,0,MALE,College,Prof-specialty,Exercise,unmarried,31532.535538014596,88927.77088335996,Multi-vehicle Collision,Side Collision,Total Loss,None,OH,Columbus,12,2,NO,0,2,YES,79686.2807457755,24113.063498922147,11210.72835623353,6748.490874277577,Chevrolet,2021,0
952,347,36,TX,100/300,500,1468.6389383919588,0,MALE,College,Prof-specialty,Chess,wife,90287.80010577865,28895.35655280361,Parked Car,Side Collision,Major Damage,None,PA,Riverwood,20,4,Unknown,3,3,Unknown,94957.21070104252,14396.1318033083,15165.9030574469,72924.83268652971,Chevrolet,2005,0
953,163,53,CA,250/500,1000,520.2759075495801,0,MALE,College,Machine-op-inspct,Camping,own-child,23407.905920227957,52860.782269192896,Single Vehicle Collision,Front Collision,Total Loss,None,NY,Springfield,8,4,Unknown,3,1,Unknown,24995.417543080406,18309.059225365712,13281.359395194067,15689.076930246318,BMW,1998,0
954,89,56,FL,100/300,500,743.2560907057821,1000000,MALE,High School,Machine-op-inspct,Camping,husband,54790.0956987109,36604.07068030652,Parked Car,Side Collision,Major Damage,Ambulance,PA,Springfield,20,2,YES,3,3,Unknown,8475.38157178522,2764.6025160250874,26825.632459170705,61178.50437542689,Toyota,2012,0
955,135,27,CA,100/300,500,1977.372149025357,0,MALE,Masters,Machine-op-inspct,Exercise,own-child,70734.49591910563,142.16720309900842,Parked Car,Rear Collision,Major Damage,Ambulance,WV,Columbus,8,4,YES,3,1,NO,130230.70516023936,6150.947500794639,298.02113090638846,59596.42199333262,Toyota,2013,0
956,185,42,TX,100/300,2000,613.9902594737476,1000000,FEMALE,PhD,Exec-managerial,Movies,wife,27188.424526288567,57943.18227199275,Single Vehicle Collision,Unknown,Total Loss,Fire,OH,Riverwood,21,4,Unknown,3,3,NO,80560.7648579283,23200.736448309246,19603.77963491508,81891.62397219067,Chevrolet,1998,1
957,315,35,IL,250/500,1000,1518.1823333903674,0,MALE,JD,Exec-managerial,Camping,unmarried,93841.29454447588,81579.60756711387,Vehicle Theft,Unknown,Total Loss,Ambulance,NY,Northbrook,21,1,Unknown,1,1,NO,85830.74534582587,6717.253235663356,19571.048184105985,28928.8335635314,Ford,2006,1
958,177,36,CA,500/1000,500,764.1239495475743,0,FEMALE,PhD,Exec-managerial,Camping,other-relative,66569.75480739203,3643.9486103394092,Parked Car,Unknown,Trivial Damage,None,WV,Springfield,10,2,YES,1,2,Unknown,83459.69464147925,2775.8948256437598,11471.550248938593,9895.482416416266,Dodge,2008,0
959,27,53,NY,250/500,2000,1575.077878651463,0,FEMALE,JD,Adm-clerical,Camping,not-in-family,4713.930826982504,349.1758602970241,Vehicle Theft,Front Collision,Trivial Damage,None,WV,Springfield,5,2,Unknown,2,3,YES,113366.62537248721,17916.09846756301,6580.0092635104365,77824.4668817628,Ford,2012,0
960,219,27,NY,100/300,2000,1558.9856044429903,1000000,FEMALE,JD,Prof-specialty,Camping,other-relative,13573.753126091393,72781.8406510738,Multi-vehicle Collision,Front Collision,Total Loss,None,PA,Springfield,22,3,Unknown,2,3,NO,22252.540729965465,16438.095484851983,7190.48044245107,29908.819914669006,Ford,2020,0
961,356,50,FL,100/300,1000,851.2985896821353,0,MALE,PhD,Exec-managerial,Exercise,other-relative,19078.15700915636,68385.97250088332,Parked Car,Front Collision,Total Loss,Police,VA,Riverwood,11,1,NO,1,2,NO,92300.24189534414,18236.81786949879,24013.923636416734,21004.787636536188,Chevrolet,1995,1
962,40,72,TX,250/500,500,904.4515988288063,0,MALE,High School,Adm-clerical,Reading,unmarried,24495.73639934497,40585.21053350209,Single Vehicle Collision,Rear Collision,Minor Damage,Fire,VA,Springfield,3,1,Unknown,2,0,YES,70687.18698085571,18549.16489089274,1983.0928912487711,43810.15421775379,BMW,2021,0
963,227,67,FL,100/300,500,1482.1560704031324,0,FEMALE,College,Prof-specialty,Reading,other-relative,73067.73700294364,66160.48816209097,Vehicle Theft,Unknown,Minor Damage,Fire,VA,Riverwood,3,4,Unknown,0,1,Unknown,134595.2448464048,15005.920375935111,16914.72438823077,13237.598532059907,Ford,2014,1
964,191,22,FL,100/300,500,1085.1290581703206,1000000,MALE,High School,Exec-managerial,Movies,wife,8893.52447554681,95338.60725310008,Multi-vehicle Collision,Rear Collision,Major Damage,Ambulance,VA,Springfield,22,3,Unknown,1,1,NO,78183.33021550064,14813.217617059672,9205.218089347965,26797.005441170022,Volkswagen,2019,0
965,410,64,FL,250/500,2000,791.8219545498669,0,MALE,College,Machine-op-inspct,Chess,unmarried,35059.46722761345,24786.279655530365,Multi-vehicle Collision,Rear Collision,Total Loss,Police,OH,Springfield,21,3,YES,0,2,Unknown,141468.77862408775,27724.966958683875,7957.434374049612,34736.729002412314,Mercedes,2005,1
966,446,66,NY,250/500,1000,1597.5193981812226,0,FEMALE,Masters,Craft-repair,Reading,other-relative,91138.33233280017,24592.659453158383,Parked Car,Side Collision,Minor Damage,Fire,NY,Riverwood,16,1,NO,3,1,NO,53311.32262989604,16016.45174639221,15172.129965931079,25025.250884847137,BMW,2021,0
967,144,52,NY,250/500,1000,731.2212865045012,1000000,FEMALE,JD,Exec-managerial,Chess,not-in-family,55666.768633700405,18623.220476421386,Multi-vehicle Collision,Unknown,Major Damage,Police,NY,Riverwood,6,3,YES,3,3,NO,145050.7586053036,18519.006072415763,26935.84518839301,40578.32911680308,Mercedes,2019,1
968,200,61,FL,100/300,500,1783.46549621742,1000000,FEMALE,PhD,Craft-repair,Reading,husband,26549.65638385357,72398.67499737504,Single Vehicle Collision,Side Collision,Trivial Damage,Police,OH,Northbrook,5,1,NO,2,3,YES,131336.11323971927,8009.081758162338,18542.757571119924,34680.09543834282,BMW,2022,0
969,416,51,NY,100/300,2000,1272.0042860777412,0,FEMALE,Masters,Exec-managerial,Reading,unmarried,95705.62964803098,35318.923817134004,Parked Car,Front Collision,Trivial Damage,Ambulance,PA,Columbus,19,3,NO,1,2,YES,87847.36181543552,26132.796024065734,23658.318832659705,69735.73369684289,Chevrolet,2019,0
970,211,50,TX,500/1000,500,658.550905818951,0,FEMALE,College,Machine-op-inspct,Movies,unmarried,24431.58919686824,98869.31339871307,Multi-vehicle Collision,Front Collision,Total Loss,Police,NY,Springfield,7,1,Unknown,3,3,YES,53379.63503119417,731.0427797748953,18020.51337788643,82664.94005553142,Saab,2013,0
971,460,72,FL,500/1000,1000,1541.1085002964767,0,MALE,High School,Craft-repair,Camping,own-child,90509.96212676428,71464.89034571513,Single Vehicle Collision,Rear Collision,Total Loss,Fire,WV,Springfield,6,1,NO,2,0,YES,56700.5419391577,16716.802868933235,20931.47339618222,9172.997185631943,BMW,1995,1
972,219,38,NY,250/500,2000,1278.7445593618108,0,FEMALE,PhD,Adm-clerical,Movies,other-relative,72576.96736145556,36737.68866473845,Vehicle Theft,Rear Collision,Minor Damage,Ambulance,NY,Columbus,7,4,NO,0,1,Unknown,116026.4369255146,11515.508855943259,12972.229463798869,74114.89865563277,Dodge,1995,0
973,239,34,CA,500/1000,500,947.0863576922143,2000000,MALE,JD,Machine-op-inspct,Reading,husband,74052.10369587861,14918.603406346476,Vehicle Theft,Side Collision,Major Damage,Fire,OH,Columbus,8,4,Unknown,1,2,Unknown,87304.38699977215,18117.12586681431,27779.449056245518,83866.23157240401,Toyota,1997,0
974,412,39,FL,100/300,500,1133.8090703357823,0,MALE,Masters,Craft-repair,Camping,not-in-family,76493.9318401616,59202.48165277222,Parked Car,Side Collision,Trivial Damage,Police,PA,Columbus,0,3,Unknown,2,2,Unknown,60537.34402766348,10805.161493141406,15058.170613174829,61826.521822583956,Dodge,2020,0
975,396,65,FL,500/1000,2000,947.5066153812481,1000000,FEMALE,JD,Craft-repair,Camping,wife,50656.931205720924,29490.32530964255,Single Vehicle Collision,Rear Collision,Major Damage,Police,NY,Springfield,2,4,NO,3,1,YES,95590.21673111856,21530.637351529407,16553.240076802893,89678.12888774488,Chevrolet,2008,0
976,45,54,TX,100/300,1000,894.5387536141761,0,FEMALE,College,Machine-op-inspct,Camping,unmarried,81457.87260026688,90550.90812962866,Multi-vehicle Collision,Unknown,Major Damage,None,OH,Springfield,17,2,YES,0,0,NO,110118.39298619117,609.9432892029243,15748.965097645487,30220.365669873794,Audi,2002,0
977,34,32,IL,250/500,2000,745.4126312655683,0,MALE,JD,Machine-op-inspct,Chess,wife,83619.30977524903,44140.43998764747,Parked Car,Rear Collision,Minor Damage,Ambulance,WV,Springfield,18,2,NO,0,2,Unknown,3923.6266274906557,12176.683163074289,9485.670604947554,74744.8637484884,Toyota,2009,0
978,252,52,IL,250/500,500,1044.1506997062138,0,FEMALE,High School,Machine-op-inspct,Reading,wife,36048.67216761171,29264.99645385542,Parked Car,Unknown,Total Loss,Ambulance,VA,Riverwood,10,3,YES,2,1,YES,13934.48876706776,24937.907992272412,6937.15306797557,60665.85517045232,Chevrolet,1998,0
979,389,45,TX,100/300,500,876.4808094741061,2000000,MALE,Masters,Prof-specialty,Exercise,wife,40034.45182163753,58855.18145706807,Multi-vehicle Collision,Side Collision,Total Loss,None,WV,Northbrook,15,1,YES,1,0,YES,14625.573340858338,7506.021533383076,2215.04892346665,29176.247969051437,Mercedes,2005,0
980,81,24,TX,500/1000,500,1525.1517305808757,0,FEMALE,Masters,Adm-clerical,Movies,own-child,88875.67185390259,13697.450097106468,Single Vehicle Collision,Front Collision,Major Damage,Fire,WV,Northbrook,17,4,NO,2,2,YES,35174.10388686854,1582.5263514096598,21545.24946007646,63450.41586758003,Ford,2002,0
981,370,49,TX,250/500,500,1525.8151117449595,0,FEMALE,High School,Exec-managerial,Chess,wife,52472.92604295243,56154.907280287836,Multi-vehicle Collision,Front Collision,Minor Damage,Fire,PA,Columbus,5,3,YES,3,0,Unknown,64335.070664483435,14895.722236955056,8678.257895111123,45915.00333127445,Volkswagen,2001,0
982,255,28,IL,250/500,1000,1252.7603638334576,0,MALE,JD,Craft-repair,Movies,other-relative,86694.3495941869,5611.1478519740185,Vehicle Theft,Side Collision,Total Loss,Police,NY,Columbus,1,2,NO,1,2,NO,120645.65994423689,29296.003815803702,11675.938895868216,17088.75278266132,Mercedes,2018,1
983,196,27,TX,500/1000,1000,1666.9167912054816,5000000,MALE,High School,Exec-managerial,Exercise,other-relative,62676.94617578074,60688.86817472076,Parked Car,Side Collision,Minor Damage,Ambulance,VA,Springfield,3,1,YES,3,1,Unknown,52989.30573243383,1924.7568460540997,27597.84488178638,15731.783448610699,Audi,1996,0
984,302,26,NY,500/1000,500,1762.0095785090723,1000000,FEMALE,PhD,Machine-op-inspct,Camping,husband,59356.77567490424,53016.38439014289,Vehicle Theft,Front Collision,Total Loss,Police,OH,Northbrook,4,4,YES,0,1,YES,3112.9293629004123,2101.6947824937993,16993.42048235621,64234.556324249745,Ford,2002,0
985,408,31,FL,100/300,1000,1369.6496861514097,0,FEMALE,High School,Adm-clerical,Exercise,husband,3098.0953277861877,52076.59821389716,Parked Car,Unknown,Major Damage,None,VA,Northbrook,20,1,NO,0,1,YES,72762.59701628349,17853.496948400345,2912.3419171181476,64102.54856227434,BMW,2019,0
986,449,30,FL,500/1000,1000,1428.4027441451506,0,FEMALE,JD,Adm-clerical,Movies,not-in-family,27789.439784074977,68416.43870577806,Multi-vehicle Collision,Side Collision,Total Loss,Police,NY,Riverwood,13,1,Unknown,3,0,YES,149495.97501598098,7502.031386343873,23988.35738471549,47816.56111043287,Toyota,2020,1
987,9,74,CA,500/1000,1000,924.3288646795478,2000000,MALE,High School,Prof-specialty,Exercise,wife,50205.764690231816,4445.661442668469,Single Vehicle Collision,Unknown,Major Damage,Fire,PA,Springfield,0,4,Unknown,3,3,Unknown,52678.6388504104,12306.93700911676,7683.917973283664,45177.26848826947,Audi,2021,0
988,311,42,CA,500/1000,500,1842.3038010582798,1000000,FEMALE,College,Machine-op-inspct,Reading,wife,58731.71721347009,45973.14646302961,Multi-vehicle Collision,Unknown,Total Loss,Fire,NY,Springfield,21,4,NO,0,0,NO,144207.55055571356,24915.214589981726,16581.175279385476,16285.45626742868,Toyota,2016,1
989,285,19,FL,100/300,2000,536.3090666337947,0,FEMALE,High School,Craft-repair,Exercise,own-child,63043.45290007342,44403.86630403745,Vehicle Theft,Front Collision,Minor Damage,None,OH,Northbrook,13,2,NO,2,1,Unknown,15651.097104895183,5965.460525475493,15299.444245919718,38692.82245808701,Chevrolet,2013,0
990,241,52,NY,100/300,2000,1022.9037041642686,0,FEMALE,High School,Prof-specialty,Reading,wife,71622.28250116171,45978.244184249925,Single Vehicle Collision,Unknown,Total Loss,Fire,VA,Northbrook,20,2,Unknown,2,2,YES,26378.398856843065,21578.99810944299,7142.365270556421,78438.63714069598,Ford,2017,0
991,250,24,IL,250/500,2000,1582.700632324784,0,FEMALE,JD,Machine-op-inspct,Exercise,wife,65623.34322936318,97989.09710653433,Single Vehicle Collision,Front Collision,Trivial Damage,None,WV,Riverwood,12,1,Unknown,2,3,YES,108756.24948678339,15134.565398026689,3473.1310438374317,76939.98481795407,Dodge,2003,0
992,364,38,IL,100/300,500,620.1342645067418,0,MALE,PhD,Prof-specialty,Reading,wife,84857.67073958003,13927.847314426033,Parked Car,Side Collision,Minor Damage,Ambulance,NY,Riverwood,21,1,YES,3,0,YES,75431.26112112058,27148.730772428153,6337.848194849042,59516.60927254808,Saab,2010,0
993,4,35,NY,250/500,1000,774.7542911424389,1000000,MALE,PhD,Exec-managerial,Reading,unmarried,29547.03428875134,69042.97570595925,Single Vehicle Collision,Rear Collision,Minor Damage,None,PA,Springfield,15,2,YES,3,0,Unknown,114885.70961814997,29188.860008806918,2920.133986918968,89762.365349479,Dodge,2002,0
994,118,20,IL,500/1000,1000,1383.9285917942766,0,MALE,JD,Machine-op-inspct,Exercise,unmarried,64156.99856658924,40199.613737855645,Parked Car,Rear Collision,Total Loss,None,PA,Riverwood,3,2,YES,0,2,Unknown,129601.97258181905,14548.823569601875,8268.840568563037,80396.73336739688,Saab,2002,1
995,288,59,TX,250/500,500,1339.990507195337,0,FEMALE,JD,Craft-repair,Chess,own-child,5115.951419627129,51172.65243245136,Single Vehicle Collision,Rear Collision,Total Loss,None,VA,Northbrook,5,1,Unknown,1,2,Unknown,38037.18897112467,17539.411773464006,29918.925322123934,13156.215078772371,Ford,2005,0
996,373,71,FL,250/500,500,1608.3924441964325,0,FEMALE,JD,Craft-repair,Camping,own-child,48019.00773220279,76239.39058561962,Single Vehicle Collision,Rear Collision,Total Loss,Fire,WV,Springfield,8,3,NO,2,1,YES,102582.96098074141,22375.2762221266,12062.767957241476,35982.362638123894,Toyota,2001,1
997,64,56,FL,500/1000,2000,1718.9189586322577,1000000,FEMALE,College,Machine-op-inspct,Camping,other-relative,26803.29659518925,15737.544257348101,Parked Car,Rear Collision,Total Loss,Ambulance,OH,Northbrook,0,3,YES,2,0,Unknown,91336.38487674654,9560.22425616015,25916.651740050307,11961.179879858764,Audi,2015,1
998,145,58,NY,250/500,2000,692.8693677675037,0,MALE,Masters,Prof-specialty,Camping,own-child,38088.71482946961,76358.52126364922,Single Vehicle Collision,Rear Collision,Trivial Damage,Police,WV,Springfield,21,3,NO,2,2,NO,129299.4868642236,6802.210515697405,16475.330763871843,42001.45651698536,Chevrolet,1996,0
999,223,66,IL,100/300,500,527.5714846628631,0,MALE,High School,Adm-clerical,Reading,not-in-family,35466.27517649591,7033.07826844396,Multi-vehicle Collision,Unknown,Major Damage,Ambulance,VA,Springfield,16,4,Unknown,0,2,NO,64800.53314117746,28940.555173290155,19997.492380011987,69896.8159445604,Saab,2015,0
1000,238,28,CA,100/300,2000,1534.4577794883592,0,MALE,JD,Machine-op-inspct,Camping,other-relative,6043.067715263773,48330.9511209833,Single Vehicle Collision,Unknown,Minor Damage,Fire,WV,Northbrook,22,2,YES,1,3,NO,8254.62939124367,12978.461736587344,4690.439092516686,14105.405022595478,Toyota,1999,0
1001,176,56,CA,100/300,1000,952.0876936495388,0,MALE,JD,Craft-repair,Reading,wife,46664.58007513755,74207.08576995805,Vehicle Theft,Rear Collision,Major Damage,Ambulance,VA,Springfield,3,3,Unknown,1,1,Unknown,86340.82602724053,47.72479547321073,8244.176022659263,79249.94071454932,Dodge,2012,0
1002,266,41,IL,100/300,500,1438.9758708769305,0,FEMALE,JD,Exec-managerial,Chess,own-child,99462.92879915534,19255.145535469943,Parked Car,Side Collision,Major Damage,Ambulance,WV,Springfield,5,3,NO,1,1,YES,143852.30870820943,25131.548955752503,15313.302690867766,51258.273883491514,Saab,2005,0
1003,340,63,CA,250/500,500,725.8168820933371,1000000,MALE,PhD,Craft-repair,Exercise,not-in-family,29893.605683648362,77091.56460354234,Parked Car,Side Collision,Major Damage,None,NY,Riverwood,15,2,YES,2,0,YES,2687.3613360309,17989.92483873257,26434.303026805217,67430.10648627234,Chevrolet,2020,0
1004,281,36,NY,250/500,1000,1203.5600699989443,0,MALE,JD,Adm-clerical,Exercise,own-child,73614.59716682507,16681.250692574322,Multi-vehicle Collision,Unknown,Total Loss,None,PA,Northbrook,6,4,NO,3,2,YES,36418.569269156964,5056.756881609123,1286.641076548205,4159.507508473271,Audi,2011,0
1005,62,21,NY,500/1000,1000,1256.6371190951554,0,FEMALE,High School,Craft-repair,Reading,own-child,54778.83349204357,79923.87569371214,Vehicle Theft,Unknown,Total Loss,Fire,VA,Northbrook,4,3,NO,2,1,YES,47752.13459963594,904.1907953123696,15207.598786971626,8536.049986243372,BMW,2015,0
1006,216,43,IL,250/500,1000,1377.616724559824,0,MALE,JD,Adm-clerical,Reading,other-relative,32522.53005314737,46893.55729418375,Single Vehicle Collision,Rear Collision,Major Damage,None,VA,Riverwood,8,4,YES,1,0,YES,114992.91373970085,8744.472931251934,1530.3663752528973,55915.42065714966,BMW,2000,0
1007,341,55,CA,250/500,2000,1269.7550244958466,0,FEMALE,High School,Machine-op-inspct,Chess,other-relative,8960.706039242117,68463.83318631067,Multi-vehicle Collision,Side Collision,Major Damage,Fire,PA,Springfield,23,4,YES,0,1,Unknown,48829.8999089902,27836.61286420994,13704.680293478476,75453.45297229801,Toyota,2007,0
1008,314,59,NY,250/500,500,1243.5361553430707,0,FEMALE,College,Craft-repair,Camping,husband,21585.79007652124,91740.64583691885,Single Vehicle Collision,Front Collision,Total Loss,Police,OH,Columbus,18,1,Unknown,1,0,NO,36243.03754784893,28004.73510106837,18866.044779979104,78660.47109881704,Saab,2001,0
1009,282,49,NY,500/1000,2000,999.1012309757832,0,FEMALE,Masters,Prof-specialty,Chess,other-relative,78185.3539490244,40842.15236137337,Multi-vehicle Collision,Rear Collision,Minor Damage,Ambulance,VA,Columbus,0,2,YES,2,2,Unknown,97459.42316282264,9330.104589063545,22341.69574284922,61984.402341510635,Ford,2005,1
1010,176,56,TX,100/300,1000,606.7703544771293,0,FEMALE,PhD,Prof-specialty,Exercise,other-relative,27902.017741864536,23295.75268227728,Parked Car,Unknown,Total Loss,Police,NY,Northbrook,7,1,YES,3,1,YES,7437.59069966944,25077.9297846215,4155.960157818801,18164.39094124618,Chevrolet,2012,0
1011,460,62,TX,250/500,2000,634.2802951952635,0,FEMALE,High School,Craft-repair,Exercise,unmarried,14430.248241185318,86716.40966176768,Vehicle Theft,Unknown,Minor Damage,Police,WV,Riverwood,19,3,YES,1,0,Unknown,26004.23056383267,13255.359697712871,4997.258503840442,17632.452147996635,Chevrolet,2000,0
1012,416,63,NY,500/1000,1000,1150.6674116107306,1000000,MALE,College,Craft-repair,Camping,own-child,33129.834046067306,16161.664810477816,Parked Car,Unknown,Minor Damage,Ambulance,NY,Springfield,22,1,YES,3,0,Unknown,61500.51918608184,19630.342474097833,14101.947650753718,79334.51098740812,Toyota,2006,0
1013,97,53,IL,500/1000,2000,1033.6896917314896,0,MALE,Masters,Exec-managerial,Exercise,other-relative,58404.29522276902,63147.60518374166,Multi-vehicle Collision,Front Collision,Total Loss,None,VA,Riverwood,3,2,YES,1,2,Unknown,53662.19436983465,10033.3162761327,29941.09373937222,10279.86115800306,Mercedes,2018,0
1014,104,57,FL,500/1000,2000,1274.2022070117469,0,FEMALE,Masters,Craft-repair,Reading,own-child,70346.31642899991,92325.32880406146,Single Vehicle Collision,Side Collision,Total Loss,Police,OH,Springfield,22,4,Unknown,3,1,YES,52401.289967912795,15479.17788812955,10681.405069702903,61777.77068335203,Ford,2016,0
1015,98,54,FL,100/300,1000,957.2572538844004,0,MALE,Masters,Exec-managerial,Exercise,own-child,38736.483696958,67439.67115353057,Vehicle Theft,Unknown,Total Loss,Ambulance,VA,Northbrook,16,4,NO,3,0,YES,16728.974461389433,8813.383396509795,12825.822820887308,48062.264829403415,Toyota,1997,1
1016,384,50,NY,250/500,2000,1531.8651371829865,2000000,FEMALE,High School,Exec-managerial,Movies,unmarried,49814.7157078349,19568.108545001527,Single Vehicle Collision,Rear Collision,Total Loss,Police,OH,Northbrook,0,3,Unknown,1,0,YES,54445.58290774459,1833.4308706938818,12973.402284436546,37985.66664272399,Dodge,2013,0
1017,404,53,NY,500/1000,500,1795.9322330142659,0,MALE,College,Exec-managerial,Camping,own-child,45491.66920334615,15228.395176323294,Parked Car,Front Collision,Minor Damage,Police,PA,Columbus,1,2,NO,0,0,Unknown,119799.9194127147,4181.345585746166,2421.0246407128634,39686.07749813062,Mercedes,2005,0
1018,495,20,NY,100/300,2000,948.2947831803015,1000000,MALE,JD,Exec-managerial,Camping,not-in-family,900.3349923426885,25230.553110059107,Single Vehicle Collision,Side Collision,Minor Damage,Ambulance,WV,Riverwood,20,4,YES,2,0,Unknown,62369.70816871059,8720.234834197117,23225.16435869986,85074.14190989363,Saab,2017,0
1019,310,26,IL,500/1000,2000,789.4760119085429,0,MALE,College,Machine-op-inspct,Camping,other-relative,39560.04748558483,39140.68328565784,Multi-vehicle Collision,Rear Collision,Minor Damage,None,NY,Northbrook,13,3,Unknown,2,1,NO,88132.59212994491,29287.6135192839,7593.045732783224,77543.74367073995,Ford,1996,1
1020,5,25,TX,500/1000,500,674.2708613811337,1000000,MALE,College,Prof-specialty,Movies,own-child,58731.9810172082,15915.90318499031,Vehicle Theft,Rear Collision,Total Loss,Fire,OH,Riverwood,21,2,NO,1,3,NO,24955.12169293897,28970.16450749975,21110.011706487596,77862.04936296896,Ford,1997,0
1021,475,50,NY,500/1000,1000,1424.3810608562187,0,MALE,College,Exec-managerial,Chess,husband,56994.47164157611,79781.40664413176,Vehicle Theft,Front Collision,Minor Damage,Ambulance,NY,Northbrook,1,2,NO,3,1,YES,10921.848838552125,24829.900274535932,14252.696365067723,36654.985902111635,Chevrolet,2017,0
1022,464,23,NY,500/1000,500,1165.7839867108542,0,MALE,High School,Prof-specialty,Reading,husband,74976.75583342469,35703.53426088887,Vehicle Theft,Front Collision,Minor Damage,Fire,PA,Springfield,0,1,YES,2,0,NO,132053.4282687683,6975.181532882607,18353.392266581523,9717.610665483928,Volkswagen,2019,1
1023,196,58,CA,500/1000,2000,782.0235757944334,0,MALE,High School,Exec-managerial,Camping,unmarried,67037.59104353387,93608.67359127264,Multi-vehicle Collision,Front Collision,Total Loss,Ambulance,VA,Springfield,12,4,YES,3,1,YES,50040.203123820844,13248.064216254677,1619.1490948498877,89805.7650372759,Mercedes,2011,0
1024,350,56,IL,100/300,1000,1479.705099937783,0,FEMALE,High School,Prof-specialty,Exercise,not-in-family,27680.679711615376,84249.0864035324,Single Vehicle Collision,Unknown,Minor Damage,Ambulance,OH,Columbus,22,2,NO,0,1,YES,52875.416343685836,13193.48515472113,26698.970532496987,13166.343544267787,Chevrolet,1999,0
1025,132,21,NY,250/500,2000,722.7247745079267,5000000,FEMALE,College,Craft-repair,Reading,other-relative,25564.367155896263,90881.82628016865,Vehicle Theft,Side Collision,Minor Damage,Fire,WV,Northbrook,7,4,Unknown,1,2,Unknown,131714.33349708933,11609.197344545515,7315.703082591401,46450.85149654634,Ford,2023,0
1026,357,30,CA,250/500,2000,1331.4510587719287,0,FEMALE,High School,Craft-repair,Exercise,unmarried,46414.17980634341,29449.271500354003,Parked Car,Unknown,Major Damage,Fire,OH,Columbus,21,4,NO,0,2,NO,106311.81666185721,1346.4091526923683,20102.86162502511,23889.265054995445,Audi,1996,1
1027,258,66,FL,250/500,500,1290.722572437897,5000000,MALE,Masters,Prof-specialty,Reading,husband,73296.96677216548,57373.154382219014,Parked Car,Front Collision,Total Loss,None,VA,Columbus,8,2,Unknown,3,0,YES,113561.27529264813,16035.821226729531,23940.57336198485,46015.78326232676,Dodge,2006,1
1028,436,19,NY,250/500,500,1601.341701779125,0,MALE,High School,Exec-managerial,Reading,not-in-family,9382.73065759644,32144.951804235745,Parked Car,Front Collision,Major Damage,Ambulance,VA,Northbrook,23,4,Unknown,3,3,YES,102459.52088306556,2184.359763745827,16201.161518495912,27513.49414982806,Saab,1999,1
1029,22,22,NY,100/300,1000,582.6644599110001,0,FEMALE,PhD,Machine-op-inspct,Exercise,other-relative,94832.65830361623,25694.851158084763,Parked Car,Front Collision,Total Loss,Ambulance,WV,Northbrook,19,1,NO,1,2,NO,16315.940596334687,24057.560421538314,10120.020662358726,80730.10899182425,Chevrolet,2023,1
1030,484,61,CA,100/300,1000,1831.8093977769954,0,FEMALE,High School,Prof-specialty,Exercise,own-child,54315.312370643165,60708.67812025506,Parked Car,Unknown,Trivial Damage,Ambulance,WV,Springfield,20,3,Unknown,3,1,NO,143720.37524790605,20739.214285343445,29337.101234432303,87153.90945422648,BMW,2007,0
1031,52,44,IL,100/300,1000,1554.4875892202292,0,MALE,High School,Adm-clerical,Reading,other-relative,30640.839493350068,81799.53805997821,Multi-vehicle Collision,Rear Collision,Minor Damage,None,PA,Columbus,1,3,NO,1,0,NO,136415.8749256252,10582.11019930604,8353.191398120869,36964.77900914569,Toyota,2016,0
1032,164,49,NY,500/1000,2000,824.1889975231434,2000000,FEMALE,High School,Machine-op-inspct,Camping,wife,69339.1230881426,9359.780612665425,Single Vehicle Collision,Front Collision,Total Loss,Fire,NY,Springfield,16,2,NO,1,3,NO,35814.90896130244,19414.091466373895,28459.87011369811,6410.048687922688,Chevrolet,2018,0
1033,201,38,FL,500/1000,500,775.1080229146096,0,FEMALE,High School,Adm-clerical,Exercise,other-relative,4472.581624310179,27576.87613660714,Multi-vehicle Collision,Unknown,Total Loss,Ambulance,OH,Riverwood,5,1,YES,0,2,NO,120697.13157600428,6991.110196772943,4686.724010541952,59733.91533115882,Chevrolet,2001,1
1034,457,25,NY,500/1000,500,1147.490321215675,0,FEMALE,PhD,Prof-specialty,Movies,own-child,48439.69157830629,20513.41808861272,Parked Car,Front Collision,Trivial Damage,Fire,PA,Riverwood,2,3,NO,2,0,NO,61704.76650884934,7957.501948698971,11676.663945670305,33958.638207957294,BMW,2015,0
1035,82,55,FL,250/500,500,1726.3479943168954,5000000,FEMALE,JD,Exec-managerial,Movies,wife,48596.9647463809,79835.01731560643,Parked Car,Unknown,Total Loss,None,NY,Columbus,19,1,NO,2,3,NO,102723.1616957402,9424.005507762147,4154.867524419067,88738.5821704828,Saab,2005,1
1036,144,25,TX,500/1000,1000,1764.4249897086606,0,MALE,High School,Adm-clerical,Reading,not-in-family,16197.528490935032,93337.20730922194,Vehicle Theft,Side Collision,Major Damage,Police,PA,Columbus,16,2,YES,3,0,YES,25257.648472078483,23910.347998059893,67.21419221088043,8134.792531854347,Ford,1999,0
1037,84,67,TX,250/500,500,1280.6841382090747,0,FEMALE,Masters,Prof-specialty,Chess,unmarried,83738.78159418832,7994.271018335897,Vehicle Theft,Side Collision,Total Loss,Fire,WV,Northbrook,5,1,YES,2,3,Unknown,81013.86047313492,6320.740405382535,7807.756211894247,10809.467018495132,Dodge,2012,1
1038,77,20,FL,500/1000,500,1791.2162940301062,0,FEMALE,PhD,Machine-op-inspct,Reading,not-in-family,79681.21186802542,37921.3414707241,Single Vehicle Collision,Unknown,Major Damage,None,WV,Northbrook,7,2,Unknown,3,2,YES,19429.136784205955,16883.436824581157,2616.3120275686415,62978.13796537057,Volkswagen,2000,0
1039,456,71,IL,250/500,500,508.16556378753586,0,FEMALE,JD,Exec-managerial,Reading,other-relative,15273.2394453709,91450.90427186567,Single Vehicle Collision,Front Collision,Major Damage,Police,VA,Columbus,13,3,Unknown,2,1,YES,80656.99122103833,6014.01343264455,29590.365692710417,68302.599251603,Ford,1997,0
1040,365,61,NY,500/1000,1000,552.761947297395,0,FEMALE,High School,Adm-clerical,Camping,unmarried,36382.72935633775,34463.82205462983,Single Vehicle Collision,Unknown,Trivial Damage,Ambulance,OH,Columbus,9,3,YES,0,1,Unknown,36917.29643055331,8551.122751872448,22849.599538554077,42451.566745721655,Toyota,2000,0
1041,0,20,NY,500/1000,500,1867.7323904551142,0,MALE,JD,Prof-specialty,Camping,other-relative,10042.955663088793,71266.14363137032,Multi-vehicle Collision,Side Collision,Major Damage,Ambulance,OH,Riverwood,19,3,YES,2,2,Unknown,68143.74605093779,7064.43878959474,111.14388966026456,25026.08775936823,Volkswagen,2010,0
1042,50,39,TX,100/300,1000,1662.997894828874,0,FEMALE,Masters,Exec-managerial,Chess,husband,84860.87568391967,10066.638651934301,Vehicle Theft,Unknown,Total Loss,Fire,OH,Springfield,9,3,YES,3,2,Unknown,100361.4203925774,19350.140132198576,6709.397544707764,27951.92341682766,Volkswagen,1997,1
1043,172,23,FL,500/1000,500,1176.0590873755787,1000000,FEMALE,PhD,Exec-managerial,Chess,husband,32332.010374864083,44438.75316121423,Single Vehicle Collision,Side Collision,Minor Damage,Police,PA,Riverwood,14,4,NO,3,2,NO,131622.6499582625,15801.86833367341,20103.72723851151,30483.76968127225,Mercedes,2012,0
1044,204,19,NY,500/1000,500,1630.4151972169807,0,FEMALE,PhD,Craft-repair,Chess,own-child,43931.63078576527,50330.07755916285,Vehicle Theft,Side Collision,Total Loss,None,PA,Riverwood,7,1,NO,2,3,NO,25210.70596124907,21638.9743771666,11956.563394942634,20352.850958659434,Mercedes,2018,1
1045,259,40,NY,100/300,500,1933.4591925851325,5000000,FEMALE,JD,Exec-managerial,Chess,not-in-family,32387.195002056647,75766.40779850603,Vehicle Theft,Rear Collision,Minor Damage,Ambulance,OH,Springfield,10,1,NO,1,3,NO,134043.7327549459,6598.303119989575,24955.27689132682,76572.76507844671,Ford,1998,1
1046,445,61,IL,250/500,1000,1658.1342858219275,0,FEMALE,High School,Prof-specialty,Chess,husband,31002.6016464951,28882.46505798262,Vehicle Theft,Front Collision,Minor Damage,Ambulance,VA,Columbus,15,1,YES,0,3,YES,58810.62836512987,274.4560717811173,15145.823351271949,5950.440959176296,Dodge,1999,0
1047,448,19,CA,100/300,1000,1763.557000727483,0,MALE,College,Machine-op-inspct,Reading,wife,74730.2253748589,26418.85725505271,Vehicle Theft,Unknown,Total Loss,Police,NY,Columbus,2,2,Unknown,1,3,Unknown,126647.5870065792,20415.287013910045,19609.542591972873,36714.276384640485,Saab,2003,1
1048,368,55,TX,100/300,500,1640.9098720850927,0,FEMALE,PhD,Craft-repair,Reading,wife,74756.62341798232,30296.767019583138,Vehicle Theft,Front Collision,Major Damage,None,PA,Riverwood,14,3,Unknown,2,3,Unknown,77125.91380345558,3445.618754852279,17911.121927834418,67309.52272120523,Volkswagen,1998,0
1049,487,34,TX,250/500,2000,752.3166386503124,0,FEMALE,College,Prof-specialty,Movies,other-relative,51778.817048056946,55569.65087937408,Vehicle Theft,Front Collision,Minor Damage,Ambulance,OH,Riverwood,12,3,NO,1,3,YES,129400.1814785595,7389.156732718682,19145.06701870903,443.9101527607259,BMW,2023,0
1050,287,52,CA,500/1000,1000,1750.361164468605,0,MALE,PhD,Prof-specialty,Movies,unmarried,65761.69493263144,87600.44134647508,Multi-vehicle Collision,Side Collision,Total Loss,Ambulance,WV,Springfield,10,4,NO,2,3,NO,99592.19809426984,9170.58457383668,6902.965614815403,79035.12325860547,Dodge,1995,1
1051,33,51,NY,250/500,1000,792.6632300363151,1000000,FEMALE,High School,Prof-specialty,Exercise,wife,51166.31973579566,83094.13964613069,Parked Car,Side Collision,Total Loss,Fire,PA,Northbrook,13,4,YES,3,2,Unknown,76553.06302220686,22404.062768726042,11198.683176185748,63595.75979290486,Volkswagen,2021,0
1052,347,40,IL,500/1000,500,1838.9169920662205,2000000,MALE,High School,Adm-clerical,Reading,other-relative,2858.9209939715033,5794.565641100191,Vehicle Theft,Unknown,Major Damage,None,NY,Northbrook,6,3,YES,1,3,YES,47224.52563354916,18776.754319722815,1518.8775859347413,6696.318719382713,Saab,2016,0
1053,94,47,IL,500/1000,2000,1187.974847121614,0,FEMALE,PhD,Adm-clerical,Chess,unmarried,6600.643312993248,87895.51112920235,Multi-vehicle Collision,Unknown,Minor Damage,Ambulance,PA,Columbus,18,1,Unknown,0,0,NO,145351.908598989,5527.963095774865,17629.095440646262,80560.19335059999,Dodge,2021,0
1054,71,69,TX,250/500,500,1515.4651284665429,0,MALE,JD,Machine-op-inspct,Exercise,husband,38374.05695128313,9510.937421839182,Single Vehicle Collision,Unknown,Total Loss,Police,NY,Northbrook,14,1,Unknown,1,3,YES,120234.19982112946,17936.634318592252,13777.753862273268,43908.71883751053,Audi,2005,1
1055,38,25,IL,100/300,1000,1245.8612718209652,0,MALE,High School,Prof-specialty,Camping,other-relative,74974.63586283942,41534.80693188697,Multi-vehicle Collision,Side Collision,Trivial Damage,Ambulance,NY,Columbus,5,3,YES,3,1,NO,57487.48418325307,21244.439853318356,22821.484470572166,58736.316116739006,BMW,1999,0
1056,153,39,CA,250/500,1000,640.9863941249031,0,FEMALE,High School,Adm-clerical,Reading,unmarried,91322.6228134345,76540.44392542212,Multi-vehicle Collision,Rear Collision,Total Loss,None,PA,Columbus,19,2,Unknown,3,1,YES,25425.177162327385,11666.916083705144,6191.473938649264,79394.80036924388,Saab,2004,0
1057,249,61,NY,500/1000,500,936.0834614309977,0,MALE,Masters,Adm-clerical,Movies,own-child,2970.830534675262,8151.103603394316,Multi-vehicle Collision,Unknown,Major Damage,Fire,NY,Columbus,21,1,Unknown,3,2,NO,117040.54507969742,7378.587420835561,13104.363482034054,79316.49478758292,Audi,1997,1
1058,161,53,CA,250/500,500,1975.597780995509,1000000,FEMALE,High School,Adm-clerical,Reading,not-in-family,36803.0052686807,4039.9680276966833,Vehicle Theft,Side Collision,Major Damage,Ambulance,PA,Springfield,6,3,NO,1,1,YES,148496.67102773252,20369.48318744368,5422.362991721587,36846.09625382439,Toyota,2009,0
1059,437,22,FL,250/500,2000,1941.072127504726,0,MALE,Masters,Machine-op-inspct,Reading,not-in-family,22378.24361164109,32999.58036107942,Single Vehicle Collision,Rear Collision,Minor Damage,Police,PA,Riverwood,23,3,YES,3,1,YES,42206.75559197457,18326.736004244918,18419.37675745326,21468.28470374158,Saab,2021,0
1060,117,30,TX,500/1000,2000,980.7303464833209,5000000,MALE,High School,Machine-op-inspct,Reading,own-child,81520.5281165462,72992.56078573148,Multi-vehicle Collision,Front Collision,Trivial Damage,Ambulance,VA,Northbrook,13,4,YES,3,1,YES,137421.52931408185,2337.364754124603,25440.90769534356,23242.196836721287,Saab,2021,0
1061,258,46,IL,100/300,1000,1994.4452063678386,0,FEMALE,High School,Prof-specialty,Reading,wife,84596.81446546411,52175.643757211474,Single Vehicle Collision,Side Collision,Major Damage,Police,WV,Springfield,21,4,YES,1,2,YES,19242.92048539407,20000.389207012628,22963.29745346955,68958.14861589714,Ford,2008,0
1062,378,48,FL,250/500,2000,1768.3267932453493,0,MALE,JD,Craft-repair,Camping,not-in-family,20640.886769189525,41700.18706096876,Multi-vehicle Collision,Unknown,Minor Damage,None,NY,Northbrook,3,3,NO,1,2,Unknown,142854.8350106522,14655.53798505896,28325.939178926616,83655.78945427222,Chevrolet,1999,0
1063,305,64,IL,500/1000,2000,1416.439249148382,0,FEMALE,JD,Prof-specialty,Movies,unmarried,71082.72534348723,81307.33175157217,Vehicle Theft,Unknown,Total Loss,Fire,PA,Springfield,8,2,YES,2,3,Unknown,111928.16741023798,22601.068709331823,29151.773455907733,6593.537530897132,Volkswagen,2002,1
1064,267,74,NY,500/1000,1000,560.1869303915142,0,MALE,High School,Adm-clerical,Reading,own-child,73175.60373014286,76670.92621942447,Multi-vehicle Collision,Rear Collision,Total Loss,None,NY,Northbrook,6,3,Unknown,1,1,Unknown,52316.13627492367,5721.5262563948045,23161.01602745972,1450.2735538538361,Mercedes,2011,0
1065,448,72,NY,250/500,1000,1852.1702443075692,0,MALE,PhD,Adm-clerical,Camping,wife,17705.76967825703,78604.32097339646,Multi-vehicle Collision,Rear Collision,Major Damage,Ambulance,PA,Northbrook,14,1,NO,3,3,Unknown,46042.45743328696,7746.492537041292,8604.182561407759,74081.86202639938,BMW,2014,0
1066,53,33,NY,100/300,1000,1336.1439188964796,0,FEMALE,PhD,Exec-managerial,Exercise,other-relative,43369.59170082357,45972.68239492019,Single Vehicle Collision,Side Collision,Minor Damage,Ambulance,PA,Riverwood,2,2,NO,0,2,YES,96693.58541393302,16299.382172925636,6577.841316459548,34855.57403253985,Volkswagen,2013,0
1067,235,59,IL,250/500,1000,1802.7142268041544,1000000,FEMALE,High School,Prof-specialty,Reading,other-relative,62033.78054437996,1944.9242492031283,Single Vehicle Collision,Rear Collision,Major Damage,Fire,PA,Northbrook,4,2,YES,3,3,Unknown,89229.31746867565,14452.005836765975,13426.47103646831,24952.78712173868,Saab,1998,0
1068,388,47,FL,100/300,500,1751.6436798586135,1000000,MALE,PhD,Adm-clerical,Camping,unmarried,2606.660693259888,17213.697349153023,Single Vehicle Collision,Side Collision,Minor Damage,Police,WV,Springfield,16,4,Unknown,3,3,Unknown,137881.03687330612,11590.961131694898,29816.51083731362,17034.808900664182,Dodge,1996,0
1069,477,74,NY,100/300,1000,1749.5093228016292,0,FEMALE,High School,Adm-clerical,Chess,unmarried,40459.183304588274,74130.04282766258,Parked Car,Rear Collision,Major Damage,None,NY,Northbrook,23,3,YES,3,1,YES,115053.34856427752,22380.999432893663,12380.04062451466,31248.60682355919,Saab,1996,0
1070,221,72,FL,100/300,1000,1547.2607910723575,1000000,FEMALE,JD,Craft-repair,Exercise,unmarried,15495.823294762067,75317.3471749625,Single Vehicle Collision,Front Collision,Total Loss,Police,WV,Riverwood,0,4,Unknown,1,2,Unknown,81284.54844980207,16942.54690884847,5972.0523171680625,87434.9812260929,Toyota,1996,1
1071,250,33,IL,100/300,1000,937.1227080140729,0,MALE,College,Exec-managerial,Movies,not-in-family,54189.650112088726,97229.86127013364,Multi-vehicle Collision,Unknown,Total Loss,Ambulance,WV,Northbrook,0,1,YES,0,1,Unknown,139171.09335502834,21308.15561682356,28330.28633349723,87939.47173147835,Saab,1997,1
1072,312,29,FL,250/500,2000,1004.2403866167798,1000000,MALE,Masters,Prof-specialty,Reading,unmarried,84291.75834609546,19018.652691019277,Parked Car,Unknown,Total Loss,Police,WV,Springfield,15,4,Unknown,3,3,NO,89113.2293843162,4597.6488695734715,11577.539327880682,29903.066037447727,Audi,2022,1
1073,400,34,IL,500/1000,1000,962.7038188740295,0,FEMALE,PhD,Machine-op-inspct,Reading,own-child,52475.39386260373,12292.678815264502,Single Vehicle Collision,Front Collision,Major Damage,None,WV,Northbrook,22,1,Unknown,1,2,Unknown,127527.88293127126,21869.648854366114,20726.96661682893,86735.74163419146,Volkswagen,2003,0
1074,111,33,IL,500/1000,500,530.0689992988471,0,MALE,PhD,Prof-specialty,Camping,own-child,3598.3596208683966,13878.963373601438,Vehicle Theft,Unknown,Total Loss,Police,VA,Riverwood,13,3,Unknown,2,3,NO,126220.92648862953,13845.843243008756,23644.589358437603,27057.724131591567,Dodge,1999,1
1075,254,29,TX,500/1000,500,1373.8533638222168,0,FEMALE,JD,Prof-specialty,Movies,wife,2965.724559679117,18478.81150741403,Single Vehicle Collision,Unknown,Major Damage,Ambulance,NY,Riverwood,10,3,NO,0,3,Unknown,137919.63141295567,1013.0380705376108,25294.67706178602,76917.85046450981,Chevrolet,2014,1
1076,302,25,IL,500/1000,1000,1548.2505056690493,0,FEMALE,PhD,Craft-repair,Chess,own-child,60550.314590414935,52846.833950787455,Vehicle Theft,Unknown,Minor Damage,None,NY,Riverwood,13,4,YES,0,1,YES,10606.503676226135,7034.746619894974,24638.41161368371,19159.178403012887,Audi,2023,0
1077,406,37,IL,500/1000,500,1780.7989902878053,0,FEMALE,High School,Prof-specialty,Exercise,not-in-family,32798.15585256125,97521.14629741515,Parked Car,Unknown,Major Damage,Police,PA,Riverwood,7,4,YES,1,2,Unknown,87781.04035804328,772.6917522173393,25087.4058899994,74401.23419464198,BMW,2009,0
1078,206,20,CA,500/1000,2000,710.2481500740955,0,FEMALE,High School,Craft-repair,Movies,other-relative,57266.650347189265,58943.1483000607,Vehicle Theft,Front Collision,Major Damage,Police,NY,Columbus,18,4,YES,2,2,YES,70524.69238007185,13706.235659731312,20029.602827336425,31900.362740390785,Ford,1998,0
1079,228,33,NY,250/500,1000,1316.2747234652027,0,FEMALE,College,Craft-repair,Reading,wife,16363.71089159876,52268.806564664286,Parked Car,Side Collision,Total Loss,None,WV,Riverwood,1,1,NO,3,1,Unknown,73836.08632796854,9776.392816652562,12114.932078173799,17695.544442871316,Ford,1997,0
1080,340,47,TX,100/300,500,512.0122110106743,0,FEMALE,College,Adm-clerical,Camping,own-child,77686.23528361118,67335.6230383871,Vehicle Theft,Unknown,Major Damage,Ambulance,OH,Northbrook,22,2,Unknown,2,0,Unknown,69256.63524122033,29623.48679739754,20018.605621915114,84136.71367738441,Saab,2003,0
1081,397,62,TX,500/1000,500,642.6404715660942,0,MALE,College,Machine-op-inspct,Chess,unmarried,86071.97057335678,7393.039075815655,Single Vehicle Collision,Front Collision,Total Loss,None,NY,Northbrook,9,2,NO,0,1,YES,125701.27006863996,26055.123508705896,25102.030021797396,19355.17148533742,Saab,2021,1
1082,65,40,TX,250/500,1000,581.3176163089896,0,FEMALE,High School,Craft-repair,Camping,own-child,88922.56020848936,81535.41341503657,Parked Car,Unknown,Trivial Damage,Ambulance,OH,Northbrook,4,4,NO,1,1,YES,48105.71816383235,24770.125810294478,10519.273938732631,89265.98679575583,Dodge,2004,0
1083,74,45,CA,500/1000,500,1588.2170510232304,0,MALE,College,Exec-managerial,Exercise,husband,30407.45888313513,64687.954331920104,Multi-vehicle Collision,Front Collision,Minor Damage,Police,VA,Northbrook,14,4,Unknown,2,0,YES,69681.28670365187,15033.496470937363,8895.239708761203,9860.792925725233,Mercedes,2011,0
1084,434,68,IL,500/1000,1000,621.5893458164047,0,FEMALE,College,Exec-managerial,Movies,wife,66073.53676247317,17119.167959052516,Multi-vehicle Collision,Front Collision,Minor Damage,None,PA,Columbus,0,3,YES,3,2,YES,30502.040163712307,24212.624980523004,10311.216513154905,1000.8684267796352,Saab,2016,0
1085,102,57,NY,100/300,500,1574.679472338185,1000000,MALE,High School,Machine-op-inspct,Camping,not-in-family,27904.238713026018,63071.54211994303,Multi-vehicle Collision,Side Collision,Major Damage,Ambulance,PA,Columbus,1,4,NO,2,0,NO,38131.63408074784,8006.089423882657,16538.501880881053,78384.33979232976,Ford,2014,0
1086,421,71,FL,100/300,2000,874.437056615875,0,MALE,JD,Craft-repair,Camping,own-child,76275.68208115785,59620.796256587026,Single Vehicle Collision,Rear Collision,Major Damage,None,PA,Columbus,18,3,Unknown,2,3,NO,99232.80245990932,16819.484035395748,1573.3162444183358,52835.73630693246,Dodge,2002,0
1087,191,22,IL,100/300,500,1816.5694410454093,0,MALE,PhD,Machine-op-inspct,Reading,own-child,12052.500222632356,6485.298549480056,Multi-vehicle Collision,Side Collision,Total Loss,Police,VA,Northbrook,21,1,Unknown,1,3,YES,17981.922768473964,11787.5418395823,23369.1245705052,38004.20455654534,Toyota,2017,0
1088,251,37,CA,500/1000,500,1719.724982545721,0,FEMALE,Masters,Adm-clerical,Camping,not-in-family,76276.48111211612,26693.219784575627,Parked Car,Side Collision,Trivial Damage,None,WV,Springfield,16,1,YES,1,1,NO,28579.36074370426,5140.257345681891,4165.558753506058,7468.556905335268,Volkswagen,2013,0
1089,225,57,IL,500/1000,1000,1936.7453262129147,0,MALE,High School,Exec-managerial,Chess,other-relative,43972.863766353476,39094.16228892813,Multi-vehicle Collision,Unknown,Total Loss,Police,OH,Springfield,14,1,Unknown,0,3,Unknown,79441.16665591145,2178.402941052121,3985.1597035229634,51782.83853525428,BMW,1999,0
1090,293,73,IL,500/1000,500,1825.643023187048,0,MALE,High School,Prof-specialty,Movies,unmarried,85554.94904355281,24488.852947698015,Parked Car,Front Collision,Trivial Damage,Police,NY,Northbrook,23,1,Unknown,1,0,Unknown,7044.067680470522,16746.551489148445,5929.774180683151,35495.93011270736,Ford,2021,0
1091,305,61,CA,100/300,1000,1899.9941286745209,0,FEMALE,Masters,Exec-managerial,Exercise,unmarried,73893.08599861465,24316.168779544078,Multi-vehicle Collision,Rear Collision,Total Loss,Police,WV,Riverwood,17,4,Unknown,2,3,Unknown,19475.586413348534,2929.1740464061845,17307.82304917495,43577.60997768258,Ford,2005,0
1092,97,18,TX,250/500,2000,1788.1135947699615,0,MALE,Masters,Craft-repair,Camping,other-relative,37651.96406964849,57294.84736974183,Vehicle Theft,Front Collision,Minor Damage,Ambulance,PA,Riverwood,20,4,YES,3,2,NO,129571.26437552895,21540.09290057947,8567.05127411868,56772.22834005854,Saab,1998,0
1093,337,74,TX,500/1000,1000,1540.0728509222831,1000000,MALE,College,Machine-op-inspct,Chess,other-relative,90353.91853604525,47085.9017060439,Parked Car,Unknown,Total Loss,Ambulance,PA,Northbrook,7,3,YES,0,1,NO,126998.94148635186,27644.054361784674,11042.709869596567,57630.031146187626,BMW,1998,1
1094,285,47,NY,500/1000,1000,755.3887281881539,0,FEMALE,Masters,Exec-managerial,Exercise,husband,28333.713927531033,66729.2181728008,Multi-vehicle Collision,Front Collision,Trivial Damage,Fire,WV,Riverwood,20,4,Unknown,1,1,Unknown,52492.52770452384,4863.183291346828,27949.473329343837,86457.87179763823,BMW,2020,0
1095,334,38,NY,500/1000,500,907.5612782811395,1000000,MALE,PhD,Prof-specialty,Chess,not-in-family,96698.86314359233,95640.70871099169,Multi-vehicle Collision,Unknown,Total Loss,Ambulance,OH,Riverwood,13,3,Unknown,2,2,YES,52524.701639022074,14128.157355306847,25416.065399309555,58989.30186819709,Dodge,2009,0
1096,346,37,TX,250/500,2000,819.0904491954096,0,MALE,PhD,Prof-specialty,Camping,wife,76720.33839556843,66055.60446012119,Multi-vehicle Collision,Side Collision,Trivial Damage,Fire,WV,Springfield,7,1,YES,2,2,Unknown,140509.05966496855,22163.237791794756,25565.715993143473,30612.432202382555,Chevrolet,2002,0
1097,434,23,FL,500/1000,1000,1405.3786814873083,0,FEMALE,PhD,Machine-op-inspct,Camping,unmarried,99067.48512711893,58209.593228254176,Parked Car,Side Collision,Major Damage,None,VA,Northbrook,21,3,YES,0,1,NO,4363.250291267474,8605.189830990805,17329.254999779634,29733.991216080547,Chevrolet,2019,0
1098,446,39,IL,250/500,500,1255.4299069604021,0,MALE,PhD,Machine-op-inspct,Movies,other-relative,5390.461639847755,84755.94916654978,Parked Car,Unknown,Total Loss,Police,PA,Columbus,22,3,YES,0,2,Unknown,87254.179206248,27622.93558898812,25993.98441871442,42996.76966639795,BMW,2021,1
1099,481,35,FL,500/1000,500,1800.6199957376355,0,MALE,PhD,Exec-managerial,Reading,other-relative,27403.604587713082,63207.31105670358,Multi-vehicle Collision,Side Collision,Total Loss,Ambulance,OH,Springfield,7,4,NO,1,3,Unknown,89809.89156658873,26653.966766097325,23356.974760216606,23413.560218149654,Volkswagen,2007,0
1100,307,25,IL,250/500,1000,1929.0092997486136,0,MALE,College,Craft-repair,Chess,not-in-family,74126.42565144732,16556.127030880096,Vehicle Theft,Front Collision,Total Loss,Police,NY,Northbrook,18,1,YES,1,3,NO,118289.11654365835,3112.6306718903384,28597.104087331867,33941.864133553376,Audi,2014,1
1101,248,56,TX,500/1000,500,1107.2898344272166,0,MALE,High School,Adm-clerical,Reading,wife,92224.97012503754,31474.869945846283,Parked Car,Rear Collision,Total Loss,Fire,PA,Northbrook,12,2,Unknown,3,3,NO,142786.7021154788,821.9931459552043,1931.0521506574662,75805.93819649206,Audi,2006,1
1102,165,49,NY,100/300,1000,1259.5258299212187,0,FEMALE,Masters,Prof-specialty,Reading,other-relative,2877.081711945295,73336.02826844045,Parked Car,Rear Collision,Minor Damage,Ambulance,WV,Springfield,4,4,YES,0,3,NO,53696.22426297992,29293.754489382056,861.814009617986,77392.56809776103,Ford,1996,0
1103,480,50,NY,100/300,1000,1957.2745352062088,5000000,FEMALE,High School,Machine-op-inspct,Exercise,husband,0.9295975584744376,73838.23830270201,Vehicle Theft,Front Collision,Trivial Damage,Ambulance,OH,Riverwood,9,4,Unknown,0,0,NO,65956.10428167219,28694.250743133933,5250.898221716733,56538.5437902106,Volkswagen,1995,0
1104,471,70,FL,100/300,1000,914.3584124347153,5000000,FEMALE,Masters,Adm-clerical,Exercise,wife,25624.262925624775,98700.87503089591,Single Vehicle Collision,Rear Collision,Total Loss,Ambulance,PA,Riverwood,6,2,Unknown,2,0,Unknown,100859.12283776652,12668.568133978895,27872.54461523927,52497.40068526809,Volkswagen,2008,1
1105,334,33,NY,100/300,2000,1688.5861630382205,0,FEMALE,College,Adm-clerical,Chess,husband,85277.86766315614,62697.48784023066,Vehicle Theft,Front Collision,Trivial Damage,Ambulance,NY,Springfield,8,1,Unknown,3,0,NO,145107.1075404544,1516.8997231791725,18166.95317862738,38496.274872844275,Chevrolet,2020,1
1106,29,29,TX,500/1000,1000,837.8598535028693,5000000,MALE,College,Adm-clerical,Reading,own-child,76715.3102143225,89954.51880859054,Multi-vehicle Collision,Unknown,Total Loss,Police,NY,Northbrook,13,2,YES,1,0,YES,133673.45688363776,18566.26658238084,12783.375530858428,57267.312509639305,Chevrolet,2014,1
1107,246,55,FL,100/300,500,1522.190173137908,0,FEMALE,JD,Craft-repair,Movies,unmarried,34027.7462168857,5458.031058952706,Parked Car,Rear Collision,Total Loss,Ambulance,WV,Columbus,5,3,YES,3,3,NO,100224.42398887167,8802.303221659688,15381.331844284552,72564.19578126095,Dodge,2002,1
1108,105,69,IL,250/500,2000,880.4234414578463,0,FEMALE,JD,Machine-op-inspct,Reading,other-relative,201.12643454357482,56622.23448106485,Parked Car,Unknown,Total Loss,Fire,VA,Northbrook,9,2,YES,3,3,NO,128580.1739648178,28101.689607016626,24888.137646830102,66432.45050601733,Ford,2010,1
1109,50,51,NY,100/300,500,1825.6000832470802,0,MALE,College,Prof-specialty,Exercise,wife,55470.574095372715,91984.80247021957,Parked Car,Unknown,Major Damage,Ambulance,WV,Columbus,0,1,YES,2,2,Unknown,13238.062418269721,23839.857751629104,27873.29987411772,3287.8104594239626,Volkswagen,1999,0
1110,80,31,CA,100/300,2000,1342.2169156050152,0,MALE,College,Machine-op-inspct,Reading,husband,23795.547145095086,28724.423517819552,Parked Car,Front Collision,Total Loss,Fire,OH,Columbus,10,1,YES,0,0,YES,56880.47795635198,19487.813524003304,21890.965029327297,65828.58687464645,Volkswagen,1996,0
1111,132,53,NY,100/300,2000,778.9004613115769,0,MALE,Masters,Exec-managerial,Camping,unmarried,74560.89284998436,15487.66037942092,Single Vehicle Collision,Rear Collision,Trivial Damage,Fire,WV,Northbrook,7,2,NO,0,0,YES,2457.328106977654,8535.115425405857,22795.43498811889,64823.29527903265,Audi,2009,0
1112,284,50,IL,500/1000,2000,836.553763547729,5000000,FEMALE,College,Prof-specialty,Camping,unmarried,44634.9664382626,35051.01600967603,Parked Car,Side Collision,Total Loss,Police,OH,Northbrook,5,4,YES,0,1,YES,27032.099620012083,21038.057383251526,9611.34132491514,8999.249248314365,Saab,2021,0
1113,387,40,FL,100/300,2000,1240.7737935621503,0,MALE,High School,Machine-op-inspct,Movies,other-relative,67860.19230476671,79223.61672442689,Parked Car,Side Collision,Trivial Damage,Ambulance,VA,Northbrook,16,2,NO,1,2,NO,94758.6393947591,8675.04800277612,14011.055858236175,13607.238076562438,Chevrolet,1998,1
1114,137,67,IL,250/500,500,1942.4030383623183,0,MALE,Masters,Prof-specialty,Chess,unmarried,85230.88298882902,8470.081468131562,Single Vehicle Collision,Side Collision,Major Damage,Fire,WV,Columbus,3,3,Unknown,0,3,Unknown,132891.46274818317,1128.9295245562814,26556.305804134976,70932.9751551114,BMW,1998,0
1115,183,62,CA,100/300,1000,1654.4632458254816,1000000,MALE,College,Exec-managerial,Reading,other-relative,53575.97995185033,60033.86583690844,Multi-vehicle Collision,Side Collision,Major Damage,Ambulance,NY,Riverwood,5,2,Unknown,3,2,Unknown,95100.65634377341,15253.037628608221,23578.023302177324,50353.16308436951,Ford,2004,0
1116,400,19,TX,100/300,500,1232.4644642387675,0,FEMALE,Masters,Prof-specialty,Camping,own-child,33595.55407282924,13563.160584427647,Multi-vehicle Collision,Front Collision,Total Loss,Police,OH,Columbus,14,2,Unknown,3,2,NO,99788.64699778071,14660.536343660728,20528.12755384043,73964.44625365104,Chevrolet,2015,1
1117,329,58,NY,100/300,1000,1006.5787168433255,0,FEMALE,Masters,Adm-clerical,Chess,other-relative,76954.3546015249,43553.24415472463,Single Vehicle Collision,Unknown,Total Loss,Police,OH,Columbus,9,2,Unknown,0,1,YES,16021.32998580218,22890.179190787003,1957.4050766436123,16708.49772804793,Dodge,2012,1
1118,272,38,FL,250/500,500,1323.902740022664,0,FEMALE,PhD,Craft-repair,Camping,not-in-family,26518.723977117785,96597.70015516557,Multi-vehicle Collision,Rear Collision,Major Damage,Ambulance,NY,Columbus,16,3,NO,3,1,YES,99896.64339155029,25970.21647063334,1185.2165836186457,2852.267347099682,Mercedes,2001,0
1119,339,19,TX,100/300,2000,1622.5412501429296,0,FEMALE,JD,Exec-managerial,Chess,husband,89151.88161064341,19514.42698468865,Multi-vehicle Collision,Front Collision,Total Loss,Fire,WV,Springfield,9,2,NO,1,2,Unknown,68424.83424669405,10634.054660827862,3912.328293419851,14658.563744938961,Audi,1999,0
1120,471,44,IL,250/500,2000,1675.8928826792,0,FEMALE,Masters,Prof-specialty,Chess,not-in-family,7142.764673293578,3401.6548846032333,Vehicle Theft,Side Collision,Major Damage,None,VA,Riverwood,4,4,Unknown,0,0,NO,97890.3146214826,13484.190306110127,17441.732975935003,40786.04707094342,Dodge,1998,0
1121,68,74,FL,250/500,1000,986.9131971454169,0,FEMALE,Masters,Exec-managerial,Camping,unmarried,83546.86411085447,42720.33389780427,Vehicle Theft,Rear Collision,Major Damage,None,PA,Columbus,18,3,YES,1,3,YES,49262.87987470919,14112.012589335845,16091.605420234499,47144.01872933016,Chevrolet,2018,0
1122,33,26,TX,100/300,1000,1581.738902320816,0,FEMALE,PhD,Adm-clerical,Exercise,unmarried,9155.572727095107,57769.55876901549,Vehicle Theft,Front Collision,Total Loss,Police,WV,Columbus,6,4,Unknown,0,1,NO,87432.14827864393,9726.722531171381,28280.724796411614,77207.33087253473,Saab,2009,1
1123,261,18,FL,250/500,500,1486.6831700542793,5000000,MALE,College,Craft-repair,Chess,unmarried,5613.698040981574,29751.773503139466,Single Vehicle Collision,Unknown,Total Loss,Fire,WV,Springfield,23,3,Unknown,1,1,Unknown,63898.35987623291,22301.60770875571,20842.789201301894,64486.42763370052,Saab,2012,1
1124,52,28,CA,500/1000,1000,1938.6684379944409,1000000,MALE,Masters,Exec-managerial,Reading,other-relative,36325.69373481609,54176.80033766924,Parked Car,Side Collision,Minor Damage,None,OH,Columbus,18,1,NO,1,3,NO,84016.23978754159,15663.035556188983,8819.17852036278,89136.11858356427,Audi,2011,1
1125,449,20,CA,100/300,500,1896.6354357620223,0,MALE,PhD,Adm-clerical,Camping,wife,95654.9354474828,95340.19462519871,Single Vehicle Collision,Rear Collision,Minor Damage,Fire,OH,Riverwood,9,1,Unknown,1,1,NO,22489.8829903051,27418.673231659195,4844.888814470919,7176.891264645214,Chevrolet,2000,0
1126,204,69,NY,100/300,1000,1684.0689884053656,0,FEMALE,High School,Adm-clerical,Exercise,other-relative,98348.60541916022,31177.07874161204,Single Vehicle Collision,Rear Collision,Trivial Damage,Ambulance,VA,Columbus,18,3,NO,3,2,NO,59675.815615784115,19509.32315686758,25485.99717985146,11806.874421338927,Chevrolet,2020,0
1127,125,40,NY,250/500,1000,1585.0920332823925,0,FEMALE,PhD,Adm-clerical,Camping,husband,20207.05009661593,30942.703119929083,Single Vehicle Collision,Side Collision,Major Damage,Police,VA,Riverwood,10,3,NO,1,3,NO,56454.65925989968,6356.896766819173,13788.723110670726,7683.567884469214,BMW,2020,0
1128,234,43,CA,250/500,1000,911.0623845564137,5000000,MALE,JD,Prof-specialty,Movies,other-relative,14863.755566206615,48276.78978809543,Single Vehicle Collision,Unknown,Minor Damage,Ambulance,VA,Riverwood,2,3,Unknown,2,0,YES,110590.98083759485,4944.259462411092,19604.08492226546,48507.378387374585,Mercedes,2018,0
1129,42,21,FL,100/300,2000,1768.9478841478,0,MALE,JD,Machine-op-inspct,Reading,unmarried,35295.33315547776,51531.63358913544,Vehicle Theft,Side Collision,Major Damage,Ambulance,NY,Northbrook,10,1,YES,1,1,Unknown,106108.2223382258,11171.530137488764,16954.308197724087,24090.783295488705,BMW,2017,0
1130,239,35,CA,500/1000,2000,1141.2585555700493,0,FEMALE,College,Exec-managerial,Movies,own-child,33708.68408810738,136.59258750852166,Single Vehicle Collision,Unknown,Minor Damage,Ambulance,PA,Springfield,5,3,NO,1,1,YES,136374.37336733428,10407.796207709196,3223.6903840990503,61558.60131472971,Toyota,2019,0
1131,458,72,NY,250/500,500,908.360813759067,1000000,FEMALE,College,Machine-op-inspct,Chess,husband,75959.28827379746,61587.513120483985,Vehicle Theft,Rear Collision,Total Loss,Fire,PA,Springfield,5,1,NO,1,2,YES,94992.31104633803,12213.954745875306,1711.7515104548108,12028.910872253315,Saab,1995,1
1132,370,23,CA,250/500,1000,1076.2411369301938,5000000,FEMALE,JD,Adm-clerical,Chess,not-in-family,44399.90207467262,99735.73486647109,Parked Car,Side Collision,Minor Damage,None,VA,Springfield,14,1,NO,1,0,YES,47524.795904124265,5507.732109133263,11310.545691492407,9376.906820635155,Volkswagen,1997,0
1133,110,52,CA,500/1000,500,1753.903235024762,0,FEMALE,JD,Machine-op-inspct,Movies,own-child,77988.35857345133,29200.804947045657,Multi-vehicle Collision,Unknown,Trivial Damage,Ambulance,OH,Northbrook,2,3,Unknown,0,1,YES,117592.08715368203,29346.68010079468,10846.508926371529,41468.87575236601,BMW,2003,1
1134,248,39,FL,500/1000,1000,722.9498233668276,0,FEMALE,Masters,Adm-clerical,Movies,husband,74871.30970250459,63081.00462665292,Vehicle Theft,Unknown,Trivial Damage,Police,PA,Northbrook,21,3,Unknown,3,3,Unknown,74801.14770827715,4371.293186061866,20213.94338906719,33893.261958372816,Audi,1999,0
1135,150,60,TX,100/300,2000,1184.2381116797337,0,FEMALE,JD,Adm-clerical,Chess,husband,57831.04301259233,462.16550340066885,Single Vehicle Collision,Front Collision,Total Loss,Fire,WV,Riverwood,10,3,NO,3,3,Unknown,29427.23498904724,19579.46322672963,18966.012273034852,74641.9259479594,Chevrolet,2000,0
1136,182,32,NY,500/1000,2000,1238.5363917942345,0,FEMALE,College,Craft-repair,Exercise,unmarried,83351.20997416551,60432.661229689824,Parked Car,Unknown,Total Loss,None,NY,Springfield,7,1,YES,3,2,YES,112238.0145149054,392.0770519376937,29068.22785391983,75396.11134636558,Mercedes,2021,1
1137,335,39,FL,100/300,1000,554.9445463982291,0,FEMALE,JD,Craft-repair,Reading,not-in-family,19564.77465527071,44706.830942781795,Single Vehicle Collision,Side Collision,Total Loss,Ambulance,OH,Northbrook,22,2,Unknown,0,2,NO,20313.443660024735,12208.831149570393,25742.98508314715,10656.837241825418,Audi,2007,0
1138,94,54,CA,500/1000,1000,793.619044322248,0,MALE,College,Machine-op-inspct,Camping,other-relative,16181.049566051332,53029.31534646737,Parked Car,Side Collision,Major Damage,Police,NY,Northbrook,22,3,YES,1,1,NO,27133.923021296316,9275.50197285109,14897.475773258635,73127.8179077999,Volkswagen,2017,0
1139,458,69,CA,250/500,2000,1740.1136428637847,0,FEMALE,High School,Exec-managerial,Movies,not-in-family,75065.02585026681,54390.49674923837,Multi-vehicle Collision,Unknown,Minor Damage,Ambulance,WV,Northbrook,7,2,YES,1,2,NO,113934.01130105452,11460.739132182556,15000.760576880866,50818.43191583804,Mercedes,1997,0
1140,373,59,TX,100/300,2000,1746.151082892141,0,FEMALE,JD,Machine-op-inspct,Reading,unmarried,24479.70621552955,17695.296929985372,Parked Car,Side Collision,Total Loss,None,PA,Riverwood,22,2,Unknown,3,3,NO,115636.63176365757,14942.320343193409,20223.876873380832,45369.888821515335,Volkswagen,2017,1
1141,399,29,NY,100/300,500,938.622625826372,0,FEMALE,College,Exec-managerial,Camping,unmarried,279.43838203846605,76996.81218792903,Parked Car,Rear Collision,Major Damage,None,NY,Columbus,15,2,NO,2,2,NO,118721.79968623018,18011.250045729532,3422.7174831982666,8619.227524390864,Volkswagen,1997,0
1142,7,64,NY,100/300,2000,1812.3458518968894,0,MALE,PhD,Machine-op-inspct,Camping,unmarried,91196.0168644538,55546.9621010339,Multi-vehicle Collision,Rear Collision,Total Loss,Ambulance,NY,Northbrook,2,4,YES,1,3,Unknown,44352.10610035879,17505.340343829,29996.716938941776,66592.80613261307,Ford,2016,0
1143,387,66,IL,500/1000,1000,1657.6744086025217,0,MALE,Masters,Prof-specialty,Movies,own-child,62293.705803306286,27019.445949699417,Multi-vehicle Collision,Side Collision,Minor Damage,Ambulance,NY,Northbrook,7,2,NO,1,1,NO,130054.82487704208,18921.41010363339,15564.243037308719,5461.077037525903,Toyota,2018,0
1144,359,59,NY,250/500,500,1126.8612256931142,1000000,FEMALE,College,Prof-specialty,Exercise,not-in-family,44493.76980079407,93738.15465654324,Parked Car,Unknown,Total Loss,Fire,WV,Northbrook,7,2,YES,1,3,Unknown,108538.88632632988,25336.430476613717,27297.146217269095,25064.490091499036,Toyota,2017,1
1145,387,55,TX,100/300,1000,1622.6095166075568,0,MALE,JD,Exec-managerial,Exercise,not-in-family,72573.65100090379,1277.3710004056027,Single Vehicle Collision,Rear Collision,Major Damage,None,OH,Springfield,12,1,NO,0,2,NO,125178.12772792541,26601.51466843954,29020.690039566238,8679.294975285677,Chevrolet,1999,0
1146,183,35,IL,100/300,500,1942.0019467922093,0,MALE,JD,Craft-repair,Reading,husband,33333.17331152858,72593.72139997892,Vehicle Theft,Unknown,Trivial Damage,None,OH,Springfield,0,4,Unknown,1,3,NO,106436.51996966006,22117.509016823926,17449.282197067965,47816.00812469904,BMW,2006,0
1147,280,62,IL,100/300,1000,1188.4545770980233,0,MALE,High School,Exec-managerial,Reading,wife,95366.60570954178,38123.51856571038,Single Vehicle Collision,Side Collision,Minor Damage,Ambulance,WV,Northbrook,9,1,YES,3,3,YES,87149.67058257792,2368.2672877321197,3100.4594257432605,58106.182277992346,BMW,2016,0
1148,194,52,CA,100/300,2000,857.6407684302255,0,FEMALE,PhD,Machine-op-inspct,Chess,other-relative,6862.02889474109,52254.48313113069,Vehicle Theft,Front Collision,Total Loss,Police,NY,Riverwood,4,1,YES,1,0,YES,16854.51835031589,28838.771745298032,17200.374252599137,80187.87766859018,BMW,2014,0
1149,351,47,CA,250/500,1000,1912.7247500752337,0,FEMALE,College,Adm-clerical,Exercise,unmarried,64094.819066236094,29150.974944558162,Multi-vehicle Collision,Rear Collision,Total Loss,Ambulance,NY,Columbus,4,2,YES,3,0,YES,106784.96368681641,28421.94259041139,17929.2731149796,66075.08569756409,Audi,2012,0
1150,194,41,NY,500/1000,500,1405.6164328448847,1000000,FEMALE,PhD,Prof-specialty,Reading,not-in-family,77728.94828612736,32125.21762633532,Single Vehicle Collision,Side Collision,Minor Damage,Ambulance,VA,Springfield,16,1,NO,2,1,Unknown,103723.88593099851,21351.11383636061,23675.794103199933,86503.28546234763,Mercedes,2001,0
1151,154,59,IL,250/500,1000,657.8977437206379,0,FEMALE,High School,Adm-clerical,Chess,not-in-family,46912.590789350936,1516.6214610901395,Multi-vehicle Collision,Rear Collision,Total Loss,None,PA,Columbus,21,3,YES,0,3,Unknown,47217.42442638563,15523.172142057714,1446.8780098471846,68509.38997631162,Volkswagen,2014,0
1152,92,47,CA,100/300,500,1359.0242237850343,1000000,FEMALE,Masters,Prof-specialty,Camping,husband,75496.83550660359,72984.50887119022,Parked Car,Unknown,Minor Damage,Fire,PA,Northbrook,13,2,YES,2,3,YES,110505.0554724407,7518.550750076765,13989.461015852818,26896.77198599141,Volkswagen,2016,0
1153,159,31,TX,250/500,1000,1250.871334172448,0,FEMALE,PhD,Machine-op-inspct,Reading,other-relative,92691.03978785693,71079.84108007184,Parked Car,Front Collision,Minor Damage,Ambulance,OH,Springfield,5,3,NO,1,3,YES,82792.95573798347,22690.53418496628,27683.107750104395,49327.87446962858,Saab,2020,0
1154,433,23,CA,100/300,2000,1783.383341113345,0,FEMALE,High School,Prof-specialty,Chess,wife,74399.39006792846,65435.82004072222,Single Vehicle Collision,Front Collision,Major Damage,Police,WV,Columbus,13,2,NO,2,0,NO,84131.23266224054,26335.805361488674,29738.972360359603,41268.77357486942,Mercedes,2006,0
1155,60,20,CA,500/1000,2000,1296.0427846452822,2000000,MALE,College,Exec-managerial,Exercise,wife,30936.686713631112,87795.0680584008,Multi-vehicle Collision,Side Collision,Total Loss,Police,NY,Northbrook,11,2,Unknown,1,3,Unknown,55456.89947846403,19955.628026698138,5741.48036277713,50980.58825499726,Chevrolet,1996,0
1156,121,33,IL,500/1000,1000,882.8486515164252,0,FEMALE,Masters,Adm-clerical,Camping,unmarried,56184.63747192025,90126.7580558434,Single Vehicle Collision,Rear Collision,Trivial Damage,Ambulance,PA,Springfield,19,2,NO,3,0,NO,17959.363680350416,18872.178985853123,26117.969782051056,51530.83161317407,Ford,2010,0
1157,50,24,IL,500/1000,1000,1513.4660957973329,0,FEMALE,JD,Adm-clerical,Reading,wife,91160.35178596232,55644.43194252554,Single Vehicle Collision,Front Collision,Total Loss,Police,WV,Northbrook,21,4,YES,1,1,NO,32930.804450965355,5790.141137117585,4387.516848919323,63218.887583665455,Ford,1996,0
1158,402,69,FL,100/300,1000,1313.8631788033704,0,FEMALE,High School,Machine-op-inspct,Exercise,wife,44909.772548249275,68482.34920670628,Vehicle Theft,Rear Collision,Total Loss,Police,WV,Springfield,21,2,YES,0,3,YES,115440.3321737407,10733.895686825688,25235.233037036913,7565.638936636232,BMW,2016,0
1159,276,31,TX,250/500,500,849.5669424003087,0,FEMALE,JD,Adm-clerical,Camping,other-relative,68169.84949157148,1099.8401070459795,Parked Car,Unknown,Total Loss,Ambulance,NY,Columbus,0,3,Unknown,2,3,NO,41080.51179928564,21694.086660975365,8318.331824029907,67232.38708646943,Toyota,2002,1
1160,4,26,IL,500/1000,1000,1360.4417869143617,1000000,FEMALE,Masters,Machine-op-inspct,Movies,other-relative,46551.472512887245,84634.30588751986,Single Vehicle Collision,Unknown,Minor Damage,Police,WV,Columbus,4,2,Unknown,1,2,NO,836.8316231739216,506.96216553670183,28788.757981474275,13022.550829669826,Saab,1995,1
1161,465,32,NY,100/300,1000,1732.3033668345292,2000000,FEMALE,High School,Craft-repair,Exercise,unmarried,12134.415694036215,81641.34241294976,Parked Car,Side Collision,Trivial Damage,Police,PA,Springfield,17,2,YES,3,0,YES,149554.10445916673,19237.928315666584,20864.902527019112,2456.036712309398,Toyota,2008,0
1162,91,38,TX,100/300,500,542.8563765860157,1000000,FEMALE,High School,Exec-managerial,Movies,not-in-family,5859.76358762752,2024.8618423494902,Vehicle Theft,Front Collision,Major Damage,Ambulance,VA,Riverwood,13,1,NO,2,2,YES,31996.993960630447,23000.10903030744,11973.318041692786,46749.60822233545,BMW,2004,0
1163,169,52,TX,250/500,2000,1446.2765579676675,0,FEMALE,Masters,Prof-specialty,Reading,husband,95227.39596286872,54282.521674171825,Multi-vehicle Collision,Front Collision,Total Loss,None,PA,Northbrook,6,2,YES,0,1,NO,98479.78075612387,10041.13458812345,8429.199897244987,52374.77876353149,Ford,2017,1
1164,316,19,IL,500/1000,1000,1024.3777936765882,0,MALE,College,Prof-specialty,Chess,unmarried,61254.177342109564,90665.55704372695,Single Vehicle Collision,Rear Collision,Major Damage,Fire,VA,Columbus,14,2,Unknown,1,0,NO,139074.83968396156,2285.0330760236716,7057.1258242333615,3233.1112035209003,BMW,2016,0
1165,21,44,TX,100/300,1000,939.0071686391362,0,MALE,High School,Prof-specialty,Reading,own-child,10381.491312249158,18138.798703128046,Parked Car,Unknown,Trivial Damage,Fire,WV,Riverwood,8,2,YES,0,3,NO,90157.05382777359,24573.581366519957,20423.769809987552,46431.863218724066,Volkswagen,2015,1
1166,404,19,IL,250/500,2000,1088.8816255416668,1000000,FEMALE,Masters,Craft-repair,Exercise,wife,85743.8558469838,35264.49215570981,Single Vehicle Collision,Front Collision,Minor Damage,None,PA,Springfield,14,2,YES,3,3,Unknown,119955.07695512638,4255.104884550682,26873.73007730645,48157.8617320559,BMW,2007,0
1167,325,52,CA,500/1000,2000,1013.0339963719725,0,FEMALE,PhD,Exec-managerial,Movies,husband,52269.31365108133,33105.367851868104,Multi-vehicle Collision,Side Collision,Minor Damage,Ambulance,NY,Columbus,15,2,YES,2,3,NO,146467.57096624782,11124.033179093207,22648.25908843031,4819.291623721803,Ford,2004,0
1168,0,35,FL,250/500,500,1748.3586600626625,0,MALE,JD,Adm-clerical,Movies,not-in-family,77193.21122398732,35594.04753997515,Single Vehicle Collision,Side Collision,Minor Damage,None,WV,Columbus,8,2,Unknown,2,3,YES,129124.33217650297,21217.6231520334,25043.746140496267,64071.51713180937,BMW,2007,0
1169,132,31,CA,250/500,1000,912.1967161518508,1000000,FEMALE,High School,Adm-clerical,Camping,not-in-family,12675.619562541508,4188.603045510208,Single Vehicle Collision,Front Collision,Major Damage,Fire,NY,Northbrook,6,4,Unknown,2,1,NO,83906.66125741508,24509.57962954301,23441.513029036116,19005.04419041642,Audi,2022,0
1170,232,37,IL,100/300,1000,1599.729534659878,0,FEMALE,PhD,Exec-managerial,Reading,other-relative,90691.0431829586,27901.76837653664,Parked Car,Side Collision,Minor Damage,Fire,VA,Riverwood,6,3,Unknown,3,3,Unknown,54873.58810707038,25871.457554655477,29374.42999494058,71521.88332289411,Saab,2007,0
1171,11,35,IL,100/300,500,641.0897303428831,0,MALE,High School,Exec-managerial,Reading,own-child,59053.54396820256,29485.63127002356,Multi-vehicle Collision,Front Collision,Total Loss,Fire,OH,Northbrook,16,4,NO,1,3,NO,72628.43515001195,15912.515748333466,22734.147804789744,28042.90946901029,Dodge,2018,1
1172,345,27,CA,100/300,2000,1927.0945587266233,2000000,FEMALE,College,Prof-specialty,Exercise,not-in-family,73826.0680749041,86587.20484895911,Vehicle Theft,Front Collision,Total Loss,Fire,OH,Springfield,10,3,Unknown,1,3,Unknown,126353.01214448638,14276.150893675967,6306.855554108214,43062.538578633095,Dodge,1995,1
1173,45,42,NY,250/500,500,1433.4749558728276,0,FEMALE,Masters,Adm-clerical,Movies,own-child,3137.968801685298,35211.60071317026,Multi-vehicle Collision,Front Collision,Total Loss,Ambulance,VA,Columbus,5,4,NO,1,2,Unknown,128076.51421752073,25449.51831054089,23747.953964235447,80277.39405975614,Audi,1999,0
1174,33,19,NY,100/300,2000,1560.07786556684,0,FEMALE,High School,Exec-managerial,Exercise,wife,31530.490019900313,44721.673989355135,Multi-vehicle Collision,Front Collision,Major Damage,Fire,OH,Riverwood,13,2,NO,0,1,YES,126955.31089257538,16892.312851424136,9662.080829544026,72575.53407004403,Dodge,2022,0
1175,432,42,NY,250/500,500,947.0589981416765,0,MALE,Masters,Adm-clerical,Exercise,other-relative,26744.541439541168,38073.80598803887,Vehicle Theft,Rear Collision,Total Loss,Fire,WV,Northbrook,14,4,Unknown,3,0,NO,89785.04821112665,17359.521852456935,29873.995879885744,70389.53571483243,BMW,2010,1
1176,77,71,IL,250/500,2000,1118.144853062172,0,MALE,High School,Exec-managerial,Movies,husband,94959.49952878708,12067.344960158178,Single Vehicle Collision,Front Collision,Total Loss,Ambulance,WV,Riverwood,20,3,NO,2,1,Unknown,71804.90970476314,13019.201039814021,11300.178603004397,14523.034365626398,Audi,2000,0
1177,217,50,TX,100/300,500,835.6675794064644,1000000,FEMALE,College,Machine-op-inspct,Exercise,other-relative,18533.856888033606,99035.6757725624,Parked Car,Side Collision,Trivial Damage,None,PA,Springfield,7,1,NO,3,1,NO,47045.03938630144,11184.419157631188,8783.812675416897,4428.000564294831,Ford,1998,0
1178,300,53,IL,500/1000,2000,1898.804128703336,0,MALE,College,Prof-specialty,Movies,wife,70705.17267140925,82582.51907047308,Single Vehicle Collision,Unknown,Minor Damage,Ambulance,WV,Columbus,23,1,YES,3,1,Unknown,1002.4478496984304,14416.225718694874,7176.4795652673465,54557.729666186315,Audi,2004,0
1179,410,48,TX,500/1000,2000,1232.1566706520666,0,MALE,PhD,Exec-managerial,Exercise,not-in-family,4275.353774929303,54092.03070273668,Single Vehicle Collision,Rear Collision,Minor Damage,Fire,OH,Riverwood,3,2,NO,3,3,YES,114790.5479937129,10945.424810883816,19755.439561751093,37021.17865974742,Audi,2005,0
1180,72,31,CA,500/1000,2000,1445.672173486985,0,MALE,College,Craft-repair,Chess,own-child,19768.408569423857,47636.44943891714,Vehicle Theft,Unknown,Major Damage,Police,NY,Springfield,0,2,NO,2,2,YES,41911.24286210118,10306.393499077156,3276.632651625936,81826.04715109961,BMW,2022,0
1181,281,18,FL,250/500,2000,1601.408045796073,5000000,FEMALE,Masters,Exec-managerial,Exercise,wife,33859.735425435276,64925.47254630091,Vehicle Theft,Unknown,Major Damage,Ambulance,PA,Springfield,5,3,Unknown,2,2,NO,49786.845360107945,29809.930260236815,28606.796451989158,31528.434394322863,Volkswagen,2020,0
1182,248,63,TX,250/500,2000,1056.6591366493085,0,MALE,College,Machine-op-inspct,Exercise,not-in-family,79450.58478747416,32643.11485232382,Single Vehicle Collision,Unknown,Total Loss,Ambulance,NY,Columbus,0,1,YES,0,2,NO,126600.44311463306,10086.404822155442,8829.380359294115,37008.296754713214,Audi,1996,1
1183,46,33,NY,250/500,1000,1580.1524818087119,0,MALE,High School,Craft-repair,Chess,unmarried,78997.65800618003,5028.287035447854,Multi-vehicle Collision,Unknown,Minor Damage,None,OH,Northbrook,20,2,NO,3,2,NO,8311.547989831783,7691.512425980014,8862.018331154168,47387.44882009787,Audi,2023,0
1184,120,71,IL,100/300,2000,1513.9887346345104,0,MALE,College,Craft-repair,Reading,own-child,95260.18617431619,40431.68136146872,Parked Car,Unknown,Major Damage,Fire,NY,Columbus,4,4,NO,1,0,NO,139179.23955288707,10617.722695278797,1381.9828712117733,71696.41984032687,Volkswagen,2018,1
1185,213,63,CA,250/500,1000,1558.4890008109198,0,FEMALE,Masters,Exec-managerial,Movies,wife,91676.75026668848,98397.75774078608,Multi-vehicle Collision,Side Collision,Total Loss,Police,OH,Columbus,18,4,NO,0,2,NO,703.6074045567088,17723.440219083182,7380.525536207226,24220.084963662142,Chevrolet,2015,0
1186,238,69,NY,100/300,2000,1233.8448503069194,0,MALE,High School,Machine-op-inspct,Camping,husband,8151.459504501635,18234.68058777228,Single Vehicle Collision,Front Collision,Major Damage,Ambulance,WV,Riverwood,4,1,Unknown,2,3,Unknown,140905.7826663982,27329.71459869495,12569.38067028713,84769.67707889744,Volkswagen,2020,0
1187,55,20,CA,100/300,1000,1074.4060734374257,0,MALE,PhD,Craft-repair,Chess,husband,82986.77221446959,52770.52921529723,Single Vehicle Collision,Side Collision,Major Damage,Ambulance,PA,Riverwood,21,3,Unknown,2,3,NO,68486.39441697075,23635.927505932832,11088.191706726624,48638.90803366628,Mercedes,2016,0
1188,349,52,FL,500/1000,1000,833.1232823134848,0,FEMALE,PhD,Prof-specialty,Reading,not-in-family,45117.35795400168,852.1396321578667,Parked Car,Rear Collision,Minor Damage,Ambulance,VA,Northbrook,4,2,YES,0,2,Unknown,15767.332460197027,25267.23417227104,8190.597643086607,75703.85577957939,Dodge,2003,0
1189,106,58,IL,500/1000,500,1736.9395292013394,0,MALE,PhD,Prof-specialty,Exercise,not-in-family,86588.60907297334,12203.15151785848,Multi-vehicle Collision,Side Collision,Major Damage,Police,OH,Springfield,16,2,NO,1,0,Unknown,101287.12440255751,25770.25832051573,1222.3151351759466,47353.10166269609,Audi,2008,0
1190,318,23,IL,500/1000,2000,1412.525069797518,1000000,MALE,High School,Adm-clerical,Reading,husband,8928.625153113057,58719.17004671171,Single Vehicle Collision,Rear Collision,Minor Damage,Ambulance,WV,Riverwood,11,2,YES,3,2,Unknown,134430.53564532267,27615.85189340602,9017.441208169272,69502.1882970272,Chevrolet,1996,0
1191,47,42,FL,100/300,500,1166.5282941462424,0,MALE,PhD,Adm-clerical,Chess,unmarried,82276.91015073356,29741.392950783495,Single Vehicle Collision,Front Collision,Major Damage,Ambulance,NY,Northbrook,6,1,Unknown,3,3,NO,65991.8861187192,7052.136987266396,23349.928147893603,4722.725648338092,Mercedes,1999,0
1192,60,30,IL,100/300,500,1915.993860065917,0,FEMALE,College,Machine-op-inspct,Exercise,other-relative,15964.25190007743,90568.44864606248,Vehicle Theft,Unknown,Major Damage,Police,WV,Columbus,14,4,NO,1,3,YES,103858.00665258462,13750.980931123067,13163.768559284137,71949.20210330293,Dodge,2006,0
1193,336,70,TX,100/300,2000,571.7582187605582,0,FEMALE,High School,Craft-repair,Reading,husband,33384.16300693422,40616.97659572348,Parked Car,Front Collision,Total Loss,Ambulance,NY,Springfield,18,3,NO,3,3,YES,146914.72666829944,11555.929997293395,8723.260427961408,47203.95273991382,Toyota,1995,1
1194,25,51,CA,250/500,500,1775.2579178075714,1000000,MALE,High School,Prof-specialty,Camping,not-in-family,2884.840029002167,20803.359713105252,Vehicle Theft,Side Collision,Total Loss,Police,NY,Columbus,22,1,YES,2,1,NO,36484.77314509425,11456.309838405014,9143.764024438735,40502.46137797377,Audi,2013,0
1195,291,25,NY,100/300,2000,1996.3738894189587,1000000,MALE,High School,Prof-specialty,Movies,not-in-family,12372.808818713855,54559.176928470355,Vehicle Theft,Side Collision,Minor Damage,None,NY,Springfield,20,1,NO,0,3,NO,123157.19380994188,19568.509551065545,16633.127294817023,10133.709028406924,Toyota,2016,0
1196,256,38,FL,500/1000,500,1830.413166324301,0,MALE,JD,Machine-op-inspct,Movies,unmarried,44572.58854123827,79497.36351759627,Vehicle Theft,Front Collision,Minor Damage,Police,NY,Riverwood,12,2,Unknown,1,2,NO,44637.9478474029,12054.091809532301,9068.780332172242,66766.47224787531,Volkswagen,2018,0
1197,7,51,TX,500/1000,2000,1715.6548784234378,2000000,MALE,Masters,Craft-repair,Chess,husband,81833.83356344703,1941.969619739481,Single Vehicle Collision,Front Collision,Total Loss,None,PA,Columbus,11,4,YES,0,3,Unknown,64237.47119852892,18489.90917751611,18923.919595985837,11891.612360122084,Dodge,2006,0
1198,112,21,NY,100/300,2000,1061.4589901094869,0,MALE,JD,Machine-op-inspct,Exercise,unmarried,77366.97713650498,50552.01186300413,Multi-vehicle Collision,Side Collision,Major Damage,Police,NY,Columbus,18,3,YES,3,0,YES,42623.997340340495,11468.380911834234,29683.63541175345,17389.371371078978,Toyota,2015,0
1199,354,42,NY,100/300,2000,846.9712733934402,0,MALE,JD,Exec-managerial,Exercise,husband,23529.776177631324,77342.65567271462,Vehicle Theft,Front Collision,Total Loss,Fire,PA,Springfield,12,3,NO,3,1,YES,67178.7563909013,9333.84548173269,1235.2919326141698,11465.450688297382,Saab,2006,0
1200,252,32,FL,500/1000,1000,1602.2757807494017,0,FEMALE,JD,Prof-specialty,Movies,other-relative,15169.044906928097,10358.865463202916,Multi-vehicle Collision,Rear Collision,Minor Damage,Ambulance,VA,Northbrook,5,2,Unknown,2,0,YES,1260.8103480282357,10592.315353295422,5062.10267092106,691.14713345769,BMW,2014,0
1201,179,21,TX,100/300,500,956.8630494328527,2000000,MALE,Masters,Machine-op-inspct,Reading,wife,38926.346298177006,90279.85189331454,Single Vehicle Collision,Rear Collision,Major Damage,None,PA,Springfield,0,3,NO,2,3,YES,45864.10767587559,24112.711680412795,5373.226358670722,59606.048828039806,Dodge,1999,0
1202,206,62,NY,500/1000,1000,764.0595232324561,0,MALE,JD,Machine-op-inspct,Exercise,husband,88326.83472128847,26451.740996684937,Vehicle Theft,Side Collision,Minor Damage,Ambulance,NY,Riverwood,5,4,YES,3,1,Unknown,67071.46255868551,18031.53108686673,13412.10953796045,24448.879624967423,Mercedes,2014,0
1203,302,29,NY,250/500,500,1679.7888306553868,1000000,MALE,PhD,Exec-managerial,Camping,wife,9142.507416300316,17060.360771282678,Single Vehicle Collision,Side Collision,Major Damage,Ambulance,VA,Northbrook,12,2,YES,3,1,NO,95019.90746406135,29219.931990498437,1242.561361601233,13537.394281253033,Chevrolet,1996,0
1204,126,49,TX,500/1000,500,968.8154783550833,0,FEMALE,High School,Adm-clerical,Camping,husband,54291.401034435024,58925.60729026746,Vehicle Theft,Front Collision,Total Loss,Police,WV,Columbus,12,2,Unknown,2,1,Unknown,95785.52798079838,24979.68679139198,14325.647332275501,28865.526178038504,Audi,2008,1
1205,55,49,IL,250/500,500,1871.6625942310075,0,MALE,High School,Prof-specialty,Exercise,other-relative,8880.74794030419,17503.114581802893,Vehicle Theft,Front Collision,Total Loss,Fire,PA,Columbus,12,4,YES,2,3,NO,87775.94996133867,14573.418250021234,27867.742742299695,44967.713770046284,BMW,2011,1
1206,213,45,NY,100/300,1000,1760.948967228688,0,FEMALE,College,Machine-op-inspct,Exercise,not-in-family,47021.21211642389,67970.15203711821,Single Vehicle Collision,Unknown,Minor Damage,Police,WV,Columbus,19,3,Unknown,1,0,NO,44308.25852404839,7271.290052822275,346.9226607810594,45356.785627497324,Audi,2018,0
1207,13,30,CA,100/300,500,1771.4604942638828,1000000,MALE,PhD,Prof-specialty,Movies,wife,12679.151216098227,49010.208199843,Parked Car,Rear Collision,Trivial Damage,Ambulance,VA,Riverwood,3,4,NO,2,3,YES,142136.94523239395,20217.273343654357,10948.16601555543,33110.921149043155,Volkswagen,2009,0
1208,473,48,TX,250/500,1000,1657.3545890837393,0,MALE,Masters,Adm-clerical,Chess,unmarried,8033.6934999364785,10995.596176217992,Parked Car,Side Collision,Minor Damage,Police,PA,Columbus,4,3,Unknown,1,1,YES,59099.488649294355,21799.380819358073,22826.81316332894,44594.411166624464,Ford,2023,0
1209,27,31,NY,100/300,2000,1821.322135662105,0,MALE,High School,Machine-op-inspct,Movies,husband,19084.933306358475,91249.0134582048,Multi-vehicle Collision,Side Collision,Minor Damage,None,NY,Columbus,12,3,NO,1,3,NO,32925.64421523914,13925.27939375877,4634.835010014452,38517.99705576997,Volkswagen,2011,0
1210,470,37,FL,250/500,500,1708.6203382671802,0,MALE,JD,Exec-managerial,Chess,not-in-family,25525.601936876617,67320.54099635502,Multi-vehicle Collision,Side Collision,Total Loss,Fire,PA,Northbrook,8,3,NO,0,1,NO,83399.6844803641,6897.663972320721,2326.770075796264,74057.60570390527,Mercedes,1996,1
1211,77,35,CA,100/300,500,1403.767045362093,2000000,MALE,College,Prof-specialty,Camping,husband,27626.537913142478,54599.3026533768,Single Vehicle Collision,Side Collision,Major Damage,Ambulance,NY,Riverwood,16,4,YES,2,1,YES,112464.83614719658,16717.149535897956,18923.356117879157,2762.295677457257,Volkswagen,2015,0
1212,215,46,NY,500/1000,2000,943.7340778727947,0,MALE,College,Exec-managerial,Chess,unmarried,64526.794724733285,37434.061535013076,Single Vehicle Collision,Unknown,Minor Damage,Police,OH,Columbus,2,4,NO,1,1,YES,2328.919136928801,7614.877570783399,298.52727148523053,78135.90898574192,Saab,2002,0
1213,385,23,CA,100/300,2000,1832.3137898212235,0,FEMALE,High School,Adm-clerical,Movies,other-relative,5498.187562288126,13485.990467047171,Single Vehicle Collision,Rear Collision,Major Damage,None,PA,Northbrook,19,1,YES,0,3,YES,41813.42910563434,28199.94952891313,24053.114735091473,22027.981485508422,Dodge,2004,0
1214,364,49,CA,500/1000,500,1760.9054341597878,0,MALE,PhD,Adm-clerical,Exercise,own-child,8080.905990536413,70751.83710613221,Parked Car,Unknown,Major Damage,Fire,PA,Columbus,17,4,Unknown,0,3,YES,123834.18896370447,18866.527441011585,2005.582606982963,64988.22113175892,Toyota,1997,0
1215,153,46,IL,500/1000,2000,1209.3189833158176,5000000,MALE,College,Prof-specialty,Chess,husband,18870.61614792671,81365.58200290594,Parked Car,Rear Collision,Total Loss,Police,WV,Northbrook,14,2,Unknown,2,1,YES,76299.65346114693,8757.928850076445,15730.627782610825,36513.06150901148,Chevrolet,2005,0
1216,13,60,CA,250/500,1000,558.6180290029328,2000000,MALE,High School,Adm-clerical,Movies,unmarried,87206.30691814219,12581.88499383126,Vehicle Theft,Side Collision,Total Loss,Police,WV,Columbus,22,2,NO,2,2,Unknown,61569.00153469715,6471.920650035738,22203.831306831817,26560.53350898027,Toyota,2021,0
1217,186,19,IL,100/300,1000,1457.8155911028703,1000000,FEMALE,PhD,Craft-repair,Camping,own-child,62860.492606323285,49456.76245381424,Vehicle Theft,Rear Collision,Total Loss,Ambulance,VA,Riverwood,0,2,Unknown,0,0,Unknown,139669.74129755562,21501.698501553627,7260.329662394322,55419.728832689616,Saab,2003,1
1218,311,40,TX,250/500,500,575.8952805148726,0,MALE,High School,Prof-specialty,Chess,husband,73036.96591879555,48484.61869924896,Single Vehicle Collision,Side Collision,Total Loss,None,NY,Springfield,8,2,NO,1,1,Unknown,13885.497019864384,21233.798407252587,3106.2048576821253,69222.70925579307,Toyota,2009,0
1219,370,36,IL,100/300,1000,1889.4199427726107,0,FEMALE,High School,Craft-repair,Camping,wife,37036.21555576591,34991.17082199676,Single Vehicle Collision,Unknown,Total Loss,Fire,WV,Riverwood,5,1,Unknown,2,1,YES,92527.74501628843,17913.966945257245,5268.6829925566835,40549.287134013975,Dodge,2016,1
1220,6,48,FL,500/1000,1000,1942.4468849379605,2000000,MALE,PhD,Adm-clerical,Camping,not-in-family,21322.03490700009,78934.18953918052,Multi-vehicle Collision,Rear Collision,Minor Damage,Police,VA,Northbrook,17,4,NO,0,1,NO,51657.21307844466,18429.03075537664,25640.50715805025,42043.19049158674,Mercedes,2005,0
1221,2,68,NY,500/1000,500,784.2352188494064,0,MALE,PhD,Prof-specialty,Reading,not-in-family,3796.1360962912804,9952.978380684695,Parked Car,Front Collision,Total Loss,Fire,NY,Columbus,0,4,NO,0,1,NO,11088.098044792396,18116.070084768693,21173.408749560716,5391.197980614384,Audi,1997,0
1222,110,22,TX,100/300,2000,1514.584067082365,0,FEMALE,PhD,Craft-repair,Chess,unmarried,48853.56199718922,20501.922487209,Single Vehicle Collision,Rear Collision,Minor Damage,None,NY,Riverwood,21,3,Unknown,1,1,YES,32454.804037317615,10803.103404315516,5942.941476452933,83167.23865844317,Mercedes,2020,0
1223,406,36,TX,100/300,500,638.4035068441442,0,FEMALE,High School,Adm-clerical,Movies,wife,57428.09642273129,160.27689185067473,Parked Car,Side Collision,Total Loss,Ambulance,NY,Columbus,6,4,Unknown,3,2,Unknown,94376.01534608401,28122.4323002242,21483.623913929834,76236.01301051867,Dodge,2001,0
1224,237,51,FL,250/500,1000,1594.2753928596833,2000000,MALE,College,Machine-op-inspct,Chess,other-relative,89700.27943777118,37298.538808301484,Single Vehicle Collision,Front Collision,Total Loss,Ambulance,OH,Riverwood,9,3,Unknown,1,3,NO,4727.401611256336,14378.353927887532,21258.545106260604,35879.55160006497,Dodge,2022,0
1225,362,27,IL,100/300,500,1020.9314992290119,0,FEMALE,Masters,Machine-op-inspct,Chess,own-child,88209.29787489939,29117.8167900372,Vehicle Theft,Side Collision,Major Damage,Ambulance,NY,Northbrook,5,3,Unknown,0,2,YES,89041.19790070796,609.8370043676948,29931.752943178813,68869.0601231342,Chevrolet,2017,0
1226,238,42,NY,100/300,500,1521.575167595668,0,FEMALE,Masters,Exec-managerial,Camping,unmarried,42468.5158472255,86699.39837581565,Single Vehicle Collision,Front Collision,Total Loss,Fire,VA,Springfield,6,2,NO,1,1,Unknown,143549.137971987,10450.840271649762,11746.680705777373,28263.79789619048,Toyota,2001,0
1227,492,19,IL,100/300,1000,1059.314763803267,1000000,MALE,High School,Machine-op-inspct,Camping,husband,42357.79290034621,74581.02440761548,Vehicle Theft,Front Collision,Minor Damage,Fire,NY,Riverwood,5,1,NO,2,1,Unknown,119366.86132435527,3908.4773594279854,25945.604824283128,65764.91919184846,Toyota,1998,0
1228,273,28,CA,250/500,1000,718.3512647498536,0,MALE,High School,Craft-repair,Camping,not-in-family,16112.289671583369,8447.21965622719,Multi-vehicle Collision,Rear Collision,Minor Damage,Police,NY,Columbus,7,1,Unknown,0,1,Unknown,52166.763360409925,10901.513731436504,13393.28057918445,46550.58531910902,Audi,2000,0
1229,293,67,IL,100/300,500,1109.1649707538368,0,MALE,College,Machine-op-inspct,Camping,husband,25744.898784259083,74095.59150623703,Multi-vehicle Collision,Rear Collision,Total Loss,None,VA,Columbus,1,4,Unknown,1,3,Unknown,21162.043131060444,18247.87455107198,26932.806708509004,41522.92832755566,Volkswagen,2013,0
1230,226,48,TX,500/1000,1000,669.0102899521851,5000000,FEMALE,PhD,Prof-specialty,Movies,own-child,92566.35763208914,67540.0221419557,Multi-vehicle Collision,Front Collision,Total Loss,None,PA,Columbus,8,3,YES,1,0,Unknown,70027.1328699903,679.9342356577232,2748.014972968479,5181.417453504513,BMW,2008,0
1231,370,73,NY,250/500,1000,1365.3249124654187,5000000,MALE,High School,Prof-specialty,Exercise,wife,14103.601093520212,28172.42736003297,Single Vehicle Collision,Front Collision,Total Loss,None,NY,Northbrook,8,2,NO,1,0,Unknown,59246.09020867161,26106.015936836055,5259.378903757323,86891.43077061677,BMW,1998,0
1232,14,32,IL,250/500,1000,561.4272982242196,1000000,MALE,JD,Prof-specialty,Reading,wife,96869.95467436516,1546.0774704610049,Multi-vehicle Collision,Front Collision,Total Loss,Fire,VA,Northbrook,6,3,NO,1,2,Unknown,145774.07752356588,18309.273554045263,25498.630892000696,75383.06639206999,Ford,2013,1
1233,191,26,NY,500/1000,1000,1290.9795193997895,0,FEMALE,PhD,Machine-op-inspct,Camping,unmarried,50473.855021519645,11516.240138871248,Single Vehicle Collision,Side Collision,Major Damage,Ambulance,WV,Springfield,8,2,Unknown,0,2,Unknown,148485.27414900908,8861.156287769842,24579.00972316185,71425.58731198155,Mercedes,2013,0
1234,472,40,NY,500/1000,1000,1829.5529706433113,0,FEMALE,High School,Machine-op-inspct,Camping,unmarried,45660.67747668311,24994.108461855936,Parked Car,Rear Collision,Trivial Damage,None,VA,Columbus,16,3,YES,1,0,Unknown,61882.40612040678,9336.155217728448,9163.013755709624,27511.96616906981,BMW,2011,0
1235,118,36,CA,500/1000,1000,1756.809905179044,2000000,MALE,JD,Exec-managerial,Reading,wife,17463.83806863545,81662.2366152305,Vehicle Theft,Side Collision,Minor Damage,Police,OH,Springfield,2,4,Unknown,2,1,Unknown,22743.205537725556,13970.045295484524,17903.949544003633,26134.157579693652,BMW,2015,0
1236,484,26,CA,100/300,2000,1824.1725494397451,0,FEMALE,College,Adm-clerical,Camping,unmarried,66154.12504824808,46531.282590780866,Parked Car,Rear Collision,Major Damage,Fire,WV,Columbus,15,4,NO,3,3,YES,136636.12767161432,7442.754180053805,11480.991663061082,51630.05938385896,Ford,2022,0
1237,27,52,TX,500/1000,500,1883.073203190661,1000000,FEMALE,JD,Exec-managerial,Exercise,wife,45984.55183622478,91839.55264590502,Single Vehicle Collision,Unknown,Minor Damage,Ambulance,PA,Riverwood,15,3,NO,3,2,NO,119134.5702122155,130.25783282838654,309.5204791056405,76175.46534073076,BMW,2013,0
1238,201,38,FL,100/300,1000,656.7918318135413,2000000,FEMALE,High School,Craft-repair,Chess,own-child,37066.306791322124,78914.84594483,Multi-vehicle Collision,Side Collision,Total Loss,None,PA,Riverwood,1,1,YES,3,3,YES,76935.49389502678,796.7234453778959,783.1237970138105,84123.09371456185,Ford,2006,0
1239,38,26,NY,250/500,500,693.1208043135696,0,MALE,Masters,Prof-specialty,Reading,unmarried,26451.621858529194,28710.817984400685,Vehicle Theft,Rear Collision,Total Loss,Ambulance,VA,Riverwood,10,2,Unknown,2,1,NO,55120.51913076363,10732.220159160595,1627.6909644472926,24276.719438101718,Chevrolet,2011,0
1240,440,45,FL,250/500,2000,1335.5102094696929,1000000,MALE,High School,Machine-op-inspct,Movies,wife,6648.6803014871975,84536.2156580513,Multi-vehicle Collision,Front Collision,Total Loss,Police,VA,Columbus,15,1,YES,3,1,YES,67500.79122615926,3726.6502982582483,17822.16462976736,54706.59054871563,Dodge,2009,0
1241,272,63,TX,500/1000,1000,1840.9590026366438,1000000,MALE,Masters,Adm-clerical,Reading,unmarried,51932.81165510958,11672.484041075704,Parked Car,Front Collision,Total Loss,None,NY,Riverwood,14,1,Unknown,0,2,NO,135331.235708114,670.9102394124567,8376.832059165838,65178.86171042253,Saab,2003,1
1242,230,68,NY,100/300,500,1961.5241847860461,0,FEMALE,College,Adm-clerical,Exercise,husband,31290.833305863674,3611.752045400307,Single Vehicle Collision,Rear Collision,Major Damage,None,NY,Columbus,0,3,YES,0,0,NO,28104.195440649,25778.07810104521,4318.448949446716,20452.65385197183,Chevrolet,2021,0
1243,85,24,NY,500/1000,1000,569.3928760099999,0,MALE,College,Machine-op-inspct,Movies,not-in-family,70786.52030027722,60853.81209133157,Vehicle Theft,Front Collision,Total Loss,Ambulance,OH,Springfield,20,2,Unknown,2,0,NO,121114.13640795891,8224.119409285597,28233.933253316627,36731.42985699594,Audi,2022,1
1244,473,33,FL,500/1000,1000,1033.6611263009902,0,MALE,PhD,Exec-managerial,Chess,husband,72352.23567491524,34174.303487963865,Vehicle Theft,Front Collision,Total Loss,Fire,NY,Northbrook,16,2,Unknown,2,0,YES,3219.49960765973,15093.677315004035,3639.560012436476,16953.937206856295,Toyota,2014,0
1245,125,33,IL,100/300,1000,819.3413819899902,0,FEMALE,PhD,Adm-clerical,Camping,other-relative,33210.70115377964,32942.56866626471,Single Vehicle Collision,Unknown,Minor Damage,Ambulance,VA,Riverwood,2,4,Unknown,0,1,NO,138125.51297474172,5382.2725257486945,20219.45149274633,62931.56649137325,Toyota,2022,1
1246,299,50,CA,500/1000,1000,1633.9487733968722,0,FEMALE,Masters,Exec-managerial,Reading,wife,66912.06835667609,68720.81861316874,Single Vehicle Collision,Unknown,Total Loss,Police,VA,Columbus,21,3,NO,2,1,Unknown,75294.44330710775,1401.749167312868,26824.80548467976,77754.28377541328,Toyota,2019,1
1247,24,21,IL,250/500,1000,1460.290802805548,0,MALE,Masters,Machine-op-inspct,Movies,other-relative,25867.52402794943,85010.38278229037,Vehicle Theft,Unknown,Minor Damage,Ambulance,NY,Columbus,21,3,Unknown,2,3,NO,34398.80003800524,22345.98898465744,4914.8900171534915,78990.33847419379,Chevrolet,2010,0
1248,144,21,FL,500/1000,1000,679.8320472257681,1000000,FEMALE,College,Exec-managerial,Reading,wife,72717.37262421529,32217.550534020145,Parked Car,Side Collision,Total Loss,Ambulance,OH,Springfield,18,3,NO,0,3,YES,927.0471711687712,3748.705639403502,6441.890466861454,60340.98945729437,Toyota,2012,0
1249,12,56,CA,100/300,1000,1225.2831010474572,5000000,MALE,JD,Prof-specialty,Chess,not-in-family,1607.7145545221993,32501.382202250083,Parked Car,Unknown,Minor Damage,None,VA,Springfield,19,4,YES,0,3,YES,84152.19707734375,771.5070721097594,17214.406007278714,31308.997179675265,Mercedes,2012,1
1250,211,57,IL,100/300,2000,1528.160783556937,0,MALE,Masters,Machine-op-inspct,Reading,unmarried,15160.876698531278,53385.10392923871,Multi-vehicle Collision,Unknown,Minor Damage,Fire,OH,Northbrook,6,4,Unknown,1,1,Unknown,37050.936648695795,17616.909847902294,15253.460591363932,59527.52987919747,Volkswagen,1998,0
1251,24,34,CA,250/500,2000,1668.5080908860566,0,MALE,Masters,Machine-op-inspct,Movies,wife,24500.866190743618,65318.36020804398,Vehicle Theft,Unknown,Minor Damage,Fire,VA,Springfield,21,2,NO,1,0,NO,94874.01823362107,404.0271726434874,15630.822506588025,77797.57877265659,Volkswagen,1998,1
1252,67,54,NY,100/300,1000,530.0790646760128,0,FEMALE,JD,Adm-clerical,Exercise,husband,77293.54869865064,20290.579555517787,Single Vehicle Collision,Rear Collision,Minor Damage,Fire,OH,Northbrook,10,4,YES,3,1,YES,42534.80757708106,13088.578344309648,16640.34282054266,56364.43947082692,Audi,2015,0
1253,393,56,IL,100/300,1000,1835.7043609758348,5000000,FEMALE,PhD,Adm-clerical,Movies,unmarried,6637.625308440854,91267.91529118727,Single Vehicle Collision,Front Collision,Total Loss,Fire,OH,Northbrook,17,3,Unknown,2,3,NO,13659.59236393892,8665.081454334486,28497.087478831327,37218.98543259831,Ford,2021,1
1254,66,69,CA,250/500,2000,1353.9220744257866,0,MALE,PhD,Adm-clerical,Reading,not-in-family,18805.714371553095,65441.65238520121,Single Vehicle Collision,Rear Collision,Total Loss,Ambulance,OH,Springfield,13,3,YES,0,3,Unknown,76005.21866161212,9582.539548132587,1615.141259008499,82790.267289638,Volkswagen,1995,0
1255,232,46,CA,500/1000,2000,1717.863672439857,0,MALE,Masters,Prof-specialty,Chess,husband,35862.41055051941,62516.18113680982,Single Vehicle Collision,Unknown,Minor Damage,None,NY,Northbrook,15,1,NO,3,3,Unknown,84890.61757507759,116.97129342089329,22813.455620844576,75185.97173492143,Mercedes,1999,0
1256,108,69,CA,250/500,2000,1711.9070450214251,2000000,MALE,PhD,Prof-specialty,Camping,unmarried,917.4994152910898,90419.56360677682,Vehicle Theft,Side Collision,Total Loss,None,PA,Riverwood,5,4,NO,1,3,YES,68162.20881816284,28930.38241148386,6975.192672202001,79430.92809827828,Volkswagen,2006,0
1257,145,53,IL,500/1000,1000,784.7789904064537,0,MALE,PhD,Craft-repair,Camping,wife,76212.09753744086,90726.5080594477,Parked Car,Rear Collision,Total Loss,Fire,OH,Northbrook,1,3,Unknown,2,2,NO,68976.31537230231,15508.893074506139,11210.330105171462,81296.96269152247,Audi,2008,0
1258,110,55,TX,250/500,500,665.2581803804496,2000000,FEMALE,PhD,Machine-op-inspct,Chess,wife,56010.51496721345,13555.01206264893,Multi-vehicle Collision,Unknown,Total Loss,Ambulance,OH,Columbus,22,3,NO,3,3,Unknown,88652.6941210523,17175.363991250513,2678.733688951921,35503.72645866215,BMW,2004,0
1259,227,56,IL,500/1000,500,1581.93090346074,2000000,MALE,College,Adm-clerical,Reading,husband,90067.93870200173,14507.550397986724,Parked Car,Side Collision,Major Damage,Fire,VA,Columbus,10,2,NO,2,1,Unknown,79189.84965681794,19983.67454736084,13368.803074606309,77381.54677490942,BMW,2012,0
1260,110,67,FL,250/500,500,734.6403782324286,2000000,MALE,High School,Machine-op-inspct,Chess,own-child,3103.1032544945438,76194.86989401476,Multi-vehicle Collision,Side Collision,Total Loss,Fire,PA,Columbus,10,4,YES,3,2,YES,20318.847059967393,23925.65373149301,24126.577568253644,51374.43544507813,Chevrolet,2015,1
1261,469,54,IL,500/1000,500,1774.9062371070856,0,FEMALE,Masters,Exec-managerial,Reading,wife,27139.068376632025,95687.99455439705,Single Vehicle Collision,Side Collision,Trivial Damage,None,VA,Springfield,9,3,Unknown,2,0,Unknown,29964.304149512336,18237.273489275274,2962.2101559886482,3530.4917225082027,Volkswagen,2004,0
1262,33,69,CA,250/500,1000,1589.2842257931577,0,MALE,Masters,Prof-specialty,Movies,own-child,73125.16574367022,66651.36785131079,Single Vehicle Collision,Front Collision,Total Loss,None,VA,Columbus,3,2,Unknown,2,1,YES,21697.760693642987,22865.943164799268,8268.10794660897,57261.688451158574,Toyota,2020,0
1263,110,52,NY,500/1000,500,1762.7380465478939,2000000,MALE,College,Craft-repair,Exercise,unmarried,67514.94194489745,41131.69986071701,Vehicle Theft,Side Collision,Major Damage,Fire,OH,Springfield,16,1,Unknown,0,1,Unknown,104147.689541852,13462.058830886268,11191.851260310752,42408.641294075125,Audi,2010,1
1264,263,24,IL,250/500,2000,948.5190194140191,0,MALE,High School,Exec-managerial,Reading,own-child,24305.74406047079,68347.31397737456,Single Vehicle Collision,Unknown,Major Damage,Ambulance,WV,Columbus,9,1,YES,2,0,Unknown,79525.46261896142,11138.254212134649,3116.97609262927,24836.403860938037,Saab,2000,0
1265,423,44,IL,100/300,2000,974.8970906158536,0,MALE,High School,Machine-op-inspct,Camping,husband,59568.773496806214,22881.157635653883,Vehicle Theft,Rear Collision,Major Damage,Fire,PA,Northbrook,8,2,NO,1,1,YES,64763.34096787377,24694.01722446555,22869.504299308006,87337.44429022886,Volkswagen,1997,0
1266,368,45,CA,500/1000,500,1506.8323345194765,0,MALE,College,Prof-specialty,Camping,other-relative,79375.76531077537,99796.62998077838,Vehicle Theft,Rear Collision,Trivial Damage,None,VA,Springfield,12,4,Unknown,0,2,YES,119851.67979329098,25959.31572520389,23608.410846522765,5050.87016053837,Volkswagen,2014,0
1267,235,39,NY,250/500,2000,547.1689325884213,0,FEMALE,JD,Adm-clerical,Exercise,other-relative,3338.0703334614736,43108.52178590181,Vehicle Theft,Unknown,Minor Damage,None,WV,Columbus,10,3,Unknown,2,0,NO,49206.301634240364,4134.200093608014,25076.84993339904,85134.37742456527,Audi,2009,0
1268,82,31,NY,500/1000,1000,1589.745119506134,0,FEMALE,JD,Exec-managerial,Reading,husband,71762.83968694149,93168.60025086955,Single Vehicle Collision,Front Collision,Minor Damage,Ambulance,WV,Northbrook,9,4,YES,1,2,Unknown,85431.94613209867,16279.805608801835,17516.886144189546,14418.10875105397,Toyota,1999,0
1269,41,24,FL,500/1000,500,1753.6746062819018,0,FEMALE,High School,Prof-specialty,Exercise,other-relative,25209.706511397555,43079.805286377494,Single Vehicle Collision,Front Collision,Total Loss,Fire,VA,Springfield,23,2,YES,1,3,NO,11623.936422784665,20509.27291458478,15217.164625631276,33991.23731911784,Audi,2000,0
1270,424,54,IL,250/500,500,1122.745379906156,0,FEMALE,JD,Machine-op-inspct,Movies,husband,94785.12885341323,92813.97811219236,Parked Car,Side Collision,Total Loss,Fire,OH,Northbrook,4,3,Unknown,3,0,NO,111788.41053185423,2507.9620989590044,7876.573364137261,37609.4422701995,Volkswagen,2019,0
1271,100,39,NY,500/1000,1000,1647.318245132703,0,MALE,JD,Machine-op-inspct,Exercise,wife,53822.022136110834,33568.54414799156,Multi-vehicle Collision,Unknown,Major Damage,Police,NY,Northbrook,2,3,Unknown,0,2,YES,104431.27049993069,27887.90450228255,19654.73901871643,65818.74462760717,Audi,2019,1
1272,5,22,NY,250/500,2000,761.9163754733929,0,FEMALE,JD,Exec-managerial,Movies,own-child,3338.6182631281126,76054.29846558066,Parked Car,Side Collision,Minor Damage,Fire,VA,Northbrook,3,3,YES,0,3,Unknown,120455.75457988385,15603.293181513924,13336.904569666305,19483.267865429738,Audi,2016,0
1273,179,72,TX,100/300,1000,983.390590729227,0,FEMALE,High School,Exec-managerial,Camping,other-relative,40343.061878255525,95100.20124090163,Single Vehicle Collision,Side Collision,Major Damage,Ambulance,OH,Springfield,2,4,YES,3,2,YES,132729.15572347477,19363.722519502568,29123.29218232165,88750.55570615578,Saab,2006,0
1274,281,19,TX,500/1000,1000,1961.4574446657161,0,FEMALE,JD,Exec-managerial,Movies,wife,96631.18582194857,64598.067819576834,Multi-vehicle Collision,Unknown,Minor Damage,None,PA,Springfield,9,4,YES,3,2,Unknown,113825.22596066508,5347.282442710611,29045.384909233697,67436.16556348566,Dodge,1995,1
1275,319,44,NY,100/300,2000,1979.4922603401894,0,FEMALE,Masters,Craft-repair,Reading,other-relative,73037.29932442136,67756.52257748762,Vehicle Theft,Front Collision,Minor Damage,Police,OH,Riverwood,23,2,YES,3,1,YES,126751.23857403043,7933.040698662819,27156.15395452688,71116.74218740022,BMW,2016,0
1276,225,38,FL,500/1000,1000,1268.907579532382,0,FEMALE,High School,Adm-clerical,Reading,unmarried,30047.90036864622,10288.624532205115,Multi-vehicle Collision,Front Collision,Trivial Damage,Ambulance,WV,Riverwood,12,1,NO,0,3,Unknown,52175.362544777825,3630.03650043607,10802.67414042996,9667.946667069014,Toyota,2004,0
1277,442,71,NY,500/1000,2000,1901.4046871958153,0,FEMALE,College,Prof-specialty,Reading,husband,57526.72943138662,47421.994716390094,Vehicle Theft,Rear Collision,Minor Damage,Ambulance,PA,Riverwood,4,2,NO,1,1,NO,51828.93562123348,7919.961655616665,11039.173660621773,42920.449654899574,Chevrolet,1997,0
1278,439,55,CA,500/1000,2000,1284.0960170852818,0,FEMALE,JD,Machine-op-inspct,Reading,husband,59910.13556195962,88675.54060867876,Single Vehicle Collision,Unknown,Total Loss,Police,PA,Riverwood,12,3,Unknown,1,3,Unknown,141672.97257502255,14771.902958753963,25580.19492131147,85110.28060799817,Mercedes,2015,1
1279,314,32,IL,250/500,1000,937.382192241736,0,FEMALE,PhD,Machine-op-inspct,Chess,wife,2334.8160783210224,24090.983623071814,Multi-vehicle Collision,Side Collision,Minor Damage,Fire,NY,Springfield,23,2,NO,2,3,Unknown,137228.89318076763,25008.88798371889,21874.047952243985,24378.939832507403,Chevrolet,1999,0
1280,364,38,FL,100/300,2000,900.3489321481577,0,MALE,High School,Adm-clerical,Movies,unmarried,17883.3361249222,78836.30134983131,Vehicle Theft,Unknown,Major Damage,Police,NY,Riverwood,0,1,YES,0,1,YES,82500.35249523076,16011.702450610905,21130.829094541314,13169.990580082287,BMW,2020,0
1281,453,27,CA,500/1000,1000,1894.2585580522232,0,FEMALE,College,Exec-managerial,Reading,own-child,55177.69383122279,67570.98858039411,Parked Car,Side Collision,Major Damage,Ambulance,VA,Columbus,10,2,Unknown,0,1,Unknown,55300.538398260556,7333.907946932883,8388.330332523474,43736.96193280053,Chevrolet,2009,0
1282,228,40,FL,250/500,2000,758.6695834607887,1000000,MALE,Masters,Exec-managerial,Exercise,unmarried,40275.255849068904,22298.596474053746,Parked Car,Rear Collision,Major Damage,Fire,OH,Riverwood,2,1,YES,3,1,Unknown,129967.22877369064,1338.6322467218392,25000.458346634274,83742.33696164362,Mercedes,1998,0
1283,376,73,CA,500/1000,500,1369.4486873027272,0,FEMALE,College,Machine-op-inspct,Exercise,unmarried,19003.78145201608,28279.120526796443,Vehicle Theft,Rear Collision,Total Loss,None,VA,Columbus,16,1,NO,0,3,Unknown,48849.964297891245,18659.095077210135,17382.617167888297,43862.47713631339,Audi,2013,0
1284,288,56,IL,250/500,2000,1333.2876020940794,2000000,FEMALE,JD,Adm-clerical,Chess,not-in-family,77266.87348641698,42756.09001206971,Parked Car,Rear Collision,Total Loss,Police,NY,Columbus,18,3,YES,0,3,Unknown,23468.444892719435,12604.79692099944,13405.967227157193,36494.60383247734,Saab,2011,0
1285,436,22,IL,500/1000,2000,1609.4325269794924,0,FEMALE,PhD,Machine-op-inspct,Movies,own-child,48899.488067876264,12512.921552072565,Parked Car,Rear Collision,Minor Damage,Ambulance,WV,Northbrook,12,1,Unknown,1,3,NO,96104.15491331926,29530.6160045121,25962.663723242276,58559.49206056851,Toyota,2017,0
1286,149,18,TX,100/300,1000,1248.864361287162,5000000,MALE,JD,Exec-managerial,Movies,own-child,30997.314236684913,91337.1297158207,Multi-vehicle Collision,Side Collision,Minor Damage,Fire,NY,Northbrook,15,4,NO,0,3,YES,6871.9605550785545,23392.796562350788,11826.292913463421,84325.87149666456,Audi,2023,0
1287,276,30,CA,100/300,2000,908.4284910622014,0,MALE,College,Prof-specialty,Movies,unmarried,16167.734641574594,73935.76050720554,Parked Car,Front Collision,Total Loss,Ambulance,OH,Northbrook,17,2,Unknown,1,3,Unknown,57175.73497188995,24250.884578201083,19617.774356032965,4510.26468344554,Dodge,2002,0
1288,197,38,TX,500/1000,500,754.0947494473678,0,FEMALE,High School,Exec-managerial,Chess,other-relative,61116.336279163086,36496.41000035797,Multi-vehicle Collision,Side Collision,Total Loss,Fire,WV,Riverwood,22,2,NO,1,3,YES,121245.74044634598,367.0506864119039,13977.15546012417,13890.25953835454,BMW,1999,1
1289,69,43,CA,250/500,500,1431.2282052588378,0,MALE,PhD,Prof-specialty,Movies,not-in-family,66626.13026613709,29966.549530496177,Single Vehicle Collision,Rear Collision,Minor Damage,Fire,VA,Springfield,19,4,YES,0,2,NO,44634.821256078794,23333.859987121712,17782.134185131687,12034.612472979012,Audi,2018,0
1290,111,67,TX,500/1000,2000,1578.4861352798496,0,FEMALE,PhD,Craft-repair,Movies,other-relative,66959.72165770952,68957.88703123774,Parked Car,Front Collision,Minor Damage,Police,VA,Columbus,22,4,Unknown,1,1,NO,139731.66412149323,5838.399320264784,1216.3941494543574,7771.435108694991,Audi,1998,1
1291,3,62,IL,250/500,2000,1354.281918023049,0,MALE,College,Adm-clerical,Reading,unmarried,22028.736028870277,42422.092195274105,Single Vehicle Collision,Unknown,Minor Damage,None,NY,Springfield,18,3,NO,3,3,Unknown,143395.78765918728,17573.876168649178,13833.454895291523,27259.336650290785,Chevrolet,2018,0
1292,349,38,FL,500/1000,500,1607.5269156817922,0,MALE,JD,Craft-repair,Movies,other-relative,59533.84072223521,22933.657190507274,Parked Car,Side Collision,Total Loss,Fire,NY,Springfield,5,2,NO,1,2,YES,122464.53696438528,13422.64716947156,16694.739224903227,20714.88207751587,Volkswagen,2013,1
1293,330,70,TX,250/500,1000,712.2818036749402,0,MALE,College,Exec-managerial,Reading,own-child,90540.64648584275,43015.07529737574,Vehicle Theft,Unknown,Minor Damage,Ambulance,VA,Riverwood,22,4,NO,0,0,YES,148152.67618931338,17148.1155173304,14781.580042488178,49427.34483221924,Volkswagen,2018,1
1294,445,35,CA,100/300,500,1823.7052924147033,0,FEMALE,PhD,Adm-clerical,Reading,own-child,35318.76007629875,87129.69832225722,Vehicle Theft,Rear Collision,Minor Damage,Fire,VA,Springfield,6,3,NO,3,2,YES,79849.23467095992,4003.305882689886,25422.311175204566,29523.31901314073,Toyota,2016,0
1295,317,54,CA,500/1000,500,1373.5932626127546,1000000,MALE,College,Exec-managerial,Movies,other-relative,21076.69326418441,6860.6636539963465,Single Vehicle Collision,Unknown,Minor Damage,None,PA,Springfield,14,2,YES,3,1,NO,85595.33304477624,13706.75044233439,9333.719243754496,36528.186745063074,BMW,2003,1
1296,349,62,IL,100/300,2000,690.2658903388957,0,MALE,PhD,Adm-clerical,Exercise,own-child,77214.9516020762,36835.824728191204,Single Vehicle Collision,Front Collision,Major Damage,Ambulance,OH,Northbrook,4,2,YES,0,0,NO,125506.93888293652,1108.3405785498935,26522.295930136213,84773.63567593315,Dodge,2007,0
1297,94,49,CA,100/300,2000,1192.8878063086026,2000000,FEMALE,JD,Adm-clerical,Camping,husband,17688.29401594514,96233.94230171654,Single Vehicle Collision,Front Collision,Minor Damage,Fire,PA,Northbrook,15,4,NO,2,3,Unknown,74174.38574031951,1229.980444788924,12103.859097206712,14093.44215011962,Chevrolet,2015,0
1298,151,53,NY,500/1000,500,1767.1876067988671,0,MALE,High School,Exec-managerial,Exercise,own-child,25374.872039489193,1483.1842454580913,Vehicle Theft,Front Collision,Major Damage,Fire,PA,Columbus,5,1,YES,1,1,YES,61304.641021543895,19732.143923222095,20835.80196781969,35022.31367885271,Audi,2011,0
1299,310,34,FL,500/1000,1000,1846.3432901797403,0,FEMALE,High School,Exec-managerial,Movies,unmarried,10064.439431196248,89064.03175312186,Single Vehicle Collision,Side Collision,Total Loss,Police,VA,Columbus,2,1,YES,1,0,YES,92405.66188059357,28550.951204165398,2601.6818402189324,23211.657462638483,Toyota,2002,1
1300,136,52,TX,250/500,500,896.9742574981423,0,FEMALE,College,Adm-clerical,Movies,wife,26787.431607466926,37483.369857715945,Vehicle Theft,Unknown,Total Loss,None,OH,Northbrook,11,4,NO,2,2,NO,98820.09687190785,23321.787561143494,6004.622507064681,49470.02181396192,Volkswagen,2021,1
1301,246,66,FL,250/500,500,1566.8987370656796,0,MALE,PhD,Adm-clerical,Exercise,other-relative,41033.506621497836,18951.82045754571,Single Vehicle Collision,Unknown,Minor Damage,Fire,VA,Riverwood,3,1,YES,3,0,Unknown,112758.92534357686,14074.673417129312,22834.980334238153,66296.62676654333,BMW,2013,0
1302,386,28,IL,100/300,1000,649.977871225665,0,FEMALE,High School,Exec-managerial,Movies,not-in-family,6415.786194299111,1497.9747471701721,Multi-vehicle Collision,Unknown,Total Loss,None,PA,Riverwood,21,2,Unknown,2,1,Unknown,100396.00424038275,1676.1222027711874,369.86056615921245,73547.20982026606,Saab,2005,1
1303,242,38,TX,250/500,500,550.3188071182367,0,MALE,PhD,Exec-managerial,Reading,other-relative,87170.89108973005,7052.280139879607,Multi-vehicle Collision,Rear Collision,Minor Damage,Fire,PA,Columbus,2,3,Unknown,0,0,Unknown,111985.4083918676,1350.604483713126,29055.83217441298,46425.17283711117,Audi,2015,0
1304,30,69,TX,250/500,500,1340.598430729914,0,MALE,JD,Machine-op-inspct,Chess,own-child,51367.47922166857,17184.336422419223,Parked Car,Side Collision,Minor Damage,Ambulance,VA,Northbrook,15,3,YES,2,2,NO,101346.67079786847,4736.767833241743,5718.867031896455,76957.00157827213,Dodge,2008,0
1305,39,72,NY,500/1000,2000,1542.2413689921889,2000000,FEMALE,College,Machine-op-inspct,Movies,own-child,58810.36318885304,2540.92383795782,Multi-vehicle Collision,Side Collision,Trivial Damage,None,NY,Riverwood,15,4,NO,3,0,YES,72326.56315577673,29274.315118020797,27039.119587353696,70678.28815817084,Dodge,2012,0
1306,228,70,IL,250/500,1000,1693.680096764753,0,MALE,PhD,Machine-op-inspct,Movies,wife,37128.57564334544,33584.98680900046,Single Vehicle Collision,Unknown,Total Loss,Ambulance,NY,Springfield,22,3,Unknown,0,2,Unknown,20672.72035830231,11959.831993234895,15478.350846788573,14214.665122893088,Audi,2017,0
1307,35,43,CA,100/300,2000,1010.3243576830021,5000000,MALE,College,Craft-repair,Exercise,wife,66983.52295539118,4489.3114374420675,Multi-vehicle Collision,Side Collision,Minor Damage,None,VA,Columbus,18,4,YES,0,0,Unknown,117923.76272582113,25302.21875617935,16937.2610069139,22164.045435897566,Chevrolet,1999,0
1308,407,21,NY,250/500,2000,509.78811564333046,2000000,FEMALE,PhD,Adm-clerical,Reading,not-in-family,43178.173585103075,69221.60618444774,Multi-vehicle Collision,Unknown,Total Loss,Ambulance,WV,Columbus,14,1,YES,0,2,YES,5101.483132458617,21154.27316845791,2523.9536391307515,60487.67549717454,Volkswagen,2022,0
1309,222,51,NY,100/300,1000,1219.2788556670307,2000000,FEMALE,PhD,Prof-specialty,Exercise,unmarried,76131.37745392449,81890.71135374598,Single Vehicle Collision,Unknown,Total Loss,Fire,WV,Springfield,8,2,NO,1,2,Unknown,148878.76371832026,18162.859776481986,10956.562624721035,87733.98237468065,Chevrolet,2017,1
1310,5,69,FL,500/1000,1000,523.7803180603505,0,MALE,JD,Craft-repair,Exercise,husband,82140.21435154072,88746.39235710916,Multi-vehicle Collision,Unknown,Major Damage,Ambulance,NY,Springfield,19,1,NO,1,2,NO,124354.54424598214,28434.783349612248,4686.565823415042,33914.060083940014,Mercedes,2006,1
1311,321,65,FL,100/300,500,637.9767660061999,0,FEMALE,College,Adm-clerical,Movies,unmarried,67184.91118865227,54912.81809693352,Single Vehicle Collision,Front Collision,Total Loss,Ambulance,OH,Columbus,1,4,YES,0,3,Unknown,100801.1358932051,6912.3471185706585,15777.944830828283,20759.724873962186,Ford,2010,1
1312,467,35,FL,250/500,2000,990.0335337976226,0,FEMALE,Masters,Prof-specialty,Reading,not-in-family,49133.56191742305,94650.95411798655,Multi-vehicle Collision,Rear Collision,Minor Damage,Fire,PA,Springfield,5,2,NO,2,2,YES,145007.71239224076,13646.68987407461,16521.964370158486,78234.73614317254,Dodge,2010,0
1313,219,57,NY,500/1000,1000,1155.758074340266,0,FEMALE,PhD,Machine-op-inspct,Movies,other-relative,78226.93506022276,564.545055976684,Single Vehicle Collision,Side Collision,Minor Damage,None,OH,Riverwood,13,2,Unknown,1,1,NO,92064.30707770328,25941.68897023786,21290.00848752931,18045.115162905146,Chevrolet,2008,0
1314,74,52,CA,250/500,2000,919.2041618444728,0,FEMALE,PhD,Prof-specialty,Movies,own-child,49428.53114048491,13401.83221641227,Vehicle Theft,Rear Collision,Total Loss,Ambulance,NY,Columbus,8,2,Unknown,3,2,Unknown,8936.715671280033,16552.839229267312,26348.3447376955,62797.00383708256,Dodge,2001,0
1315,3,58,TX,500/1000,2000,1372.7978997570617,0,MALE,High School,Exec-managerial,Movies,unmarried,11150.990436956876,29316.598073091514,Vehicle Theft,Front Collision,Total Loss,Police,VA,Riverwood,9,1,YES,1,3,YES,84127.63501517074,7393.354188783331,14045.39448809582,3178.991424992223,Saab,2015,1
1316,334,46,FL,500/1000,1000,583.0246838271428,0,MALE,College,Exec-managerial,Movies,own-child,11634.02232441062,78902.44419542368,Parked Car,Side Collision,Total Loss,Police,WV,Columbus,17,2,YES,2,3,YES,41942.02575571295,6267.492505268304,7000.811102418198,1806.348307301539,Chevrolet,2015,0
1317,133,69,CA,250/500,500,716.869565359377,0,FEMALE,Masters,Adm-clerical,Chess,own-child,94858.31396330013,88538.9140133857,Multi-vehicle Collision,Unknown,Major Damage,Ambulance,NY,Riverwood,14,1,NO,1,1,YES,55736.890433673296,22586.430031269032,10007.149843249485,40695.847583580406,Audi,2003,0
1318,117,46,IL,250/500,2000,1542.8876011331504,1000000,MALE,JD,Craft-repair,Camping,unmarried,21356.300845787613,61813.44513060778,Parked Car,Rear Collision,Total Loss,Ambulance,OH,Northbrook,3,1,Unknown,2,2,YES,69207.98079957932,383.66682756266204,25412.694388168118,59122.9574667363,Toyota,1997,0
1319,368,55,FL,500/1000,1000,713.2112803968766,0,FEMALE,Masters,Machine-op-inspct,Reading,unmarried,81592.49910219763,38323.634440913855,Single Vehicle Collision,Front Collision,Total Loss,Ambulance,OH,Riverwood,4,2,NO,2,3,Unknown,116302.81158512314,27425.76232208649,4375.904552362844,12904.85741089328,BMW,2008,1
1320,93,59,TX,500/1000,500,1459.6628023556336,0,FEMALE,JD,Adm-clerical,Chess,wife,24670.540727502856,66584.5603586064,Vehicle Theft,Side Collision,Major Damage,None,NY,Springfield,22,4,YES,1,3,Unknown,75687.91754845795,552.5396434560903,18817.682350160474,68773.03252483826,Audi,2018,0
1321,485,38,IL,250/500,2000,582.0269311300483,1000000,MALE,Masters,Machine-op-inspct,Camping,not-in-family,43078.00938568164,18089.937202436613,Single Vehicle Collision,Side Collision,Minor Damage,Fire,PA,Northbrook,20,2,YES,2,0,NO,71464.70347834929,18929.671406421123,392.5765152843053,11673.409768836244,Chevrolet,1995,0
1322,434,59,IL,100/300,1000,1111.0734186787106,0,MALE,Masters,Exec-managerial,Camping,not-in-family,65494.811209814405,45787.405217243206,Parked Car,Rear Collision,Total Loss,Police,OH,Columbus,5,2,YES,2,0,NO,45644.83459240598,18142.438843260217,7370.079853627281,48080.33192766356,BMW,2008,0
1323,61,30,TX,250/500,2000,766.1142051817735,0,MALE,College,Craft-repair,Camping,husband,15886.717289590413,50754.409832328995,Single Vehicle Collision,Rear Collision,Trivial Damage,Police,PA,Riverwood,14,1,YES,3,1,YES,81210.9001569791,17352.33453164343,17742.254925043784,27816.097385709534,Dodge,2014,0
1324,440,66,FL,500/1000,1000,664.4544238027796,1000000,MALE,High School,Craft-repair,Chess,wife,73724.64883638776,10487.12210112146,Single Vehicle Collision,Side Collision,Total Loss,None,PA,Columbus,19,2,YES,0,0,YES,37634.43273807968,14230.291526002666,13692.361200080124,67727.56958281016,Dodge,2022,0
1325,193,58,NY,250/500,1000,1350.5491752518415,0,FEMALE,Masters,Exec-managerial,Reading,husband,68991.29725565383,3387.266022160629,Single Vehicle Collision,Side Collision,Total Loss,Ambulance,VA,Northbrook,1,4,YES,0,2,NO,39518.57540353008,25572.909980658333,14806.48470729694,72390.09614539317,Volkswagen,2012,0
1326,334,34,TX,100/300,2000,1892.5036580084327,0,FEMALE,PhD,Prof-specialty,Exercise,unmarried,54308.288910578296,75010.5497350146,Single Vehicle Collision,Front Collision,Minor Damage,Ambulance,NY,Springfield,15,2,NO,1,0,Unknown,113710.1868841058,19779.98610871453,19816.861513788182,6041.602436666151,Ford,1997,1
1327,202,73,TX,250/500,2000,582.1805718853233,0,MALE,PhD,Craft-repair,Camping,not-in-family,56588.97560424324,53470.635927970856,Vehicle Theft,Unknown,Major Damage,Fire,NY,Springfield,4,4,NO,2,3,Unknown,51710.81604410896,23455.868444981807,7037.580732557024,17415.1507807411,Volkswagen,2021,0
1328,391,26,TX,500/1000,1000,1132.3313723270512,0,FEMALE,PhD,Prof-specialty,Exercise,not-in-family,10577.179352159039,33223.870187793545,Single Vehicle Collision,Unknown,Total Loss,Fire,PA,Springfield,22,3,NO,1,1,Unknown,8184.251104397222,3465.6541793756946,8424.148209795072,80348.70545028866,Audi,2000,0
1329,25,58,IL,250/500,500,1561.3031566181655,0,MALE,High School,Machine-op-inspct,Exercise,husband,43594.91504351223,43722.863166115014,Single Vehicle Collision,Front Collision,Major Damage,Police,VA,Columbus,3,3,Unknown,1,0,YES,51879.75424129963,1496.9591237232717,20533.74622283539,37463.594010417924,Mercedes,1998,0
1330,434,18,CA,500/1000,2000,1194.0317475317406,0,MALE,Masters,Craft-repair,Movies,other-relative,8657.139535762459,95770.34132432962,Vehicle Theft,Side Collision,Minor Damage,Fire,OH,Springfield,0,3,NO,0,1,NO,95966.54507605953,855.8552678933595,16148.742226316068,42958.55429703679,Toyota,1995,0
1331,172,19,NY,500/1000,1000,1709.7439191578678,0,MALE,JD,Exec-managerial,Exercise,wife,30786.32910335106,38491.37719139506,Single Vehicle Collision,Rear Collision,Minor Damage,Police,OH,Springfield,7,2,YES,2,2,NO,122190.84520825969,4416.179564207783,437.60472776482874,15205.343365464723,Mercedes,2015,0
1332,299,65,FL,250/500,1000,769.4679737961975,0,FEMALE,JD,Prof-specialty,Movies,wife,90031.21410906335,10347.922665377308,Single Vehicle Collision,Rear Collision,Total Loss,None,NY,Columbus,20,1,NO,1,2,NO,144309.53386815803,20010.236707632474,20109.833858563234,89541.04220543925,Toyota,1997,1
1333,132,46,FL,500/1000,500,1939.3913075416108,1000000,FEMALE,College,Machine-op-inspct,Reading,wife,57453.34005547921,46360.217956334374,Parked Car,Side Collision,Minor Damage,Ambulance,PA,Columbus,9,4,NO,1,0,Unknown,112059.95301050889,14820.652672235125,18602.761222568344,83081.9866872554,Dodge,2023,0
1334,325,50,CA,500/1000,500,1077.7439416588109,0,MALE,High School,Machine-op-inspct,Reading,not-in-family,74270.34381526816,64804.83734780687,Vehicle Theft,Front Collision,Major Damage,Ambulance,VA,Northbrook,14,3,Unknown,0,0,NO,64613.31560781711,22567.567684862126,2358.227213948213,282.017921303707,Volkswagen,2022,0
1335,409,27,TX,100/300,500,1012.3544494164126,1000000,MALE,Masters,Craft-repair,Movies,own-child,57388.586737589234,1211.311609989152,Multi-vehicle Collision,Side Collision,Major Damage,Police,VA,Springfield,1,4,YES,0,0,NO,45218.332241141165,5751.910102263225,22425.584845229583,49611.047970943866,Chevrolet,2012,0
1336,117,67,NY,100/300,2000,1811.9086917547488,0,MALE,PhD,Craft-repair,Reading,not-in-family,19423.675800664907,33234.05600151805,Single Vehicle Collision,Rear Collision,Total Loss,Ambulance,OH,Northbrook,18,1,Unknown,0,3,Unknown,19879.68353054796,11008.891259113847,15663.04376841212,78516.83778592359,Audi,2014,0
1337,323,57,FL,100/300,1000,1345.80054783765,1000000,MALE,High School,Adm-clerical,Camping,own-child,59480.83157798915,39351.44201304498,Parked Car,Side Collision,Minor Damage,None,OH,Riverwood,11,4,Unknown,1,2,YES,94339.1219496941,26654.92645648635,6142.418518708789,38804.97120043302,Chevrolet,2023,0
1338,274,38,FL,100/300,1000,1274.6665128542322,0,FEMALE,High School,Adm-clerical,Reading,not-in-family,75538.8077305525,46371.48457639457,Vehicle Theft,Side Collision,Minor Damage,Fire,WV,Riverwood,9,4,Unknown,2,3,YES,76727.55545929645,28071.436380856,16780.691043492818,39369.60184604397,Mercedes,2014,0
1339,211,45,TX,500/1000,1000,1590.4668792926464,0,FEMALE,Masters,Craft-repair,Movies,unmarried,13840.50028670275,30168.41936744553,Single Vehicle Collision,Front Collision,Total Loss,None,WV,Riverwood,11,3,NO,0,0,Unknown,101816.37670839911,27651.874649675152,17863.755425130097,34203.30938969341,Chevrolet,1997,1
1340,224,28,CA,250/500,500,1369.7513574216355,0,MALE,College,Adm-clerical,Camping,not-in-family,81690.67100945849,66692.22584658733,Multi-vehicle Collision,Unknown,Minor Damage,Ambulance,PA,Riverwood,20,4,YES,0,2,NO,35951.40689003291,24549.151326022875,27603.561875707117,2691.6673304635788,Ford,2015,0
1341,19,72,NY,500/1000,1000,743.773467135673,1000000,MALE,College,Exec-managerial,Exercise,unmarried,55539.217897829585,94470.92237258122,Single Vehicle Collision,Rear Collision,Major Damage,None,WV,Columbus,19,3,YES,2,3,YES,48884.803132436864,20647.07635793676,22264.332766535113,71146.47189324789,Volkswagen,2015,0
1342,112,51,CA,500/1000,2000,1511.2964342973946,0,FEMALE,College,Exec-managerial,Exercise,own-child,427.52021687813004,91399.81760397153,Parked Car,Rear Collision,Minor Damage,Ambulance,VA,Northbrook,8,1,Unknown,1,3,YES,44168.25475004654,27410.33682082391,9057.730634735977,41164.98978485942,Dodge,2010,0
1343,139,25,CA,500/1000,500,700.2033189231927,0,MALE,PhD,Adm-clerical,Exercise,wife,51977.848633797694,66439.34148090167,Vehicle Theft,Side Collision,Total Loss,Police,WV,Northbrook,7,3,YES,1,1,YES,119748.95040507437,21425.447754979174,3543.9890269257767,47842.800892494946,Audi,2018,1
1344,46,39,NY,250/500,500,1708.786558001093,0,FEMALE,PhD,Craft-repair,Movies,own-child,39567.14921368296,50688.40661442501,Parked Car,Rear Collision,Major Damage,Fire,NY,Columbus,1,4,YES,2,3,Unknown,26098.85732207034,28618.08746176481,25595.522162423425,23086.092000916793,Audi,2020,0
1345,0,25,NY,100/300,500,1984.6048965684065,1000000,FEMALE,Masters,Exec-managerial,Exercise,husband,29644.651128998757,82581.51264416594,Vehicle Theft,Rear Collision,Total Loss,Fire,NY,Riverwood,20,1,Unknown,0,0,YES,91466.58149516209,743.6499611066538,25382.03063626338,70592.25243680707,Dodge,2001,1
1346,89,66,FL,500/1000,500,1066.0814374621646,0,MALE,College,Machine-op-inspct,Reading,wife,77125.72199178752,83593.71878585636,Multi-vehicle Collision,Unknown,Major Damage,Ambulance,OH,Northbrook,23,2,NO,3,0,NO,8177.574855986455,27649.26257683731,5259.300441718718,71457.99434872987,Volkswagen,2021,0
1347,141,32,FL,500/1000,2000,1167.1338473030187,0,FEMALE,Masters,Craft-repair,Exercise,not-in-family,89949.98836588509,82957.3052819695,Single Vehicle Collision,Rear Collision,Major Damage,Ambulance,OH,Springfield,23,2,Unknown,2,3,Unknown,82654.37259730708,16672.216084181244,1863.9355559365988,49807.58143497316,BMW,2003,0
1348,319,34,NY,100/300,1000,569.6504832242184,0,FEMALE,College,Prof-specialty,Chess,not-in-family,76265.30893451102,15784.593786939971,Parked Car,Rear Collision,Total Loss,Fire,PA,Columbus,6,1,Unknown,3,1,Unknown,10055.139375081859,3353.932554613748,21355.93949448117,81426.05052943472,BMW,2017,0
1349,37,40,IL,500/1000,2000,520.5997821238674,0,FEMALE,High School,Prof-specialty,Chess,not-in-family,84677.25815908732,2543.234136194017,Multi-vehicle Collision,Front Collision,Total Loss,None,NY,Columbus,3,1,NO,1,1,YES,26793.55032280411,6447.338092118841,21677.454925094524,10517.992342325106,Mercedes,1996,0
1350,292,41,FL,250/500,1000,1882.1290023144916,2000000,FEMALE,JD,Craft-repair,Exercise,not-in-family,90878.09432111731,98319.34097481101,Multi-vehicle Collision,Front Collision,Minor Damage,None,PA,Springfield,18,4,NO,1,1,NO,17397.28265700755,25564.77851744741,5314.312611161371,70817.73715145957,Volkswagen,1997,0
1351,381,62,IL,500/1000,2000,692.9360906587881,1000000,MALE,JD,Adm-clerical,Exercise,not-in-family,91262.93113764777,95965.41957209741,Single Vehicle Collision,Front Collision,Major Damage,None,PA,Riverwood,7,2,NO,3,3,Unknown,52335.44040557226,15183.50864539548,20046.355786723663,50316.71439462774,Toyota,2016,0
1352,138,36,NY,500/1000,500,1168.6681213392055,0,FEMALE,College,Exec-managerial,Chess,own-child,11463.814299675745,56437.84608887631,Parked Car,Front Collision,Total Loss,Fire,WV,Riverwood,23,1,NO,0,3,YES,51887.8469473055,29484.531704857098,8367.712340907865,20868.083716576788,Mercedes,1995,0
1353,355,22,FL,100/300,500,1723.031935783342,0,FEMALE,Masters,Exec-managerial,Exercise,unmarried,45638.54888871615,99306.37167173607,Single Vehicle Collision,Front Collision,Major Damage,Police,OH,Northbrook,12,2,Unknown,3,1,NO,124049.68246887432,3525.933285149131,7818.510839064121,11994.110060405352,Chevrolet,2018,0
1354,332,49,CA,500/1000,2000,1833.9781398924792,1000000,FEMALE,PhD,Craft-repair,Camping,own-child,28.64743929102964,77054.70447678606,Single Vehicle Collision,Unknown,Total Loss,Ambulance,PA,Springfield,20,2,NO,0,3,NO,34240.273981389044,12375.103917003875,9735.538022710274,27160.532925023166,Ford,2017,1
1355,490,61,NY,500/1000,2000,1279.0965279252014,0,MALE,College,Machine-op-inspct,Chess,other-relative,50646.258470367255,51738.01834534505,Vehicle Theft,Rear Collision,Minor Damage,Ambulance,PA,Northbrook,2,4,YES,2,2,Unknown,13414.817895209559,9956.233292422803,15611.890995505628,77082.80103732053,Audi,2000,0
1356,258,18,TX,250/500,1000,1347.5487874639248,5000000,MALE,College,Adm-clerical,Movies,own-child,92424.39343437908,38933.10671432224,Vehicle Theft,Side Collision,Trivial Damage,Fire,OH,Riverwood,4,1,Unknown,1,0,YES,90725.0127267124,15484.063081947652,24133.61769985868,70906.97953588463,Mercedes,2015,0
1357,160,40,IL,100/300,2000,1504.5259586949087,0,MALE,PhD,Machine-op-inspct,Chess,wife,19910.22903981734,59286.320949351815,Single Vehicle Collision,Unknown,Minor Damage,Police,OH,Northbrook,19,3,Unknown,1,3,NO,103273.87959020102,19003.134566091554,14959.312526688786,58097.405081041805,Toyota,2009,1
1358,389,54,NY,100/300,2000,1942.0737052155728,0,FEMALE,College,Craft-repair,Reading,not-in-family,63978.66287665797,51580.21016654792,Vehicle Theft,Side Collision,Trivial Damage,Fire,NY,Springfield,7,1,NO,3,2,Unknown,44576.130595207345,19848.884081449633,8941.280868722231,8220.3979997526,Ford,2020,0
1359,177,25,NY,250/500,1000,1404.0049414167577,0,MALE,High School,Craft-repair,Camping,own-child,64437.90464178937,99380.2526701196,Parked Car,Front Collision,Minor Damage,None,OH,Springfield,1,2,NO,2,3,Unknown,90620.71039602588,38.876397353341254,26519.22896135548,85939.274512923,Mercedes,1999,0
1360,9,30,FL,500/1000,1000,1339.2128891845193,0,MALE,PhD,Machine-op-inspct,Movies,unmarried,16035.398468777295,49046.0316009237,Vehicle Theft,Rear Collision,Total Loss,None,WV,Springfield,23,3,YES,3,2,Unknown,116520.45691699328,2668.813013447038,1652.69872327094,27559.0679005491,Dodge,2007,1
1361,260,25,FL,100/300,1000,521.801202898986,2000000,MALE,High School,Prof-specialty,Exercise,not-in-family,23852.743931746034,83592.10861871572,Multi-vehicle Collision,Front Collision,Total Loss,Ambulance,NY,Riverwood,9,3,NO,3,1,Unknown,52459.16439187879,1051.9150096785568,23912.74451694241,54669.298502720754,Ford,2002,0
1362,406,74,FL,100/300,2000,621.4245530335342,0,FEMALE,JD,Craft-repair,Reading,husband,46202.17839602411,81362.38231382413,Single Vehicle Collision,Unknown,Trivial Damage,Ambulance,PA,Columbus,21,2,Unknown,3,0,Unknown,79040.39907000022,25937.97439194832,23531.452737655673,72298.85818540854,Saab,2018,0
1363,137,40,TX,500/1000,1000,1365.7574399359944,1000000,MALE,PhD,Adm-clerical,Reading,other-relative,18820.937645434544,7140.6273505790095,Single Vehicle Collision,Side Collision,Major Damage,Ambulance,WV,Columbus,15,3,NO,0,3,NO,22421.674414011846,9398.767594789668,7606.404304630293,12043.739517842347,Toyota,2007,0
1364,171,60,FL,500/1000,500,1904.3605817108048,0,MALE,PhD,Machine-op-inspct,Camping,wife,58499.39785245091,8700.676731063117,Parked Car,Rear Collision,Major Damage,Ambulance,WV,Columbus,3,3,YES,1,2,Unknown,4035.1967599919635,11011.903256290929,5948.85547560839,58732.48712880299,Saab,2013,0
1365,385,18,NY,100/300,500,1800.0370225990926,1000000,MALE,Masters,Prof-specialty,Movies,unmarried,48454.17310222691,65981.01148013961,Single Vehicle Collision,Unknown,Total Loss,None,NY,Northbrook,13,1,Unknown,1,2,YES,147214.51223421903,13511.13746840078,26241.016844867918,3003.4101037087103,BMW,2003,1
1366,12,62,FL,500/1000,500,1973.868384488307,0,FEMALE,Masters,Machine-op-inspct,Reading,other-relative,51919.81785123731,25910.80067353013,Vehicle Theft,Unknown,Minor Damage,None,PA,Springfield,2,2,Unknown,3,1,YES,45309.76215518731,25479.131917607272,16766.13880680973,9250.859104240266,BMW,1997,0
1367,167,68,CA,100/300,2000,1291.751056341911,1000000,FEMALE,PhD,Prof-specialty,Movies,own-child,13446.755282055523,65752.70346971064,Multi-vehicle Collision,Rear Collision,Total Loss,Police,NY,Riverwood,9,4,NO,0,0,NO,42195.85658291233,424.9878288640474,1380.3407289424385,65110.61273500006,Saab,2023,0
1368,129,41,FL,500/1000,500,1681.8964076566504,0,MALE,JD,Prof-specialty,Movies,other-relative,51725.18254386434,14462.589431353,Single Vehicle Collision,Rear Collision,Total Loss,Ambulance,VA,Columbus,12,3,YES,1,0,Unknown,146000.1474093766,3558.5482313955117,26724.97549401428,14041.885785994195,Toyota,2020,1
1369,83,52,TX,500/1000,2000,1760.6004972340106,1000000,MALE,College,Adm-clerical,Reading,not-in-family,4947.819105413931,39706.82272058039,Vehicle Theft,Unknown,Major Damage,Fire,VA,Columbus,4,2,YES,0,0,Unknown,109370.91180258595,20554.89366422701,10470.179530670213,39971.254425153515,Volkswagen,2008,1
1370,320,41,CA,250/500,2000,1472.0474859962926,0,MALE,Masters,Craft-repair,Movies,not-in-family,88153.52980116816,10247.026632558398,Multi-vehicle Collision,Side Collision,Major Damage,Police,NY,Northbrook,21,1,NO,2,2,NO,88002.03424710224,28916.77568122791,10264.696614300792,22425.096314885486,Dodge,2018,0
1371,318,34,NY,500/1000,500,1008.1248563217608,0,FEMALE,JD,Prof-specialty,Camping,husband,34324.96908055924,28209.307681563932,Single Vehicle Collision,Side Collision,Total Loss,Police,PA,Northbrook,16,1,Unknown,0,3,Unknown,105048.84756645685,19283.592638910228,19298.6381147962,37968.5328294278,Saab,2001,1
1372,100,22,NY,250/500,1000,1204.9676519866916,1000000,FEMALE,JD,Craft-repair,Reading,other-relative,85633.73248357074,8829.859010767128,Single Vehicle Collision,Unknown,Major Damage,None,PA,Columbus,16,1,Unknown,0,3,Unknown,106634.0217209627,7833.704054025697,19839.328283957275,7042.099602203234,Mercedes,2007,1
1373,328,37,IL,500/1000,2000,1786.8756083653516,0,MALE,Masters,Adm-clerical,Camping,other-relative,70165.63687448438,97057.86551976789,Single Vehicle Collision,Unknown,Major Damage,Ambulance,OH,Springfield,10,3,Unknown,2,1,YES,114618.71410380088,15595.93286359852,10599.483624852444,67965.55890928494,Saab,2003,0
1374,272,38,CA,100/300,500,947.8218889732459,0,FEMALE,College,Craft-repair,Camping,not-in-family,76617.2589297181,39505.843451227505,Multi-vehicle Collision,Front Collision,Trivial Damage,Police,WV,Springfield,18,4,NO,1,0,Unknown,10544.790097278032,29249.41426744303,4298.36783690642,7205.801847730887,Audi,2005,0
1375,264,57,IL,100/300,2000,1885.6146968999728,0,MALE,Masters,Exec-managerial,Movies,own-child,31454.449453892274,90118.8767898186,Single Vehicle Collision,Front Collision,Total Loss,Ambulance,NY,Northbrook,17,1,Unknown,1,3,NO,62218.29725754175,15842.296397033728,16568.09290109017,75428.51331270624,Chevrolet,2003,0
1376,458,48,CA,500/1000,1000,844.7095121339976,0,FEMALE,JD,Prof-specialty,Movies,own-child,22774.393983405516,97117.17690288482,Single Vehicle Collision,Side Collision,Major Damage,None,WV,Northbrook,16,4,Unknown,0,2,YES,44621.98251603596,11205.228891846073,18755.374940257203,59668.536888843555,Toyota,2005,0
1377,398,63,CA,500/1000,1000,1624.274622735171,0,MALE,High School,Adm-clerical,Reading,wife,40674.05538411148,90956.26601275719,Vehicle Theft,Front Collision,Total Loss,Police,WV,Springfield,10,2,NO,0,2,NO,11050.16095829232,11502.76664516161,25806.67095176921,37551.04325221906,Ford,2008,0
1378,407,53,TX,100/300,500,1445.8388515186075,0,FEMALE,Masters,Machine-op-inspct,Exercise,own-child,2422.586241279934,45495.96643662088,Vehicle Theft,Side Collision,Minor Damage,Police,VA,Northbrook,14,1,Unknown,2,0,NO,62183.550028541096,29011.00525775192,14533.199620951977,77997.14025799722,Audi,2009,0
1379,37,28,IL,500/1000,2000,1624.3991616811434,0,MALE,JD,Adm-clerical,Reading,other-relative,91875.56768683494,77889.72975820572,Vehicle Theft,Rear Collision,Minor Damage,Fire,VA,Northbrook,7,3,NO,2,1,Unknown,92617.93606926544,21567.495801951176,19370.882387046655,16833.20195300193,Audi,2011,0
1380,418,69,TX,250/500,2000,1156.0213586488921,0,FEMALE,Masters,Prof-specialty,Camping,husband,38701.42659661245,15369.948375502596,Vehicle Theft,Front Collision,Minor Damage,None,NY,Springfield,11,1,YES,1,1,Unknown,27185.40315617561,20615.185668661416,1632.2648344762558,23884.324044592806,BMW,1995,0
1381,93,32,CA,250/500,2000,1898.9615938309769,0,MALE,JD,Adm-clerical,Movies,own-child,98855.6604843565,9483.261381920882,Single Vehicle Collision,Side Collision,Minor Damage,Fire,NY,Springfield,16,3,YES,1,0,YES,46101.49821123414,6961.629650722404,26835.687006184857,12427.417183162677,Ford,1997,0
1382,94,36,NY,250/500,2000,1448.7083036172162,2000000,MALE,College,Machine-op-inspct,Camping,not-in-family,76144.94208074128,87690.14678307279,Multi-vehicle Collision,Side Collision,Minor Damage,None,PA,Riverwood,23,2,NO,2,2,NO,96056.03787661453,16784.53913290723,9816.474396201063,34403.025526774145,Saab,2017,0
1383,304,24,CA,250/500,500,932.4437068313844,0,MALE,JD,Exec-managerial,Chess,not-in-family,8051.500979931047,3112.014570324839,Single Vehicle Collision,Unknown,Major Damage,Fire,NY,Northbrook,4,4,NO,0,1,NO,87109.0363048034,10702.355955669404,18966.633730269357,88807.31330759446,Chevrolet,1997,1
1384,68,68,TX,250/500,1000,1457.6826059782156,0,MALE,PhD,Prof-specialty,Chess,wife,66018.82778425759,97232.735089717,Parked Car,Side Collision,Total Loss,None,PA,Northbrook,3,4,NO,2,2,Unknown,130383.42674439697,7206.045775618495,27481.548939397246,14576.361264282448,Ford,1997,0
1385,317,45,IL,500/1000,500,930.2236208105468,0,FEMALE,High School,Prof-specialty,Camping,wife,27083.91648379551,67213.38800641129,Multi-vehicle Collision,Front Collision,Total Loss,None,PA,Riverwood,23,4,Unknown,1,2,NO,118789.02996273233,26866.568580423136,24315.773530940613,74804.7860793353,Audi,1998,0
1386,443,68,IL,500/1000,2000,940.4485876398113,0,MALE,JD,Adm-clerical,Exercise,other-relative,24371.86455813801,41961.302140060885,Parked Car,Unknown,Total Loss,Police,NY,Northbrook,23,1,Unknown,0,3,NO,144858.85231676142,11494.674262878403,19131.11572433597,58704.01844340918,Mercedes,2018,1
1387,235,60,TX,250/500,2000,1099.3977674313019,0,FEMALE,Masters,Craft-repair,Exercise,own-child,25656.266990321285,14137.532638105522,Single Vehicle Collision,Unknown,Total Loss,Fire,PA,Northbrook,10,1,NO,3,1,NO,89780.39986194989,8483.614874141933,21108.234842102556,1521.690342006173,Mercedes,2011,1
1388,433,22,IL,500/1000,1000,1778.6456263536784,0,FEMALE,Masters,Craft-repair,Reading,own-child,91607.50486928169,72323.11509547122,Multi-vehicle Collision,Front Collision,Minor Damage,Fire,WV,Columbus,7,2,NO,3,2,NO,104920.87127853814,27951.61189825104,27627.153478949287,85045.62834509925,Dodge,2014,0
1389,333,22,FL,500/1000,2000,1250.446811590988,0,MALE,JD,Machine-op-inspct,Reading,wife,49998.01760713749,56311.17544033528,Multi-vehicle Collision,Rear Collision,Minor Damage,Fire,PA,Columbus,15,4,Unknown,2,3,NO,129145.68569275324,5920.391893683762,24362.79540440385,87401.10474372613,Dodge,1998,0
1390,372,47,NY,250/500,500,1518.351263345311,0,MALE,PhD,Exec-managerial,Reading,own-child,66947.08988116059,71112.70074465693,Vehicle Theft,Front Collision,Major Damage,Police,WV,Columbus,15,2,Unknown,1,2,YES,126078.87050137758,22365.14354149568,18295.771816114706,83248.57309735275,Toyota,2007,0
1391,375,71,NY,500/1000,500,1087.9516104116947,0,MALE,JD,Exec-managerial,Movies,other-relative,28094.78257997007,41792.2205628921,Single Vehicle Collision,Front Collision,Major Damage,Ambulance,WV,Riverwood,2,3,NO,0,0,NO,107948.88548292204,19582.41433392788,19761.08118628879,45206.39522786233,Saab,2018,0
1392,458,49,NY,500/1000,1000,895.4081597103223,1000000,MALE,College,Adm-clerical,Exercise,husband,52295.44551851182,6626.008306091169,Parked Car,Unknown,Total Loss,None,WV,Northbrook,11,1,Unknown,3,1,NO,75288.30330140928,27614.532851168566,4418.052724956357,19911.728904581516,Mercedes,2001,0
1393,136,25,IL,500/1000,500,1931.960241074347,0,FEMALE,PhD,Adm-clerical,Camping,not-in-family,35010.01382111898,31497.220055072696,Multi-vehicle Collision,Front Collision,Total Loss,Fire,OH,Riverwood,23,4,Unknown,0,2,YES,41344.42979049396,24961.414127018346,14105.030393117991,35274.69450459628,Saab,1998,0
1394,417,27,IL,250/500,500,1405.371870684594,0,FEMALE,JD,Craft-repair,Chess,other-relative,32113.904039640074,31502.07532146908,Multi-vehicle Collision,Rear Collision,Minor Damage,None,OH,Riverwood,12,1,YES,0,1,Unknown,131643.7552133432,21158.856538189244,9029.929430509994,55315.82002281917,Audi,2022,0
1395,75,55,CA,500/1000,500,1900.9270078740774,0,FEMALE,High School,Exec-managerial,Exercise,own-child,24696.884797021223,867.9158337660864,Vehicle Theft,Rear Collision,Total Loss,Police,PA,Northbrook,0,4,NO,0,3,Unknown,116609.9886144771,9437.14982091287,12959.119034997491,34157.390644478735,Audi,2002,1
1396,482,64,CA,100/300,500,805.1195032974725,1000000,FEMALE,PhD,Exec-managerial,Exercise,other-relative,40900.68984934006,958.1015098923507,Multi-vehicle Collision,Rear Collision,Total Loss,None,NY,Springfield,3,4,NO,0,1,YES,125767.08931779263,14867.070338116477,19867.40620592269,63764.631413184485,Dodge,2005,1
1397,34,49,NY,100/300,2000,720.3412458693991,2000000,MALE,JD,Exec-managerial,Exercise,not-in-family,66003.0110630023,33075.82872004433,Vehicle Theft,Unknown,Major Damage,Police,PA,Springfield,20,1,Unknown,2,2,YES,21548.003063007025,28334.872840415395,4474.532808052668,71622.24174510902,Dodge,2013,0
1398,0,65,FL,250/500,500,1783.7343606858553,2000000,FEMALE,High School,Machine-op-inspct,Reading,unmarried,22204.377606710903,72762.33847992125,Multi-vehicle Collision,Front Collision,Minor Damage,Ambulance,OH,Northbrook,5,1,YES,0,1,Unknown,47564.52528929656,696.0789174448057,521.2789098377079,18924.421588460384,Saab,2020,0
1399,295,45,CA,100/300,1000,1521.3758189258772,0,MALE,JD,Machine-op-inspct,Movies,not-in-family,96544.39868773501,62404.37304168749,Multi-vehicle Collision,Side Collision,Major Damage,Fire,VA,Springfield,4,2,NO,3,0,NO,64020.313165997846,23829.95471460117,11907.732096981888,36504.27755462377,Ford,2001,0
1400,319,34,CA,250/500,1000,779.8677488804619,0,MALE,College,Adm-clerical,Camping,not-in-family,12461.167646366666,23901.764670650904,Single Vehicle Collision,Front Collision,Total Loss,Police,VA,Columbus,4,1,NO,3,0,NO,125833.61985893382,7554.31051361638,9665.529434641716,86201.21940474278,Dodge,2003,1
1401,405,48,IL,100/300,500,904.0395509953066,0,FEMALE,Masters,Craft-repair,Reading,unmarried,48020.720772143635,60276.265217217115,Multi-vehicle Collision,Rear Collision,Total Loss,None,PA,Northbrook,20,1,Unknown,2,3,YES,133986.557570841,5550.508298813751,12612.961791051219,22557.631433511157,Mercedes,2016,1
1402,59,25,FL,100/300,1000,1700.9959122879668,1000000,FEMALE,JD,Prof-specialty,Movies,own-child,8502.821635534941,64737.75955594916,Vehicle Theft,Front Collision,Total Loss,Police,OH,Riverwood,9,1,NO,3,2,NO,43091.4607811653,6966.7384326695865,27936.62761106942,31245.629224639164,Dodge,1998,0
1403,319,57,NY,100/300,500,1180.8029299939042,5000000,FEMALE,PhD,Craft-repair,Exercise,own-child,2266.532106900998,52256.9922824999,Vehicle Theft,Unknown,Total Loss,Police,WV,Columbus,18,3,Unknown,0,1,YES,103121.16050623183,1792.5297449054144,21212.52303644531,3305.879296292308,Volkswagen,1998,1
1404,348,42,CA,250/500,1000,1505.8107597591363,0,FEMALE,JD,Machine-op-inspct,Movies,husband,92267.73196983634,52135.39751868225,Vehicle Theft,Front Collision,Total Loss,Ambulance,OH,Riverwood,17,3,YES,3,3,Unknown,12133.223819808229,29759.394728585034,9823.763237974805,29979.707095213762,Volkswagen,1995,0
1405,327,26,FL,250/500,1000,977.5280332040163,0,FEMALE,JD,Machine-op-inspct,Reading,not-in-family,81038.4793950634,36974.78730626393,Parked Car,Unknown,Minor Damage,Fire,PA,Springfield,1,3,YES,1,3,NO,61731.20415932979,26096.07429675435,5378.364667101093,33446.73268955882,Saab,2000,1
1406,266,19,FL,500/1000,500,1071.844929162315,0,FEMALE,JD,Adm-clerical,Exercise,other-relative,69415.53731255583,12339.436375323676,Multi-vehicle Collision,Side Collision,Total Loss,Police,OH,Northbrook,15,2,NO,0,2,Unknown,73257.03160890682,15631.679058966822,18554.348827708094,9075.216810451328,Mercedes,1997,0
1407,360,32,NY,250/500,500,1986.0688379346575,0,MALE,JD,Prof-specialty,Reading,husband,86519.08131499447,38548.38000504246,Single Vehicle Collision,Side Collision,Minor Damage,Police,VA,Columbus,14,2,Unknown,2,1,NO,114962.10582741782,21453.095356712758,19727.287545285093,229.65827364765528,Saab,1997,1
1408,228,67,FL,100/300,2000,871.4256307620778,0,MALE,PhD,Exec-managerial,Camping,own-child,80284.84229697286,34533.431614682755,Single Vehicle Collision,Unknown,Minor Damage,None,WV,Northbrook,23,4,YES,1,3,NO,133849.8494071495,16697.86088770523,14508.680516335051,51828.95304474704,Volkswagen,1995,0
1409,269,20,FL,100/300,500,1259.684565554771,0,MALE,PhD,Prof-specialty,Exercise,own-child,64723.77209863922,59197.25928760583,Parked Car,Front Collision,Minor Damage,Police,PA,Columbus,4,2,NO,3,3,NO,50923.8437557562,24347.36833352497,6382.823238664804,27207.24145945182,Saab,2001,0
1410,315,66,FL,250/500,500,1766.6035147857983,0,FEMALE,JD,Prof-specialty,Movies,wife,84734.23257683692,85626.01687666084,Multi-vehicle Collision,Rear Collision,Total Loss,Police,PA,Columbus,20,1,NO,1,2,YES,79396.96404631424,25342.95574671034,856.6578250959111,1702.362969682277,BMW,2003,1
1411,285,53,CA,250/500,2000,858.8348204987869,0,MALE,Masters,Prof-specialty,Reading,husband,39080.05534601052,37537.516484038504,Vehicle Theft,Unknown,Minor Damage,Fire,NY,Columbus,21,4,NO,3,2,Unknown,97293.50924394486,6983.712844596038,7969.820924018175,77408.99292664943,Volkswagen,1997,0
1412,290,21,NY,250/500,500,1122.820635026496,0,MALE,JD,Adm-clerical,Chess,own-child,55275.18332351261,70973.52778996852,Parked Car,Front Collision,Minor Damage,Fire,WV,Northbrook,8,1,Unknown,3,3,YES,49638.74072754879,13792.433119507372,13715.114978705522,52638.42996829102,Volkswagen,2017,0
1413,212,31,FL,500/1000,500,1422.6369310549826,0,MALE,PhD,Machine-op-inspct,Movies,unmarried,77631.06529786457,81183.03774964684,Parked Car,Front Collision,Total Loss,None,PA,Columbus,22,4,Unknown,3,1,YES,147837.96286951963,19045.43202568713,23638.028593274757,15488.034709214659,Toyota,2019,1
1414,164,58,FL,100/300,2000,1221.7822272126537,0,MALE,College,Exec-managerial,Movies,wife,8479.801624634663,21175.151373079614,Vehicle Theft,Front Collision,Trivial Damage,Police,OH,Columbus,4,2,YES,2,3,Unknown,131428.2697457187,29353.224918248252,25612.614865355165,77885.6714023938,Volkswagen,2009,0
1415,4,58,CA,500/1000,500,1189.2533998554763,0,MALE,JD,Prof-specialty,Exercise,other-relative,85864.5467162484,90165.01768797186,Parked Car,Rear Collision,Major Damage,Police,OH,Northbrook,4,3,Unknown,1,0,Unknown,44812.222915559185,20480.68137288494,12388.036790008928,22897.378745520935,Volkswagen,1997,0
1416,338,42,NY,500/1000,500,1043.7645969831854,2000000,MALE,JD,Exec-managerial,Movies,wife,15683.045569660502,7044.49381793606,Parked Car,Rear Collision,Trivial Damage,Police,OH,Riverwood,8,1,Unknown,2,2,YES,76437.96153435773,26929.050322324718,23883.72164050583,20547.371265109417,Dodge,2019,0
1417,378,72,IL,100/300,2000,1379.9694916623876,1000000,FEMALE,JD,Prof-specialty,Reading,not-in-family,86454.12528975391,90171.93387976909,Vehicle Theft,Rear Collision,Total Loss,Ambulance,OH,Springfield,8,4,NO,3,0,YES,35010.671680463034,25383.36152961263,29800.584706534588,80527.60172405449,Mercedes,2005,0
1418,77,67,CA,100/300,2000,1436.5590468854155,0,FEMALE,JD,Machine-op-inspct,Chess,not-in-family,31133.2871632927,16363.289262919012,Multi-vehicle Collision,Unknown,Total Loss,Ambulance,PA,Northbrook,1,3,NO,0,1,YES,77418.33587604856,17461.891910356924,21498.31124556688,16233.263363406682,Chevrolet,2012,1
1419,409,27,NY,250/500,1000,1479.934311352044,0,FEMALE,High School,Exec-managerial,Camping,other-relative,32678.284596921847,33716.96028343157,Single Vehicle Collision,Unknown,Major Damage,None,VA,Northbrook,6,1,YES,0,2,Unknown,102658.18555108109,26809.66080185667,21857.970948042206,79120.82280589979,Ford,1997,1
1420,61,38,FL,250/500,500,605.552161859044,0,MALE,JD,Craft-repair,Chess,unmarried,7394.868986970127,60523.522016816336,Single Vehicle Collision,Rear Collision,Minor Damage,Ambulance,WV,Columbus,0,1,NO,2,1,YES,13285.403372551677,11322.651834757033,27286.095046494927,72287.2997821773,Mercedes,2021,0
1421,131,53,NY,500/1000,1000,1446.5512635680734,0,FEMALE,PhD,Machine-op-inspct,Reading,other-relative,88589.96238957495,90568.33657708252,Vehicle Theft,Unknown,Minor Damage,None,OH,Northbrook,19,3,NO,0,0,Unknown,130582.52211868712,11378.505913449342,10144.323852507296,27949.00092054808,Volkswagen,2014,0
1422,88,29,NY,250/500,1000,1929.8557681718491,1000000,FEMALE,PhD,Exec-managerial,Exercise,husband,17451.040239086957,25570.144056523524,Vehicle Theft,Rear Collision,Total Loss,Police,PA,Northbrook,1,2,NO,1,1,YES,89265.00733276423,23428.96929728007,336.16179172413774,3192.2975956668865,Volkswagen,2001,1
1423,236,44,NY,250/500,2000,1311.4793532921256,2000000,MALE,High School,Prof-specialty,Reading,other-relative,63004.99020370153,76357.39134665756,Multi-vehicle Collision,Unknown,Minor Damage,Ambulance,PA,Springfield,11,3,Unknown,0,2,Unknown,148445.63333726174,4036.309969050329,29609.318150270974,7523.322009263396,Chevrolet,2021,0
1424,41,57,IL,100/300,500,1572.9006237638664,0,FEMALE,JD,Prof-specialty,Movies,other-relative,64396.759925352235,71043.58082408692,Parked Car,Front Collision,Total Loss,Fire,OH,Northbrook,5,2,NO,0,0,YES,4325.93033380073,9174.756523752569,14714.042330130715,9946.591272485015,Ford,2003,1
1425,88,19,NY,100/300,500,1335.0984616388266,5000000,MALE,Masters,Machine-op-inspct,Exercise,wife,28115.15034146459,15970.87621421671,Multi-vehicle Collision,Rear Collision,Total Loss,Ambulance,NY,Columbus,19,4,YES,3,2,NO,124809.0034891857,18257.17352620027,23570.327794869805,80182.81528092698,Ford,2023,1
1426,401,71,IL,250/500,2000,1782.110927887968,5000000,FEMALE,JD,Machine-op-inspct,Camping,unmarried,98566.09574568043,47946.3944584328,Parked Car,Unknown,Minor Damage,Police,PA,Springfield,18,2,YES,1,0,NO,118898.47571405486,12601.967966008458,24374.73412827887,36422.83442556905,Ford,2011,1
1427,295,30,FL,100/300,1000,1894.3746418963533,2000000,MALE,PhD,Prof-specialty,Camping,other-relative,6416.621811108492,48150.509317763215,Parked Car,Front Collision,Trivial Damage,Fire,WV,Northbrook,15,4,NO,1,3,Unknown,20361.450549984835,28221.711296646856,11925.50031240087,3024.4251800558395,Audi,2022,0
1428,327,70,IL,250/500,2000,776.329848944539,0,MALE,College,Exec-managerial,Reading,husband,60787.20109915183,30461.18146566501,Multi-vehicle Collision,Front Collision,Total Loss,None,WV,Columbus,3,4,NO,0,1,Unknown,50628.1924449693,28755.182088574096,16238.191401669546,50133.7067388056,Audi,2003,0
1429,294,49,FL,100/300,500,1155.2900548356897,0,FEMALE,College,Craft-repair,Movies,wife,47954.39274571891,77992.13165357953,Vehicle Theft,Unknown,Total Loss,Police,NY,Springfield,17,4,YES,3,1,NO,132777.03235510382,15077.439264413675,16197.465781880333,18798.50332956855,Chevrolet,2004,1
1430,103,48,FL,100/300,2000,1088.573151399082,0,MALE,Masters,Adm-clerical,Camping,unmarried,24548.410714727463,92593.38523730985,Vehicle Theft,Front Collision,Trivial Damage,Fire,PA,Northbrook,4,4,Unknown,0,2,Unknown,78008.91711330201,16171.85671097044,6606.480280327513,21237.831230460903,Saab,2007,0
1431,13,33,IL,100/300,500,1107.8226849489179,0,FEMALE,JD,Machine-op-inspct,Chess,unmarried,16355.171132294643,71657.24586028168,Multi-vehicle Collision,Side Collision,Minor Damage,Ambulance,NY,Columbus,21,1,NO,0,3,Unknown,60491.582376352235,21738.812754713133,3529.1680168288044,14559.671969135268,Volkswagen,1999,0
1432,287,49,CA,100/300,1000,688.2862718418139,0,MALE,High School,Prof-specialty,Exercise,own-child,73708.43581589864,97295.47330228146,Parked Car,Rear Collision,Major Damage,None,PA,Springfield,17,4,YES,2,2,NO,135871.71662150085,13717.947757025206,16307.169148278763,68605.72946964468,Saab,2008,1
1433,178,49,TX,250/500,500,1720.423588971079,1000000,FEMALE,JD,Exec-managerial,Chess,not-in-family,91631.48744811864,5046.847108161234,Parked Car,Rear Collision,Total Loss,Ambulance,PA,Columbus,5,1,Unknown,3,2,YES,14455.006409320684,5702.954038214304,3604.296805543872,155.0991530940094,Toyota,1998,0
1434,124,51,NY,500/1000,1000,553.6493645224028,0,FEMALE,Masters,Machine-op-inspct,Camping,husband,10754.62619547224,3722.268508939519,Parked Car,Front Collision,Total Loss,Fire,NY,Springfield,13,1,YES,2,0,Unknown,71231.85604388732,22409.075058687922,10382.661715785394,39564.67633432638,Chevrolet,2008,0
1435,421,28,TX,100/300,1000,1292.3399115907355,2000000,MALE,Masters,Exec-managerial,Camping,not-in-family,19398.021210600546,89385.86774932468,Parked Car,Unknown,Trivial Damage,Fire,VA,Northbrook,19,4,Unknown,0,3,Unknown,98029.92764731517,22133.576680589948,5582.499949228155,7909.717859583256,Saab,2023,0
1436,352,27,NY,250/500,500,1492.8175820670367,0,FEMALE,Masters,Machine-op-inspct,Reading,wife,98626.97472955653,89780.03696966024,Multi-vehicle Collision,Side Collision,Total Loss,Police,OH,Riverwood,16,2,YES,0,0,YES,91476.94513274438,7349.433101753384,21207.483248483342,49758.47663030936,Chevrolet,2005,1
1437,22,32,NY,250/500,500,811.2041570883157,0,FEMALE,College,Prof-specialty,Reading,wife,1502.2674237874623,10712.078508788236,Single Vehicle Collision,Unknown,Minor Damage,None,OH,Springfield,17,2,YES,3,2,YES,40009.32993412927,24987.495593430227,26160.26560499963,31204.711919904697,Toyota,2022,0
1438,62,34,FL,100/300,1000,1858.7752881481933,1000000,FEMALE,JD,Exec-managerial,Exercise,husband,50825.19696529233,35744.60490689246,Vehicle Theft,Rear Collision,Minor Damage,None,OH,Northbrook,20,3,Unknown,1,0,Unknown,84715.27922788331,18409.475892604823,17337.438295565404,2648.807111800894,Volkswagen,2016,0
1439,142,57,NY,500/1000,2000,1757.8238105371895,0,MALE,JD,Prof-specialty,Reading,unmarried,51611.28500818143,83539.45781128532,Vehicle Theft,Front Collision,Total Loss,Fire,NY,Springfield,9,1,NO,0,0,Unknown,106429.98376075427,7089.0483094609635,12304.674215147925,41541.58338083846,Mercedes,2004,1
1440,480,35,NY,100/300,500,1206.625594225888,0,MALE,High School,Exec-managerial,Movies,other-relative,26316.152514577385,12854.067750164588,Single Vehicle Collision,Side Collision,Major Damage,Police,PA,Riverwood,22,1,YES,0,1,YES,87940.3683953414,19561.174325061125,29899.27922463933,51395.63625804574,Audi,1999,0
1441,152,72,IL,250/500,1000,1116.723398510208,5000000,FEMALE,Masters,Machine-op-inspct,Exercise,husband,66302.88804436607,26742.80726092071,Parked Car,Front Collision,Minor Damage,Fire,PA,Columbus,23,2,NO,2,3,Unknown,102827.10278360969,7008.285788716823,636.2740573961767,22364.097446478274,Ford,2015,0
1442,144,26,TX,500/1000,1000,854.8518878166501,1000000,FEMALE,Masters,Adm-clerical,Movies,wife,94494.09064270137,68099.6036857953,Single Vehicle Collision,Side Collision,Total Loss,Fire,WV,Riverwood,18,1,YES,2,1,YES,38783.77153862417,7956.988622400534,9130.232526117681,68919.51954668819,Volkswagen,2006,0
1443,224,42,IL,250/500,2000,1594.9898369674454,0,MALE,PhD,Adm-clerical,Reading,not-in-family,45021.39309565772,98189.90544779979,Single Vehicle Collision,Front Collision,Major Damage,None,PA,Riverwood,17,2,Unknown,3,3,YES,125010.9180656315,25440.279204094684,8360.194579410014,33457.28404490607,Mercedes,2015,0
1444,494,57,NY,100/300,500,697.6156994479462,1000000,MALE,PhD,Craft-repair,Exercise,husband,74941.95054011905,79713.88400703923,Single Vehicle Collision,Unknown,Minor Damage,Ambulance,VA,Columbus,3,3,NO,2,1,Unknown,67728.58577925299,27884.747077194566,10686.10794173759,67466.2516215469,Mercedes,2009,0
1445,449,31,FL,500/1000,1000,1520.3566307656747,0,FEMALE,College,Craft-repair,Camping,unmarried,64607.02592714582,77731.76228143873,Vehicle Theft,Rear Collision,Major Damage,Ambulance,OH,Riverwood,19,4,Unknown,1,2,Unknown,148089.96469363302,7706.479750746334,6917.87223475508,52153.51403788821,Chevrolet,2018,0
1446,461,42,IL,250/500,2000,1763.6854791776204,1000000,MALE,JD,Prof-specialty,Chess,own-child,47294.186354171485,34266.266369113684,Vehicle Theft,Front Collision,Minor Damage,None,VA,Northbrook,14,4,Unknown,0,1,YES,3981.155439707165,27841.531112555575,7927.885062943677,78245.85081202096,Chevrolet,2007,0
1447,308,67,IL,250/500,1000,842.7073638755355,1000000,MALE,High School,Exec-managerial,Camping,own-child,4981.229980320468,66134.30716714742,Single Vehicle Collision,Front Collision,Minor Damage,Police,OH,Springfield,5,4,NO,2,3,Unknown,57357.148001522684,7163.965395070605,7730.313297519819,49268.53870930621,Dodge,2020,0
1448,103,39,CA,250/500,500,1799.6411043481344,0,FEMALE,High School,Craft-repair,Movies,other-relative,74174.98049572753,11308.8288930828,Single Vehicle Collision,Side Collision,Minor Damage,None,NY,Riverwood,5,3,NO,1,3,YES,27481.020319614072,3518.0209662775696,15172.321522572916,16787.884679531468,Ford,2002,0
1449,103,69,NY,100/300,2000,549.9847991592627,0,MALE,Masters,Machine-op-inspct,Camping,other-relative,36325.1447121463,99226.70331834992,Single Vehicle Collision,Unknown,Trivial Damage,Police,VA,Springfield,2,1,NO,0,3,NO,83563.62428561099,1746.716342137835,11731.658311032934,74050.9483656539,Mercedes,2020,0
1450,434,47,FL,500/1000,1000,1869.181078079788,0,MALE,High School,Adm-clerical,Camping,unmarried,22449.468840242094,48058.431775399025,Parked Car,Unknown,Total Loss,None,PA,Springfield,8,3,Unknown,0,1,NO,36859.1616088551,7263.3972249789995,19178.40305954725,70494.86899071366,Saab,1998,0
1451,38,37,IL,100/300,2000,677.543341776947,0,MALE,Masters,Exec-managerial,Chess,not-in-family,94826.86497881704,63880.78682643784,Parked Car,Side Collision,Minor Damage,Police,OH,Columbus,10,1,Unknown,1,0,YES,110752.95301183853,11557.39622031706,15432.034796030563,87514.78774461595,Chevrolet,2007,0
1452,434,38,IL,100/300,500,1468.6387669070489,2000000,FEMALE,JD,Adm-clerical,Chess,other-relative,77350.2769547162,87617.18986814537,Parked Car,Unknown,Total Loss,Fire,WV,Riverwood,4,1,Unknown,0,1,YES,132338.94641945904,27826.45140327914,5502.655571091916,8513.014527767577,BMW,2009,1
1453,197,61,FL,100/300,2000,875.1237033709127,0,MALE,High School,Exec-managerial,Camping,own-child,96226.86816769364,96.49618435639829,Vehicle Theft,Rear Collision,Total Loss,Fire,VA,Columbus,13,4,NO,1,0,Unknown,32027.210860525578,7264.739991180861,24301.349368035233,53251.68149129585,BMW,2003,0
1454,133,49,NY,500/1000,500,1754.8285867544207,1000000,FEMALE,Masters,Craft-repair,Chess,unmarried,25621.693216559004,97598.24275963081,Multi-vehicle Collision,Front Collision,Total Loss,Police,NY,Columbus,1,2,YES,1,1,YES,24521.30393611886,10963.9603485268,14165.855950216714,44301.04165651906,Mercedes,2018,0
1455,66,68,CA,100/300,1000,1268.4505413731997,1000000,MALE,JD,Craft-repair,Camping,unmarried,83579.33275778872,35915.931217019315,Single Vehicle Collision,Side Collision,Major Damage,None,WV,Springfield,21,2,NO,2,2,YES,131365.89926640753,22024.67624230716,4596.945537179483,60411.40318166686,BMW,2022,0
1456,390,63,IL,100/300,500,702.861786869752,2000000,MALE,JD,Prof-specialty,Exercise,unmarried,60772.14042619692,33959.07413958263,Single Vehicle Collision,Unknown,Minor Damage,Fire,NY,Northbrook,18,4,YES,3,2,Unknown,54510.1513057316,9062.222639618445,5006.395287859866,88218.16834627835,Chevrolet,2000,0
1457,178,66,CA,100/300,1000,1356.4873569889678,2000000,FEMALE,Masters,Exec-managerial,Camping,husband,98150.36893032196,14506.333609265388,Multi-vehicle Collision,Rear Collision,Minor Damage,None,OH,Springfield,7,1,Unknown,1,1,Unknown,65470.25342637498,20531.044550387414,23909.052314368673,47951.25973270644,Saab,2012,0
1458,455,73,TX,100/300,1000,1111.8239152954748,0,FEMALE,Masters,Machine-op-inspct,Reading,not-in-family,94631.69456136573,85818.44102835411,Single Vehicle Collision,Rear Collision,Total Loss,Ambulance,VA,Columbus,12,3,YES,2,1,NO,33534.94061530858,12962.334577455073,21089.79552669301,61747.90328168398,Saab,2003,1
1459,41,38,NY,250/500,500,1492.1717249196518,0,FEMALE,College,Craft-repair,Chess,not-in-family,97296.80449427024,87083.95358672405,Parked Car,Unknown,Minor Damage,Fire,NY,Riverwood,18,4,NO,0,1,YES,64084.5727736465,5893.348579775168,15195.838576192831,31314.488590611643,Mercedes,2016,0
1460,447,52,TX,100/300,1000,1822.854927145189,0,FEMALE,JD,Prof-specialty,Chess,other-relative,95176.7618339942,1998.8998944890257,Parked Car,Unknown,Trivial Damage,None,WV,Northbrook,4,4,NO,2,2,YES,35079.360925160545,22021.767029074083,9182.445292569972,26977.44684168426,Chevrolet,2018,0
1461,499,49,TX,250/500,2000,1114.0836967751277,0,MALE,Masters,Craft-repair,Movies,not-in-family,766.0866890438989,5572.522087331633,Multi-vehicle Collision,Side Collision,Minor Damage,None,WV,Northbrook,14,3,NO,1,0,NO,100056.15237481006,811.1650007005234,13815.661103912282,30243.16125496167,Volkswagen,2000,0
1462,14,47,TX,100/300,1000,934.8210193007894,0,FEMALE,JD,Adm-clerical,Movies,wife,74108.54101506894,91834.16606336705,Parked Car,Unknown,Major Damage,Ambulance,PA,Riverwood,3,1,YES,2,3,YES,75082.02366577303,8770.044752189368,19094.506114141303,3570.849634365031,Dodge,2015,0
1463,110,72,NY,500/1000,500,521.7726417914132,0,FEMALE,High School,Craft-repair,Reading,own-child,27193.456120964176,12286.813227740156,Multi-vehicle Collision,Side Collision,Minor Damage,None,NY,Riverwood,3,4,NO,3,0,Unknown,118315.03667145489,10685.44617505136,26378.469522885433,25698.184022592282,Ford,2001,0
1464,156,56,NY,250/500,2000,1362.2585567898122,0,FEMALE,PhD,Exec-managerial,Chess,other-relative,70502.7095552528,62092.74639669589,Parked Car,Front Collision,Major Damage,Police,VA,Northbrook,17,4,YES,0,1,YES,47252.85335206052,13746.547649629081,16676.036030361858,15647.88080326747,Dodge,2006,0
1465,288,66,FL,250/500,2000,1103.4121511471503,5000000,MALE,PhD,Prof-specialty,Chess,not-in-family,98061.12012539087,61965.04501683159,Single Vehicle Collision,Rear Collision,Minor Damage,Fire,VA,Columbus,23,1,Unknown,2,2,Unknown,76086.45481112614,20396.07695928418,8302.058843212504,41222.775387216556,Volkswagen,1998,0
1466,499,29,CA,250/500,1000,1061.9738285222431,1000000,MALE,Masters,Exec-managerial,Movies,own-child,3935.939069875882,86973.03351086543,Vehicle Theft,Side Collision,Trivial Damage,Police,PA,Northbrook,18,3,YES,0,3,YES,39298.7367850816,13782.149825581106,1282.197440804358,41528.14627449595,Chevrolet,2020,0
1467,477,58,CA,250/500,1000,774.4029819263187,0,FEMALE,Masters,Machine-op-inspct,Movies,other-relative,56698.783243935046,57265.41054256784,Parked Car,Rear Collision,Minor Damage,Ambulance,WV,Northbrook,19,3,Unknown,1,0,NO,140203.85257187142,17829.72336858649,5263.651677502218,68894.16182726267,Volkswagen,2005,1
1468,230,64,FL,500/1000,500,1145.0830177869116,0,FEMALE,JD,Machine-op-inspct,Camping,wife,73495.31581167693,43401.14113106288,Multi-vehicle Collision,Front Collision,Major Damage,Police,NY,Northbrook,21,2,YES,3,1,Unknown,78529.38233476992,17873.37235253452,19505.328619873882,45256.0191454934,Volkswagen,1997,0
1469,410,35,FL,100/300,2000,1976.6629303750524,0,FEMALE,Masters,Craft-repair,Chess,own-child,25335.87822148069,97438.07825910456,Vehicle Theft,Unknown,Total Loss,None,WV,Columbus,8,2,Unknown,3,2,Unknown,26432.64319953249,11198.14949688023,4813.109004724729,41731.034790259364,Audi,2021,0
1470,419,38,TX,250/500,500,946.6312305083666,0,FEMALE,JD,Prof-specialty,Chess,wife,22512.193706714246,22881.547599897,Single Vehicle Collision,Side Collision,Total Loss,Ambulance,NY,Riverwood,14,3,NO,2,2,NO,41278.46605189934,28019.137972640954,14446.186594303526,20923.20542187418,Mercedes,2022,0
1471,156,30,FL,500/1000,1000,1399.5566201121503,1000000,MALE,Masters,Prof-specialty,Camping,own-child,6034.550540188099,26271.801768318324,Vehicle Theft,Unknown,Minor Damage,Ambulance,NY,Riverwood,11,2,YES,0,3,Unknown,12893.843636546992,28675.61492629328,20968.65046429156,76737.9529120065,Toyota,2001,0
1472,37,38,IL,250/500,2000,1664.7303219735002,0,FEMALE,JD,Prof-specialty,Chess,husband,9391.98571680756,8476.965479860799,Multi-vehicle Collision,Rear Collision,Major Damage,Police,NY,Riverwood,3,2,Unknown,0,0,NO,4658.491341861143,17455.526522833974,9246.747042093322,8280.981421056245,Saab,1996,0
1473,440,25,CA,100/300,500,1623.7367347647976,1000000,MALE,Masters,Prof-specialty,Reading,husband,65674.99108483615,97531.68171549443,Single Vehicle Collision,Side Collision,Minor Damage,Ambulance,WV,Columbus,2,1,NO,2,2,YES,79125.31299756531,2150.726408862957,20073.176694218582,88408.40725163782,Chevrolet,2004,0
1474,96,63,FL,250/500,500,993.161431238886,0,FEMALE,College,Craft-repair,Movies,own-child,50521.061903195085,70636.02088376154,Single Vehicle Collision,Front Collision,Major Damage,Police,WV,Columbus,4,4,NO,2,1,NO,50899.87691757799,14733.826927678072,17432.16184943456,42899.14212704969,Chevrolet,1997,0
1475,484,57,IL,500/1000,500,1416.2901252752756,0,FEMALE,JD,Exec-managerial,Movies,own-child,3007.2227481945934,1209.7087491401037,Parked Car,Front Collision,Total Loss,Police,WV,Riverwood,16,2,Unknown,2,1,YES,144584.13156141582,5532.579803820216,13168.173207851863,16820.231263655565,Chevrolet,2011,0
1476,410,63,IL,100/300,500,1806.8970279052357,0,MALE,College,Craft-repair,Movies,wife,96966.17587527659,70431.40275790375,Vehicle Theft,Unknown,Trivial Damage,Police,OH,Springfield,4,2,Unknown,2,3,Unknown,26114.043756041887,14496.435656187112,26917.36436652783,31954.092213586613,Toyota,2005,0
1477,438,24,IL,500/1000,500,523.1711415996169,0,FEMALE,College,Exec-managerial,Exercise,not-in-family,65604.5869488805,40413.61111136923,Parked Car,Front Collision,Total Loss,Ambulance,WV,Springfield,3,1,YES,3,0,Unknown,119189.94158417333,5654.494634956254,20761.76671282331,1481.7794255201095,Ford,2022,1
1478,288,40,IL,100/300,2000,1153.6015352649615,0,FEMALE,College,Adm-clerical,Reading,unmarried,51546.85690160083,96754.96917353415,Single Vehicle Collision,Front Collision,Minor Damage,Ambulance,PA,Riverwood,20,3,Unknown,2,2,NO,47737.73060783896,21115.65736946653,10817.910994577256,15070.38886531549,Ford,1995,0
1479,253,61,TX,100/300,500,836.4101273628579,1000000,FEMALE,College,Adm-clerical,Reading,own-child,27272.42366264233,27738.750216239307,Parked Car,Unknown,Total Loss,Fire,OH,Springfield,6,2,Unknown,0,3,YES,33918.83921577643,2412.8736019902753,24127.93600576625,30247.04975620968,Dodge,1996,1
1480,195,49,IL,100/300,2000,1082.9484355982586,1000000,FEMALE,High School,Exec-managerial,Camping,other-relative,65809.88848075032,71028.63387138983,Parked Car,Unknown,Minor Damage,Police,NY,Springfield,6,4,NO,1,0,NO,145460.70444069547,28599.122291877724,22143.06642509015,49941.93355980366,Ford,2007,0
1481,85,28,TX,250/500,500,1123.9844119628624,0,MALE,PhD,Craft-repair,Exercise,other-relative,36416.78628827127,62743.415037439576,Multi-vehicle Collision,Side Collision,Minor Damage,Police,VA,Riverwood,6,2,Unknown,0,0,Unknown,120485.20151249197,5861.276683000581,23750.51896524493,11740.327933572413,Ford,2008,0
1482,321,39,TX,500/1000,1000,1620.0064471799556,1000000,FEMALE,High School,Machine-op-inspct,Chess,other-relative,70249.41626624895,1204.9974896248705,Parked Car,Side Collision,Total Loss,Police,OH,Riverwood,16,4,Unknown,2,2,Unknown,94777.82327107708,19819.690081477365,19228.679491229832,60869.10032686209,Volkswagen,2011,1
1483,9,39,IL,500/1000,1000,640.7328085931647,0,FEMALE,Masters,Craft-repair,Reading,husband,68257.19203067642,88521.69293323735,Single Vehicle Collision,Unknown,Major Damage,Police,OH,Columbus,14,3,Unknown,3,3,YES,104719.59506495093,27508.87052188468,11381.118475184958,76000.45645002727,Mercedes,1996,1
1484,4,60,CA,500/1000,500,1268.8758546987656,5000000,MALE,Masters,Machine-op-inspct,Exercise,not-in-family,9274.379512412934,13961.266035296649,Parked Car,Rear Collision,Major Damage,Police,NY,Springfield,6,2,NO,2,3,YES,148711.5304901632,7436.589419521874,10457.355468128073,51553.330981604144,Volkswagen,2011,0
1485,122,42,IL,100/300,1000,1346.2921876981181,0,FEMALE,PhD,Craft-repair,Exercise,wife,90926.07083109918,66358.87789978331,Single Vehicle Collision,Rear Collision,Minor Damage,Police,WV,Springfield,14,4,NO,1,3,Unknown,89184.50761932058,28028.906971113898,19624.54082277793,26791.440105547652,Chevrolet,2013,0
1486,329,39,IL,250/500,2000,1241.2364053277065,1000000,MALE,PhD,Prof-specialty,Reading,not-in-family,48697.42516016813,77554.84507942891,Single Vehicle Collision,Side Collision,Total Loss,Police,WV,Riverwood,19,4,NO,2,3,Unknown,15734.117395640533,11660.239969808179,3927.0002390070345,11013.17006117984,Audi,2019,0
1487,352,45,IL,100/300,500,1597.8098795940803,0,FEMALE,PhD,Prof-specialty,Camping,husband,39294.49389665539,63092.7646498461,Multi-vehicle Collision,Side Collision,Minor Damage,Fire,OH,Northbrook,3,4,NO,1,0,YES,10197.485941856514,28815.9245175777,24597.430514957272,1496.6021622569272,Volkswagen,2003,0
1488,117,46,CA,500/1000,2000,1075.686883860271,0,FEMALE,College,Adm-clerical,Exercise,not-in-family,95546.21436287786,9711.386751365892,Single Vehicle Collision,Unknown,Total Loss,Fire,WV,Riverwood,1,3,YES,2,3,NO,100157.71323234407,29140.915744035767,11110.061519942192,65889.02973654598,Ford,2018,1
1489,293,30,NY,250/500,500,1917.450595460114,0,FEMALE,High School,Adm-clerical,Movies,not-in-family,43820.92811112116,97517.91362546911,Single Vehicle Collision,Rear Collision,Minor Damage,None,OH,Columbus,21,4,NO,3,3,NO,98811.37101680966,5642.397152077193,18911.15968096647,56600.29521131387,Ford,2019,0
1490,396,35,NY,250/500,1000,1222.7051638084122,0,MALE,Masters,Exec-managerial,Exercise,other-relative,72122.09169030645,23681.791452122237,Multi-vehicle Collision,Unknown,Major Damage,Police,VA,Northbrook,12,1,NO,0,2,YES,112351.98205022425,24932.62010793163,14971.917448002541,42917.87820258011,Audi,2006,0
1491,158,19,TX,250/500,2000,1356.8208644221963,0,MALE,High School,Machine-op-inspct,Chess,own-child,65513.64772498362,62786.476994386896,Single Vehicle Collision,Side Collision,Trivial Damage,Police,VA,Northbrook,11,3,YES,1,1,YES,16762.420169775756,5802.630385006509,15579.794760739616,9269.400144590398,Ford,2010,0
1492,302,46,TX,500/1000,1000,1738.2962350201242,0,FEMALE,High School,Prof-specialty,Reading,other-relative,16514.009808305662,79717.80582613112,Multi-vehicle Collision,Front Collision,Minor Damage,Fire,NY,Northbrook,9,4,YES,0,0,YES,141762.89007589818,6793.218609932448,22140.18438604041,18711.56379563056,Audi,1998,0
1493,227,38,CA,250/500,1000,912.8541588966837,5000000,MALE,High School,Craft-repair,Chess,not-in-family,99114.2773743137,93923.60099065118,Vehicle Theft,Front Collision,Total Loss,Fire,PA,Columbus,18,3,YES,2,2,Unknown,82898.18287964139,2523.7951207019482,18800.101610142552,73383.99010142912,BMW,2018,1
1494,364,32,FL,250/500,500,612.8030431442037,1000000,FEMALE,PhD,Exec-managerial,Camping,own-child,46360.43222908866,60401.05292559078,Vehicle Theft,Front Collision,Minor Damage,Police,PA,Springfield,14,3,Unknown,0,2,NO,97608.5503926717,4696.108394945339,7509.269650371404,43238.64697503122,Saab,2005,1
1495,215,69,NY,100/300,2000,1561.6759675437238,1000000,MALE,PhD,Craft-repair,Movies,wife,39478.257241730855,25905.414916311565,Vehicle Theft,Unknown,Trivial Damage,Police,WV,Riverwood,16,1,NO,3,2,YES,5710.431315030471,18966.569047413235,2226.7779427121336,86658.6740797816,Volkswagen,2015,0
1496,435,44,TX,100/300,1000,1224.517783322568,1000000,FEMALE,Masters,Prof-specialty,Reading,unmarried,91961.34927532301,83663.90174069664,Single Vehicle Collision,Rear Collision,Minor Damage,Fire,PA,Columbus,20,4,Unknown,3,0,NO,144165.6450700783,13477.581901553594,25207.02202095873,89997.49604838161,Saab,2014,1
1497,183,67,NY,250/500,500,1844.7563764384922,5000000,MALE,Masters,Prof-specialty,Exercise,own-child,52923.833657711,16321.99659500715,Parked Car,Side Collision,Total Loss,Fire,VA,Columbus,5,3,YES,0,1,Unknown,84607.48138722032,23728.327115065054,26546.82224255573,72083.57066026634,Mercedes,2023,1
1498,14,48,CA,250/500,500,1974.0200730836511,0,FEMALE,Masters,Prof-specialty,Movies,husband,70507.69619293124,2228.2428071070613,Multi-vehicle Collision,Rear Collision,Major Damage,None,NY,Northbrook,4,3,YES,0,0,Unknown,84722.78539269697,9959.904444798663,4934.895987519561,23310.70653064779,BMW,1998,1
1499,156,32,CA,100/300,500,1098.6640258620937,0,MALE,High School,Prof-specialty,Exercise,other-relative,84624.6047262011,90814.88584424017,Vehicle Theft,Rear Collision,Minor Damage,None,VA,Northbrook,20,4,YES,3,3,YES,141561.51977644177,29058.737019031763,9284.312007585973,20877.235099992933,Ford,1996,1
1500,135,68,FL,100/300,1000,1123.1585243894913,2000000,MALE,PhD,Craft-repair,Camping,other-relative,23549.439572451836,57538.8958054606,Multi-vehicle Collision,Side Collision,Total Loss,Police,OH,Columbus,12,1,YES,1,1,YES,139437.85163845826,1496.1762245812392,8470.27145795197,22901.725406101654,Mercedes,2004,1
1501,260,40,FL,100/300,500,1111.9439033085896,1000000,MALE,College,Exec-managerial,Reading,not-in-family,16946.65851945295,6964.149081131865,Vehicle Theft,Rear Collision,Minor Damage,Fire,WV,Springfield,13,2,Unknown,1,0,YES,33434.63947667763,1888.0786320732445,28123.456822204644,88811.97858560809,BMW,2003,0
1502,156,41,CA,500/1000,2000,986.8311645963893,0,MALE,High School,Prof-specialty,Camping,not-in-family,6850.680559100597,57972.93871230053,Vehicle Theft,Front Collision,Major Damage,None,WV,Northbrook,23,4,YES,3,0,YES,139699.27387493642,21041.246964544083,6143.3214579206515,30247.108978339413,Toyota,2023,0
1503,46,61,TX,500/1000,2000,1672.530646649596,0,FEMALE,JD,Adm-clerical,Camping,not-in-family,89713.32992460653,14501.416832244862,Single Vehicle Collision,Side Collision,Minor Damage,Police,PA,Columbus,13,2,NO,3,3,NO,110624.88276231919,26626.166549185793,4996.17696299496,63609.56225365754,Dodge,2019,0
1504,323,30,NY,100/300,1000,1638.4936437360914,0,FEMALE,High School,Exec-managerial,Camping,not-in-family,20036.709474314874,3138.6006396865064,Multi-vehicle Collision,Front Collision,Trivial Damage,None,OH,Northbrook,14,4,NO,1,0,YES,3325.6587360469093,23865.005749024484,5455.156492445971,86315.69211204135,Volkswagen,2011,0
1505,331,39,IL,250/500,2000,1217.9673058257872,2000000,MALE,PhD,Adm-clerical,Camping,other-relative,30775.40440643939,11652.404749075418,Single Vehicle Collision,Unknown,Trivial Damage,None,PA,Riverwood,15,4,NO,0,1,NO,36356.550736381585,14694.51263600741,21896.075282813006,73781.69359449894,Chevrolet,2006,0
1506,172,60,FL,100/300,500,566.9918245683481,0,FEMALE,JD,Craft-repair,Exercise,own-child,28580.692607895107,77510.74285059703,Multi-vehicle Collision,Front Collision,Major Damage,None,PA,Riverwood,9,3,Unknown,0,2,Unknown,62240.53174798123,8089.240839150601,26640.595327394254,53824.582440845676,Audi,1998,0
1507,129,54,IL,500/1000,1000,964.3389522696102,5000000,MALE,High School,Prof-specialty,Chess,wife,30458.79875223949,75566.09048135998,Multi-vehicle Collision,Unknown,Total Loss,Ambulance,PA,Riverwood,0,4,YES,2,0,Unknown,87631.95709811033,403.54587914144815,11801.022318998042,15290.000667988716,Toyota,2003,1
1508,410,50,TX,250/500,500,938.4545698322563,2000000,FEMALE,PhD,Exec-managerial,Exercise,own-child,66806.11268287184,60431.813491528315,Parked Car,Unknown,Major Damage,Police,OH,Northbrook,23,1,Unknown,1,0,NO,105348.794708059,15283.54361759327,4082.3971309907024,15826.948196583342,Dodge,2008,1
1509,94,73,FL,500/1000,1000,1716.6308693003875,0,MALE,PhD,Prof-specialty,Movies,husband,95411.35587405383,20932.82899128057,Vehicle Theft,Side Collision,Minor Damage,None,PA,Northbrook,10,1,NO,3,1,NO,31926.45389655645,14269.085919278295,17571.659922250197,44368.83539259766,Ford,1998,0
1510,114,20,IL,250/500,1000,631.363360124262,0,FEMALE,College,Prof-specialty,Camping,other-relative,32945.34359575404,73896.70657953086,Single Vehicle Collision,Front Collision,Total Loss,Police,WV,Springfield,6,4,YES,2,0,YES,125586.7268839165,10327.376984107195,6298.048749869284,85679.81017909445,Audi,1996,1
1511,242,71,TX,500/1000,500,1708.5130685640563,0,FEMALE,High School,Exec-managerial,Movies,own-child,40764.71546586968,40804.526721506765,Parked Car,Front Collision,Minor Damage,Police,PA,Riverwood,16,3,Unknown,0,2,YES,126934.44092142863,17342.18363917455,1924.5434209570444,81413.98324798387,Audi,2012,0
1512,419,36,NY,250/500,2000,1503.7754782987145,0,MALE,PhD,Prof-specialty,Exercise,other-relative,77114.69841086112,51075.361712634,Multi-vehicle Collision,Front Collision,Total Loss,Fire,OH,Springfield,3,3,YES,1,3,YES,95432.32347945632,21864.440921438196,26586.941351474285,15040.665785352094,Volkswagen,2007,1
1513,291,40,TX,250/500,2000,1598.6621886956739,0,MALE,Masters,Prof-specialty,Camping,husband,43233.794418768586,89764.06933263213,Vehicle Theft,Side Collision,Major Damage,Police,OH,Columbus,6,2,YES,2,3,Unknown,138203.5396220969,21026.647086847275,26125.238290010282,25966.005055258192,Volkswagen,2004,0
1514,281,46,FL,250/500,1000,1148.3197813775353,1000000,MALE,PhD,Machine-op-inspct,Exercise,unmarried,92604.27679260474,45785.75237381254,Single Vehicle Collision,Unknown,Trivial Damage,None,VA,Columbus,2,4,Unknown,0,3,NO,122040.8728211296,7897.585253526465,29277.30480777821,53034.13726848217,Audi,2008,1
1515,298,47,CA,250/500,500,1519.5886940026373,0,MALE,College,Machine-op-inspct,Camping,unmarried,50321.80507452165,62636.61538514907,Parked Car,Unknown,Total Loss,Police,PA,Riverwood,23,2,NO,3,2,NO,33632.73706438436,17559.110658437796,14220.142647183988,43021.00125354154,Ford,2003,1
1516,282,56,NY,500/1000,500,1413.5434170603737,0,MALE,PhD,Exec-managerial,Exercise,unmarried,34773.48557636154,96175.1491837908,Multi-vehicle Collision,Unknown,Major Damage,Fire,OH,Springfield,19,3,Unknown,0,3,NO,119902.1915133989,4463.234357519952,8820.035946312664,10830.716562948459,Audi,2005,1
1517,68,61,IL,500/1000,1000,1653.4702928429442,0,FEMALE,High School,Exec-managerial,Reading,other-relative,97157.24837342696,45138.989883399736,Parked Car,Side Collision,Major Damage,Ambulance,PA,Northbrook,13,1,Unknown,0,1,NO,143003.7107735892,3648.055316650638,23093.51236711207,33300.71611114892,BMW,2014,0
1518,147,64,FL,250/500,2000,1170.1547517023782,2000000,MALE,High School,Prof-specialty,Chess,own-child,42578.187606417996,56072.78981926902,Multi-vehicle Collision,Side Collision,Trivial Damage,Ambulance,NY,Springfield,17,3,NO,1,1,YES,21072.163829255427,23575.67508777354,5414.847962517383,85928.82165221116,BMW,1995,0
1519,10,42,CA,250/500,500,1209.2384373444536,0,FEMALE,JD,Adm-clerical,Chess,other-relative,23117.48711880426,58441.4624883448,Multi-vehicle Collision,Rear Collision,Total Loss,Fire,WV,Columbus,17,1,Unknown,3,2,YES,146815.33377625883,20812.377062866075,7298.7623044884185,85634.65600453079,BMW,2006,1
1520,253,54,TX,500/1000,2000,1465.3643341097304,2000000,MALE,High School,Exec-managerial,Camping,wife,17770.081478953292,24071.155887275432,Vehicle Theft,Front Collision,Minor Damage,None,WV,Springfield,23,2,YES,1,2,NO,4236.423117128493,23037.86701894886,7670.478786221421,50392.38670429058,Toyota,2023,0
1521,329,64,CA,250/500,2000,662.1162404995824,0,FEMALE,JD,Prof-specialty,Reading,own-child,99518.13258283256,73692.20622829524,Single Vehicle Collision,Unknown,Total Loss,None,PA,Columbus,23,3,NO,3,2,YES,78564.00309367896,4573.868226126626,28548.582297365403,57209.991290482765,Audi,2011,1
1522,359,25,FL,250/500,1000,1154.366672546476,0,FEMALE,Masters,Adm-clerical,Movies,husband,75298.76931288492,72663.70282738475,Vehicle Theft,Rear Collision,Total Loss,None,WV,Columbus,0,1,Unknown,2,1,Unknown,116197.02427728339,27438.557681113798,21894.68756493222,20049.374649220288,Dodge,2011,0
1523,37,59,FL,250/500,1000,1957.9262678897085,0,MALE,College,Machine-op-inspct,Reading,not-in-family,40865.979745518074,21355.674149568204,Single Vehicle Collision,Rear Collision,Total Loss,Police,WV,Springfield,5,2,YES,0,2,YES,118670.49633066503,3993.3483966707627,4010.843777464603,66801.55010521474,BMW,2002,1
1524,133,33,CA,100/300,2000,556.3284800900684,0,MALE,Masters,Exec-managerial,Camping,unmarried,82636.33428521901,1333.8044834512618,Single Vehicle Collision,Front Collision,Trivial Damage,Ambulance,NY,Northbrook,8,3,NO,1,2,Unknown,110333.54908736705,26101.109045931866,2785.376343717203,4819.407223425834,Ford,2011,0
1525,199,25,TX,250/500,500,974.0070842995907,0,FEMALE,JD,Prof-specialty,Reading,own-child,54680.61295144851,99894.1570568453,Multi-vehicle Collision,Side Collision,Trivial Damage,None,WV,Columbus,1,4,Unknown,3,3,Unknown,79638.03022659771,10571.378739177939,25284.445607535352,19939.32871593739,Chevrolet,2015,0
1526,22,18,CA,100/300,500,971.1647286340561,0,FEMALE,PhD,Machine-op-inspct,Movies,own-child,31738.95736332725,58158.77329606897,Parked Car,Rear Collision,Total Loss,Ambulance,WV,Springfield,7,3,NO,1,2,NO,97819.16614952411,3163.0227910241792,24068.229691342847,628.9435210842508,Volkswagen,2019,1
1527,302,61,FL,250/500,1000,1450.196178853659,0,MALE,PhD,Craft-repair,Camping,unmarried,74338.58087359594,18103.204237600134,Single Vehicle Collision,Side Collision,Minor Damage,Fire,OH,Columbus,23,2,YES,0,0,NO,105139.8617551405,8603.068816965777,20129.837340250655,34774.543161739064,Dodge,2014,1
1528,345,22,FL,500/1000,2000,658.7005391362098,0,FEMALE,Masters,Machine-op-inspct,Chess,husband,74589.47388831519,28356.54825146794,Single Vehicle Collision,Side Collision,Minor Damage,Ambulance,WV,Riverwood,19,3,YES,0,3,YES,74433.6140199774,5443.4404264164905,5883.019571898483,76538.48176331805,Mercedes,2021,0
1529,301,20,IL,100/300,500,1442.8160463182917,0,FEMALE,PhD,Prof-specialty,Reading,other-relative,50016.9229184135,61779.20422090999,Single Vehicle Collision,Front Collision,Minor Damage,None,PA,Northbrook,3,2,NO,2,1,NO,89554.90378262832,14720.091560751425,14408.506166678137,88427.33229218627,Chevrolet,2019,0
1530,362,18,IL,100/300,500,642.5603609774291,1000000,FEMALE,JD,Adm-clerical,Chess,other-relative,4515.8340355496375,13761.558104808037,Single Vehicle Collision,Rear Collision,Total Loss,Ambulance,WV,Riverwood,20,1,YES,3,1,Unknown,127032.02399190719,28492.360441193057,18081.778363718215,60131.26218671209,Dodge,2015,1
1531,395,21,NY,250/500,1000,642.4304711274965,0,FEMALE,College,Craft-repair,Chess,not-in-family,7702.248657366761,3728.063710895646,Multi-vehicle Collision,Unknown,Major Damage,Fire,PA,Columbus,9,3,YES,3,1,Unknown,47275.41366130117,9836.134847475554,27964.125805210548,67063.51501983627,Toyota,2007,0
1532,217,57,FL,250/500,2000,1592.2750357827233,0,FEMALE,High School,Craft-repair,Exercise,own-child,78874.94790012712,79847.98344547434,Vehicle Theft,Rear Collision,Total Loss,Ambulance,WV,Northbrook,22,2,NO,2,3,YES,78719.34588181053,18362.96957046341,5082.7122059223175,23721.18708152311,Chevrolet,2019,0
1533,140,52,IL,100/300,500,986.2027607491946,5000000,FEMALE,JD,Craft-repair,Movies,unmarried,82347.63759882133,71584.62443519168,Parked Car,Unknown,Total Loss,Police,PA,Springfield,0,2,NO,2,1,Unknown,1767.7182933134266,26751.626272198908,15463.40421438341,46877.90914464445,Audi,2007,1
1534,103,49,CA,500/1000,1000,1966.1344215706217,2000000,MALE,JD,Exec-managerial,Reading,wife,67828.97485771823,30960.164813298354,Multi-vehicle Collision,Unknown,Minor Damage,Fire,WV,Springfield,10,4,Unknown,3,3,NO,103271.74176663058,18902.21789088696,4732.54916634936,66318.3531044003,Ford,2009,1
1535,445,59,TX,500/1000,500,556.0294046533324,5000000,MALE,High School,Prof-specialty,Chess,husband,83906.8575417683,5849.137777456915,Multi-vehicle Collision,Side Collision,Total Loss,Police,PA,Northbrook,8,1,Unknown,3,3,YES,29710.12695991884,10865.97422609293,13315.480217224567,44805.09675441344,Dodge,2012,0
1536,209,51,CA,250/500,500,1167.6599955769912,0,MALE,High School,Craft-repair,Chess,other-relative,71948.7470357612,48627.09108480776,Multi-vehicle Collision,Unknown,Major Damage,Police,WV,Riverwood,18,4,NO,1,0,YES,72409.68743020845,29725.173815276376,6004.049238927687,8060.320651052728,Mercedes,2007,0
1537,472,60,TX,500/1000,500,669.7039065110355,1000000,MALE,College,Machine-op-inspct,Movies,husband,89693.4620508916,27618.628992555892,Single Vehicle Collision,Front Collision,Major Damage,None,NY,Riverwood,10,4,YES,3,0,YES,31925.679833928665,5622.40804321601,25085.586249456337,66703.6909654714,BMW,2002,0
1538,480,42,IL,500/1000,1000,1027.068450137163,0,FEMALE,College,Adm-clerical,Chess,husband,15039.827261328031,39777.921731364775,Parked Car,Rear Collision,Minor Damage,None,OH,Northbrook,3,3,YES,1,0,NO,4018.290329484598,15697.680446865239,7642.088329125389,19838.8388295402,BMW,2001,0
1539,110,27,NY,250/500,2000,1997.333675913576,0,MALE,College,Prof-specialty,Chess,not-in-family,38774.152832687345,27396.934637560287,Multi-vehicle Collision,Side Collision,Major Damage,Fire,OH,Springfield,22,2,NO,1,0,Unknown,72741.47247885348,23901.164962103918,12513.141487320727,8883.020617295257,Saab,2017,0
1540,103,38,CA,500/1000,1000,1833.2637676077977,1000000,FEMALE,PhD,Machine-op-inspct,Chess,husband,46411.07938908192,17526.761992592434,Multi-vehicle Collision,Side Collision,Minor Damage,None,OH,Northbrook,4,2,NO,1,0,NO,64012.6241883007,19.466087316729606,12233.629574764056,43077.40959940184,Toyota,2013,0
1541,315,63,CA,250/500,2000,572.4866132830954,0,FEMALE,JD,Exec-managerial,Chess,unmarried,29766.37947582136,38698.97868363889,Multi-vehicle Collision,Unknown,Total Loss,Ambulance,OH,Riverwood,20,2,NO,1,1,YES,64059.85227189491,21061.29756427311,25988.848800652755,6807.356094185219,Ford,2004,0
1542,170,56,CA,100/300,500,1344.8837657385252,0,MALE,High School,Craft-repair,Exercise,not-in-family,72536.6448149444,96489.41234778153,Single Vehicle Collision,Side Collision,Minor Damage,Fire,NY,Columbus,16,3,YES,0,1,Unknown,31716.52090936611,7994.966901178159,22733.92394196781,56686.98566165067,Toyota,2006,0
1543,459,44,TX,250/500,2000,1471.7334572366535,0,MALE,JD,Machine-op-inspct,Exercise,unmarried,91243.88126891402,26622.786700996705,Single Vehicle Collision,Front Collision,Total Loss,None,NY,Springfield,17,3,Unknown,2,1,YES,142107.0861673528,5091.801680756314,1727.2646704525207,57678.54520316074,Chevrolet,1996,1
1544,491,44,IL,100/300,500,814.3019359251884,1000000,FEMALE,JD,Prof-specialty,Camping,not-in-family,41248.21992692763,33596.66440469845,Multi-vehicle Collision,Front Collision,Minor Damage,None,WV,Northbrook,4,1,Unknown,2,0,NO,1024.3191956988276,8225.833901048743,2012.62371504493,23177.507384657532,Ford,2021,0
1545,355,19,CA,100/300,500,717.6583600946753,0,MALE,College,Machine-op-inspct,Reading,unmarried,94154.19645979666,32924.20335246307,Single Vehicle Collision,Side Collision,Total Loss,Ambulance,NY,Columbus,17,4,YES,3,2,YES,133786.04477460214,29004.492775193525,16535.917353921122,86811.64452050265,Toyota,2008,1
1546,495,58,CA,500/1000,1000,1856.571701998285,0,MALE,College,Exec-managerial,Movies,not-in-family,51676.890714405665,48028.88197905403,Parked Car,Side Collision,Total Loss,Police,OH,Riverwood,16,1,Unknown,2,1,NO,110666.83750935257,26758.057777190566,12831.570820733803,74218.19764850945,BMW,2004,1
1547,323,65,NY,500/1000,500,1953.224662225065,0,FEMALE,JD,Adm-clerical,Camping,not-in-family,52251.562681605115,84350.55387927836,Single Vehicle Collision,Front Collision,Minor Damage,Ambulance,VA,Springfield,2,1,NO,2,1,YES,26224.76901322409,6412.633693911075,8267.526616105262,9951.867515185502,Saab,2011,0
1548,132,30,NY,500/1000,1000,1987.8392859794628,0,FEMALE,College,Craft-repair,Exercise,own-child,60021.95406777565,40212.2591549645,Multi-vehicle Collision,Unknown,Trivial Damage,Police,WV,Northbrook,10,3,NO,0,2,YES,71092.7019523814,3510.8031935533368,23778.62814622216,67391.24024778463,Saab,2007,0
1549,375,26,IL,250/500,2000,1684.6426606019518,2000000,FEMALE,PhD,Prof-specialty,Exercise,unmarried,26833.106511932536,80614.7964033042,Parked Car,Side Collision,Minor Damage,None,PA,Riverwood,16,2,YES,1,0,YES,148333.08718548674,10924.578135434029,3859.055156969983,31841.414416124113,Mercedes,1995,0
1550,292,69,IL,500/1000,2000,1495.2531041078857,0,FEMALE,High School,Craft-repair,Exercise,own-child,38336.051913503696,11501.210943253715,Single Vehicle Collision,Unknown,Major Damage,Police,OH,Northbrook,7,3,YES,1,3,NO,96732.88642915394,17770.094403002204,29221.707386104554,67550.9380962414,Dodge,2017,1
1551,327,53,FL,100/300,500,1018.5953782894969,0,FEMALE,JD,Craft-repair,Camping,not-in-family,55323.745288549464,89490.72046821132,Multi-vehicle Collision,Side Collision,Total Loss,Police,OH,Northbrook,23,3,NO,1,2,NO,19542.82021089079,26014.33885743362,723.075202564829,72091.45183249953,Saab,2019,0
1552,126,39,NY,500/1000,1000,757.0974684871287,2000000,FEMALE,High School,Craft-repair,Exercise,other-relative,94198.28855732617,18530.408352393457,Vehicle Theft,Front Collision,Major Damage,None,OH,Springfield,7,3,NO,2,2,NO,68917.51470903656,28982.70375120233,3546.921738325308,13708.8872398355,Mercedes,2009,0
1553,105,59,FL,500/1000,500,618.4708990493475,0,MALE,PhD,Machine-op-inspct,Camping,not-in-family,64269.257845521846,3920.1499082527457,Vehicle Theft,Side Collision,Total Loss,Fire,NY,Riverwood,22,1,YES,2,1,NO,70496.36293763545,22534.60104519296,9339.49962827556,59599.594436927444,Mercedes,1995,0
1554,496,43,TX,250/500,1000,1539.946202827238,0,MALE,College,Machine-op-inspct,Exercise,other-relative,33311.65578887095,15835.448037706334,Parked Car,Side Collision,Minor Damage,Ambulance,PA,Riverwood,22,2,YES,3,1,NO,120438.3682660247,17970.216381049675,15274.472857665094,77659.42344798884,Toyota,2009,0
1555,91,71,FL,250/500,1000,1677.0851227690375,1000000,MALE,Masters,Adm-clerical,Chess,other-relative,1046.8573316502639,19074.979129065196,Parked Car,Side Collision,Total Loss,None,WV,Columbus,1,3,NO,0,0,Unknown,137466.3584575102,4269.960783930507,6484.084754379716,29171.288802155537,BMW,2020,0
1556,286,29,CA,100/300,1000,1739.68047868247,0,FEMALE,PhD,Exec-managerial,Chess,other-relative,98166.56499299056,50850.41276133591,Parked Car,Front Collision,Total Loss,Ambulance,OH,Riverwood,6,1,NO,0,3,YES,12795.110721665817,2220.8512911993316,22086.45446562079,7321.514545868697,Audi,2014,0
1557,377,34,FL,250/500,2000,1870.647504955698,0,FEMALE,Masters,Prof-specialty,Reading,other-relative,49298.45578183955,44993.82927530557,Single Vehicle Collision,Front Collision,Major Damage,Ambulance,PA,Riverwood,20,3,Unknown,3,3,NO,47448.57439944843,17880.806355876033,10726.257102779693,2551.3464465339684,Ford,2009,0
1558,392,31,IL,500/1000,1000,1819.8943454575603,1000000,MALE,High School,Machine-op-inspct,Exercise,unmarried,93849.51583307711,71587.44169317085,Parked Car,Front Collision,Trivial Damage,Police,VA,Springfield,19,4,Unknown,3,2,Unknown,45116.49996932469,16171.923173007814,1156.1500019081273,9989.086339665899,Dodge,2008,0
1559,50,31,TX,250/500,2000,1999.611908387139,1000000,MALE,JD,Craft-repair,Reading,wife,54934.523383505286,5095.108579366348,Single Vehicle Collision,Rear Collision,Minor Damage,None,NY,Columbus,23,2,NO,3,0,Unknown,149409.19467539323,25382.643232023063,26331.659023219327,478.11232334294886,Saab,2007,0
1560,28,74,CA,100/300,1000,866.096016450877,1000000,MALE,College,Exec-managerial,Camping,unmarried,60546.48602222888,49770.62513760845,Multi-vehicle Collision,Rear Collision,Total Loss,Fire,OH,Springfield,20,1,YES,1,3,YES,84104.45394536425,9678.175525653116,28315.970192581888,29492.44022111526,Saab,1996,1
1561,461,51,FL,500/1000,2000,1644.961422818316,5000000,FEMALE,PhD,Prof-specialty,Reading,wife,71191.22559039721,33247.12269233808,Single Vehicle Collision,Rear Collision,Total Loss,Ambulance,PA,Riverwood,5,4,Unknown,1,2,YES,132034.8086699377,1190.7257204943044,18556.908673111328,27009.640057824083,Mercedes,2002,1
1562,295,70,TX,100/300,2000,1379.6892685621965,1000000,MALE,College,Prof-specialty,Exercise,unmarried,32097.573366440556,63070.633209100844,Single Vehicle Collision,Rear Collision,Total Loss,Ambulance,PA,Columbus,19,3,Unknown,1,1,YES,64191.91099200117,12711.248072730996,24196.091657112152,10019.67996509889,Dodge,2003,0
1563,296,74,TX,250/500,2000,891.8676986803736,1000000,MALE,Masters,Prof-specialty,Camping,other-relative,69898.39606750346,4369.972412501844,Multi-vehicle Collision,Front Collision,Trivial Damage,Fire,OH,Springfield,17,4,NO,1,3,NO,108547.110986136,29075.46911813218,3633.346160799055,58635.49724144153,Ford,2013,0
1564,213,37,CA,250/500,500,1972.8579834304142,2000000,MALE,Masters,Prof-specialty,Camping,husband,52679.19098513837,3493.4808918159365,Vehicle Theft,Side Collision,Minor Damage,Ambulance,PA,Columbus,6,4,YES,3,2,YES,43344.55352446984,23867.247148095692,8064.608453599939,89272.38156978093,Toyota,2013,0
1565,266,28,FL,100/300,1000,1846.8471571613782,0,FEMALE,JD,Adm-clerical,Chess,not-in-family,67247.99495825067,42725.16013962966,Single Vehicle Collision,Front Collision,Total Loss,None,PA,Riverwood,17,1,YES,3,3,YES,136812.0105116404,1013.1652092681942,9756.950630345513,81093.2846945285,Chevrolet,2017,0
1566,406,33,TX,500/1000,500,692.7735026661746,0,MALE,Masters,Prof-specialty,Camping,wife,83583.326090984,81133.9479201512,Single Vehicle Collision,Rear Collision,Total Loss,Fire,WV,Columbus,11,2,NO,3,0,YES,68544.3630274868,26240.36711694526,28822.595008454886,22831.26891096724,BMW,2003,0
1567,256,68,TX,250/500,1000,539.2375134851297,1000000,MALE,JD,Exec-managerial,Camping,husband,18422.913027198396,67109.40641352747,Multi-vehicle Collision,Unknown,Minor Damage,None,NY,Columbus,6,2,YES,1,2,Unknown,120656.96184875505,14150.684688639521,15366.679197221025,69321.34880414208,BMW,2017,0
1568,301,48,NY,250/500,1000,1532.4961434990153,0,FEMALE,PhD,Machine-op-inspct,Reading,other-relative,61355.09103357597,1670.6091911565911,Parked Car,Unknown,Major Damage,Fire,WV,Columbus,6,1,NO,1,0,NO,38744.62405971344,10943.040954538674,222.40676441879992,84324.00736932323,Mercedes,2022,0
1569,100,72,TX,500/1000,500,1406.1959432848025,0,FEMALE,JD,Exec-managerial,Camping,wife,5211.132860983658,17847.209421412237,Multi-vehicle Collision,Front Collision,Minor Damage,Ambulance,NY,Riverwood,0,3,YES,2,2,YES,104193.84911732093,10402.186224083747,11405.574686102866,81582.14491039481,BMW,2023,0
1570,404,23,NY,250/500,2000,1903.723436166719,0,FEMALE,Masters,Craft-repair,Movies,husband,10211.508894903687,22673.1464517443,Vehicle Theft,Side Collision,Total Loss,Fire,NY,Riverwood,9,4,NO,3,1,Unknown,61071.18145780535,17854.327591165933,232.5180259672932,79621.00196588483,Ford,2001,0
1571,345,73,FL,100/300,1000,851.0079307405547,0,FEMALE,High School,Adm-clerical,Chess,unmarried,67459.4235735587,42305.89275451947,Parked Car,Rear Collision,Total Loss,None,WV,Columbus,9,2,YES,0,3,NO,5200.193734694783,15917.982553222875,7134.172214173375,70801.90104476565,BMW,2008,0
1572,109,36,FL,250/500,2000,626.5819218424806,0,FEMALE,JD,Adm-clerical,Chess,other-relative,7093.765180831946,58671.56839217995,Vehicle Theft,Side Collision,Minor Damage,Fire,OH,Springfield,11,2,NO,0,1,YES,62244.73393697999,19698.81732504789,13641.002014235322,26439.93370238317,Chevrolet,1996,0
1573,419,54,FL,250/500,500,888.8230006579797,1000000,MALE,College,Craft-repair,Camping,unmarried,59535.77798139738,21646.017389728968,Single Vehicle Collision,Side Collision,Minor Damage,Ambulance,PA,Springfield,2,4,NO,2,0,Unknown,82728.23544243535,17209.2439512014,9701.791662625099,7612.319652350222,Saab,2006,0
1574,181,21,IL,500/1000,2000,528.3914607671952,2000000,MALE,High School,Exec-managerial,Reading,unmarried,22001.259865138545,38251.422447229765,Vehicle Theft,Side Collision,Trivial Damage,Police,VA,Riverwood,2,3,YES,1,3,NO,23188.361280019697,4318.337245251556,982.0263685551212,43954.95982085138,Audi,2005,0
1575,470,64,FL,100/300,1000,553.8391267833987,1000000,FEMALE,JD,Exec-managerial,Chess,other-relative,30408.482851174802,58394.33939937642,Vehicle Theft,Rear Collision,Trivial Damage,Ambulance,WV,Northbrook,12,4,NO,3,1,YES,27995.00922629595,7717.080262749546,3490.071672263383,5025.722978634684,Dodge,2011,0
1576,312,21,TX,500/1000,1000,1872.2867088811395,1000000,FEMALE,College,Craft-repair,Chess,wife,12963.65021474264,38343.5303901649,Multi-vehicle Collision,Front Collision,Trivial Damage,Ambulance,WV,Springfield,12,1,Unknown,1,2,YES,69996.98834931196,25230.887163055024,16526.596836681987,89862.78423969909,Saab,1996,0
1577,0,37,CA,250/500,1000,1028.0248737528173,0,FEMALE,High School,Prof-specialty,Movies,not-in-family,24866.74861728393,14316.942138463219,Parked Car,Rear Collision,Trivial Damage,Police,OH,Columbus,5,1,YES,1,2,Unknown,51738.092008794294,19897.755440868896,20868.14713153456,32312.040507519985,Chevrolet,2022,0
1578,318,27,NY,250/500,500,1116.2135015145209,0,FEMALE,JD,Prof-specialty,Camping,own-child,82129.1784819328,49166.112553822364,Single Vehicle Collision,Rear Collision,Minor Damage,Fire,PA,Northbrook,2,3,NO,0,1,YES,66390.71043150272,13452.018762442234,12136.47036698708,86254.75866316158,Toyota,2016,0
1579,437,41,IL,500/1000,1000,527.5574818071566,0,MALE,PhD,Machine-op-inspct,Chess,own-child,63887.84056065275,32399.41959538054,Single Vehicle Collision,Front Collision,Minor Damage,Ambulance,WV,Riverwood,14,2,YES,0,3,Unknown,69393.63490374706,5478.042955015961,21944.452392747207,69603.57717189232,Chevrolet,2022,0
1580,54,71,FL,500/1000,500,905.78267025777,0,MALE,College,Exec-managerial,Chess,not-in-family,94975.97947128548,86418.83625548356,Single Vehicle Collision,Front Collision,Minor Damage,Police,VA,Springfield,8,2,YES,3,0,Unknown,21441.368533561963,230.73107931935732,4899.986655454311,37075.0567368029,Chevrolet,2006,0
1581,370,52,FL,500/1000,2000,1707.0889756121464,0,FEMALE,PhD,Exec-managerial,Chess,other-relative,4874.485535375527,77562.49080938344,Parked Car,Front Collision,Major Damage,None,PA,Northbrook,20,3,NO,3,2,Unknown,27588.589002882152,9356.622095658542,3661.7384342305827,10736.196003171963,Audi,2020,0
1582,423,43,CA,100/300,1000,1423.2364395000786,0,FEMALE,Masters,Craft-repair,Chess,own-child,79241.19971840686,19027.509223368943,Parked Car,Unknown,Major Damage,Police,WV,Riverwood,5,3,Unknown,1,0,NO,127300.7263251844,1645.4087078000623,25183.611478298273,21423.65882198997,BMW,2009,1
1583,398,54,CA,250/500,1000,1630.670901629623,0,FEMALE,JD,Craft-repair,Reading,not-in-family,69907.71832794246,15263.579133084437,Vehicle Theft,Unknown,Total Loss,Ambulance,WV,Riverwood,5,1,YES,1,3,Unknown,24826.444051917366,14468.523992623654,10176.40045476599,60606.70739583128,Audi,2023,0
1584,148,55,IL,500/1000,1000,1170.8206111906775,0,FEMALE,JD,Prof-specialty,Exercise,husband,26089.230519753604,34767.66733145,Vehicle Theft,Front Collision,Trivial Damage,None,NY,Columbus,7,1,Unknown,2,3,NO,100054.192784735,24654.043582746253,12967.437658332728,74711.1747837501,Mercedes,2002,0
1585,430,38,NY,250/500,2000,964.593832626995,5000000,MALE,College,Exec-managerial,Movies,not-in-family,72916.67028105845,41217.45004435924,Parked Car,Side Collision,Total Loss,Ambulance,NY,Springfield,10,3,Unknown,1,2,YES,63069.94299178492,8561.959841468919,28427.448069518894,88151.70021563547,Toyota,2002,0
1586,456,71,FL,100/300,1000,1224.2151399925556,0,FEMALE,JD,Exec-managerial,Reading,wife,71654.85499146202,93201.81513247281,Single Vehicle Collision,Unknown,Minor Damage,Police,WV,Northbrook,18,2,NO,2,0,NO,145251.3845524613,25432.624846651488,12723.369838113278,11981.380342832035,Toyota,2016,0
1587,308,57,IL,100/300,500,984.6066026086268,0,FEMALE,Masters,Adm-clerical,Movies,not-in-family,45934.52030587438,30162.0737085333,Parked Car,Rear Collision,Minor Damage,None,OH,Columbus,15,4,NO,1,3,Unknown,10382.602102291512,21136.93188259768,104.70317555712705,14119.66635010575,Volkswagen,2012,0
1588,136,56,TX,100/300,2000,1758.456645011102,0,MALE,JD,Machine-op-inspct,Chess,unmarried,68863.9618853709,86758.43529684916,Multi-vehicle Collision,Rear Collision,Minor Damage,Ambulance,NY,Springfield,8,4,YES,1,0,YES,124643.1354715989,3757.869880645961,28139.15818649507,3915.3089544441577,Audi,2008,0
1589,201,38,TX,100/300,2000,946.5105733892685,0,FEMALE,High School,Machine-op-inspct,Movies,unmarried,44458.09030150653,50530.927935371576,Parked Car,Unknown,Total Loss,Police,WV,Northbrook,22,4,NO,1,2,Unknown,73971.66004984191,19336.8567380875,423.55900457483943,23506.770842646765,Volkswagen,2019,0
1590,435,27,IL,250/500,2000,1489.6454606796256,0,MALE,PhD,Prof-specialty,Camping,other-relative,33554.55960578722,88562.37255573897,Parked Car,Rear Collision,Total Loss,None,PA,Riverwood,10,1,YES,3,2,Unknown,1300.1794441961965,4550.394219166296,19868.588511875943,73913.96274913683,Mercedes,2004,0
1591,312,55,FL,100/300,2000,705.4733334642917,0,FEMALE,Masters,Exec-managerial,Camping,unmarried,46649.09603369162,70195.37773285864,Single Vehicle Collision,Front Collision,Major Damage,Ambulance,VA,Riverwood,15,3,YES,3,3,YES,39917.20273146328,19643.727608247562,9686.727285975106,17923.2914201086,Dodge,1998,0
1592,116,63,IL,100/300,2000,1530.2997406023649,0,FEMALE,Masters,Adm-clerical,Exercise,husband,89512.94814927912,70838.89681093689,Vehicle Theft,Rear Collision,Minor Damage,Police,NY,Springfield,5,2,Unknown,3,3,Unknown,61450.67945611579,4281.434541843183,14111.72269680615,49353.0410155667,Mercedes,2010,0
1593,153,21,FL,500/1000,500,1869.9495674000507,2000000,MALE,PhD,Exec-managerial,Exercise,not-in-family,38458.37928602182,51879.74874961479,Multi-vehicle Collision,Unknown,Major Damage,Ambulance,WV,Columbus,16,1,NO,2,0,NO,47472.115640614305,11775.34098046698,16418.555030885524,40232.00710074119,Saab,2010,0
1594,424,74,CA,100/300,2000,1412.8747319598624,0,FEMALE,PhD,Craft-repair,Movies,husband,40368.81774566638,84030.40415781397,Multi-vehicle Collision,Side Collision,Total Loss,Ambulance,NY,Northbrook,15,3,NO,2,3,YES,54686.194870083025,16997.828107145808,12253.801718866627,29391.77918637823,Toyota,2023,1
1595,290,62,IL,500/1000,1000,1339.7830700517159,2000000,MALE,Masters,Prof-specialty,Reading,other-relative,60840.322762205025,25442.480524169565,Multi-vehicle Collision,Rear Collision,Trivial Damage,Ambulance,PA,Northbrook,19,3,YES,3,2,YES,137542.4504160084,1511.225142718252,23231.063615465046,55689.34256955632,Volkswagen,2015,0
1596,62,37,FL,100/300,2000,1941.6774020324603,1000000,MALE,PhD,Machine-op-inspct,Reading,unmarried,75299.94754336213,90735.1271516869,Parked Car,Rear Collision,Major Damage,Fire,OH,Riverwood,20,4,Unknown,2,3,YES,54459.63784265299,4599.250345635822,27921.19228993338,45259.08846078458,Ford,2011,0
1597,243,34,IL,100/300,2000,1441.0948329737696,0,MALE,College,Exec-managerial,Chess,own-child,73462.08603111564,63677.585503596725,Single Vehicle Collision,Side Collision,Trivial Damage,Ambulance,WV,Springfield,17,4,NO,3,1,Unknown,63114.992220708555,9612.264751567393,2592.361563566048,30195.20929626393,Audi,2003,0
1598,24,72,IL,500/1000,2000,889.3256499096238,1000000,FEMALE,PhD,Prof-specialty,Reading,not-in-family,1979.8730118157248,43870.89014925257,Parked Car,Unknown,Total Loss,None,PA,Columbus,0,2,Unknown,0,2,Unknown,114289.16725992787,13869.60257315584,24007.58643704919,62027.69457228844,Chevrolet,2005,1
1599,89,24,FL,100/300,2000,938.5865357716107,0,FEMALE,High School,Machine-op-inspct,Exercise,own-child,68741.53330188531,98218.9903415557,Vehicle Theft,Side Collision,Minor Damage,Police,VA,Riverwood,17,2,Unknown,3,0,YES,119178.11807938208,25754.618817643033,3860.134227019354,25269.140374364735,Saab,2021,0
1600,74,21,FL,250/500,2000,1557.9599638038908,0,MALE,High School,Exec-managerial,Reading,wife,45055.40480989269,86201.41069116401,Single Vehicle Collision,Rear Collision,Total Loss,Police,WV,Riverwood,7,4,YES,0,3,NO,13071.40294211084,5618.192650619465,2408.3154974882327,57922.18224752384,Chevrolet,2021,0
1601,293,46,NY,250/500,500,1603.1548908382795,0,FEMALE,College,Adm-clerical,Chess,other-relative,52408.99675544575,77202.10128316995,Multi-vehicle Collision,Unknown,Minor Damage,Fire,VA,Columbus,21,4,NO,1,3,Unknown,105758.47016776713,10424.128515075769,28674.94358166386,86156.40356390542,Ford,2020,0
1602,385,31,IL,100/300,500,955.2443476835228,1000000,FEMALE,PhD,Prof-specialty,Camping,wife,56166.33369429792,27390.24710689438,Parked Car,Front Collision,Total Loss,Fire,OH,Northbrook,9,3,NO,2,2,Unknown,72644.50707467797,14273.28708840542,14678.93344473822,65632.78292841832,Volkswagen,2007,0
1603,390,20,TX,250/500,2000,1018.0159668894953,0,FEMALE,High School,Exec-managerial,Reading,own-child,73171.96171082654,97374.07004323977,Single Vehicle Collision,Unknown,Minor Damage,Fire,WV,Northbrook,1,2,NO,2,2,Unknown,20511.15703902948,8873.356679681063,4578.098730278658,37714.12041130589,Ford,1995,0
1604,209,41,IL,500/1000,500,1986.5847631086306,2000000,MALE,JD,Machine-op-inspct,Reading,own-child,83133.2983608313,74298.75028259559,Parked Car,Unknown,Total Loss,Ambulance,WV,Springfield,8,3,Unknown,3,0,NO,40074.22931005921,18772.433361626125,17098.71339651269,67305.58297610699,Audi,2001,1
1605,474,54,IL,100/300,1000,652.9288243704161,1000000,MALE,PhD,Machine-op-inspct,Exercise,own-child,64626.094463223606,60521.728402904155,Single Vehicle Collision,Front Collision,Trivial Damage,Ambulance,PA,Riverwood,23,2,NO,1,2,Unknown,7232.806847324542,7698.073043279103,7897.11416308659,72850.8393303335,BMW,2005,0
1606,417,33,FL,100/300,2000,1106.9675426601489,2000000,FEMALE,College,Adm-clerical,Movies,wife,56390.72208060012,92179.9229013333,Multi-vehicle Collision,Unknown,Minor Damage,None,NY,Springfield,3,2,YES,1,0,Unknown,54355.459727369365,23170.512633397302,13929.270504239827,29393.05798311799,Volkswagen,2019,0
1607,346,72,IL,500/1000,1000,593.6712967962612,0,MALE,PhD,Prof-specialty,Camping,other-relative,37376.925481270184,16218.168192912919,Vehicle Theft,Rear Collision,Trivial Damage,Police,WV,Northbrook,10,1,Unknown,1,3,NO,38683.26282993661,15154.6228455355,18739.78781639731,63491.38618768015,Dodge,1997,0
1608,16,69,IL,500/1000,1000,1731.6175429973616,2000000,FEMALE,Masters,Prof-specialty,Movies,not-in-family,13787.821923194753,13901.605276427676,Vehicle Theft,Rear Collision,Minor Damage,Police,OH,Columbus,9,4,NO,1,0,NO,57624.45790831264,2589.1465038333063,26078.09486609984,39152.21802699998,Dodge,1996,0
1609,127,21,TX,500/1000,2000,638.5187584181483,0,FEMALE,Masters,Exec-managerial,Chess,not-in-family,95857.7681644864,56371.341439076015,Parked Car,Rear Collision,Minor Damage,Ambulance,WV,Northbrook,13,1,Unknown,2,0,Unknown,87260.91185584814,18809.96685695873,92.44194807924933,73685.17111219,Audi,2008,0
1610,426,73,FL,100/300,1000,1511.011034694067,0,FEMALE,High School,Machine-op-inspct,Chess,husband,46184.22923253076,5671.359663311071,Multi-vehicle Collision,Rear Collision,Total Loss,Police,WV,Northbrook,6,2,Unknown,3,0,YES,109984.76302947468,17077.30511396272,6424.219827478462,26654.445806264932,BMW,2004,1
1611,442,41,IL,500/1000,1000,584.725136005223,1000000,MALE,Masters,Machine-op-inspct,Movies,husband,56621.224449739326,66398.68618670157,Parked Car,Front Collision,Major Damage,Ambulance,WV,Riverwood,18,3,Unknown,3,3,YES,91000.12199064968,10157.92062620018,2888.1162875633872,84404.5943351965,Chevrolet,2018,0
1612,363,51,CA,500/1000,1000,1509.2825567145367,1000000,MALE,College,Adm-clerical,Exercise,own-child,75107.31394364171,24074.11381156198,Parked Car,Rear Collision,Major Damage,Fire,WV,Northbrook,5,2,YES,0,1,NO,101917.40668786189,334.7123516706407,2912.931046771875,51773.34566003121,Volkswagen,2014,0
1613,250,47,NY,250/500,2000,1764.555420391555,0,FEMALE,High School,Adm-clerical,Exercise,other-relative,6841.048497982915,11902.657794307137,Single Vehicle Collision,Unknown,Major Damage,Ambulance,OH,Springfield,15,1,NO,2,1,Unknown,129913.04853250961,6021.046265231176,28373.322394197145,31861.9679228208,Chevrolet,2011,1
1614,178,35,TX,250/500,2000,1098.232290386086,0,MALE,College,Prof-specialty,Exercise,other-relative,85501.10090037315,40949.5849791478,Single Vehicle Collision,Side Collision,Minor Damage,None,PA,Columbus,18,4,NO,0,0,NO,131136.75429749588,12171.285866470576,28082.488035451574,37801.4770571928,Chevrolet,2002,0
1615,181,36,IL,100/300,1000,1283.1897401482652,0,FEMALE,College,Machine-op-inspct,Camping,unmarried,79702.57433424074,46594.96263655637,Single Vehicle Collision,Front Collision,Minor Damage,Ambulance,NY,Riverwood,18,3,Unknown,1,2,NO,129177.54257969651,5997.421013798923,22479.242391036994,31367.09533693152,Toyota,2009,0
1616,151,48,CA,250/500,2000,1102.3126070079238,0,MALE,Masters,Exec-managerial,Chess,unmarried,77442.85819098412,17048.48638960711,Multi-vehicle Collision,Front Collision,Minor Damage,Ambulance,OH,Columbus,12,2,NO,3,1,YES,23398.752864189228,17324.733628190334,19291.891272027464,13247.545593558261,Toyota,2016,0
1617,24,36,IL,250/500,2000,950.7331379489583,0,MALE,Masters,Craft-repair,Chess,wife,2198.2706734408384,4153.527095613219,Multi-vehicle Collision,Side Collision,Total Loss,Police,OH,Springfield,11,2,Unknown,0,3,NO,38034.83547224998,21369.7468177877,25439.11339073109,6257.466480183483,Volkswagen,2000,1
1618,454,66,IL,500/1000,1000,1704.8951009406924,0,MALE,College,Exec-managerial,Chess,unmarried,52651.88514104142,41405.559123881365,Parked Car,Rear Collision,Trivial Damage,Ambulance,VA,Springfield,21,4,Unknown,2,0,NO,75597.63308667202,25680.52970252507,1752.262142717027,29027.90469292966,Toyota,2014,0
1619,179,63,FL,500/1000,2000,908.0038605964845,0,FEMALE,Masters,Adm-clerical,Camping,not-in-family,5426.837073243684,75952.633598843,Single Vehicle Collision,Rear Collision,Trivial Damage,None,NY,Northbrook,14,2,Unknown,3,1,Unknown,54131.52445539604,19409.478560512463,3584.5737930368527,41336.27065292927,Volkswagen,2016,0
1620,197,36,FL,250/500,500,1584.4151365841706,5000000,FEMALE,Masters,Exec-managerial,Chess,not-in-family,55087.25788472912,87419.97706010216,Multi-vehicle Collision,Unknown,Minor Damage,Ambulance,PA,Springfield,7,2,YES,2,3,Unknown,20184.5107578545,20670.27663764438,9513.38769889002,32627.34285529811,Volkswagen,1996,0
1621,343,39,FL,250/500,2000,809.2956188828034,0,FEMALE,Masters,Machine-op-inspct,Movies,wife,71844.83262555224,9754.82941290997,Parked Car,Rear Collision,Major Damage,Ambulance,PA,Northbrook,3,4,NO,3,0,NO,43518.66007354489,18253.255956915735,24974.771396895405,1351.3633796913673,Toyota,2016,0
1622,160,41,CA,250/500,500,874.7806941174944,1000000,MALE,PhD,Prof-specialty,Reading,husband,12185.02502584229,52467.54630112551,Multi-vehicle Collision,Rear Collision,Total Loss,Fire,VA,Riverwood,19,1,Unknown,2,1,NO,146326.59986901304,29564.581728381112,14166.976282995305,52152.661511127815,Saab,2009,1
1623,176,62,IL,100/300,1000,1004.6917438658184,2000000,FEMALE,College,Craft-repair,Camping,own-child,69488.31054772886,26340.29888063848,Parked Car,Unknown,Minor Damage,Ambulance,VA,Columbus,7,1,NO,2,0,Unknown,52365.54994673216,7830.017072397246,15107.24290312855,13119.00154219557,Chevrolet,2010,0
1624,284,29,NY,100/300,2000,1383.7345660906824,0,FEMALE,JD,Prof-specialty,Reading,other-relative,44953.28459853072,37463.38696028665,Vehicle Theft,Rear Collision,Total Loss,Ambulance,OH,Northbrook,22,1,YES,3,1,YES,63127.65321024624,7987.760415382751,6877.962889614228,19069.37454268928,Dodge,1996,1
1625,62,47,TX,100/300,1000,1181.6334787393116,0,FEMALE,College,Craft-repair,Movies,husband,81155.293067782,93344.18297599064,Single Vehicle Collision,Side Collision,Total Loss,Ambulance,PA,Northbrook,20,1,YES,2,1,Unknown,1457.0125676658977,3790.0092426557894,19451.624435205784,10955.293231879923,Audi,2016,1
1626,490,55,FL,250/500,1000,1617.7172147417307,0,FEMALE,High School,Craft-repair,Exercise,not-in-family,53358.8939380301,35207.47729456469,Vehicle Theft,Rear Collision,Total Loss,None,PA,Riverwood,15,3,Unknown,2,2,Unknown,108052.5245286347,14570.52977608597,26635.264621867926,46886.90242956366,Volkswagen,2008,0
1627,149,70,FL,250/500,1000,820.3509505042884,1000000,MALE,Masters,Machine-op-inspct,Exercise,husband,33612.153583464875,36534.59301783268,Parked Car,Side Collision,Minor Damage,Police,PA,Springfield,15,3,YES,1,1,Unknown,62325.734799034275,2884.8511089276576,9885.426595754025,8654.820388020407,Audi,2019,0
1628,153,48,IL,100/300,1000,516.0084317732512,0,MALE,Masters,Machine-op-inspct,Exercise,wife,33199.156342370865,20939.582574499127,Parked Car,Side Collision,Trivial Damage,Fire,OH,Northbrook,1,4,YES,3,2,Unknown,15919.439402826583,8104.397906943112,18575.578193096524,23146.51670163376,Ford,2017,0
1629,155,53,IL,100/300,1000,1664.83620767783,0,FEMALE,JD,Adm-clerical,Camping,own-child,89748.6520007584,96001.84180258555,Single Vehicle Collision,Side Collision,Total Loss,Fire,PA,Springfield,21,4,YES,0,3,Unknown,145299.23237654846,14480.427863141747,9958.468923354661,40708.61371403737,Ford,2022,1
1630,369,36,CA,250/500,2000,1732.4740008201086,0,MALE,High School,Adm-clerical,Exercise,not-in-family,45287.15845851323,45648.73566602834,Single Vehicle Collision,Rear Collision,Minor Damage,Ambulance,WV,Northbrook,16,4,YES,3,1,YES,116726.26528147048,28727.86847790052,23781.5733550299,15177.028776951222,Ford,2022,0
1631,468,65,CA,500/1000,500,589.2202446625843,0,MALE,PhD,Craft-repair,Camping,wife,40575.389717642094,57039.213405676295,Parked Car,Rear Collision,Total Loss,Ambulance,VA,Springfield,22,3,YES,3,0,Unknown,109059.43837019267,28914.38981520502,14248.792109769516,40217.09841699479,Mercedes,2014,1
1632,48,62,FL,100/300,2000,1416.3612832375948,0,MALE,College,Adm-clerical,Camping,husband,3987.3622297915576,45316.809230139974,Multi-vehicle Collision,Front Collision,Major Damage,Police,VA,Northbrook,4,2,YES,1,2,Unknown,143701.91405882957,22312.20702409667,10184.07066659114,30911.887801993536,Toyota,1995,0
1633,454,53,IL,250/500,2000,1067.3101758096168,5000000,MALE,PhD,Machine-op-inspct,Reading,other-relative,36432.460511540165,25291.907676386414,Single Vehicle Collision,Unknown,Total Loss,Ambulance,VA,Columbus,4,3,NO,0,1,YES,61418.2726353121,11677.504847270548,12601.465626338757,77467.68624552756,Volkswagen,2003,0
1634,336,47,NY,250/500,2000,1690.8434827917752,0,MALE,High School,Adm-clerical,Exercise,unmarried,84962.70549444247,81041.2613140987,Parked Car,Unknown,Major Damage,None,VA,Columbus,11,1,YES,0,2,NO,107920.76427372104,25954.838201296385,2736.8256418868477,71561.79881528321,Ford,2011,1
1635,83,72,TX,500/1000,2000,1811.6218312947178,2000000,FEMALE,JD,Craft-repair,Chess,wife,76098.76565326091,2847.122587682116,Single Vehicle Collision,Front Collision,Minor Damage,Police,WV,Columbus,6,1,NO,0,0,YES,31328.08065912494,26263.674057229207,25983.514599673217,89357.62705355129,Volkswagen,2015,0
1636,360,66,IL,250/500,500,1776.5056501958736,5000000,MALE,High School,Prof-specialty,Exercise,not-in-family,22091.320279659976,69024.34300916937,Single Vehicle Collision,Side Collision,Total Loss,Ambulance,NY,Northbrook,4,2,Unknown,2,0,Unknown,104719.52184409194,27305.92142389657,28742.071660143145,47649.16479359373,BMW,2008,0
1637,176,72,IL,250/500,2000,1665.8063710262782,0,FEMALE,JD,Exec-managerial,Exercise,husband,41305.662321350326,59427.281059935245,Vehicle Theft,Unknown,Total Loss,Police,PA,Springfield,3,4,YES,2,0,NO,2604.8242820466244,19200.75144645639,14322.425392062496,51828.19871082375,Chevrolet,2017,0
1638,147,50,CA,100/300,1000,903.5783431132445,0,FEMALE,PhD,Adm-clerical,Exercise,unmarried,19657.967608174888,14428.065068874917,Vehicle Theft,Front Collision,Minor Damage,Fire,VA,Riverwood,16,3,YES,2,3,YES,19382.65437587181,6053.783868236413,6640.116242344182,85203.46174560438,Toyota,2004,0
1639,117,35,TX,100/300,2000,1717.834465352475,1000000,FEMALE,PhD,Machine-op-inspct,Chess,unmarried,95421.68168347068,16590.50443006894,Multi-vehicle Collision,Side Collision,Total Loss,Ambulance,PA,Riverwood,5,2,NO,0,3,NO,64076.20833112585,2732.4231831204515,19939.68597266816,36023.34010040791,Volkswagen,2007,0
1640,341,69,FL,500/1000,2000,1300.217713859439,2000000,MALE,High School,Prof-specialty,Chess,husband,59811.787853553564,65922.55879008694,Single Vehicle Collision,Front Collision,Total Loss,Police,PA,Riverwood,13,2,YES,3,0,YES,2307.85787349822,27443.265121203898,13571.444386234281,50055.87333728648,Audi,2007,0
1641,475,66,IL,500/1000,500,579.1349222481363,0,MALE,High School,Machine-op-inspct,Camping,own-child,75435.47925485486,31213.87916632715,Parked Car,Rear Collision,Total Loss,Police,WV,Columbus,8,3,NO,3,3,YES,69563.89538983768,1666.3832436480895,7569.002425152591,34179.78606572008,Ford,2020,0
1642,62,45,FL,250/500,500,1185.4082748473734,5000000,MALE,Masters,Adm-clerical,Chess,husband,71380.8649676779,26573.807816567918,Parked Car,Rear Collision,Minor Damage,Ambulance,PA,Columbus,3,2,NO,0,3,NO,78657.36648521808,8876.701783139846,1152.994304704471,49172.87746023855,Audi,2016,0
1643,188,64,IL,100/300,1000,1913.23687554499,0,MALE,JD,Craft-repair,Camping,not-in-family,87368.93633900835,5915.60955372793,Single Vehicle Collision,Side Collision,Total Loss,Police,VA,Columbus,10,4,YES,0,3,NO,93430.18633926877,14608.853011132112,26691.133553655363,7360.902283326797,Volkswagen,2013,1
1644,359,28,FL,500/1000,2000,1831.7890246033292,0,FEMALE,Masters,Exec-managerial,Reading,other-relative,94932.77785454593,76648.30893227842,Single Vehicle Collision,Side Collision,Major Damage,Ambulance,PA,Springfield,19,3,Unknown,1,3,NO,15507.808210545647,659.3007862042743,23902.03056135143,70563.08899160146,Saab,2021,0
1645,48,74,TX,500/1000,2000,653.3964214956741,0,FEMALE,College,Exec-managerial,Camping,not-in-family,3244.617377572445,88267.19353006454,Multi-vehicle Collision,Rear Collision,Major Damage,Ambulance,WV,Columbus,20,3,Unknown,2,3,NO,27561.28101251824,27207.367760347315,24870.181729181382,88676.66727387105,Volkswagen,2002,0
1646,326,71,CA,500/1000,2000,1616.1900285715553,0,FEMALE,College,Prof-specialty,Exercise,unmarried,97530.11798999524,81984.43517257337,Multi-vehicle Collision,Unknown,Major Damage,None,VA,Springfield,15,2,Unknown,2,3,Unknown,92185.86392222067,8613.629846167049,13195.191927941665,6010.062179315898,Volkswagen,2021,1
1647,256,62,TX,250/500,1000,1708.689298937352,0,MALE,High School,Exec-managerial,Movies,other-relative,87054.24631058796,46603.41195000369,Multi-vehicle Collision,Unknown,Total Loss,None,WV,Springfield,15,4,NO,2,0,YES,98899.06301316457,855.1439676172567,22597.661758602826,72113.47174780954,Toyota,2001,1
1648,223,50,NY,100/300,500,907.0822823551472,0,FEMALE,PhD,Craft-repair,Movies,wife,38294.740869809626,53395.64085805625,Parked Car,Rear Collision,Minor Damage,Police,OH,Springfield,15,4,NO,1,3,Unknown,4372.084117436301,29807.69991679555,17436.757916399867,21831.95856450353,Saab,2019,0
1649,140,34,CA,500/1000,1000,1207.4128561116386,0,FEMALE,College,Machine-op-inspct,Exercise,unmarried,83706.92425570705,24227.619398468836,Vehicle Theft,Unknown,Major Damage,Police,NY,Northbrook,5,1,YES,1,3,YES,81284.9206361982,9341.79542452546,11243.258892404792,17859.48008960062,BMW,2011,1
1650,477,23,TX,100/300,2000,1566.4819121955245,0,FEMALE,College,Craft-repair,Camping,own-child,73655.79823309495,17285.473941878616,Multi-vehicle Collision,Rear Collision,Minor Damage,Police,PA,Riverwood,14,3,NO,1,2,Unknown,117854.76893382547,26302.947224561183,25282.2626436654,62433.99880478374,Mercedes,2002,0
1651,214,21,NY,500/1000,500,1158.5622332317218,2000000,MALE,Masters,Prof-specialty,Exercise,husband,79311.43766896917,82300.11748913447,Parked Car,Front Collision,Major Damage,Fire,PA,Springfield,2,1,Unknown,0,2,Unknown,10830.581228916417,13604.233617626427,29962.72644133255,4067.4891452366955,BMW,1998,0
1652,434,37,IL,500/1000,500,669.1953782998654,2000000,FEMALE,Masters,Prof-specialty,Chess,wife,22069.103283905533,79834.41605448302,Multi-vehicle Collision,Front Collision,Major Damage,Ambulance,PA,Riverwood,8,4,YES,1,3,YES,62269.3433543547,19893.77703164997,26978.469218230795,41745.2173179872,Mercedes,2001,0
1653,378,65,IL,100/300,1000,1558.8236670225824,0,FEMALE,College,Exec-managerial,Camping,not-in-family,64856.37019356654,77735.9828436892,Parked Car,Front Collision,Total Loss,Ambulance,OH,Springfield,0,4,Unknown,3,1,Unknown,49313.43531800023,7232.704486120642,23285.759150589172,229.85748578738708,Mercedes,2017,0
1654,439,64,FL,100/300,500,1867.4580346029552,0,MALE,High School,Craft-repair,Exercise,other-relative,2592.589429929082,46335.93063976348,Single Vehicle Collision,Unknown,Minor Damage,Fire,NY,Springfield,10,1,YES,0,1,NO,137093.0109901265,15086.259809310659,22425.239165771305,49940.023175318005,Toyota,2014,0
1655,210,44,CA,100/300,500,1478.7270926092365,0,FEMALE,Masters,Machine-op-inspct,Chess,wife,84822.91325528488,86450.77608445591,Parked Car,Front Collision,Trivial Damage,Fire,WV,Columbus,21,3,Unknown,0,3,NO,28277.45778436507,7729.53577275081,19507.465290505643,41641.14192907293,Saab,2018,0
1656,317,32,IL,250/500,2000,1660.701122853551,0,MALE,College,Craft-repair,Chess,own-child,95104.2972475789,92623.20693508147,Single Vehicle Collision,Side Collision,Major Damage,Police,OH,Riverwood,5,1,YES,2,0,Unknown,48094.88176509978,28532.51643795311,25608.524905187314,82401.88634059246,Ford,2023,0
1657,31,23,CA,500/1000,2000,1037.5438034867427,0,FEMALE,PhD,Machine-op-inspct,Camping,husband,66212.3440635288,32834.43446534448,Parked Car,Side Collision,Major Damage,Ambulance,OH,Springfield,23,4,Unknown,2,0,Unknown,134817.4893761998,1828.3623724873887,14792.43743473998,64852.444060318936,Saab,2022,0
1658,157,64,IL,250/500,500,774.7973676899524,0,MALE,Masters,Machine-op-inspct,Reading,wife,51266.96531760021,22469.449178035582,Vehicle Theft,Front Collision,Minor Damage,None,VA,Riverwood,4,4,NO,1,2,YES,49932.66925596593,8240.217825145422,5451.88530593979,11427.954851916818,Audi,2011,0
1659,284,31,FL,100/300,500,1464.1604924274388,1000000,MALE,College,Craft-repair,Reading,not-in-family,72573.10893630712,46426.30307759832,Parked Car,Side Collision,Total Loss,None,OH,Columbus,17,2,Unknown,3,0,YES,79936.44236754636,26793.26629649636,23041.491728076195,31973.14238170006,Ford,1999,0
1660,304,28,TX,500/1000,1000,991.6568087618283,2000000,MALE,JD,Adm-clerical,Chess,other-relative,32636.128822461695,17932.63566745925,Single Vehicle Collision,Front Collision,Minor Damage,Fire,OH,Springfield,20,2,YES,0,0,Unknown,5438.782916016466,14401.078725218513,27585.19122527656,83849.02129412518,Ford,2014,0
1661,428,56,FL,250/500,1000,1790.1102784846892,0,FEMALE,Masters,Craft-repair,Reading,wife,62638.7795812538,88400.28851398968,Vehicle Theft,Front Collision,Total Loss,Fire,PA,Columbus,11,1,Unknown,0,0,YES,147742.9142081679,18002.5233571251,10240.568757914985,65307.53983994067,Chevrolet,1998,1
1662,476,26,NY,500/1000,500,683.9420749670098,1000000,FEMALE,JD,Machine-op-inspct,Chess,husband,71897.29393064442,33799.05000777694,Parked Car,Rear Collision,Total Loss,Ambulance,VA,Springfield,6,2,NO,0,3,NO,123829.53282674283,19550.801144869278,23489.498938714067,53525.332837267386,Dodge,2013,1
1663,285,43,IL,250/500,2000,1150.1955495996856,0,MALE,Masters,Prof-specialty,Reading,not-in-family,14268.078148118757,57617.17865405768,Parked Car,Front Collision,Major Damage,Ambulance,WV,Columbus,1,4,YES,2,3,NO,95342.94123962811,2127.8253532069016,8211.681092472423,50360.536011742464,Volkswagen,1995,0
1664,143,33,NY,100/300,500,1095.0914007025788,0,MALE,Masters,Prof-specialty,Chess,wife,14006.800549659238,59471.9495907125,Multi-vehicle Collision,Side Collision,Minor Damage,None,NY,Columbus,6,3,NO,2,1,NO,9582.913326952055,532.1622272575521,28278.00820076046,35889.05212970857,Toyota,2015,0
1665,423,22,NY,250/500,500,1907.0807803308944,1000000,MALE,JD,Exec-managerial,Chess,other-relative,71613.8177714307,51498.78803458964,Vehicle Theft,Unknown,Total Loss,Ambulance,WV,Northbrook,8,3,Unknown,3,2,YES,11693.059225230712,28135.2315513392,20503.8297604136,52709.61149394108,Audi,2018,0
1666,18,74,CA,500/1000,2000,729.7022009066059,0,MALE,High School,Prof-specialty,Chess,husband,43178.249416549595,15652.570942309829,Single Vehicle Collision,Front Collision,Minor Damage,Police,VA,Springfield,23,1,YES,2,1,YES,81973.55780320811,8145.085358906422,17078.279615471914,69472.63089659638,BMW,2004,0
1667,17,69,IL,500/1000,2000,514.7702375180164,0,MALE,College,Adm-clerical,Chess,own-child,88920.14984609,99100.06400933713,Vehicle Theft,Rear Collision,Total Loss,Fire,PA,Springfield,19,2,Unknown,3,0,YES,43117.13321241342,11409.393313065866,23396.10473710725,11565.637104437437,Saab,2000,0
1668,256,27,NY,500/1000,1000,857.1278192106763,2000000,MALE,High School,Machine-op-inspct,Movies,own-child,31193.888215683764,17260.32292411297,Single Vehicle Collision,Side Collision,Trivial Damage,None,NY,Springfield,7,1,YES,2,0,YES,93607.02240172442,20462.795121706487,24396.93511672625,87287.7745043664,Ford,2006,0
1669,77,67,TX,500/1000,1000,1730.4152896529818,1000000,MALE,High School,Craft-repair,Reading,unmarried,4243.073724864455,75150.73605709098,Multi-vehicle Collision,Rear Collision,Major Damage,None,WV,Riverwood,8,2,NO,3,1,Unknown,89929.77603624198,7089.116312181638,26771.09694676041,21618.901731098806,Ford,2011,0
1670,370,20,NY,100/300,1000,813.9827240705256,2000000,MALE,College,Craft-repair,Chess,wife,64987.602923151964,79136.2874055159,Multi-vehicle Collision,Front Collision,Total Loss,Police,NY,Northbrook,9,3,NO,2,1,Unknown,125878.38404275502,21992.14110502555,27033.585985422917,40352.067061220005,Toyota,1999,1
1671,174,30,TX,250/500,1000,861.3170955582241,1000000,MALE,PhD,Adm-clerical,Exercise,other-relative,68423.92266025806,14516.370836127267,Single Vehicle Collision,Front Collision,Minor Damage,Ambulance,NY,Riverwood,11,2,NO,2,3,Unknown,42565.87057654003,13747.265464898099,1580.724766606396,2142.1346558356004,Saab,2016,0
1672,497,60,CA,100/300,2000,694.8482068052163,5000000,MALE,High School,Prof-specialty,Camping,wife,55359.16089787103,93316.35115498803,Single Vehicle Collision,Front Collision,Total Loss,Ambulance,NY,Springfield,1,2,Unknown,1,3,Unknown,86890.59691140338,25698.29415862173,3687.228240383863,49576.09847396784,Saab,2003,1
1673,193,66,NY,100/300,500,1573.1543049148106,0,MALE,High School,Machine-op-inspct,Exercise,husband,68333.26456945979,48775.876262772836,Single Vehicle Collision,Front Collision,Minor Damage,Fire,OH,Northbrook,9,1,YES,1,2,NO,116715.81616639477,8356.219072964472,24781.82634561625,34429.82956881998,BMW,2003,0
1674,475,47,FL,100/300,1000,603.7612857581257,0,MALE,High School,Prof-specialty,Exercise,unmarried,52375.4344474395,62888.29585676866,Multi-vehicle Collision,Side Collision,Total Loss,Police,VA,Columbus,2,3,NO,1,3,YES,73870.56145518778,6114.674413898956,28381.54960140535,22553.05291734255,BMW,1999,0
1675,112,71,CA,500/1000,1000,996.8124534927824,0,FEMALE,PhD,Exec-managerial,Movies,other-relative,69263.28160990456,64218.60560347962,Vehicle Theft,Unknown,Minor Damage,None,VA,Northbrook,0,2,Unknown,3,0,NO,124681.2279083722,24950.650616246163,9230.155443718217,88698.63041503378,Audi,2013,1
1676,113,62,TX,500/1000,2000,923.7480899314469,0,MALE,Masters,Prof-specialty,Reading,wife,4393.740655519451,50495.51255923007,Multi-vehicle Collision,Front Collision,Major Damage,Police,PA,Columbus,16,3,Unknown,3,0,YES,20125.792135279058,9789.78194978501,258.0545529814604,38589.88872623747,Dodge,2016,0
1677,221,23,CA,500/1000,2000,1332.739594685232,0,FEMALE,JD,Exec-managerial,Movies,other-relative,36839.73702210215,14202.20441211537,Parked Car,Rear Collision,Minor Damage,None,WV,Springfield,21,2,YES,3,1,Unknown,110217.71588949792,12356.05938001515,9681.155671055938,37345.24308709135,Ford,2021,0
1678,165,34,NY,250/500,500,1595.6243975296034,0,FEMALE,JD,Craft-repair,Reading,husband,21081.69179536846,75175.33578912991,Multi-vehicle Collision,Side Collision,Minor Damage,Police,PA,Springfield,0,3,NO,3,2,NO,141475.82268238626,23811.23498063979,11485.924079177148,41732.983476839756,Ford,2018,0
1679,434,62,IL,500/1000,500,1299.314652045121,0,FEMALE,PhD,Machine-op-inspct,Chess,unmarried,9932.613861162732,58178.58351234922,Parked Car,Side Collision,Total Loss,Ambulance,WV,Columbus,4,2,Unknown,1,3,YES,50116.55648853813,19067.29612123725,22831.00094170207,10542.224738047902,Saab,2022,0
1680,318,68,IL,250/500,2000,1896.5389894626014,0,MALE,High School,Exec-managerial,Movies,other-relative,23409.26361660719,11868.061525738349,Parked Car,Side Collision,Trivial Damage,None,NY,Northbrook,13,4,NO,0,2,Unknown,55267.29814058876,13251.776712968072,1427.5399691351743,35439.340272363566,BMW,2005,0
1681,131,70,TX,500/1000,1000,1927.163958330998,2000000,FEMALE,JD,Prof-specialty,Camping,husband,19131.061803178818,70032.19686336086,Multi-vehicle Collision,Rear Collision,Trivial Damage,Fire,WV,Riverwood,5,3,YES,2,0,YES,12990.676740032779,7496.71526713674,6379.207082779808,30342.742893589966,Chevrolet,2022,0
1682,384,36,TX,500/1000,1000,1042.1979927477732,0,MALE,PhD,Prof-specialty,Reading,own-child,97313.13883615972,70276.32608064906,Multi-vehicle Collision,Unknown,Major Damage,Police,WV,Northbrook,8,4,NO,2,0,YES,96403.17054641941,22926.029065552928,26819.05758583919,41914.68884275364,BMW,2006,0
1683,263,59,IL,100/300,1000,1666.5205644123391,0,FEMALE,College,Craft-repair,Movies,other-relative,28654.591771846273,54848.64460959151,Multi-vehicle Collision,Rear Collision,Minor Damage,Ambulance,NY,Columbus,21,4,NO,3,3,Unknown,83091.38348241309,5412.931034701711,4644.6122835430215,77110.24289903126,Volkswagen,1999,0
1684,412,52,TX,100/300,500,1608.2020749022845,1000000,MALE,JD,Adm-clerical,Camping,unmarried,23095.89701471595,9054.881029156802,Vehicle Theft,Rear Collision,Minor Damage,None,PA,Columbus,13,4,Unknown,1,3,NO,6531.690930488984,27848.388017592843,22777.429559050284,17431.406970863703,Volkswagen,2002,0
1685,54,63,CA,100/300,1000,1839.446887557241,1000000,MALE,College,Adm-clerical,Exercise,not-in-family,83487.45062689928,35264.403113672925,Multi-vehicle Collision,Rear Collision,Major Damage,Ambulance,WV,Riverwood,3,2,Unknown,0,3,YES,112955.6980322111,4509.482073689916,10839.312467372276,54735.76538219408,Dodge,2011,0
1686,358,43,FL,250/500,1000,1171.9154603115549,0,FEMALE,High School,Prof-specialty,Chess,not-in-family,41911.621726883895,5092.410762670096,Single Vehicle Collision,Front Collision,Major Damage,Police,PA,Riverwood,0,3,YES,1,1,Unknown,124478.03211388123,24148.010758418885,19879.806447641586,3483.57436869834,Audi,2002,0
1687,130,68,FL,250/500,2000,1295.7097807966884,0,FEMALE,JD,Adm-clerical,Chess,other-relative,42146.54484493091,47759.60188263914,Multi-vehicle Collision,Front Collision,Total Loss,Fire,PA,Riverwood,5,2,YES,2,0,YES,136114.38081904274,12727.466001844014,2215.3950990897574,28579.645938791884,Chevrolet,1996,1
1688,287,22,CA,500/1000,1000,1123.661470372361,0,MALE,PhD,Machine-op-inspct,Exercise,other-relative,44359.04663801518,90644.71318940434,Parked Car,Rear Collision,Total Loss,Fire,VA,Columbus,6,2,YES,3,1,YES,82087.245882511,5580.186988005361,8596.738352581302,42591.91995643305,Saab,2017,0
1689,265,46,FL,250/500,2000,1775.5653789495584,0,FEMALE,Masters,Adm-clerical,Movies,husband,41653.45061206146,225.29826129237262,Vehicle Theft,Rear Collision,Minor Damage,Police,NY,Springfield,20,3,Unknown,3,0,YES,68160.71521781273,12071.368147103136,12743.6921249016,6777.695656700323,Audi,2012,0
1690,457,54,NY,500/1000,1000,844.5534730432016,0,MALE,JD,Machine-op-inspct,Exercise,wife,32656.545495884835,26663.86530424122,Vehicle Theft,Front Collision,Major Damage,None,NY,Northbrook,5,1,YES,1,3,NO,131482.50460254558,6646.554485998007,25716.378782333668,49002.71732265273,Ford,2013,0
1691,466,37,CA,250/500,500,859.563617363667,0,MALE,JD,Prof-specialty,Camping,not-in-family,28633.944255478982,79985.9101148085,Parked Car,Front Collision,Minor Damage,Ambulance,OH,Riverwood,23,2,YES,3,0,NO,60105.17445068678,4079.809525075421,16904.87572938353,27998.27333438,Volkswagen,2015,0
1692,365,66,TX,250/500,1000,1058.9076553656196,0,MALE,JD,Prof-specialty,Reading,wife,88195.96764854412,986.0833821606518,Vehicle Theft,Unknown,Total Loss,Ambulance,PA,Columbus,0,4,Unknown,0,0,NO,98488.74722256698,7174.661967916754,1356.7587923306755,89353.62022194892,Toyota,2004,1
1693,161,38,CA,250/500,1000,845.5142481535268,0,FEMALE,JD,Prof-specialty,Movies,not-in-family,16170.73461353562,1017.3437046006705,Vehicle Theft,Rear Collision,Trivial Damage,None,OH,Northbrook,7,2,YES,2,2,NO,92496.65733193849,26021.954176147578,24055.997199783782,56824.158246491854,Ford,2001,0
1694,379,27,IL,100/300,2000,1341.5102546223811,0,MALE,PhD,Craft-repair,Reading,other-relative,18106.235292293928,61081.85860943991,Single Vehicle Collision,Side Collision,Major Damage,Police,NY,Riverwood,11,1,Unknown,0,0,Unknown,56138.08442286753,3178.271624394726,1635.644668544477,22051.35012181299,Volkswagen,2003,0
1695,480,22,TX,250/500,2000,701.7351597432535,5000000,MALE,PhD,Adm-clerical,Exercise,unmarried,57171.910042504234,78919.97567985844,Single Vehicle Collision,Unknown,Minor Damage,Ambulance,NY,Springfield,10,4,YES,1,0,NO,13490.045666124195,29176.187633036723,28030.99691975702,9330.324765733445,Saab,2006,0
1696,86,53,IL,100/300,2000,980.279329106083,5000000,MALE,Masters,Exec-managerial,Chess,unmarried,34365.85796627351,77650.54174666706,Vehicle Theft,Side Collision,Minor Damage,Ambulance,OH,Northbrook,1,2,Unknown,2,2,YES,3701.6230312675098,149.95361063030455,6351.523381211687,3760.708165501399,Chevrolet,2006,0
1697,54,23,TX,100/300,1000,1870.167047713385,0,MALE,PhD,Exec-managerial,Reading,not-in-family,42152.93648470272,77957.8020749287,Multi-vehicle Collision,Unknown,Minor Damage,Police,NY,Northbrook,1,3,NO,0,3,Unknown,64521.54221004039,19747.144631737294,14637.784339711643,8260.516467331523,Ford,1999,0
1698,475,43,FL,250/500,1000,1113.838220287694,0,FEMALE,PhD,Prof-specialty,Reading,not-in-family,80654.6607890683,36100.63448176657,Vehicle Theft,Rear Collision,Total Loss,Ambulance,NY,Columbus,23,4,Unknown,0,2,YES,72439.63543609183,25695.35954514258,2168.429062989272,61237.35147990112,Chevrolet,2005,0
1699,287,21,CA,500/1000,500,1622.350574740264,0,FEMALE,High School,Adm-clerical,Chess,husband,90363.10603771055,88272.41442744588,Single Vehicle Collision,Side Collision,Total Loss,None,VA,Columbus,1,1,Unknown,0,3,NO,123490.40109438886,28018.729443802928,16851.371588932998,76963.80561189116,BMW,2011,1
1700,177,56,NY,500/1000,1000,670.193287559861,0,FEMALE,High School,Machine-op-inspct,Reading,other-relative,79055.36795565471,1283.5601396736895,Vehicle Theft,Front Collision,Minor Damage,None,WV,Columbus,7,2,Unknown,2,3,YES,62454.54166176494,4319.567803702636,14916.86102185445,14190.3070125259,Audi,2009,0
1701,390,56,TX,500/1000,500,871.346762212677,0,FEMALE,College,Exec-managerial,Reading,other-relative,23492.826329075157,31218.87367723004,Multi-vehicle Collision,Unknown,Minor Damage,Police,VA,Springfield,20,3,YES,2,3,YES,42533.40127265365,20946.254893570203,12307.456046440288,36251.88737439262,Saab,2005,0
1702,348,67,TX,250/500,2000,1711.018431800553,0,MALE,Masters,Prof-specialty,Chess,wife,97997.12896090503,33718.76948353899,Multi-vehicle Collision,Side Collision,Minor Damage,Police,WV,Northbrook,23,4,Unknown,3,0,YES,69583.42197723541,3220.476484669419,1067.1875110211927,31945.75735331065,Mercedes,2009,0
1703,7,52,IL,500/1000,2000,1644.4894044345413,0,MALE,High School,Exec-managerial,Chess,husband,36317.65008160959,16557.112581954116,Single Vehicle Collision,Unknown,Trivial Damage,None,VA,Riverwood,6,4,Unknown,1,2,YES,36079.576823391166,10578.344816233008,26368.09135954509,58042.176397807736,Saab,2010,0
1704,320,18,FL,100/300,2000,1079.2338778907317,0,MALE,Masters,Exec-managerial,Exercise,own-child,16906.7061164613,33622.59729920992,Vehicle Theft,Rear Collision,Major Damage,Police,VA,Springfield,15,3,YES,3,2,NO,14158.411361686001,21957.79072520981,24079.097964385877,16522.741566957888,Toyota,2013,0
1705,312,41,IL,500/1000,500,1931.5953530502113,0,MALE,Masters,Exec-managerial,Exercise,unmarried,49949.670546804,58588.4130052109,Single Vehicle Collision,Side Collision,Total Loss,None,PA,Riverwood,23,1,NO,1,2,YES,17399.933536073033,10379.196784892007,18990.900609869725,85803.40600923127,Mercedes,2015,0
1706,246,74,IL,250/500,1000,1865.9645237518182,0,MALE,JD,Prof-specialty,Reading,unmarried,72528.57696349472,52027.93126973825,Parked Car,Side Collision,Trivial Damage,None,OH,Riverwood,21,4,Unknown,2,2,YES,48213.59175459068,9401.241848432035,17166.899479017913,65597.21873197,Audi,2006,0
1707,322,53,FL,500/1000,2000,1943.4511236683597,0,MALE,Masters,Prof-specialty,Movies,other-relative,8327.088130807402,31942.735858453987,Single Vehicle Collision,Side Collision,Total Loss,None,VA,Columbus,8,1,YES,0,1,YES,2395.1244249943584,3481.638564072246,20848.39294109494,85960.9619117296,Volkswagen,1997,0
1708,471,23,NY,100/300,1000,1141.872035281678,0,FEMALE,JD,Craft-repair,Exercise,husband,63428.69146210478,74932.75136824555,Single Vehicle Collision,Unknown,Major Damage,Ambulance,PA,Riverwood,15,1,NO,3,0,YES,33420.391358845096,1993.1428298426401,4319.700477431016,25035.495121307646,Saab,2002,0
1709,470,58,IL,250/500,1000,796.2103755285245,0,MALE,College,Craft-repair,Exercise,own-child,85807.79234265962,71479.05784378073,Single Vehicle Collision,Front Collision,Total Loss,Police,VA,Riverwood,1,3,Unknown,2,1,NO,118234.7095693869,3458.3397384527125,27979.32738949452,52935.63584348415,Dodge,2018,1
1710,442,71,IL,500/1000,2000,1439.9879586370116,0,MALE,College,Craft-repair,Movies,unmarried,26178.148269208767,28069.64770804404,Vehicle Theft,Front Collision,Major Damage,Ambulance,OH,Springfield,2,4,NO,2,0,YES,35575.27026833148,26264.24324835673,8540.198745139229,65930.88754621916,BMW,2005,0
1711,254,63,TX,250/500,500,1527.1597374187977,0,MALE,College,Exec-managerial,Movies,husband,69312.32121767075,32322.839277791747,Parked Car,Front Collision,Minor Damage,Police,PA,Columbus,1,2,Unknown,2,2,Unknown,17054.061900407625,335.9557614277575,19694.70817329007,64014.96442681927,Dodge,1995,0
1712,327,61,FL,250/500,1000,688.16267667578,0,FEMALE,JD,Adm-clerical,Chess,own-child,39990.86299604407,28752.019863212765,Vehicle Theft,Rear Collision,Total Loss,Fire,WV,Riverwood,21,3,Unknown,3,1,Unknown,142387.5437191836,20785.976086058672,18202.67043425714,2019.0143386098803,Audi,2018,1
1713,53,74,CA,250/500,2000,1679.724551443859,0,MALE,JD,Prof-specialty,Exercise,not-in-family,41413.51431395816,12885.116651121552,Multi-vehicle Collision,Side Collision,Major Damage,Ambulance,OH,Riverwood,18,3,NO,2,3,YES,93559.2823945671,23058.726896648936,19098.41939146826,89846.19579774067,Mercedes,1998,0
1714,248,48,NY,500/1000,1000,527.0903296399408,0,MALE,College,Craft-repair,Camping,other-relative,28081.40312089128,75278.16429608548,Parked Car,Front Collision,Minor Damage,Ambulance,NY,Riverwood,16,1,NO,1,2,YES,9473.879440632047,17036.649123822866,26368.563692463365,83532.59155191378,BMW,2021,0
1715,238,37,NY,250/500,1000,1224.092581215175,0,MALE,JD,Adm-clerical,Camping,wife,62439.37964398954,4627.651051524906,Single Vehicle Collision,Front Collision,Minor Damage,Ambulance,PA,Northbrook,19,2,NO,1,2,NO,9805.472990987972,21923.260835494457,8877.336199518593,10865.712106407704,Mercedes,2000,0
1716,228,41,FL,500/1000,1000,996.5243892423423,0,FEMALE,PhD,Craft-repair,Reading,unmarried,36099.92530301546,15058.049410342279,Single Vehicle Collision,Side Collision,Minor Damage,Fire,NY,Northbrook,20,3,Unknown,0,3,Unknown,92012.25779202586,19568.09007075301,22468.44564757972,48966.65300913582,Dodge,2004,0
1717,66,42,TX,100/300,1000,1610.454589848626,0,MALE,PhD,Craft-repair,Exercise,unmarried,83090.30034615783,10530.451774784744,Single Vehicle Collision,Rear Collision,Minor Damage,Police,PA,Columbus,11,1,Unknown,3,2,NO,81249.25590870429,13666.75467284078,17951.731918175075,28378.62533321551,Audi,2009,0
1718,50,53,TX,500/1000,1000,969.1410911327239,1000000,MALE,JD,Adm-clerical,Camping,own-child,96290.54230495308,82533.89755243344,Vehicle Theft,Unknown,Minor Damage,Fire,WV,Springfield,10,4,YES,3,0,YES,10722.028472751233,11481.312836288012,2281.809928639205,79112.57203159336,Audi,2002,0
1719,96,38,FL,100/300,500,1740.2106691715492,2000000,FEMALE,JD,Craft-repair,Exercise,wife,93508.76800409245,4400.851538675099,Multi-vehicle Collision,Unknown,Total Loss,Police,PA,Columbus,19,1,YES,3,2,Unknown,34035.16350851364,28239.959652155205,12424.640426459255,62807.01478987506,Mercedes,2008,0
1720,91,47,TX,500/1000,500,1392.4302331712158,5000000,MALE,High School,Exec-managerial,Exercise,not-in-family,16312.837299298855,66462.72899165588,Parked Car,Unknown,Minor Damage,Police,VA,Northbrook,21,2,YES,3,0,Unknown,139391.91571559545,29158.13977711404,25138.547197972333,20194.192390242133,Volkswagen,1996,0
1721,494,41,NY,250/500,2000,1690.840042643108,0,FEMALE,High School,Exec-managerial,Camping,husband,1419.0299994750521,4447.459841080348,Parked Car,Side Collision,Minor Damage,Police,NY,Columbus,18,2,Unknown,3,0,NO,86015.61616691209,19538.14210875089,9460.421667917577,3144.1169685194423,Dodge,2018,1
1722,263,61,NY,500/1000,500,1984.0109567594357,5000000,MALE,Masters,Exec-managerial,Exercise,other-relative,43846.83411221577,78644.34039217993,Vehicle Theft,Rear Collision,Trivial Damage,Police,NY,Springfield,5,1,NO,2,2,YES,66328.64702310062,5918.965196954152,14467.916499386278,26327.588055068194,Mercedes,2017,0
1723,417,59,CA,250/500,500,1518.7375186153354,0,FEMALE,Masters,Machine-op-inspct,Movies,husband,72888.37076721867,91271.40863937486,Multi-vehicle Collision,Side Collision,Total Loss,Police,PA,Columbus,9,4,YES,2,3,Unknown,37898.23408209473,13436.974873133624,14659.157044609798,3528.5408254246427,Volkswagen,2014,0
1724,290,47,FL,100/300,500,1977.4254745424662,0,MALE,Masters,Craft-repair,Reading,own-child,97745.5268334961,48684.316583456144,Parked Car,Unknown,Minor Damage,Fire,VA,Riverwood,13,2,Unknown,1,0,NO,20487.857324129713,14896.124702478211,18540.296004175878,12803.83309855277,Dodge,2022,0
1725,95,39,IL,500/1000,1000,543.2544903825581,0,MALE,College,Machine-op-inspct,Chess,unmarried,78342.23015721056,80454.18010122956,Vehicle Theft,Front Collision,Total Loss,Ambulance,VA,Springfield,0,2,NO,3,1,Unknown,60693.43677454682,22739.101573819848,26520.5357937055,57288.80994107265,Volkswagen,2015,0
1726,87,45,IL,250/500,1000,1007.2099827257127,2000000,FEMALE,PhD,Prof-specialty,Camping,not-in-family,58054.93218670399,70641.05328502283,Multi-vehicle Collision,Front Collision,Major Damage,Fire,PA,Springfield,14,4,YES,3,0,YES,138393.80062002942,20033.31393966958,5206.175963554693,67083.14762381044,BMW,2000,0
1727,77,24,CA,100/300,2000,661.7798968434637,0,MALE,College,Adm-clerical,Chess,unmarried,2635.2912229547387,79563.52921734672,Multi-vehicle Collision,Front Collision,Major Damage,Ambulance,OH,Springfield,5,3,NO,3,3,YES,7782.353653792481,15444.432882836854,15138.506479203768,42174.719310517765,Saab,1997,0
1728,287,52,CA,100/300,2000,893.4573970766594,1000000,MALE,JD,Prof-specialty,Reading,husband,82554.06915073545,76677.51995259884,Parked Car,Unknown,Minor Damage,Ambulance,WV,Columbus,12,2,NO,1,2,YES,148651.33298345856,20410.936733614708,12728.017778628364,54065.87957540216,Mercedes,1996,0
1729,119,72,TX,500/1000,2000,1758.3318486886617,0,FEMALE,High School,Machine-op-inspct,Movies,not-in-family,17714.50339292111,20536.788373873194,Parked Car,Rear Collision,Trivial Damage,None,PA,Columbus,23,1,YES,3,3,NO,31568.001670200167,721.7054020132185,8877.602703017892,14114.064760314252,Mercedes,2008,0
1730,301,45,CA,100/300,1000,548.4848979891354,0,MALE,JD,Exec-managerial,Movies,other-relative,5560.651418679041,49955.90101547896,Multi-vehicle Collision,Unknown,Major Damage,Ambulance,VA,Riverwood,13,4,YES,3,3,YES,61610.72037965189,23299.059656530913,27588.245308613168,28579.88583089037,Toyota,2012,0
1731,490,31,CA,250/500,500,1280.2744035985907,0,FEMALE,JD,Craft-repair,Movies,own-child,85035.88473542644,96041.41871263858,Parked Car,Side Collision,Major Damage,Fire,WV,Springfield,12,2,Unknown,2,2,NO,7235.170570774776,6348.967020208329,245.13277223141893,64188.25787027008,BMW,2009,0
1732,399,73,IL,100/300,500,1350.6930612985593,0,MALE,High School,Craft-repair,Movies,other-relative,56625.08678720069,34353.29445814916,Vehicle Theft,Rear Collision,Minor Damage,None,PA,Riverwood,23,3,NO,1,1,Unknown,87924.93936465068,19692.274186834475,3663.143778911313,32903.711336050044,Mercedes,1998,0
1733,451,27,TX,100/300,1000,1341.726720007934,0,FEMALE,JD,Exec-managerial,Camping,own-child,12855.159786044935,97048.70906370644,Multi-vehicle Collision,Front Collision,Minor Damage,Police,WV,Springfield,15,2,YES,2,1,YES,72791.51217744824,3419.1975641102745,22000.333497483287,31458.129000542274,Saab,2010,0
1734,499,33,CA,250/500,2000,1212.9456107348835,0,MALE,Masters,Craft-repair,Camping,other-relative,38654.26631740812,58316.17114337358,Parked Car,Rear Collision,Total Loss,Police,OH,Northbrook,0,3,YES,0,0,NO,100172.70169284959,3433.825077741044,7903.248140607404,17539.938068641502,Ford,2017,0
1735,164,33,CA,100/300,2000,1685.904447154633,0,MALE,High School,Adm-clerical,Exercise,husband,8554.166722556334,46161.14176657774,Parked Car,Rear Collision,Minor Damage,Ambulance,VA,Columbus,13,2,NO,3,0,NO,81630.38003007515,1069.7293151010601,21695.377832767303,53574.75635826519,Mercedes,2006,0
1736,181,71,TX,100/300,2000,700.3146342583268,0,FEMALE,JD,Adm-clerical,Exercise,wife,63801.0806927802,65775.74650262021,Vehicle Theft,Unknown,Minor Damage,Police,OH,Riverwood,12,2,NO,0,1,NO,60027.57880473681,27306.984304605354,24967.608321466883,72877.5206811259,BMW,2011,0
1737,468,48,FL,100/300,1000,965.8655233261809,0,MALE,Masters,Adm-clerical,Reading,not-in-family,28242.726634267477,81583.91711776936,Parked Car,Rear Collision,Minor Damage,Police,OH,Columbus,22,1,NO,3,2,YES,110794.62632284478,18136.76273075436,7638.4805050359055,42303.108071646646,Mercedes,1995,0
1738,397,59,TX,100/300,2000,1423.5890801677592,1000000,FEMALE,Masters,Prof-specialty,Exercise,own-child,86609.41313653748,39420.81548507492,Parked Car,Unknown,Major Damage,None,VA,Columbus,9,4,YES,0,3,NO,4240.658604150184,10858.858086874448,5758.328635890726,10486.97915675092,Audi,2014,0
1739,222,42,IL,250/500,2000,1536.4270494019338,0,FEMALE,PhD,Exec-managerial,Reading,husband,35779.6028819692,3295.417511463794,Parked Car,Side Collision,Minor Damage,Fire,OH,Northbrook,9,4,YES,2,2,YES,81383.83862075198,23633.33223057926,4359.018980434734,75469.23212865951,Ford,2003,0
1740,310,30,FL,100/300,1000,1106.2226476655844,0,FEMALE,Masters,Adm-clerical,Reading,unmarried,49463.38630199178,70880.62979704114,Single Vehicle Collision,Rear Collision,Minor Damage,Police,PA,Northbrook,3,1,Unknown,1,3,YES,17524.492472436894,18782.466018739964,6002.658326473387,6518.59970367785,Toyota,2006,0
1741,431,23,NY,250/500,500,1813.0568949908497,0,MALE,College,Machine-op-inspct,Reading,unmarried,6352.339750597514,95616.67844973851,Vehicle Theft,Rear Collision,Trivial Damage,Police,PA,Springfield,13,4,NO,0,3,Unknown,65683.24579633208,18602.415537388213,8015.561673515747,42508.29085078793,Chevrolet,2022,0
1742,465,61,TX,100/300,1000,1123.2400950438714,0,MALE,High School,Adm-clerical,Movies,other-relative,27559.261664396985,62498.665027633804,Vehicle Theft,Rear Collision,Minor Damage,Fire,WV,Northbrook,11,4,YES,2,1,Unknown,118773.23487027346,14611.283830890205,26062.494496215262,23570.85252053645,Mercedes,1999,0
1743,6,26,IL,100/300,1000,1104.1642015224998,2000000,MALE,High School,Prof-specialty,Chess,unmarried,67676.72716905974,18841.447854547332,Single Vehicle Collision,Front Collision,Total Loss,None,PA,Springfield,21,4,YES,0,1,YES,21797.881565929827,237.80336004626034,23100.132397572976,84275.00225317561,Dodge,2011,0
1744,329,62,FL,100/300,1000,554.3108922310774,2000000,FEMALE,High School,Machine-op-inspct,Chess,wife,73626.27677776401,24824.253218111036,Vehicle Theft,Unknown,Total Loss,None,PA,Northbrook,5,2,NO,0,2,Unknown,140403.64714148655,7753.875192748195,55.32950754724819,66405.1334955737,Ford,1997,1
1745,262,53,TX,100/300,1000,1326.7120042921006,0,FEMALE,JD,Exec-managerial,Camping,own-child,24282.185501123364,90975.07186313742,Parked Car,Unknown,Trivial Damage,Police,WV,Northbrook,14,2,YES,1,3,NO,133331.45151251496,3272.300838002489,26223.574262942933,51020.16756881603,Saab,2021,1
1746,160,73,CA,250/500,500,1563.0212577678576,0,FEMALE,JD,Exec-managerial,Reading,other-relative,50382.00987207079,1356.2095604470637,Parked Car,Front Collision,Major Damage,Ambulance,NY,Riverwood,4,3,NO,2,2,YES,62528.308094571425,19872.295570583283,2364.3689910593303,60131.21411797311,Chevrolet,2000,0
1747,150,60,TX,250/500,2000,671.6572452752721,2000000,MALE,College,Adm-clerical,Movies,own-child,81753.11052045051,54874.666546341745,Parked Car,Unknown,Total Loss,Fire,VA,Northbrook,9,3,YES,1,0,Unknown,1393.2386885275173,7458.6246536099325,19657.96852640618,47992.1809268429,Chevrolet,2023,0
1748,84,37,NY,250/500,1000,958.1491491318063,2000000,FEMALE,Masters,Machine-op-inspct,Exercise,own-child,37991.01608895553,15867.764519395578,Vehicle Theft,Side Collision,Trivial Damage,None,PA,Riverwood,8,4,NO,3,1,NO,118566.85158783566,13504.99992153621,4544.243046504791,13369.324975224952,Mercedes,1997,1
1749,146,35,TX,500/1000,500,1671.8854306742783,2000000,MALE,JD,Machine-op-inspct,Exercise,husband,13377.126735678923,28276.44352170794,Vehicle Theft,Front Collision,Total Loss,Police,WV,Northbrook,9,4,NO,1,1,YES,132193.9226101363,10602.908948696488,1868.2743153286863,63847.971331688794,Audi,2021,1
1750,111,60,FL,100/300,2000,1048.879153120363,1000000,MALE,Masters,Adm-clerical,Camping,unmarried,43187.03896124693,30698.164949326012,Multi-vehicle Collision,Unknown,Total Loss,None,OH,Riverwood,23,4,YES,1,3,NO,26623.34480713717,4295.962137760919,22793.120925635332,44391.38830902728,BMW,2016,1
1751,380,74,FL,100/300,2000,862.4036930600598,0,MALE,Masters,Adm-clerical,Camping,not-in-family,60062.86654320312,21928.274773832756,Single Vehicle Collision,Side Collision,Minor Damage,Police,OH,Columbus,11,1,NO,0,1,YES,137470.73521807528,28751.10698648158,14016.09341567529,57124.40349191379,Audi,2000,0
1752,402,38,TX,250/500,2000,1508.3009953476683,0,MALE,JD,Craft-repair,Reading,own-child,739.8528192379516,79235.20627061557,Vehicle Theft,Unknown,Total Loss,Fire,PA,Springfield,21,2,Unknown,0,2,Unknown,137157.54295555706,28002.579348816478,17971.875399334775,4163.6295915565715,BMW,2015,1
1753,35,21,FL,500/1000,1000,795.1381665074834,0,MALE,JD,Craft-repair,Reading,wife,34856.75066807289,33220.917397875884,Multi-vehicle Collision,Front Collision,Total Loss,Ambulance,VA,Northbrook,3,4,Unknown,0,3,NO,70957.98222961147,2538.2455810992165,12760.590563923766,12868.927851436456,Mercedes,2020,1
1754,284,67,CA,100/300,1000,1843.4793793747654,0,MALE,College,Adm-clerical,Exercise,wife,60743.582089516465,34548.4991265538,Single Vehicle Collision,Unknown,Total Loss,Fire,WV,Riverwood,3,4,NO,2,3,Unknown,119806.20421427736,24820.960605839893,2015.155875235264,53084.40578628593,Saab,2007,1
1755,187,50,TX,250/500,2000,658.3975940392114,0,MALE,PhD,Prof-specialty,Exercise,not-in-family,95191.19500446704,45300.681369345904,Single Vehicle Collision,Side Collision,Total Loss,None,WV,Northbrook,12,2,Unknown,1,0,NO,67019.72275166227,14651.210481491195,22188.54498860924,41402.65838715715,Chevrolet,2015,0
1756,81,44,CA,100/300,2000,1559.8247034242404,0,MALE,High School,Craft-repair,Exercise,unmarried,40854.87324756647,90229.52887404225,Parked Car,Side Collision,Minor Damage,None,WV,Riverwood,13,3,YES,3,2,NO,84824.91675483336,23212.07653742554,24610.533635064796,20495.942838933497,Saab,2019,0
1757,1,24,CA,100/300,2000,1249.3230519295628,0,FEMALE,JD,Adm-clerical,Exercise,unmarried,16297.22654793263,68817.3032026683,Parked Car,Side Collision,Total Loss,None,WV,Riverwood,11,4,YES,0,3,NO,48315.93196655962,4534.713927413008,1242.6162926610073,21744.40675596658,Volkswagen,2013,1
1758,384,23,IL,250/500,2000,1804.8943435954905,0,MALE,JD,Machine-op-inspct,Chess,other-relative,53421.90979668533,6174.97041677777,Multi-vehicle Collision,Unknown,Major Damage,Ambulance,WV,Northbrook,12,4,NO,3,1,NO,24340.667125463257,3968.2241333263114,11271.51590951818,56886.082298779234,Saab,2009,0
1759,302,32,TX,250/500,2000,689.2926365393549,0,MALE,Masters,Craft-repair,Reading,other-relative,28575.23610996804,3926.192103657411,Multi-vehicle Collision,Front Collision,Minor Damage,Fire,VA,Springfield,19,4,YES,1,1,Unknown,112107.21928019777,26722.725026856122,16719.4961121048,5401.135720923749,Ford,2021,0
1760,196,35,FL,100/300,2000,1516.8423777441317,0,FEMALE,PhD,Prof-specialty,Reading,other-relative,21477.939931478395,56638.92295770254,Parked Car,Unknown,Total Loss,Police,WV,Riverwood,12,4,YES,1,3,NO,708.2302556107846,26934.584755231823,18155.50268300752,39139.82514569924,Audi,2020,1
1761,403,49,CA,100/300,500,1358.081958772072,0,FEMALE,JD,Exec-managerial,Exercise,unmarried,59040.3259028062,88706.05617272078,Parked Car,Rear Collision,Total Loss,Fire,VA,Columbus,22,2,Unknown,1,1,Unknown,87143.12710249283,13977.364882608264,17344.588234238963,47127.005074922185,Saab,2001,1
1762,10,73,IL,250/500,2000,1220.1352133600697,1000000,FEMALE,PhD,Machine-op-inspct,Movies,own-child,91588.35343364059,32325.147600059114,Single Vehicle Collision,Front Collision,Trivial Damage,Fire,VA,Northbrook,21,2,YES,3,3,NO,129770.56094358032,26104.733928446938,20788.21961706388,27802.019986535834,Chevrolet,2007,1
1763,233,28,TX,100/300,1000,1237.1108951490025,1000000,FEMALE,High School,Prof-specialty,Exercise,husband,83522.4204339286,24777.18289021684,Single Vehicle Collision,Rear Collision,Minor Damage,Ambulance,VA,Columbus,1,2,YES,3,3,YES,33580.95437307935,20023.768545108906,29004.48607258569,73867.42958146102,Volkswagen,2014,0
1764,385,37,TX,100/300,1000,1582.965442697796,0,MALE,Masters,Prof-specialty,Camping,not-in-family,18229.253886909246,74819.10453130791,Vehicle Theft,Unknown,Total Loss,Fire,OH,Riverwood,20,3,Unknown,3,3,YES,50268.468791301355,5550.29227832976,11717.595633861332,5203.585472939027,Volkswagen,1996,0
1765,194,41,NY,250/500,1000,1906.6124824022331,0,FEMALE,College,Prof-specialty,Movies,not-in-family,76587.94583498564,60209.13664698274,Parked Car,Front Collision,Minor Damage,None,NY,Riverwood,18,4,NO,1,1,NO,88329.13500323718,9868.627940464461,16698.70700866768,77933.87239370088,Saab,2020,0
1766,470,32,NY,100/300,2000,636.8774886785721,0,FEMALE,High School,Machine-op-inspct,Camping,not-in-family,22986.863437336924,56502.73423568051,Single Vehicle Collision,Rear Collision,Total Loss,Ambulance,PA,Northbrook,8,3,NO,1,1,YES,37407.10185640545,4081.8195152600965,20972.35888391997,65121.3430606106,Volkswagen,2013,0
1767,118,65,CA,100/300,1000,529.2539714157804,0,FEMALE,PhD,Prof-specialty,Movies,other-relative,29070.126069321923,14930.119914354113,Multi-vehicle Collision,Unknown,Minor Damage,None,OH,Springfield,9,3,Unknown,0,2,NO,127199.28517095206,23218.46006792799,17772.71466233415,40218.268666094395,Dodge,2013,1
1768,395,24,NY,500/1000,500,1708.5571887218052,0,FEMALE,PhD,Exec-managerial,Camping,husband,92005.15068834888,17596.131866098563,Single Vehicle Collision,Front Collision,Total Loss,None,NY,Columbus,16,2,Unknown,2,0,Unknown,55307.17348332698,29557.52174087249,11602.53090027545,83209.61838010445,Toyota,1997,0
1769,19,38,CA,250/500,2000,662.2540813261389,0,MALE,High School,Craft-repair,Exercise,wife,91105.01507137711,28178.777592402428,Parked Car,Side Collision,Major Damage,Fire,OH,Springfield,9,4,YES,3,1,YES,87451.25111307298,16391.349796980347,18722.378638494793,63231.22285487504,Saab,1997,0
1770,260,59,FL,500/1000,1000,1980.0451941206356,2000000,FEMALE,PhD,Machine-op-inspct,Exercise,unmarried,16863.076454516235,20683.89346819369,Single Vehicle Collision,Side Collision,Minor Damage,Police,VA,Columbus,19,4,YES,2,3,NO,34305.11156608171,19675.932423446782,19503.34591320484,83800.97693434804,Ford,2020,0
1771,292,43,CA,500/1000,500,1429.0223734382557,0,FEMALE,College,Prof-specialty,Movies,wife,6419.185592348143,97144.47450464361,Parked Car,Side Collision,Major Damage,Fire,VA,Springfield,12,3,NO,3,1,NO,6687.257380152363,22382.7770440091,17549.054259790104,42585.82116945939,Chevrolet,2000,0
1772,421,61,NY,500/1000,500,1476.299592881211,0,FEMALE,College,Adm-clerical,Camping,other-relative,29311.810323694877,1861.101635615736,Single Vehicle Collision,Rear Collision,Total Loss,Police,WV,Northbrook,19,1,NO,3,1,Unknown,26468.189769042263,6727.773072914712,6153.319822571125,40822.28177948521,Chevrolet,2007,0
1773,255,73,FL,100/300,1000,798.3375544070261,0,FEMALE,PhD,Craft-repair,Chess,own-child,58177.505977776855,62605.63384293241,Vehicle Theft,Rear Collision,Minor Damage,Ambulance,VA,Columbus,0,1,Unknown,2,3,Unknown,7406.741172516082,10080.037429003027,15179.440744572958,47813.762567011465,Ford,2008,0
1774,221,31,NY,100/300,500,860.4684654450116,0,MALE,PhD,Machine-op-inspct,Movies,other-relative,87689.16778163261,51759.88248754383,Vehicle Theft,Unknown,Total Loss,Ambulance,OH,Northbrook,1,4,YES,2,2,NO,70556.28299217628,12369.636339727042,26530.704292821014,5981.860688323657,Dodge,2000,0
1775,392,74,CA,500/1000,1000,1489.0254546488752,0,FEMALE,College,Adm-clerical,Movies,husband,11883.738890049111,32325.123589843628,Multi-vehicle Collision,Side Collision,Total Loss,Ambulance,PA,Springfield,16,4,Unknown,3,3,NO,88202.28994224839,17837.649364364162,26058.056340967305,81773.6331951636,Toyota,2021,1
1776,225,54,IL,500/1000,500,1864.5902569012953,2000000,FEMALE,PhD,Adm-clerical,Reading,other-relative,41495.85022025196,88758.87121039754,Multi-vehicle Collision,Rear Collision,Minor Damage,None,VA,Springfield,12,3,NO,1,2,NO,7178.943548975185,25514.77734446327,22523.637749880334,60127.762942602385,Mercedes,2003,0
1777,52,38,TX,500/1000,2000,1973.58583177635,0,FEMALE,JD,Prof-specialty,Movies,not-in-family,27174.978672052563,67016.25775392822,Parked Car,Side Collision,Major Damage,None,NY,Springfield,16,3,NO,0,1,NO,14027.092119920959,7626.106337697184,20915.865433116753,55620.95244405224,Saab,2018,0
1778,427,35,NY,100/300,2000,797.0464199466405,0,MALE,Masters,Machine-op-inspct,Chess,own-child,1492.8967236017666,99835.43513232264,Parked Car,Unknown,Major Damage,Ambulance,OH,Northbrook,12,2,Unknown,3,3,NO,73085.99150814746,14126.664021833669,4598.374132813527,83389.07192870366,BMW,2004,0
1779,354,22,CA,500/1000,2000,701.1794340646852,0,FEMALE,JD,Prof-specialty,Exercise,own-child,78844.62607929984,16865.595932648535,Parked Car,Front Collision,Major Damage,Fire,NY,Riverwood,16,3,YES,0,1,NO,119977.39986404593,22546.01733614135,13783.939935133476,89427.98226699396,Saab,2010,0
1780,499,20,FL,500/1000,2000,584.6020366411857,0,FEMALE,PhD,Exec-managerial,Camping,unmarried,81328.42131676772,8786.783586782876,Single Vehicle Collision,Rear Collision,Total Loss,None,WV,Riverwood,18,3,YES,1,3,Unknown,94387.37224790003,2621.549985138729,3328.5392924248235,14789.065820197075,Toyota,2017,1
1781,341,40,NY,250/500,2000,1802.4455272419918,0,MALE,PhD,Adm-clerical,Reading,unmarried,22122.906177531644,13939.726746634395,Single Vehicle Collision,Rear Collision,Minor Damage,None,WV,Columbus,13,1,Unknown,1,1,YES,16154.17790552848,15386.803749785355,24518.53348908059,67434.82894296161,Volkswagen,2009,0
1782,363,43,NY,250/500,1000,942.0722702847031,0,FEMALE,Masters,Exec-managerial,Camping,not-in-family,15124.025004036801,26929.096758459626,Single Vehicle Collision,Front Collision,Major Damage,Fire,PA,Northbrook,19,1,NO,0,1,NO,133187.56993930347,4331.391100971751,8731.296193192533,52237.07118650591,Mercedes,2006,1
1783,279,54,TX,100/300,2000,502.7180508038775,0,MALE,PhD,Prof-specialty,Exercise,own-child,14456.085362219717,41678.69915679561,Multi-vehicle Collision,Rear Collision,Total Loss,None,OH,Northbrook,9,1,Unknown,3,1,NO,137658.81010106715,16174.46690182048,23005.975927472817,41543.647254266136,Chevrolet,2022,1
1784,80,41,CA,250/500,2000,835.7271290846433,0,MALE,Masters,Craft-repair,Movies,not-in-family,46394.71897642874,86260.3285001943,Parked Car,Unknown,Major Damage,Fire,PA,Northbrook,1,1,Unknown,0,3,Unknown,49081.0457634944,23034.682839463105,24437.36674526708,87987.37288807839,Toyota,2007,0
1785,201,66,IL,250/500,2000,1010.6616201491277,2000000,FEMALE,College,Adm-clerical,Chess,own-child,24649.55874357698,28359.176632888662,Single Vehicle Collision,Rear Collision,Major Damage,Police,NY,Springfield,13,3,YES,3,2,YES,92594.65988626365,7108.422331348193,26774.882922346223,76538.64470284467,BMW,2012,0
1786,157,36,FL,250/500,2000,1986.479254245028,0,FEMALE,Masters,Craft-repair,Reading,husband,51135.564248850096,91524.33100276822,Multi-vehicle Collision,Rear Collision,Major Damage,Fire,PA,Northbrook,16,4,NO,2,1,Unknown,74102.90895261442,25484.353364541144,22614.9023546329,62737.82357000288,Mercedes,2020,0
1787,119,68,CA,100/300,500,1285.3123907856225,0,MALE,Masters,Machine-op-inspct,Chess,other-relative,38485.17371518398,46290.76884047166,Vehicle Theft,Front Collision,Total Loss,Police,NY,Riverwood,4,1,NO,3,3,Unknown,141332.5534101584,10044.1233024525,16941.870015221437,34502.58743039354,Chevrolet,1996,1
1788,58,42,FL,250/500,2000,807.0709213926519,0,MALE,JD,Adm-clerical,Chess,unmarried,21089.030490099125,64707.00185389826,Parked Car,Unknown,Trivial Damage,None,PA,Columbus,21,2,YES,2,3,NO,76557.905675836,5723.545906733104,17945.547441800885,59977.06829350613,Dodge,2008,0
1789,493,38,NY,100/300,2000,1002.2275170701766,0,FEMALE,PhD,Exec-managerial,Chess,husband,75119.17895573142,26440.771405595075,Vehicle Theft,Side Collision,Total Loss,Police,WV,Riverwood,17,2,NO,2,1,NO,144014.8891499536,13959.701852125561,9617.468304678576,47899.30170799038,Audi,2011,1
1790,214,29,TX,500/1000,1000,995.4615313353177,0,MALE,College,Craft-repair,Chess,other-relative,15036.389033582276,15601.381602353793,Multi-vehicle Collision,Side Collision,Total Loss,Fire,OH,Northbrook,2,3,NO,0,1,Unknown,30301.711304265813,26282.252463156157,5309.8857417133595,22518.22363186862,BMW,2017,0
1791,127,74,TX,250/500,500,529.5886196947632,0,MALE,High School,Machine-op-inspct,Exercise,unmarried,79890.23148204372,86945.69406580493,Parked Car,Front Collision,Total Loss,Police,PA,Columbus,15,2,YES,2,2,NO,52157.74527550415,2067.9918352230875,3919.086144713404,40589.28095079611,Mercedes,2017,1
1792,223,58,IL,100/300,1000,702.7745812571451,0,FEMALE,Masters,Adm-clerical,Chess,not-in-family,56144.63836902922,10950.618052016393,Single Vehicle Collision,Unknown,Minor Damage,Ambulance,NY,Columbus,18,1,NO,0,1,NO,117311.11339437254,9827.14398649936,5460.705633503144,19177.855932343944,Mercedes,1995,1
1793,208,50,TX,250/500,2000,1542.7946895548168,0,MALE,High School,Machine-op-inspct,Chess,husband,83203.71426764442,77402.13057670227,Multi-vehicle Collision,Front Collision,Total Loss,Fire,OH,Northbrook,17,4,NO,0,2,NO,117649.80497120849,19594.895069073395,28018.556622085423,45087.78435914609,Dodge,2016,1
1794,369,67,NY,500/1000,1000,680.3764798561019,0,MALE,PhD,Exec-managerial,Exercise,wife,475.90400699050184,58098.43060768575,Vehicle Theft,Front Collision,Major Damage,Fire,WV,Northbrook,19,4,Unknown,1,0,YES,109961.39945652742,10727.426060867565,4932.997626020513,64849.40302746633,Ford,2005,0
1795,114,70,IL,100/300,1000,846.1014149091782,0,MALE,Masters,Adm-clerical,Camping,wife,74918.85190354829,86113.77816788488,Vehicle Theft,Side Collision,Minor Damage,Police,WV,Riverwood,4,1,NO,0,3,YES,129011.91396746297,2124.7198419784672,21712.123347856497,3394.495521339694,BMW,2008,0
1796,208,21,CA,100/300,2000,1026.1059476064631,0,MALE,High School,Machine-op-inspct,Exercise,unmarried,5151.559325111532,71781.8412098177,Vehicle Theft,Unknown,Total Loss,None,VA,Riverwood,7,2,Unknown,1,2,NO,105530.65285509992,9959.969063414212,5538.85629944174,68907.63586774681,Ford,2006,1
1797,13,59,TX,100/300,500,1636.6024167534406,1000000,MALE,JD,Prof-specialty,Movies,husband,95009.87190378207,28166.41021115418,Multi-vehicle Collision,Unknown,Total Loss,None,OH,Springfield,5,3,Unknown,1,1,Unknown,95594.72909859897,24628.78158409591,29258.69310647321,1897.4598815500615,Saab,2017,1
1798,8,74,IL,500/1000,500,1373.6014473019097,5000000,MALE,High School,Adm-clerical,Exercise,other-relative,70273.9488390535,57442.75972572762,Multi-vehicle Collision,Front Collision,Total Loss,Fire,PA,Springfield,14,4,Unknown,0,2,YES,69109.28945508806,29041.12567515078,10997.536064270924,46603.26549604334,Saab,2008,0
1799,39,24,NY,500/1000,1000,1533.4999774828525,0,FEMALE,JD,Adm-clerical,Camping,other-relative,32017.2290621358,1307.3619605447284,Parked Car,Side Collision,Total Loss,Fire,WV,Springfield,2,1,YES,3,1,Unknown,70329.61762773438,1193.375921931552,12364.092870872097,51655.55597279969,Toyota,2011,0
1800,449,39,FL,500/1000,2000,1350.5184881302584,0,MALE,College,Adm-clerical,Movies,husband,31985.04928457496,47521.834237242896,Parked Car,Unknown,Trivial Damage,Police,PA,Northbrook,8,1,YES,3,2,NO,61221.14323403413,17078.514529052078,12135.347363464614,68535.7870205384,Toyota,2006,0
1801,236,72,FL,100/300,1000,1525.3886378328036,1000000,FEMALE,PhD,Adm-clerical,Movies,wife,86149.23797186252,8601.363557203567,Vehicle Theft,Front Collision,Minor Damage,Fire,PA,Northbrook,10,2,NO,0,3,Unknown,93221.66405572114,3159.1029908054425,24493.775521806256,68516.49121833943,BMW,2000,0
1802,280,50,NY,500/1000,1000,504.2632304959587,0,FEMALE,High School,Prof-specialty,Reading,husband,90284.01284526587,42894.499781032966,Multi-vehicle Collision,Rear Collision,Major Damage,Fire,NY,Springfield,19,3,Unknown,2,2,Unknown,61296.257420332535,20411.895874680176,6548.715742263285,37629.244581277264,Audi,2020,0
1803,358,34,NY,250/500,1000,1896.3472165571443,0,FEMALE,Masters,Exec-managerial,Chess,wife,89157.32810387437,10961.18079986772,Parked Car,Side Collision,Major Damage,None,PA,Springfield,23,3,NO,0,0,YES,22550.399955946246,236.76678024152852,24930.742077168878,6066.888729769275,Mercedes,2003,0
1804,200,41,FL,500/1000,2000,666.3803463122098,2000000,FEMALE,PhD,Prof-specialty,Movies,wife,80874.02925663276,95547.9806945415,Multi-vehicle Collision,Unknown,Total Loss,Fire,VA,Riverwood,22,2,NO,2,3,Unknown,16426.177623192692,442.24877122119756,19711.765633262432,62445.66373454597,Saab,2006,0
1805,245,51,IL,100/300,2000,1109.3736439653571,0,FEMALE,High School,Prof-specialty,Movies,not-in-family,81903.2020836373,52306.79574077278,Single Vehicle Collision,Unknown,Minor Damage,Police,OH,Springfield,13,1,NO,3,2,Unknown,138708.6051489448,23306.394792917217,6608.4050339077485,46037.642064578395,BMW,2011,0
1806,277,45,FL,250/500,500,1656.5575553672822,5000000,FEMALE,Masters,Machine-op-inspct,Camping,not-in-family,57276.79028775595,91321.79852766433,Multi-vehicle Collision,Unknown,Total Loss,Fire,OH,Springfield,22,2,NO,2,0,YES,4198.466676913524,2233.059680918934,1962.2263752273207,30041.955254012828,BMW,2010,1
1807,234,60,NY,500/1000,2000,1152.846077014136,1000000,FEMALE,Masters,Craft-repair,Movies,other-relative,2823.1052949068135,2236.6222965765846,Vehicle Theft,Side Collision,Trivial Damage,Fire,NY,Columbus,8,2,NO,0,0,NO,16267.355639945044,9155.450228611926,23249.77624316876,21215.153069493837,Audi,1996,0
1808,493,58,TX,250/500,1000,1920.2638275012737,0,FEMALE,Masters,Craft-repair,Camping,unmarried,8677.328205899492,63765.32838818979,Multi-vehicle Collision,Front Collision,Total Loss,Fire,VA,Springfield,9,2,Unknown,2,2,Unknown,67073.0787595152,28741.21272311493,6568.891374485603,10866.26335863177,Saab,2012,0
1809,3,56,CA,250/500,1000,1201.3834227481502,1000000,MALE,Masters,Machine-op-inspct,Chess,own-child,64955.324940620005,30695.45019266202,Vehicle Theft,Rear Collision,Total Loss,Ambulance,VA,Columbus,14,1,Unknown,1,3,NO,39807.476902204784,29557.41352342414,26672.004891684897,26633.310499053616,Saab,2010,1
1810,153,39,TX,100/300,500,1812.409108404007,0,FEMALE,High School,Prof-specialty,Reading,husband,40116.5160327027,43182.899596523624,Parked Car,Unknown,Trivial Damage,Fire,OH,Springfield,17,4,Unknown,1,2,NO,61174.410610120816,4842.0858565820035,3893.558320942173,41318.21729876384,BMW,2004,0
1811,441,66,TX,250/500,2000,1716.2421700434063,0,FEMALE,College,Machine-op-inspct,Reading,wife,56730.96308415861,87308.73952146897,Parked Car,Side Collision,Major Damage,Police,VA,Columbus,20,1,Unknown,0,3,NO,18058.38354828556,16827.057643075506,18490.936944225068,43037.06421931478,Ford,2013,0
1812,28,34,NY,250/500,1000,1971.4794541980248,2000000,FEMALE,JD,Adm-clerical,Chess,husband,23107.762262212873,98002.10947587447,Parked Car,Unknown,Total Loss,None,WV,Springfield,18,4,YES,0,3,YES,20070.58705868241,16774.464854708996,20765.051811645335,52488.229934189265,BMW,1998,0
1813,108,51,FL,100/300,500,1889.8216711264631,0,MALE,JD,Machine-op-inspct,Chess,unmarried,64941.71736431919,24649.195443335237,Single Vehicle Collision,Front Collision,Trivial Damage,None,PA,Riverwood,6,4,Unknown,0,2,NO,120198.35735440474,13571.4207159784,19731.072436716575,32685.92438492915,BMW,2001,0
1814,97,23,IL,100/300,500,1847.1857520693181,2000000,FEMALE,JD,Machine-op-inspct,Exercise,unmarried,24282.95441933407,94825.32853533016,Vehicle Theft,Rear Collision,Minor Damage,Ambulance,PA,Northbrook,18,2,Unknown,3,0,Unknown,113986.75724299542,27741.00474791987,9480.894434887634,82798.8184445678,Chevrolet,2010,0
1815,214,63,TX,100/300,1000,1597.4065107792026,2000000,MALE,College,Adm-clerical,Movies,own-child,46081.279797535404,68872.69488817191,Single Vehicle Collision,Unknown,Major Damage,Police,OH,Columbus,4,3,Unknown,3,3,NO,16085.803425829845,22621.01727372481,26265.705696614048,44678.67821612736,Volkswagen,2013,0
1816,292,23,FL,250/500,1000,1050.4972209023313,5000000,FEMALE,Masters,Craft-repair,Movies,own-child,47871.9899591182,95141.39143572707,Single Vehicle Collision,Side Collision,Total Loss,None,OH,Northbrook,20,2,YES,3,1,NO,100334.6670274035,22935.808070458315,23094.159502462415,38192.881106649154,Ford,2017,1
1817,74,51,IL,250/500,2000,659.1881278473536,1000000,FEMALE,Masters,Adm-clerical,Movies,wife,17766.82298391592,56236.699862121,Parked Car,Front Collision,Total Loss,None,VA,Riverwood,17,1,NO,1,1,NO,91592.04284164475,8087.082953080293,15306.190248638422,4430.300354798328,BMW,1999,1
1818,325,18,TX,250/500,500,1532.967578396585,0,MALE,PhD,Exec-managerial,Camping,not-in-family,87620.77263876397,96075.62849914706,Vehicle Theft,Rear Collision,Total Loss,Fire,NY,Springfield,0,3,YES,2,0,Unknown,107147.72704069434,13029.593166049162,18098.79083815346,53951.455883746254,Mercedes,1999,0
1819,145,27,IL,100/300,1000,1967.9811220069473,0,FEMALE,JD,Machine-op-inspct,Exercise,own-child,52582.105627312005,89245.54581474337,Multi-vehicle Collision,Side Collision,Minor Damage,Fire,OH,Springfield,11,3,Unknown,1,0,NO,71430.11123208988,14622.710954263592,16991.136808421208,54297.917352398,Saab,2017,0
1820,127,38,FL,500/1000,500,1589.9066559978035,1000000,MALE,JD,Machine-op-inspct,Movies,not-in-family,86678.37779383459,12859.174122544604,Multi-vehicle Collision,Unknown,Total Loss,Fire,OH,Riverwood,5,1,Unknown,2,2,NO,40863.03071624941,8967.361236132496,28400.957320362755,52537.7377397602,Volkswagen,2017,1
1821,340,22,CA,250/500,2000,1893.0940539160033,0,MALE,Masters,Craft-repair,Camping,not-in-family,26253.569549592405,31078.992710173046,Vehicle Theft,Side Collision,Minor Damage,Ambulance,OH,Northbrook,12,1,YES,2,3,NO,99720.03581880093,2844.5332548617407,26892.39710337868,79894.96289297902,BMW,2001,0
1822,41,19,FL,500/1000,1000,1706.4570694332751,0,FEMALE,JD,Prof-specialty,Camping,wife,17233.594546814056,24306.319151251188,Multi-vehicle Collision,Rear Collision,Minor Damage,Fire,VA,Northbrook,16,2,NO,0,2,YES,56017.93526516189,3790.776749166479,7064.918554682102,68684.78484977716,Audi,2019,0
1823,355,39,NY,100/300,2000,744.6720126750181,0,FEMALE,Masters,Adm-clerical,Reading,other-relative,1801.6647620129665,57209.9326050257,Parked Car,Front Collision,Total Loss,Police,WV,Northbrook,8,1,YES,0,1,Unknown,33233.45870131799,5420.133845427654,7882.793331451353,78079.76520135917,Ford,2011,0
1824,40,65,IL,250/500,500,873.8056558869309,2000000,MALE,Masters,Prof-specialty,Camping,not-in-family,9386.465972650725,80279.94315059253,Parked Car,Front Collision,Major Damage,Ambulance,OH,Northbrook,20,4,YES,3,1,YES,61590.03755103284,6109.600030948451,29443.14216397297,5442.08786620277,Volkswagen,1995,0
1825,421,74,CA,500/1000,2000,1012.7984026435256,2000000,MALE,Masters,Exec-managerial,Chess,wife,14747.06048866119,75941.14468868812,Single Vehicle Collision,Unknown,Minor Damage,None,WV,Columbus,0,4,Unknown,0,3,Unknown,114608.84042234262,7267.854276316322,7096.821058586062,28699.56625971029,Toyota,1997,0
1826,33,19,IL,250/500,2000,752.3906665070062,0,FEMALE,High School,Adm-clerical,Camping,own-child,7885.556237796954,72674.91322834766,Parked Car,Unknown,Total Loss,None,VA,Northbrook,11,3,YES,1,3,NO,71631.08288216218,7663.800868904832,28604.379734477858,28752.203738153952,Saab,2010,0
1827,16,27,IL,250/500,500,1372.47699900951,0,FEMALE,High School,Exec-managerial,Chess,husband,89687.92951421875,37526.48757355859,Multi-vehicle Collision,Unknown,Major Damage,Police,NY,Columbus,23,2,YES,1,1,Unknown,45329.707383296605,13671.490364626077,19492.611152902355,59168.350693398934,Toyota,2016,0
1828,164,51,TX,250/500,2000,1963.175786202427,0,FEMALE,High School,Exec-managerial,Chess,own-child,91143.83079417638,13963.688162782795,Single Vehicle Collision,Unknown,Minor Damage,Police,PA,Riverwood,0,2,YES,1,2,Unknown,124864.35791616232,15287.195724781237,1503.2831712320271,40430.492878535464,Chevrolet,1996,0
1829,152,33,NY,500/1000,500,1642.188250154238,0,MALE,High School,Exec-managerial,Reading,unmarried,93736.26722750439,21058.355362859926,Vehicle Theft,Rear Collision,Trivial Damage,None,PA,Springfield,3,3,YES,0,3,Unknown,132305.74139954973,9266.376243790679,10071.815983825009,69994.78703235855,BMW,2019,0
1830,485,65,IL,100/300,1000,1135.0801236011928,0,FEMALE,College,Adm-clerical,Reading,own-child,95986.08365756688,74167.74596483326,Vehicle Theft,Unknown,Major Damage,Police,PA,Columbus,6,1,YES,0,2,Unknown,65270.93835401488,27218.892597621845,14284.622157386748,34660.30794234696,Audi,1995,0
1831,377,68,FL,250/500,500,506.756721470433,0,MALE,PhD,Adm-clerical,Camping,other-relative,49183.500501993825,14753.433905956326,Single Vehicle Collision,Side Collision,Minor Damage,Police,PA,Northbrook,19,2,YES,2,3,YES,56515.85909867075,16594.191700168638,24992.786743513552,20022.52120038555,Audi,2015,0
1832,75,56,FL,100/300,500,969.914016707268,0,FEMALE,PhD,Craft-repair,Reading,wife,53002.46368249503,22294.67049335211,Parked Car,Rear Collision,Trivial Damage,Police,VA,Springfield,4,3,Unknown,2,0,Unknown,92098.49257933526,23624.307841002203,9857.562398260548,26256.501039655628,Audi,2001,1
1833,86,39,TX,100/300,1000,1290.1389315383228,0,MALE,Masters,Machine-op-inspct,Reading,not-in-family,13083.042857355244,42455.26528734912,Single Vehicle Collision,Rear Collision,Total Loss,Fire,PA,Columbus,22,3,Unknown,0,2,YES,9167.179685657997,27727.1349726253,9317.349363736394,16504.02838095821,Ford,2004,0
1834,116,29,NY,500/1000,500,986.376310777956,0,MALE,JD,Prof-specialty,Movies,unmarried,13705.20377520581,7211.243068746298,Single Vehicle Collision,Unknown,Minor Damage,None,VA,Springfield,19,4,Unknown,1,1,YES,103852.81250485577,4894.053437274156,27607.89777085992,17890.552989484713,Chevrolet,1997,0
1835,361,41,NY,500/1000,1000,666.5523845357893,0,FEMALE,High School,Prof-specialty,Camping,wife,77275.64386560676,21269.20607701298,Parked Car,Rear Collision,Total Loss,Police,NY,Riverwood,4,3,Unknown,0,0,NO,117451.9970038984,12836.234511469036,2371.0303620352047,19593.81849721557,BMW,2012,1
1836,341,64,FL,100/300,1000,1164.1474352928417,5000000,MALE,PhD,Exec-managerial,Camping,wife,85572.90841417408,14976.812734123656,Vehicle Theft,Side Collision,Total Loss,Police,OH,Northbrook,6,1,YES,3,2,Unknown,59917.56812494716,12996.312051438263,16545.63644144986,1546.9145644994846,Ford,2023,1
1837,468,57,CA,250/500,500,879.8792254485743,0,MALE,PhD,Adm-clerical,Camping,not-in-family,78471.44306310921,95132.17829118404,Single Vehicle Collision,Rear Collision,Total Loss,Fire,OH,Riverwood,16,1,YES,3,3,NO,26605.06957610577,10634.167513150625,15127.1780954431,64476.31432515284,Ford,1997,0
1838,26,55,TX,500/1000,2000,1863.8485646922522,0,MALE,High School,Adm-clerical,Reading,own-child,83457.5864994953,19152.588554488913,Vehicle Theft,Rear Collision,Major Damage,None,OH,Springfield,11,1,YES,1,1,Unknown,4808.347083559092,267.1759965491982,1720.0428066753116,36024.250570175085,Volkswagen,2022,0
1839,312,27,TX,250/500,2000,652.6317927515236,0,MALE,College,Exec-managerial,Reading,husband,27657.03154282998,86176.97101703937,Multi-vehicle Collision,Side Collision,Minor Damage,Ambulance,VA,Riverwood,14,1,YES,3,3,YES,95768.21712332143,24479.16323334285,2632.776615579319,2138.1527361764183,Ford,2001,0
1840,286,52,FL,250/500,1000,573.7289430870655,0,MALE,College,Machine-op-inspct,Chess,unmarried,46606.57843187356,11479.81912666084,Parked Car,Side Collision,Trivial Damage,None,VA,Northbrook,2,3,Unknown,0,2,YES,40714.51429191901,3346.779646617084,11459.02298934014,33363.67824747904,Saab,2009,0
1841,133,68,FL,250/500,2000,507.97125373229306,0,FEMALE,PhD,Prof-specialty,Exercise,not-in-family,45919.938339538705,86967.31323025073,Multi-vehicle Collision,Rear Collision,Major Damage,None,VA,Columbus,16,2,Unknown,0,0,YES,69851.493274632,29864.417937652768,4024.8365803434294,81492.59462767554,Ford,1995,0
1842,218,66,CA,100/300,2000,992.1045267284867,0,FEMALE,College,Craft-repair,Exercise,other-relative,99528.34031417301,59943.37862734697,Vehicle Theft,Front Collision,Major Damage,None,NY,Riverwood,13,3,YES,2,2,Unknown,58260.15048780086,23188.75475733545,14342.157133435676,46060.86409537328,Ford,2018,0
1843,167,49,CA,250/500,500,1490.580257301333,0,MALE,High School,Machine-op-inspct,Exercise,other-relative,94917.80201157658,84970.59232246179,Multi-vehicle Collision,Rear Collision,Minor Damage,Fire,WV,Northbrook,14,2,YES,3,1,Unknown,26645.276994145665,17400.300528195436,18266.66656221538,88809.00582003692,Ford,2013,0
1844,97,24,NY,100/300,1000,1595.620629322689,0,FEMALE,PhD,Adm-clerical,Movies,husband,59848.61064260061,86734.86885373575,Multi-vehicle Collision,Side Collision,Total Loss,None,VA,Springfield,14,2,YES,3,0,Unknown,76501.11593487526,4638.192532247924,20741.900535089302,48642.35292583725,Dodge,1999,0
1845,267,38,TX,100/300,1000,1179.8925250725847,1000000,MALE,High School,Exec-managerial,Reading,husband,13797.313314069337,59637.35306674091,Multi-vehicle Collision,Side Collision,Major Damage,Ambulance,VA,Riverwood,14,2,YES,3,1,Unknown,69209.23164974032,15461.789141797412,16394.101977622937,86655.63001469066,Audi,2020,0
1846,236,37,TX,250/500,500,1526.4929756829001,0,MALE,College,Prof-specialty,Chess,own-child,25859.603863067714,91769.4153395024,Single Vehicle Collision,Side Collision,Major Damage,Police,OH,Columbus,18,4,NO,3,3,Unknown,93810.06961903993,7833.262225734266,11389.800476799373,18241.8855195167,Ford,2021,0
1847,308,43,FL,250/500,2000,1039.8710543230452,0,FEMALE,High School,Exec-managerial,Chess,other-relative,36376.15549817358,58544.8291484623,Single Vehicle Collision,Front Collision,Trivial Damage,None,PA,Riverwood,10,1,NO,1,0,NO,38156.80668220312,7569.675736292084,3892.7587981390666,26165.13966347115,Mercedes,2015,0
1848,454,21,NY,250/500,1000,1501.7093299799253,1000000,MALE,College,Adm-clerical,Exercise,unmarried,87321.16596934297,71256.50778783753,Parked Car,Side Collision,Trivial Damage,Fire,PA,Springfield,17,4,NO,1,2,Unknown,32588.54243808417,24885.877481474563,7424.562444212326,63027.31290516055,Ford,2016,0
1849,393,63,TX,250/500,2000,560.8939779535601,0,MALE,College,Exec-managerial,Movies,not-in-family,17063.24570633776,41608.047716883266,Vehicle Theft,Unknown,Total Loss,None,NY,Springfield,20,3,NO,0,3,NO,122244.58643359257,11419.33271878304,12582.650310475607,88815.26336825025,Audi,2001,1
1850,172,69,NY,100/300,1000,1086.1294768505063,1000000,MALE,High School,Prof-specialty,Movies,husband,21974.69166281051,91406.76944709873,Vehicle Theft,Unknown,Major Damage,None,PA,Springfield,9,4,YES,3,3,Unknown,105477.74062212421,13521.714101724123,27723.434502069016,74294.2372506419,Volkswagen,2005,1
1851,400,39,NY,250/500,1000,1686.2745164497687,2000000,FEMALE,College,Exec-managerial,Exercise,husband,34938.4691669827,82416.25389120266,Parked Car,Front Collision,Minor Damage,Ambulance,WV,Riverwood,20,2,YES,2,2,Unknown,115944.86452788871,25288.942133403547,6078.017435831852,49878.104373150025,BMW,1995,0
1852,409,32,FL,250/500,1000,1704.509045688502,0,FEMALE,Masters,Prof-specialty,Exercise,husband,92691.01886533835,16671.31116169275,Vehicle Theft,Side Collision,Total Loss,Ambulance,OH,Riverwood,8,3,YES,0,3,Unknown,18931.826857376695,2633.7187715652767,12400.32692797966,7755.220030866486,Audi,2016,0
1853,468,73,NY,100/300,1000,1574.223168313542,2000000,MALE,High School,Exec-managerial,Reading,not-in-family,50381.20907763871,57638.78502046988,Vehicle Theft,Side Collision,Minor Damage,Fire,NY,Riverwood,23,1,NO,0,1,Unknown,33993.926677389136,17838.535592731485,21969.265721221625,32857.68198898148,Toyota,1996,0
1854,475,57,CA,500/1000,2000,806.3579308547967,1000000,MALE,Masters,Exec-managerial,Movies,unmarried,64683.603659753455,89682.73290869464,Multi-vehicle Collision,Unknown,Major Damage,Fire,PA,Columbus,2,2,NO,1,2,YES,86541.96167244416,17346.470441191133,21156.100560056835,7869.670483633496,Mercedes,2008,0
1855,189,38,CA,500/1000,2000,870.8076783959498,2000000,MALE,High School,Prof-specialty,Chess,other-relative,38722.33050701785,79306.4493658951,Multi-vehicle Collision,Unknown,Trivial Damage,Fire,PA,Northbrook,0,1,YES,0,3,YES,128651.60135749975,12756.437078000257,28967.777834218294,28084.19443179875,Saab,2004,0
1856,121,32,IL,100/300,2000,1994.1330908967684,0,MALE,College,Exec-managerial,Exercise,unmarried,18852.211110846674,96255.2780661325,Vehicle Theft,Rear Collision,Minor Damage,Fire,OH,Riverwood,20,4,NO,2,0,NO,133871.1391536863,24893.23924272279,5727.038900390231,23365.409849812677,Dodge,1997,1
1857,45,39,FL,500/1000,2000,655.0670108029399,0,MALE,College,Machine-op-inspct,Reading,not-in-family,22280.053740848016,23130.16869475948,Parked Car,Front Collision,Total Loss,Fire,NY,Columbus,10,1,Unknown,3,2,NO,124870.53935711163,28286.70184007078,495.58834799885545,35031.12116764098,Chevrolet,2008,1
1858,63,69,IL,100/300,500,770.9940483536141,2000000,FEMALE,PhD,Craft-repair,Chess,unmarried,80267.12203158792,36745.9633130478,Parked Car,Rear Collision,Trivial Damage,Police,OH,Springfield,15,3,NO,0,2,Unknown,6987.992939621892,13960.075857408323,9669.697829616083,75371.16544009371,Audi,1999,0
1859,129,45,CA,250/500,1000,695.0393834751989,0,FEMALE,PhD,Machine-op-inspct,Movies,own-child,89348.20383198383,50719.18880181313,Vehicle Theft,Front Collision,Total Loss,Police,NY,Riverwood,2,2,NO,2,3,Unknown,123221.43810603108,13684.41152995199,4490.7783744814815,13618.862750803173,Ford,2011,0
1860,309,31,IL,250/500,1000,991.4824455254234,0,FEMALE,Masters,Craft-repair,Exercise,not-in-family,49307.565589314494,23266.917002726495,Parked Car,Side Collision,Total Loss,Fire,PA,Riverwood,20,1,NO,1,2,Unknown,134914.13103940172,15061.911890122343,16454.071571505185,27615.149001939317,Mercedes,2001,1
1861,362,44,FL,500/1000,1000,815.2637528508851,0,FEMALE,College,Machine-op-inspct,Exercise,husband,35699.45274592565,39404.52551888191,Parked Car,Side Collision,Total Loss,Fire,OH,Riverwood,8,4,NO,1,2,Unknown,8983.988977821484,21693.720924991845,26963.371657507007,23574.44026451252,Ford,1995,0
1862,192,58,FL,250/500,500,1246.5319393216582,0,MALE,PhD,Craft-repair,Reading,other-relative,80783.51365272624,53753.92044243324,Multi-vehicle Collision,Front Collision,Total Loss,Police,OH,Columbus,10,3,YES,3,2,YES,62733.99361965972,20041.80872096887,20646.804989176286,26723.134077608014,Mercedes,2018,0
1863,306,57,NY,500/1000,2000,1214.0310603201797,0,MALE,College,Exec-managerial,Reading,own-child,67309.47750809278,19133.920300134065,Parked Car,Rear Collision,Trivial Damage,Ambulance,WV,Riverwood,16,2,Unknown,0,2,NO,80723.2433328569,6685.048476206612,4073.965690503747,32520.050385157592,Audi,2005,0
1864,180,45,TX,500/1000,1000,1852.2584291769547,1000000,FEMALE,High School,Prof-specialty,Movies,own-child,4087.397748563315,25668.781870258063,Single Vehicle Collision,Unknown,Total Loss,Police,OH,Riverwood,0,4,YES,2,2,NO,35296.1807460832,1916.8604579802995,3482.700731864623,22063.626319034098,BMW,2022,1
1865,291,43,NY,250/500,2000,552.1099211671723,2000000,FEMALE,PhD,Prof-specialty,Exercise,not-in-family,35074.089888281065,12484.249980879447,Multi-vehicle Collision,Front Collision,Minor Damage,Fire,NY,Northbrook,8,2,NO,1,2,NO,77744.50557754803,28477.623894503682,27343.494398262814,84838.05637285877,Ford,2000,0
1866,370,66,FL,250/500,2000,979.819365001645,0,MALE,Masters,Adm-clerical,Reading,wife,68217.29782360418,71338.14098857484,Single Vehicle Collision,Front Collision,Minor Damage,Ambulance,WV,Columbus,2,1,NO,2,1,YES,132950.39030017916,7832.092792011128,14628.28649677201,37867.14408074765,Mercedes,2010,0
1867,281,19,CA,500/1000,500,1394.9868379956351,5000000,FEMALE,PhD,Craft-repair,Exercise,husband,57367.98202909772,36155.192653613296,Vehicle Theft,Front Collision,Minor Damage,Fire,OH,Northbrook,9,4,NO,1,3,Unknown,130107.9046986918,19157.90054071775,27710.18975967892,10358.782541234408,Toyota,2021,0
1868,28,42,CA,250/500,500,1407.2026427659457,2000000,MALE,College,Adm-clerical,Movies,other-relative,97806.73088462226,22026.61531837884,Parked Car,Side Collision,Total Loss,None,OH,Northbrook,4,4,NO,1,1,YES,141005.67354799339,24853.14008231167,22086.531466290493,42142.50904145615,Toyota,2008,0
1869,148,73,NY,100/300,2000,1220.1893435213137,0,MALE,JD,Adm-clerical,Exercise,other-relative,86611.53782252905,50732.414918095245,Single Vehicle Collision,Front Collision,Trivial Damage,Ambulance,WV,Northbrook,10,1,NO,3,3,YES,72874.41485998404,9008.302516415588,29800.45381906203,16680.42797733615,Mercedes,2011,0
1870,266,20,FL,250/500,1000,1723.4983112219506,0,MALE,JD,Craft-repair,Chess,other-relative,5973.840573126099,6824.930568524767,Parked Car,Side Collision,Major Damage,Fire,PA,Northbrook,4,4,Unknown,2,2,NO,61879.75832144106,19063.00240970786,26136.8322798292,19530.144760868665,BMW,2009,0
1871,295,25,CA,250/500,1000,594.0832571216882,1000000,FEMALE,College,Prof-specialty,Exercise,not-in-family,72576.90156723607,92340.66063183948,Single Vehicle Collision,Unknown,Trivial Damage,Police,OH,Springfield,11,4,YES,2,3,YES,100035.27894533683,3237.0072344767477,12426.365767854155,25725.223446270462,Dodge,2008,0
1872,10,61,FL,100/300,500,1723.2316483702039,0,FEMALE,High School,Craft-repair,Camping,husband,33632.66123304779,29446.752115726427,Multi-vehicle Collision,Unknown,Trivial Damage,Fire,VA,Riverwood,13,4,NO,2,1,NO,62805.7063513546,29097.94333126982,22746.834826547714,11315.911056732613,Volkswagen,2001,0
1873,163,50,CA,250/500,500,1242.1313606535555,1000000,FEMALE,PhD,Exec-managerial,Camping,not-in-family,68208.27030859464,88646.43481838622,Vehicle Theft,Rear Collision,Total Loss,Police,PA,Northbrook,11,1,Unknown,1,3,YES,6770.717102128235,1744.7482515187762,14136.84501959835,64928.592038942006,Ford,2004,0
1874,112,59,FL,250/500,500,700.6410426155032,1000000,FEMALE,JD,Adm-clerical,Movies,other-relative,61722.45860913963,49762.0065324647,Single Vehicle Collision,Side Collision,Total Loss,Ambulance,OH,Columbus,18,1,YES,3,2,NO,108128.25709948302,13145.240215229289,6992.168792973438,71295.98807833927,Volkswagen,2013,1
1875,186,69,IL,500/1000,500,1828.5528703107166,0,FEMALE,High School,Adm-clerical,Movies,unmarried,50305.02591468411,85015.04977106405,Multi-vehicle Collision,Unknown,Total Loss,Police,PA,Riverwood,8,2,YES,2,2,NO,42507.099221782155,16104.5772618007,7230.877762690785,35546.214480212446,Toyota,2001,0
1876,294,52,FL,250/500,500,1473.8431693114453,0,MALE,College,Craft-repair,Movies,unmarried,85294.9554339555,24706.44407896445,Vehicle Theft,Unknown,Minor Damage,Ambulance,NY,Northbrook,6,1,YES,0,2,Unknown,7838.254183944978,23714.45335990092,11919.664333854407,62040.429295075715,Volkswagen,2009,0
1877,231,23,FL,250/500,500,745.318530236209,0,FEMALE,High School,Adm-clerical,Chess,husband,70868.98601431678,17527.060224275305,Single Vehicle Collision,Rear Collision,Total Loss,Fire,PA,Northbrook,15,4,NO,2,1,NO,3582.85094077217,3633.8555121726367,3343.986780365261,35066.99068634553,Saab,2021,0
1878,226,56,NY,100/300,500,550.4745850985399,0,MALE,College,Prof-specialty,Chess,other-relative,88955.51145020065,84941.18032348284,Single Vehicle Collision,Rear Collision,Total Loss,Police,WV,Columbus,6,1,NO,1,0,YES,139738.50965230906,13224.239215655296,5332.988546659316,14850.55139490912,BMW,2018,1
1879,309,69,IL,500/1000,1000,711.664472498974,0,MALE,PhD,Adm-clerical,Exercise,not-in-family,28160.37491030493,21292.38823717109,Multi-vehicle Collision,Rear Collision,Total Loss,Ambulance,OH,Springfield,13,4,Unknown,3,2,NO,38185.36329230325,8991.34708630357,15018.260511602972,35805.40871368192,Dodge,2020,0
1880,97,40,TX,500/1000,500,1413.1969402705904,1000000,MALE,High School,Craft-repair,Reading,wife,34812.75245946021,74619.53492995801,Vehicle Theft,Side Collision,Total Loss,Ambulance,PA,Columbus,7,4,Unknown,2,2,YES,67460.929282198,9360.321470800201,28617.67432085418,50173.16685379938,Ford,2008,0
1881,54,42,NY,500/1000,500,768.9443528900727,0,FEMALE,PhD,Prof-specialty,Camping,wife,62195.13498104688,34458.37946596324,Vehicle Theft,Front Collision,Total Loss,Ambulance,VA,Springfield,20,4,YES,2,3,NO,142611.17970837888,23363.637481957525,17330.590260516754,3785.3888355123136,Mercedes,2009,1
1882,110,67,TX,250/500,1000,838.6446123125422,5000000,FEMALE,High School,Prof-specialty,Camping,wife,96646.44373617358,74819.37264351614,Multi-vehicle Collision,Side Collision,Total Loss,None,NY,Springfield,17,1,NO,2,0,Unknown,70393.78832771842,163.82835095499425,12254.90247564067,58938.14672234508,Chevrolet,2013,0
1883,151,60,CA,500/1000,1000,537.7095886344713,0,FEMALE,College,Adm-clerical,Camping,unmarried,37158.20993371812,90764.62659883303,Parked Car,Rear Collision,Total Loss,Ambulance,NY,Springfield,2,4,YES,0,3,Unknown,12252.093867183545,22472.509240078987,7281.009596079052,66860.45641353022,BMW,2015,0
1884,245,36,TX,100/300,2000,1584.3960083579054,1000000,FEMALE,College,Craft-repair,Exercise,not-in-family,3229.3650067491185,98163.8431287293,Multi-vehicle Collision,Front Collision,Minor Damage,Fire,PA,Northbrook,1,2,YES,1,1,YES,83014.43906337555,24311.952903693185,5877.039141193219,77411.32616799965,Saab,2020,0
1885,405,22,FL,500/1000,500,1715.5465996391556,0,FEMALE,High School,Adm-clerical,Exercise,wife,44588.79554219567,35980.94772686334,Vehicle Theft,Unknown,Total Loss,Fire,WV,Northbrook,4,3,Unknown,0,0,NO,13685.698691382746,27040.86731526207,19752.210881366867,9339.073366412696,Mercedes,2010,0
1886,68,68,TX,100/300,500,1695.2722651581848,5000000,FEMALE,College,Exec-managerial,Movies,other-relative,54392.95625290232,36752.58346405462,Multi-vehicle Collision,Side Collision,Total Loss,Fire,NY,Springfield,7,3,NO,0,2,YES,14715.63781684369,18806.454096914505,25449.75952264976,108.41408785868381,Mercedes,1996,0
1887,311,28,NY,500/1000,500,691.3522270464264,1000000,FEMALE,Masters,Exec-managerial,Reading,other-relative,80098.74086995432,98138.77367848546,Parked Car,Rear Collision,Major Damage,Ambulance,PA,Springfield,18,2,Unknown,1,0,Unknown,127795.82253346773,10003.659848167237,11965.677793174907,6686.6465750923935,Audi,1996,0
1888,288,73,NY,500/1000,500,1854.951691083139,0,FEMALE,Masters,Prof-specialty,Movies,wife,72860.04799966389,86152.81302980383,Multi-vehicle Collision,Rear Collision,Minor Damage,Fire,PA,Northbrook,21,3,NO,1,2,YES,43768.520733006124,12817.04197646612,16519.771391198483,83178.10066037113,Ford,1995,0
1889,249,29,TX,100/300,2000,1508.41824421112,5000000,MALE,PhD,Adm-clerical,Exercise,own-child,96466.26807183362,4509.197191137804,Multi-vehicle Collision,Front Collision,Total Loss,Ambulance,NY,Springfield,8,2,YES,2,1,YES,101961.19491680923,29092.082468622877,21201.80283747117,68923.45932160936,Ford,2010,0
1890,35,27,NY,500/1000,1000,1846.2929335652968,0,FEMALE,Masters,Exec-managerial,Chess,wife,78268.27605564662,57344.99862265204,Single Vehicle Collision,Side Collision,Total Loss,Ambulance,PA,Northbrook,1,1,YES,1,3,NO,76584.18813163493,26435.604793075567,1748.8672516672743,75205.66464382892,BMW,2013,1
1891,238,25,NY,500/1000,1000,1170.7407567959954,0,MALE,Masters,Machine-op-inspct,Movies,own-child,29862.843706788266,18124.477154843833,Parked Car,Unknown,Minor Damage,Ambulance,PA,Springfield,14,3,YES,2,1,Unknown,33737.84033505992,13905.777272983261,10526.911423085503,46579.540365220906,Dodge,1998,0
1892,147,41,TX,500/1000,500,1155.4322916255467,0,MALE,JD,Exec-managerial,Exercise,husband,64138.03109801697,99401.25360932185,Vehicle Theft,Unknown,Total Loss,None,VA,Northbrook,7,2,NO,0,1,Unknown,77914.13464865455,28291.89021332767,21892.586692863268,47452.1167232924,Audi,1997,0
1893,466,45,IL,250/500,500,1676.804778027343,2000000,MALE,JD,Adm-clerical,Exercise,husband,67224.11933965523,13892.30123709737,Parked Car,Front Collision,Total Loss,Police,PA,Columbus,9,2,YES,2,2,NO,10814.53361701304,24688.646262193768,20538.570795578155,26935.652526542686,Dodge,2005,0
1894,226,58,IL,100/300,500,639.9467832151153,0,MALE,JD,Adm-clerical,Chess,other-relative,99802.0514820523,55934.761254286655,Vehicle Theft,Front Collision,Total Loss,Fire,PA,Springfield,6,4,NO,1,3,NO,52408.24626366155,27032.695849793843,1600.4317324827412,75863.49937193793,Chevrolet,2018,0
1895,243,53,CA,500/1000,2000,1281.3110549523285,0,FEMALE,JD,Exec-managerial,Chess,not-in-family,13873.79112267776,66519.83700291831,Vehicle Theft,Unknown,Minor Damage,None,WV,Springfield,18,1,NO,2,1,NO,78664.0156405635,20489.31703727763,7134.554951202149,74696.28551923222,Audi,2011,0
1896,490,54,NY,100/300,2000,1754.5763534468385,1000000,FEMALE,College,Adm-clerical,Chess,unmarried,19132.550269045678,93706.46546540564,Single Vehicle Collision,Front Collision,Total Loss,Fire,NY,Columbus,0,2,Unknown,0,0,Unknown,34644.95354380498,25729.62130385985,20398.716433350037,35356.20398042232,Volkswagen,1999,0
1897,336,38,TX,100/300,1000,1745.288844604357,1000000,MALE,PhD,Adm-clerical,Reading,not-in-family,15551.364400868895,84725.83116441869,Parked Car,Front Collision,Minor Damage,None,WV,Riverwood,21,3,YES,1,1,Unknown,99198.12546211338,26752.98424002977,8142.481270677136,29701.1096353855,BMW,2017,0
1898,445,25,NY,100/300,500,1934.1992845135535,0,MALE,PhD,Machine-op-inspct,Exercise,other-relative,58906.01141659638,24575.477132778302,Single Vehicle Collision,Side Collision,Total Loss,Police,OH,Springfield,1,4,Unknown,1,2,NO,8245.882293597862,2760.497536220142,24432.30881812163,66479.75708564694,Volkswagen,2023,0
1899,364,72,FL,500/1000,500,1547.4088902958197,0,MALE,Masters,Prof-specialty,Chess,other-relative,13530.10722340201,57262.39512925046,Multi-vehicle Collision,Front Collision,Major Damage,Police,WV,Riverwood,2,4,NO,3,0,YES,72979.07973165873,28956.509299819754,885.1457759747805,2452.5156365802436,Saab,2003,0
1900,490,26,NY,500/1000,500,811.6559441595925,0,FEMALE,PhD,Adm-clerical,Reading,not-in-family,65600.77089045355,95357.39579058833,Parked Car,Rear Collision,Minor Damage,Police,OH,Columbus,13,4,YES,2,0,Unknown,107391.8693027628,10008.3929629219,5710.410878803352,77409.40597680307,Chevrolet,1995,0
1901,481,64,NY,100/300,500,530.4204723418712,1000000,MALE,Masters,Craft-repair,Camping,unmarried,80377.40508642189,73571.68471049376,Multi-vehicle Collision,Rear Collision,Total Loss,Police,OH,Springfield,14,1,YES,2,3,NO,64776.93581403754,13196.985287500664,8439.389401516744,40217.69423934414,Chevrolet,2019,0
1902,200,32,IL,250/500,2000,1219.1236979406528,1000000,MALE,PhD,Prof-specialty,Camping,other-relative,43279.29242068604,68833.63483798938,Parked Car,Rear Collision,Total Loss,Ambulance,WV,Riverwood,20,2,NO,2,0,NO,131250.66909018124,23757.11277578446,27758.69504430265,39776.847764203194,Mercedes,2021,1
1903,153,65,TX,100/300,1000,1270.5557984338334,0,FEMALE,High School,Prof-specialty,Camping,unmarried,56068.50818894642,75490.10792811566,Vehicle Theft,Front Collision,Total Loss,Fire,VA,Springfield,13,1,YES,0,0,YES,95012.8207954795,19946.88916717493,23889.56869111997,60250.09848012678,Mercedes,2003,0
1904,449,63,NY,250/500,1000,860.3938767483971,0,MALE,High School,Craft-repair,Exercise,other-relative,91272.20832912908,32250.61889878198,Multi-vehicle Collision,Unknown,Total Loss,Fire,WV,Springfield,7,2,NO,0,2,NO,143794.69095078128,26791.79737308172,26524.35259587953,58152.867491916775,Audi,1998,1
1905,72,57,IL,100/300,2000,687.0461706854048,0,FEMALE,PhD,Exec-managerial,Reading,husband,56956.59175775012,72925.22694032361,Parked Car,Rear Collision,Total Loss,Fire,NY,Northbrook,17,4,YES,1,3,YES,42976.21100985932,12017.212523303164,13214.374415318624,24011.06853846737,BMW,2010,0
1906,200,35,CA,100/300,500,1379.3122492857633,1000000,FEMALE,College,Machine-op-inspct,Reading,own-child,20860.55520348674,23285.47514469159,Parked Car,Side Collision,Minor Damage,Ambulance,WV,Riverwood,21,3,YES,1,1,YES,140849.0049627847,11198.644910284758,24676.862738292595,84900.7465458173,Toyota,2009,0
1907,295,59,IL,100/300,1000,1646.383511036212,0,MALE,Masters,Adm-clerical,Camping,other-relative,34319.37984433618,42810.27709077534,Multi-vehicle Collision,Front Collision,Minor Damage,Fire,VA,Northbrook,16,3,NO,0,0,Unknown,91219.97718791166,950.6654862395902,25604.807155402457,88771.06514200574,Chevrolet,2004,0
1908,16,37,IL,500/1000,1000,1989.7311553852408,0,MALE,PhD,Exec-managerial,Movies,own-child,52984.580333946855,88992.88171885065,Single Vehicle Collision,Unknown,Total Loss,Police,WV,Northbrook,6,1,Unknown,2,1,NO,111904.2454324031,13881.761300089742,11998.70471624999,47386.412385227035,Dodge,1999,1
1909,128,23,IL,250/500,2000,1637.4539258157777,0,MALE,Masters,Craft-repair,Camping,wife,15489.768548958493,1897.1146490751712,Parked Car,Unknown,Minor Damage,Fire,VA,Riverwood,19,4,NO,2,1,Unknown,135373.08699799533,21722.12310987326,29833.855432327582,50568.133755514194,Dodge,2010,1
1910,216,29,NY,250/500,500,1690.4486213833713,0,FEMALE,JD,Machine-op-inspct,Exercise,other-relative,61251.98353568693,41431.86502523467,Single Vehicle Collision,Front Collision,Minor Damage,Fire,NY,Riverwood,0,2,YES,0,1,Unknown,82903.97960477723,9035.361528786481,25537.158876476078,49933.18491178376,Ford,2000,1
1911,60,19,NY,100/300,1000,1424.6913173431963,0,FEMALE,PhD,Machine-op-inspct,Camping,husband,99924.60918840257,26682.176673905957,Single Vehicle Collision,Front Collision,Total Loss,None,PA,Northbrook,8,1,NO,2,3,Unknown,129396.02839647497,13881.795410215243,29222.90906234366,43772.287995225655,BMW,2010,0
1912,426,24,CA,500/1000,500,1978.8839884550266,0,FEMALE,College,Machine-op-inspct,Camping,unmarried,65253.49649409644,19858.96164936094,Single Vehicle Collision,Side Collision,Minor Damage,Ambulance,VA,Springfield,8,4,NO,0,1,NO,81483.69246841427,6581.933054558341,25994.913259354966,85072.31612563651,Mercedes,1998,1
1913,103,33,FL,500/1000,1000,1459.9345776718555,2000000,MALE,JD,Craft-repair,Reading,husband,37241.11440144412,83857.54214725122,Single Vehicle Collision,Front Collision,Minor Damage,Police,VA,Springfield,10,1,NO,2,2,NO,90080.23967877704,23183.63417614382,23286.10920766824,22103.245163069358,Toyota,2016,0
1914,41,20,FL,250/500,2000,1790.3799295995566,0,MALE,PhD,Exec-managerial,Camping,own-child,33174.649168106254,69649.8572844978,Single Vehicle Collision,Front Collision,Minor Damage,Police,VA,Columbus,18,3,YES,2,3,NO,67042.23664815913,1815.346840234413,28315.316203936374,9805.440045359477,Toyota,2015,0
1915,24,62,FL,500/1000,500,1918.6769693614335,0,MALE,High School,Adm-clerical,Chess,unmarried,93160.33226072752,11263.272041148175,Vehicle Theft,Unknown,Minor Damage,Police,NY,Springfield,5,4,Unknown,3,3,Unknown,22272.963500095382,21161.49165001495,12594.577337537703,83666.30086080232,Saab,2009,0
1916,38,20,CA,250/500,2000,1894.7877507508415,2000000,MALE,PhD,Machine-op-inspct,Chess,husband,87151.42905786558,49446.332650118944,Single Vehicle Collision,Rear Collision,Major Damage,Fire,OH,Riverwood,6,1,Unknown,1,3,YES,83248.73338565556,11368.200352349504,23500.003004905877,19252.14444758263,Toyota,1997,0
1917,290,44,FL,250/500,1000,1072.1230156750348,0,MALE,High School,Machine-op-inspct,Movies,husband,47235.86201987673,46690.57718271111,Vehicle Theft,Rear Collision,Minor Damage,Police,VA,Riverwood,14,2,YES,2,3,Unknown,146628.51042479408,1247.8820816136238,6386.736177483286,67449.06628343352,Chevrolet,2013,0
1918,130,67,FL,250/500,2000,617.993087471388,0,MALE,High School,Exec-managerial,Exercise,husband,35341.45645002842,14252.779402940852,Parked Car,Unknown,Major Damage,Police,NY,Columbus,19,3,Unknown,2,0,YES,118184.3063619765,25604.087618753572,21983.815641632307,18428.210499967146,Chevrolet,2003,0
1919,497,60,IL,500/1000,2000,757.8105538088703,0,FEMALE,PhD,Machine-op-inspct,Exercise,not-in-family,71046.42835964526,79976.27009912083,Vehicle Theft,Front Collision,Total Loss,None,PA,Riverwood,5,2,NO,0,0,NO,112251.02347063874,14631.655895434955,23560.598491571785,86420.72280445007,Dodge,1999,1
1920,228,57,NY,250/500,2000,588.8349580949113,1000000,FEMALE,PhD,Machine-op-inspct,Reading,unmarried,31450.24755542828,36667.39714541998,Vehicle Theft,Side Collision,Total Loss,Fire,VA,Northbrook,8,1,NO,3,1,NO,96674.66600807961,17979.569088483873,21495.732296507693,71221.84715332412,Audi,2010,1
1921,107,55,NY,250/500,1000,658.09540224371,0,FEMALE,High School,Craft-repair,Exercise,husband,11940.323225254046,76193.77751603944,Single Vehicle Collision,Rear Collision,Minor Damage,None,OH,Columbus,14,4,Unknown,3,0,Unknown,52512.34668634306,21960.920745733707,25494.391960714853,82692.76367312581,Dodge,2021,0
1922,171,50,IL,100/300,500,776.9768688405464,1000000,MALE,Masters,Prof-specialty,Movies,husband,31015.221230152634,19206.261508221247,Parked Car,Front Collision,Trivial Damage,Ambulance,NY,Columbus,21,3,Unknown,0,3,YES,25857.47157451758,19652.232990035664,12400.06340548817,85593.53532803814,Chevrolet,1997,0
1923,434,45,IL,250/500,2000,1011.6414748811026,0,FEMALE,JD,Exec-managerial,Chess,own-child,43429.598211720186,31507.346161383233,Parked Car,Rear Collision,Major Damage,Fire,PA,Springfield,22,2,Unknown,0,1,NO,34070.46444558213,21925.706124438348,16343.043962264745,7689.752145783081,Dodge,2002,0
1924,477,18,IL,250/500,500,1315.3094698626137,0,FEMALE,College,Exec-managerial,Reading,husband,25541.137598270812,9517.094770266587,Parked Car,Unknown,Minor Damage,None,OH,Springfield,5,2,NO,0,2,NO,1445.1523866261932,22868.45053733573,320.0223208581299,39061.65813866277,Volkswagen,2018,0
1925,101,72,NY,100/300,1000,1567.523089032629,1000000,FEMALE,PhD,Exec-managerial,Chess,husband,21681.372583772296,14347.92697456082,Multi-vehicle Collision,Rear Collision,Minor Damage,Ambulance,PA,Northbrook,6,4,NO,2,0,Unknown,101185.32292430403,17674.54591693833,4381.59489018072,58364.22029884502,Volkswagen,2008,0
1926,353,25,FL,100/300,500,816.3910041597678,5000000,MALE,JD,Craft-repair,Movies,wife,614.0162664697746,88318.34903527329,Vehicle Theft,Unknown,Total Loss,None,OH,Northbrook,16,1,YES,0,3,Unknown,121875.69500418684,10969.1349272327,19325.817768834648,72240.80376094815,Volkswagen,2023,1
1927,11,54,IL,500/1000,2000,1508.783606357209,0,MALE,JD,Craft-repair,Reading,unmarried,63084.27814040466,10911.264418557754,Single Vehicle Collision,Unknown,Trivial Damage,Ambulance,WV,Springfield,5,2,YES,1,1,Unknown,40702.24700410994,7294.2644914902785,16869.515989351352,21808.30982285478,Ford,1997,0
1928,274,49,CA,250/500,2000,1556.3886117536294,1000000,FEMALE,Masters,Adm-clerical,Camping,wife,61444.89423161189,9573.12072859432,Multi-vehicle Collision,Unknown,Total Loss,Police,WV,Springfield,8,1,NO,0,0,YES,14231.634746818647,27087.097099583614,5919.975406242121,82322.97685909702,Toyota,2010,0
1929,100,65,IL,500/1000,2000,1337.9335052992842,0,MALE,JD,Craft-repair,Exercise,not-in-family,18802.52377707282,94037.73108366599,Single Vehicle Collision,Side Collision,Total Loss,Police,WV,Northbrook,2,1,NO,2,3,YES,50691.19663937672,29097.745339146608,7303.943824808446,19965.7719859223,Dodge,2001,0
1930,43,60,TX,500/1000,2000,1855.426804698066,0,MALE,PhD,Exec-managerial,Movies,own-child,94365.00718111842,64590.345966076755,Multi-vehicle Collision,Front Collision,Minor Damage,Fire,PA,Springfield,13,1,YES,1,1,NO,44161.6587978382,10729.882652946266,10322.466057703741,77969.25849850773,Volkswagen,2003,0
1931,442,54,IL,100/300,2000,666.492220882716,0,MALE,JD,Adm-clerical,Reading,wife,40957.09018047581,10091.598355441944,Parked Car,Unknown,Total Loss,None,WV,Columbus,5,4,YES,2,0,Unknown,67906.01593627091,3369.3218721690064,21492.441388305277,46192.86091181068,Mercedes,1997,0
1932,304,21,NY,500/1000,2000,765.6821864036292,0,MALE,PhD,Prof-specialty,Chess,not-in-family,2547.9433576306556,97171.67390660514,Multi-vehicle Collision,Unknown,Minor Damage,None,NY,Northbrook,3,1,NO,1,2,NO,39983.25712099114,6676.119813492938,18291.49807989903,46436.45325113005,Volkswagen,2002,1
1933,444,47,IL,250/500,1000,1142.9972365842273,0,FEMALE,PhD,Machine-op-inspct,Reading,other-relative,21977.191726484358,14710.001050329713,Parked Car,Rear Collision,Total Loss,Ambulance,NY,Springfield,15,3,Unknown,1,0,YES,51290.03944908185,20120.020379615686,2087.137925258694,33723.104831831006,BMW,2022,1
1934,16,23,TX,100/300,1000,690.0691028513584,0,MALE,High School,Machine-op-inspct,Camping,unmarried,69206.74842711947,76634.5725285428,Multi-vehicle Collision,Front Collision,Minor Damage,Fire,WV,Riverwood,22,4,NO,1,3,NO,136179.43951271178,5188.001098749923,22798.174470370817,9405.120304540276,Mercedes,2006,0
1935,329,63,CA,250/500,1000,1349.4442155861311,0,FEMALE,Masters,Adm-clerical,Movies,husband,20161.989881059526,3485.1361639586466,Single Vehicle Collision,Side Collision,Minor Damage,Police,OH,Riverwood,15,2,Unknown,2,3,NO,50557.885256996124,23403.668191829645,7879.786890660886,31303.39667444648,BMW,2011,0
1936,56,71,FL,250/500,500,1097.6006999141366,0,FEMALE,College,Prof-specialty,Reading,wife,5391.245887605612,62454.17973398115,Single Vehicle Collision,Side Collision,Total Loss,None,OH,Northbrook,22,4,NO,1,2,Unknown,117934.9479861196,27690.907196241405,20152.790352132604,38463.630676924324,Mercedes,2022,1
1937,310,36,IL,100/300,500,926.8936918038776,2000000,MALE,High School,Machine-op-inspct,Movies,wife,61770.62213946729,54670.387210289584,Multi-vehicle Collision,Rear Collision,Total Loss,Ambulance,PA,Riverwood,8,2,YES,3,2,NO,94062.13818355667,28909.545452365415,3700.8853398465135,43163.99298411206,Dodge,2008,1
1938,496,49,TX,250/500,1000,754.9847195264559,5000000,MALE,College,Adm-clerical,Movies,husband,51835.4790594183,20800.381042530113,Vehicle Theft,Side Collision,Total Loss,Police,OH,Riverwood,3,3,YES,3,1,Unknown,50961.92287189039,279.7651792467204,29937.638301575043,66544.666607871,Ford,2010,0
1939,302,26,TX,100/300,500,1003.0073575223155,1000000,MALE,PhD,Craft-repair,Chess,husband,76126.58360984534,64314.614272041625,Vehicle Theft,Rear Collision,Major Damage,Police,VA,Columbus,7,1,YES,2,1,NO,122759.3463321624,28744.6249486325,2410.0551206314235,31751.10293080877,Saab,2013,1
1940,11,29,CA,250/500,500,1411.939026248513,0,FEMALE,High School,Exec-managerial,Exercise,own-child,77263.13885441417,61705.299317738856,Multi-vehicle Collision,Front Collision,Minor Damage,Police,OH,Northbrook,23,1,NO,3,3,NO,89463.8724046416,22205.832573888532,22252.020852029855,36652.69814222738,Audi,2022,0
1941,317,28,NY,100/300,2000,1363.6778163341173,0,FEMALE,JD,Prof-specialty,Camping,wife,95993.52537877289,79835.17154639767,Vehicle Theft,Rear Collision,Total Loss,Ambulance,NY,Riverwood,7,1,NO,1,0,YES,1788.4997760356048,2521.506967914068,16239.91077759286,81558.26434875853,Dodge,1998,0
1942,79,63,IL,500/1000,2000,745.4360003153507,1000000,FEMALE,JD,Machine-op-inspct,Reading,wife,5701.754401853876,87587.40586004453,Single Vehicle Collision,Rear Collision,Major Damage,Ambulance,OH,Springfield,23,1,NO,0,2,YES,10774.866135073768,12457.214063361793,2578.175738524149,67755.79978756025,Saab,1997,0
1943,215,72,TX,250/500,500,687.3797161109501,5000000,FEMALE,College,Exec-managerial,Exercise,other-relative,3898.9419818228344,51010.4940653566,Vehicle Theft,Unknown,Major Damage,Police,PA,Northbrook,5,4,Unknown,0,1,NO,113019.61413812167,21001.36423738527,804.3137265226652,2154.733678390859,BMW,2007,1
1944,338,33,CA,100/300,500,540.0151439133087,0,FEMALE,PhD,Adm-clerical,Chess,not-in-family,98719.70480276608,49029.51934841613,Multi-vehicle Collision,Side Collision,Major Damage,Ambulance,OH,Northbrook,7,3,NO,1,3,NO,67255.90454298655,28700.56477983148,10879.97152550036,73106.77931930107,Saab,2003,0
1945,263,18,FL,250/500,1000,518.6383906908984,1000000,FEMALE,College,Machine-op-inspct,Exercise,other-relative,64484.78776969539,62159.57709446977,Vehicle Theft,Front Collision,Minor Damage,Police,PA,Riverwood,5,2,Unknown,3,3,Unknown,61123.41486565932,4924.241808341777,24066.71796021432,89095.9587990973,Dodge,2007,0
1946,478,62,TX,250/500,500,1819.7156535795277,5000000,FEMALE,Masters,Exec-managerial,Movies,wife,71537.05396675714,72920.75892298132,Multi-vehicle Collision,Front Collision,Minor Damage,Police,VA,Riverwood,13,4,Unknown,1,3,YES,22301.164037273295,3831.9984578086196,1234.537208441775,84585.11994896719,Toyota,2023,0
1947,148,72,CA,250/500,2000,567.6332840080848,2000000,MALE,JD,Craft-repair,Movies,other-relative,9648.201973516845,35617.11724418746,Single Vehicle Collision,Unknown,Total Loss,Police,WV,Columbus,13,1,Unknown,0,2,YES,24019.129797209902,14170.411597856357,21131.959899841622,75252.43536469847,Chevrolet,2006,0
1948,80,70,NY,100/300,500,1596.8316648098694,0,FEMALE,High School,Prof-specialty,Camping,wife,6981.269084833697,50464.18833662284,Parked Car,Rear Collision,Total Loss,Ambulance,VA,Springfield,17,1,YES,0,2,NO,119763.99128933714,29042.96681215468,19661.28828792716,56662.71988562032,Audi,2020,1
1949,214,38,NY,500/1000,1000,1807.9776443674355,0,FEMALE,High School,Adm-clerical,Reading,unmarried,16025.359393577099,58510.41858231734,Single Vehicle Collision,Front Collision,Minor Damage,Fire,NY,Columbus,12,1,Unknown,2,2,Unknown,124438.06152723756,29141.376457740316,7966.130303183016,25109.471782656965,Toyota,2015,0
1950,484,47,TX,500/1000,2000,647.0867728436864,0,FEMALE,High School,Machine-op-inspct,Reading,own-child,42719.56027974696,98837.80838359111,Single Vehicle Collision,Front Collision,Total Loss,Fire,VA,Columbus,14,2,Unknown,0,0,YES,84220.37982549002,6837.44223158728,2324.7610720467083,58933.31196307066,Ford,2009,1
1951,373,30,TX,500/1000,2000,1154.4521357495264,0,FEMALE,JD,Craft-repair,Chess,other-relative,11017.618273297569,58771.219645591664,Multi-vehicle Collision,Rear Collision,Total Loss,Ambulance,VA,Springfield,2,2,YES,2,2,NO,44621.60756595027,9580.41443914372,27459.65881662186,62633.76313174021,Audi,1997,1
1952,463,51,IL,100/300,2000,1943.454474761415,0,MALE,PhD,Prof-specialty,Camping,wife,44633.3740440828,22418.65507422567,Single Vehicle Collision,Rear Collision,Total Loss,None,NY,Riverwood,5,4,Unknown,3,3,NO,139938.77209184063,27240.959569339633,9010.494082101719,25412.078676657282,Dodge,1997,1
1953,197,21,CA,500/1000,2000,1751.2079907853777,0,FEMALE,JD,Prof-specialty,Reading,other-relative,56153.59031013367,58798.98582402607,Single Vehicle Collision,Front Collision,Minor Damage,Ambulance,NY,Columbus,22,3,NO,1,2,NO,93782.37745378638,22045.244725561926,3341.496953602834,23054.133234318724,Volkswagen,2021,0
1954,199,45,TX,100/300,500,1234.5560477867825,1000000,FEMALE,JD,Craft-repair,Movies,not-in-family,33.29678851079487,81949.95829490181,Vehicle Theft,Rear Collision,Minor Damage,None,WV,Northbrook,19,2,NO,2,0,NO,119597.99685804233,29169.492859728547,20445.51235082748,35783.45493239511,Volkswagen,1996,0
1955,24,55,IL,250/500,1000,1643.8566691873293,0,MALE,High School,Machine-op-inspct,Camping,own-child,11424.563079197747,85740.36800111909,Multi-vehicle Collision,Side Collision,Minor Damage,Police,WV,Columbus,16,4,YES,1,0,NO,990.7965830882051,26794.45089046663,6500.43686374884,57739.1125161148,Chevrolet,2020,0
1956,465,48,IL,250/500,500,1750.0664366474957,0,MALE,JD,Prof-specialty,Exercise,unmarried,37519.51917678787,80025.04545930117,Vehicle Theft,Front Collision,Total Loss,None,OH,Springfield,19,2,YES,2,3,YES,67822.7803308664,6452.8815094123,14268.922666878898,26446.298008485413,Saab,2000,1
1957,88,72,TX,500/1000,500,1022.0404447830789,0,FEMALE,High School,Adm-clerical,Camping,husband,5332.979269680016,88820.94152888418,Multi-vehicle Collision,Rear Collision,Minor Damage,Police,PA,Columbus,15,4,Unknown,3,1,YES,130706.8884048334,22791.8057823805,1512.1663270809916,50054.42034385017,Chevrolet,2019,0
1958,267,44,NY,100/300,2000,1838.2293753049414,0,FEMALE,PhD,Exec-managerial,Camping,husband,13352.897331214008,33476.63418791274,Vehicle Theft,Front Collision,Major Damage,Fire,NY,Columbus,5,1,Unknown,3,2,Unknown,51065.87584329183,1456.956946803498,29789.51846724315,80941.44242669104,Audi,2010,0
1959,142,22,CA,250/500,1000,1205.709979515735,1000000,FEMALE,Masters,Adm-clerical,Reading,other-relative,23179.639045595446,50757.06209526621,Vehicle Theft,Front Collision,Minor Damage,Police,VA,Northbrook,7,2,Unknown,2,2,NO,109119.400942406,24534.98336224422,13428.63380326477,26629.519206644534,Saab,2017,0
1960,58,42,CA,100/300,2000,1291.711045338245,0,FEMALE,High School,Prof-specialty,Chess,wife,42960.141416764694,77959.1096007544,Parked Car,Unknown,Major Damage,None,VA,Springfield,12,1,YES,2,0,Unknown,98822.3863567325,18046.702873338243,29973.29943928603,86941.0388778633,Dodge,2012,1
1961,409,20,NY,100/300,500,1999.5614567327466,1000000,FEMALE,College,Exec-managerial,Chess,not-in-family,71483.71979367091,26444.99507590984,Single Vehicle Collision,Side Collision,Total Loss,Fire,WV,Northbrook,12,3,Unknown,3,0,NO,23256.645769967763,28683.02887909385,11570.24630802199,42653.98328272209,Volkswagen,2003,1
1962,488,50,TX,250/500,500,1764.9544492282419,0,FEMALE,Masters,Craft-repair,Reading,own-child,13268.861182584591,37158.143785170105,Vehicle Theft,Side Collision,Minor Damage,Fire,PA,Riverwood,19,1,NO,1,1,NO,116348.12217453356,28800.973664072353,10435.576678266583,9171.659554365862,Dodge,1997,0
1963,364,21,CA,100/300,2000,1042.65500865947,0,MALE,PhD,Exec-managerial,Reading,unmarried,73795.85719093322,83115.5654556012,Parked Car,Unknown,Total Loss,Ambulance,NY,Springfield,16,3,NO,3,0,NO,17322.755151763435,1524.453270730658,27437.169848012203,5048.041496288673,Mercedes,2017,1
1964,25,42,TX,250/500,500,515.51839470905,1000000,MALE,Masters,Exec-managerial,Reading,unmarried,85506.07297172208,77008.56496204832,Vehicle Theft,Unknown,Total Loss,None,WV,Columbus,20,2,Unknown,1,0,Unknown,109323.15743750514,4815.644566673035,9883.975615334644,30546.838835508424,Saab,2020,1
1965,46,37,TX,250/500,500,1439.261110690842,0,FEMALE,High School,Exec-managerial,Chess,unmarried,65147.876688523334,97119.9567916089,Vehicle Theft,Front Collision,Total Loss,None,PA,Northbrook,22,3,YES,2,0,NO,148649.7663484746,14526.211419560746,12960.166419488121,23362.430210015576,Audi,2017,1
1966,287,51,IL,250/500,2000,1555.8701391921618,0,FEMALE,PhD,Prof-specialty,Reading,husband,4372.569542779781,99597.40585146501,Parked Car,Side Collision,Total Loss,Ambulance,NY,Northbrook,21,1,NO,1,0,Unknown,143718.22405585853,26384.805748384475,2343.3131014247256,75949.82811557237,Dodge,2010,0
1967,265,43,NY,100/300,500,1476.2040352150693,0,FEMALE,College,Machine-op-inspct,Exercise,own-child,44065.36869274413,24074.454697137902,Parked Car,Unknown,Total Loss,Ambulance,VA,Springfield,2,2,YES,2,1,YES,120136.1405870222,24433.354268881692,28663.87164106427,66413.69408538438,Toyota,1998,1
1968,15,22,TX,250/500,1000,1951.7935267448197,0,MALE,High School,Prof-specialty,Exercise,husband,66006.60016334998,90044.99861736734,Parked Car,Rear Collision,Total Loss,Fire,VA,Northbrook,12,4,NO,1,2,NO,80410.35492234047,28931.100790553362,2554.537225527066,79620.71118961825,Dodge,2008,1
1969,198,52,FL,100/300,2000,1794.4565409982165,0,FEMALE,High School,Machine-op-inspct,Movies,other-relative,97851.31346073124,9451.550135006913,Single Vehicle Collision,Front Collision,Total Loss,Ambulance,WV,Springfield,6,2,Unknown,2,2,Unknown,101386.27408520062,18542.523513340224,23135.548006059726,53073.889489247085,Volkswagen,1998,0
1970,400,45,NY,250/500,1000,1173.2475397709727,1000000,MALE,PhD,Craft-repair,Exercise,unmarried,95180.83880692424,70980.02089640555,Single Vehicle Collision,Side Collision,Total Loss,Fire,PA,Riverwood,19,4,Unknown,0,2,YES,109352.20435644186,7696.905586848618,16158.46181433531,39247.60655838601,Audi,2022,0
1971,406,46,CA,250/500,500,594.2862312085714,0,MALE,PhD,Craft-repair,Camping,own-child,39570.31544399188,22009.938767555093,Vehicle Theft,Front Collision,Minor Damage,None,VA,Springfield,4,1,YES,0,2,NO,1756.0278795966863,753.1991851553199,1842.1543214260416,24424.05673490776,Volkswagen,2012,0
1972,281,26,IL,500/1000,500,1214.0881542529953,5000000,FEMALE,Masters,Craft-repair,Movies,unmarried,61593.10722250926,30031.115692256273,Single Vehicle Collision,Front Collision,Major Damage,Ambulance,PA,Springfield,10,2,Unknown,3,2,YES,15803.750032466989,6687.7947216164675,51.114841231685304,52521.48421465015,Ford,2012,0
1973,468,69,CA,500/1000,2000,1533.8660299430346,0,MALE,College,Craft-repair,Exercise,husband,89081.51473615851,94632.11776645418,Parked Car,Rear Collision,Major Damage,None,WV,Riverwood,22,4,YES,3,3,NO,89760.34024578994,20258.19593860874,28066.60915581388,55660.42756343017,Mercedes,2012,0
1974,85,55,CA,500/1000,500,1411.564712340507,0,FEMALE,Masters,Craft-repair,Camping,husband,83104.62473761964,26315.123673421193,Multi-vehicle Collision,Rear Collision,Trivial Damage,Fire,OH,Riverwood,17,1,YES,2,3,Unknown,1476.9137513649114,27788.244700290394,22265.202127066317,35425.9859803938,BMW,2022,0
1975,249,67,NY,100/300,2000,1307.2056015663275,0,MALE,Masters,Adm-clerical,Exercise,husband,47942.18341127497,67317.78691606302,Single Vehicle Collision,Unknown,Minor Damage,Police,PA,Columbus,3,3,NO,1,0,NO,136381.39479063783,9627.110019247944,20593.087306182446,84299.92842228236,Volkswagen,2021,1
1976,390,23,CA,100/300,2000,1203.228437022862,0,FEMALE,High School,Prof-specialty,Camping,unmarried,26124.133089162337,17812.850786325616,Parked Car,Rear Collision,Major Damage,Police,PA,Northbrook,19,4,NO,2,3,NO,73704.57562714913,26271.12990867886,13156.695917976658,57631.91749262147,Mercedes,2015,0
1977,269,36,TX,250/500,2000,940.6428095410795,0,FEMALE,PhD,Machine-op-inspct,Reading,own-child,13709.994679883297,9338.99775704876,Parked Car,Side Collision,Major Damage,None,WV,Riverwood,21,3,Unknown,0,2,Unknown,39036.17780296569,11846.947450234695,7158.413601329323,75389.5599340778,BMW,1997,0
1978,334,61,CA,250/500,2000,916.0201425869438,0,MALE,High School,Craft-repair,Camping,own-child,48798.01550832592,33931.702534386444,Parked Car,Unknown,Total Loss,Fire,OH,Riverwood,6,2,YES,0,0,Unknown,59376.264854841094,9248.13748105651,20395.89224191722,55873.12818846915,Toyota,2020,0
1979,116,74,IL,250/500,2000,1250.347218388703,0,MALE,College,Adm-clerical,Reading,other-relative,72284.58753432891,62419.61007894813,Parked Car,Side Collision,Total Loss,Fire,VA,Northbrook,3,4,NO,2,2,Unknown,127691.07339068042,15265.327284174542,18249.032058512978,28556.657001320273,Audi,2001,1
1980,6,28,IL,250/500,1000,740.9047196444735,1000000,MALE,Masters,Adm-clerical,Camping,unmarried,96976.9713216266,24794.51437540812,Vehicle Theft,Side Collision,Trivial Damage,Police,NY,Northbrook,9,1,Unknown,0,2,NO,139115.3346277353,13268.204772288456,21790.265845450092,66322.06229329514,Audi,2007,0
1981,136,19,FL,100/300,2000,1011.0281353622024,0,FEMALE,College,Adm-clerical,Camping,other-relative,86181.49048230889,30016.8798671674,Parked Car,Unknown,Trivial Damage,Fire,WV,Columbus,0,1,Unknown,3,0,YES,17877.12958135935,27413.996055510543,10973.775555007862,20799.88232644147,Mercedes,2001,0
1982,370,64,IL,250/500,1000,985.9689120651494,2000000,MALE,PhD,Prof-specialty,Exercise,not-in-family,20424.095524816166,70872.98186064551,Parked Car,Rear Collision,Total Loss,Fire,NY,Columbus,16,3,NO,2,2,Unknown,116805.11477635872,14047.708422243795,29607.71281539571,53735.181913374894,Saab,2016,1
1983,175,61,CA,250/500,500,1380.6992023763014,0,MALE,PhD,Craft-repair,Camping,other-relative,71977.812682247,10279.602298136902,Vehicle Theft,Front Collision,Total Loss,None,OH,Springfield,4,1,Unknown,3,3,YES,86944.95417337128,8320.061616692265,2010.2596628559854,36272.734237444216,Toyota,2007,1
1984,327,61,IL,500/1000,2000,600.0234505445369,0,FEMALE,JD,Adm-clerical,Exercise,other-relative,28910.125385843043,44690.509180350746,Single Vehicle Collision,Rear Collision,Major Damage,Police,OH,Columbus,16,2,NO,3,0,Unknown,88032.66227084075,25276.96732505711,2391.048511086421,13574.649705512875,BMW,2018,0
1985,497,26,NY,250/500,500,1744.5030203976426,0,FEMALE,College,Adm-clerical,Camping,other-relative,68347.25944335964,94173.45298822242,Multi-vehicle Collision,Side Collision,Minor Damage,Fire,PA,Riverwood,2,2,YES,3,1,Unknown,117028.09222342604,29962.485349787003,27506.27542741845,37250.32773995757,Chevrolet,2021,0
1986,314,38,IL,250/500,2000,1343.5675705766032,0,MALE,High School,Craft-repair,Chess,husband,66580.54604607726,39697.1662414225,Vehicle Theft,Side Collision,Minor Damage,None,NY,Riverwood,8,3,Unknown,0,1,NO,33815.280674500646,19445.142575439717,19431.193047571305,27994.246567922648,Audi,1998,0
1987,214,41,TX,250/500,1000,1506.2400211639028,1000000,MALE,College,Prof-specialty,Movies,not-in-family,27243.060292554143,43420.10279774393,Vehicle Theft,Unknown,Trivial Damage,Ambulance,NY,Northbrook,2,4,YES,1,1,Unknown,79891.22271225626,7513.841068090758,9790.022045463133,10188.765145587084,Saab,2010,0
1988,476,51,NY,100/300,1000,1554.6408556391493,0,MALE,Masters,Adm-clerical,Exercise,other-relative,23438.862021728644,73820.43036072889,Single Vehicle Collision,Side Collision,Major Damage,Police,OH,Columbus,2,1,NO,1,2,YES,48243.21600989597,7164.452310395378,22858.582731018785,74162.1577565213,Toyota,2019,0
1989,81,39,FL,500/1000,1000,937.2262052638048,0,FEMALE,PhD,Machine-op-inspct,Exercise,own-child,10393.776258892583,77901.15220328468,Single Vehicle Collision,Unknown,Trivial Damage,None,NY,Springfield,8,2,YES,1,2,NO,14629.595573988969,1731.2008864577942,13583.201635591196,44922.571823469,Ford,2022,0
1990,222,20,TX,250/500,500,1205.5573510772997,0,FEMALE,PhD,Exec-managerial,Reading,other-relative,5053.96368046267,76960.63897805245,Parked Car,Unknown,Total Loss,Ambulance,VA,Springfield,4,4,NO,3,2,Unknown,16209.377110712277,2318.791155422546,633.6452642319634,31237.428877200695,Ford,2022,0
1991,477,29,CA,250/500,2000,1934.3689338045008,0,MALE,College,Exec-managerial,Chess,husband,85845.1058856471,99786.70249135721,Single Vehicle Collision,Rear Collision,Total Loss,Fire,OH,Springfield,23,2,Unknown,2,2,YES,20902.484858460037,27449.492855482873,19533.11008259872,45496.28604829528,BMW,2009,0
1992,371,45,CA,500/1000,500,1650.0578569952224,0,FEMALE,College,Exec-managerial,Reading,wife,4984.939463504168,7145.108748705731,Multi-vehicle Collision,Side Collision,Trivial Damage,Fire,PA,Springfield,9,2,Unknown,3,0,NO,92427.52741127327,2894.6132114865163,7293.358112745687,67937.02226401024,Mercedes,2007,1
1993,422,47,CA,250/500,1000,1954.335312834778,1000000,MALE,College,Prof-specialty,Chess,not-in-family,8874.11665251141,98225.32846329993,Vehicle Theft,Rear Collision,Total Loss,Ambulance,PA,Northbrook,14,4,Unknown,3,1,YES,16321.614657407845,14530.315448303363,3460.053498302034,1744.755850410535,Dodge,2004,0
1994,482,43,TX,100/300,500,1619.3815177194324,0,MALE,Masters,Adm-clerical,Chess,wife,23885.203536819987,95018.96169973988,Multi-vehicle Collision,Front Collision,Major Damage,None,PA,Columbus,11,4,YES,2,3,NO,85730.52446723095,20943.653390795345,6758.195474982126,49252.983275568535,Audi,2004,0
1995,401,65,TX,250/500,1000,763.4002095627761,2000000,FEMALE,Masters,Exec-managerial,Camping,wife,88765.83284622761,85213.89002595581,Parked Car,Rear Collision,Total Loss,Fire,NY,Columbus,5,1,YES,1,0,NO,88450.41016760033,25510.643483208092,14284.736433877455,43175.655417228714,Chevrolet,1999,1
1996,442,38,TX,100/300,1000,596.8038257670144,1000000,MALE,High School,Exec-managerial,Reading,not-in-family,33294.03604221913,45412.55758520417,Multi-vehicle Collision,Side Collision,Minor Damage,Fire,OH,Columbus,6,3,YES,1,1,NO,135632.52826322272,5138.128507611819,1495.6929384972073,80387.01021720511,BMW,1998,0
1997,489,45,NY,100/300,1000,1366.4921550794954,0,MALE,College,Craft-repair,Movies,unmarried,19179.955745659216,87090.23716339243,Parked Car,Front Collision,Minor Damage,None,PA,Columbus,6,3,NO,1,1,Unknown,94143.30115066438,13133.360373760705,26494.57160338643,50081.85212502447,Dodge,2013,0
1998,102,73,NY,250/500,2000,1036.7199195539142,0,FEMALE,High School,Adm-clerical,Chess,own-child,71555.54957950952,22083.241230609518,Multi-vehicle Collision,Side Collision,Total Loss,None,OH,Springfield,22,2,Unknown,3,0,NO,147845.38221178445,7544.4058504133245,16797.540497080856,12445.323544262155,Dodge,2009,1
1999,272,43,CA,500/1000,2000,913.1868652072553,0,MALE,JD,Adm-clerical,Chess,husband,31906.97548686857,79165.58353878303,Vehicle Theft,Front Collision,Total Loss,Ambulance,NY,Springfield,3,3,YES,3,0,Unknown,5133.390701154805,7674.692698998049,8789.885403462471,35042.62105413411,Audi,2003,0
2000,13,50,IL,100/300,1000,1710.8164946381262,0,MALE,Masters,Craft-repair,Exercise,not-in-family,33336.663807619625,18523.830312105416,Multi-vehicle Collision,Side Collision,Minor Damage,Fire,VA,Northbrook,12,2,NO,0,0,Unknown,105769.84742844528,9115.179224600277,20610.14544266049,55934.136547527436,Audi,2010,0
