claim_id,months_as_customer,age,policy_state,policy_csl,policy_deductable,policy_annual_premium,umbrella_limit,insured_sex,insured_education_level,insured_occupation,insured_hobbies,insured_relationship,capital-gains,capital-loss,property_type,incident_cause,location_risk_score,security_system_present,asset_value,total_claim_amount,fraud
1,215,45,CA,250/500,1000,825.1235252323535,0,FEMALE,High School,Adm-clerical,Exercise,wife,60354.00396867366,5770.824665981911,C,A,C,C,C,53682.68629281103,0
2,316,68,NY,100/300,500,1422.8942643319497,0,MALE,PhD,Craft-repair,Reading,husband,89430.69605448982,7646.799348202793,C,C,A,C,B,63945.44898296504,0
3,154,35,CA,250/500,1000,1894.2243015458737,0,MALE,College,Adm-clerical,Camping,wife,38898.86747793673,68972.58256415592,A,B,C,C,A,86504.07544710822,0
4,70,70,FL,100/300,500,1629.3977130070753,0,FEMALE,High School,Exec-managerial,Camping,not-in-family,34984.41004323327,92314.84632050982,A,A,B,A,B,39192.920406663616,0
5,33,63,CA,250/500,500,1321.4586357836647,0,MALE,Masters,Adm-clerical,Movies,husband,70004.90084391371,17528.39453131262,C,A,C,A,B,10906.245950920109,0
6,252,31,NY,100/300,1000,964.8864568053715,0,FEMALE,High School,Prof-specialty,Movies,wife,40707.97320645109,86426.87193387552,B,A,C,A,B,84175.6998466679,0
7,195,30,NY,250/500,500,1454.8076340407742,0,FEMALE,PhD,Craft-repair,Exercise,husband,38122.29565310169,65298.789320763695,C,B,C,B,A,6742.8916814644,1
8,1,36,NY,500/1000,500,1571.605670166767,0,FEMALE,JD,Exec-managerial,Camping,not-in-family,46604.85435906452,67669.02570295095,C,A,C,A,B,91898.01745839523,0
9,406,61,FL,500/1000,500,1456.6551686162738,0,MALE,Masters,Prof-specialty,Reading,own-child,11472.852164655955,69763.53106428031,C,B,C,C,B,72332.07161038638,1
10,367,68,TX,500/1000,500,1633.1280677714888,0,MALE,College,Adm-clerical,Movies,other-relative,20282.65395494888,6222.944019862575,C,C,A,A,C,44820.436607461466,0
11,291,49,TX,500/1000,500,918.8708232413154,0,FEMALE,Masters,Machine-op-inspct,Exercise,husband,60332.21810678992,60383.30231128026,C,B,C,C,C,61728.260041294256,0
12,246,60,TX,500/1000,500,1261.7166828401855,0,MALE,PhD,Adm-clerical,Chess,wife,60845.54023914076,48329.90236956546,A,A,C,C,B,53736.01688023239,0
13,469,50,IL,250/500,2000,1323.0073897879715,0,MALE,College,Exec-managerial,Chess,unmarried,59024.07661177006,83658.55594609874,C,C,C,C,B,40455.751698003696,1
14,393,23,TX,500/1000,2000,634.8275063403096,0,MALE,PhD,Machine-op-inspct,Chess,wife,19980.15796496154,42813.13065312896,A,A,B,B,A,13290.741619397642,0
15,489,47,FL,250/500,500,764.8166520695722,0,FEMALE,Masters,Adm-clerical,Chess,other-relative,43557.83469921446,50951.963700550376,A,B,A,B,B,80929.57376801201,0
16,226,27,FL,250/500,500,959.9339483859112,0,FEMALE,High School,Exec-managerial,Movies,wife,92100.69455435475,58047.35478742182,C,C,C,C,A,58980.95311502929,1
17,232,47,IL,500/1000,500,571.6342019638653,1000000,MALE,PhD,Prof-specialty,Camping,wife,86095.16760688154,58673.42040774959,C,C,A,C,B,70402.2702786062,0
18,218,26,FL,500/1000,1000,850.4052749136813,0,MALE,JD,Prof-specialty,Camping,unmarried,55748.52687194799,39996.064374614114,C,B,A,B,C,21238.10401264773,1
19,446,23,FL,100/300,1000,1283.2350021583122,1000000,MALE,JD,Machine-op-inspct,Camping,husband,90083.77089742734,16622.98074431625,B,C,C,C,A,20529.450588035314,0
20,343,62,IL,100/300,2000,1312.6173947408452,0,FEMALE,Masters,Adm-clerical,Reading,not-in-family,67501.04889723158,25138.13648568668,B,B,A,A,B,83979.5856226604,0
21,454,23,IL,500/1000,2000,874.1407526847745,0,MALE,College,Prof-specialty,Reading,own-child,41225.98840630881,41240.78715373269,A,C,A,A,B,54961.59863999501,0
22,306,37,IL,100/300,2000,1919.732329281078,0,FEMALE,High School,Adm-clerical,Camping,unmarried,77641.94580033899,61973.78282148941,C,A,A,A,A,45559.34173920968,0
23,404,34,FL,250/500,1000,1200.7498316004285,0,MALE,College,Prof-specialty,Movies,other-relative,30202.1017795173,45450.60223209446,A,C,B,A,C,9779.822957328466,0
24,378,19,IL,500/1000,2000,1455.9144197256232,0,FEMALE,PhD,Exec-managerial,Chess,not-in-family,85465.48879872666,79163.68619881294,C,B,A,C,B,42905.85245957335,0
25,199,19,NY,500/1000,500,545.5435811220519,2000000,FEMALE,Masters,Machine-op-inspct,Chess,unmarried,32950.13035712755,57505.76639601843,C,C,C,A,A,70506.09652449108,0
26,497,27,CA,100/300,2000,1098.7732147126003,2000000,MALE,High School,Machine-op-inspct,Camping,not-in-family,79455.75799474376,34267.62142250903,C,B,A,A,A,10811.613594662158,0
27,483,18,IL,250/500,2000,1313.1625425836628,0,MALE,Masters,Craft-repair,Exercise,husband,28130.551933921954,49713.507770511176,A,B,B,A,B,3403.1704138860655,0
28,452,51,IL,250/500,500,968.3814617244138,0,FEMALE,Masters,Prof-specialty,Movies,other-relative,91691.61541872703,35933.50507918217,B,A,A,B,B,55540.27010620688,1
29,79,64,IL,250/500,500,757.057984880365,1000000,FEMALE,Masters,Prof-specialty,Exercise,own-child,18484.844632788954,3033.2965083099793,A,B,B,A,C,31957.158445438152,1
30,401,70,IL,100/300,2000,801.7197517274071,0,MALE,College,Craft-repair,Exercise,own-child,71899.45883783574,28106.906456221914,A,B,C,C,B,90645.60035548135,0
31,229,53,CA,250/500,1000,1199.825145695701,0,MALE,PhD,Adm-clerical,Movies,wife,40867.9291704808,45088.17817045554,B,B,B,C,C,59459.838763784865,0
32,278,57,FL,250/500,2000,606.5240326255046,5000000,FEMALE,PhD,Machine-op-inspct,Movies,wife,1845.9899041505578,25528.758845650966,C,B,C,B,A,30394.68754680959,0
33,439,68,TX,250/500,1000,851.691458909073,5000000,FEMALE,College,Machine-op-inspct,Reading,other-relative,33184.903993611915,71956.17610751971,A,A,A,C,B,31733.92109195451,0
34,427,37,NY,250/500,1000,1579.3083314464197,0,MALE,JD,Machine-op-inspct,Reading,own-child,20264.296929771343,86211.59515470777,C,A,A,C,B,13343.123544403952,1
35,435,49,FL,500/1000,500,822.1102242903335,0,MALE,High School,Exec-managerial,Chess,husband,55523.75073292779,29694.93281495682,C,C,C,B,C,44044.83920924781,1
36,356,73,IL,100/300,1000,675.4023724595883,0,MALE,High School,Adm-clerical,Reading,other-relative,25987.27731925141,2421.776933611297,B,C,B,A,B,7308.817558818091,0
37,114,34,FL,250/500,2000,625.6417260251429,0,MALE,College,Craft-repair,Exercise,wife,7261.907236576515,87553.45729670895,A,A,A,B,C,44344.94532561224,0
38,404,56,NY,500/1000,1000,1983.0923688302878,1000000,MALE,Masters,Machine-op-inspct,Movies,wife,95308.91420051301,57739.18675196289,B,A,A,C,B,12490.828342703373,0
39,236,39,FL,500/1000,1000,630.2941647330525,0,MALE,Masters,Prof-specialty,Chess,wife,84513.27678216073,581.689275285513,A,C,B,B,B,67878.82624116873,0
40,21,22,FL,500/1000,2000,1150.2477095109216,0,MALE,PhD,Prof-specialty,Reading,unmarried,4533.800696736401,49991.19338171567,B,B,A,C,B,65283.058824964304,1
41,140,18,IL,250/500,500,1266.6082705885758,0,FEMALE,College,Adm-clerical,Chess,own-child,27141.40797047766,9675.358577131954,C,A,C,B,C,83914.90546258094,0
42,317,48,CA,250/500,1000,1946.8639097287619,0,MALE,JD,Exec-managerial,Camping,unmarried,63047.6739787071,67390.43266026268,B,C,C,A,B,92279.56274097513,0
43,227,35,TX,500/1000,2000,1836.6488662719455,0,MALE,JD,Craft-repair,Reading,other-relative,32136.0801125679,53382.98757035303,C,C,C,C,A,65563.11403097308,0
44,330,22,FL,500/1000,1000,856.5181534211536,0,MALE,High School,Machine-op-inspct,Chess,unmarried,28180.33816544956,91318.93288011629,A,C,A,C,C,15851.37744773642,0
45,69,42,CA,500/1000,1000,627.0517788119413,0,FEMALE,High School,Craft-repair,Movies,own-child,59586.12208921078,39505.40696335214,A,A,C,B,B,51073.28973018344,0
46,445,24,TX,500/1000,1000,1156.8906339932132,0,MALE,Masters,Craft-repair,Exercise,other-relative,19434.246697501247,92363.99020353572,B,C,B,A,C,94147.87486124155,1
47,72,31,NY,250/500,1000,651.3717464372376,0,FEMALE,Masters,Prof-specialty,Movies,own-child,64852.686965185545,83646.92444081714,B,A,C,A,B,20327.907149913804,0
48,403,24,NY,500/1000,2000,1806.658249078202,0,MALE,College,Exec-managerial,Camping,own-child,8930.749743702505,75244.83266022659,C,A,A,A,A,39238.98578445878,1
49,444,47,FL,500/1000,1000,1555.6623955733146,0,MALE,Masters,Machine-op-inspct,Reading,not-in-family,32495.298312595623,43799.14607776672,A,C,B,A,A,74931.44649533564,0
50,253,34,TX,250/500,2000,1915.6796864088315,2000000,FEMALE,Masters,Prof-specialty,Camping,husband,11558.056940316641,41429.74906890794,C,B,A,B,C,76446.64943560265,0
51,358,30,NY,100/300,500,1354.1780670493636,2000000,MALE,PhD,Prof-specialty,Exercise,husband,29660.276465531766,39465.85204354356,B,B,B,B,A,94965.09633823376,1
52,151,41,IL,100/300,500,1046.6374170515078,0,FEMALE,College,Prof-specialty,Reading,husband,68280.14042126083,5167.710805329751,B,A,C,B,B,25093.16642418955,1
53,459,53,CA,250/500,500,1250.9713899954927,1000000,FEMALE,High School,Prof-specialty,Reading,wife,76389.42106251809,60603.99758754765,B,B,C,B,B,85900.86844903165,0
54,425,29,FL,500/1000,2000,741.1656466554185,0,FEMALE,College,Craft-repair,Exercise,not-in-family,14500.141399996002,79791.95122179789,B,B,B,C,A,5724.54690640851,0
55,290,35,NY,250/500,2000,1194.594914008499,0,MALE,JD,Exec-managerial,Camping,not-in-family,74622.19157571367,74405.74616598526,A,C,B,C,B,15006.863297160076,0
56,166,40,CA,250/500,2000,1998.0615850165152,0,FEMALE,Masters,Craft-repair,Movies,not-in-family,8428.63173550441,58283.916176249586,C,B,C,B,B,94332.36607367621,0
57,88,39,IL,250/500,500,1535.759234410922,0,FEMALE,High School,Exec-managerial,Exercise,unmarried,21654.73001675858,35723.172866802255,A,C,A,B,B,88134.97887866366,0
58,218,42,FL,500/1000,1000,593.5348319834687,5000000,FEMALE,College,Exec-managerial,Chess,husband,50032.66501391884,69480.22991516131,A,B,C,A,B,6563.1135335338295,0
59,169,61,FL,250/500,2000,1588.5010996457788,0,MALE,High School,Machine-op-inspct,Movies,other-relative,97126.52776877543,52888.773873217055,A,A,A,A,B,7229.010187233727,0
60,320,42,NY,250/500,500,650.9910867979621,5000000,FEMALE,Masters,Craft-repair,Reading,not-in-family,97355.72659177003,83974.45649886968,B,B,C,A,B,35516.00509743873,0
61,267,53,FL,500/1000,2000,1085.966863374115,0,MALE,High School,Adm-clerical,Exercise,wife,47834.55919104492,27337.024949075327,B,C,B,B,A,40297.93968421783,0
62,256,38,CA,500/1000,2000,1679.3753788410202,0,MALE,High School,Exec-managerial,Exercise,husband,80498.68808789183,10208.867245400177,C,C,A,A,B,47049.0674761739,0
63,204,65,TX,100/300,500,692.1348264847508,0,MALE,High School,Adm-clerical,Chess,unmarried,55335.7699400422,321.47090167868873,A,B,C,C,A,55075.21400493654,0
64,166,63,CA,100/300,2000,939.1150815935778,0,FEMALE,JD,Prof-specialty,Camping,wife,75169.75622235412,74302.90717955501,B,A,C,C,C,13497.737657692245,0
65,497,46,IL,500/1000,2000,792.8933418661546,2000000,FEMALE,PhD,Exec-managerial,Chess,wife,65308.55497537531,59932.56440855557,A,A,A,A,A,98648.27757602665,0
66,295,70,FL,250/500,2000,1805.1437149790631,0,MALE,College,Exec-managerial,Chess,not-in-family,69716.95642890195,5991.306809235785,A,A,B,A,C,95805.09630729418,0
67,133,25,IL,100/300,500,721.8747890714254,0,FEMALE,High School,Craft-repair,Camping,other-relative,43960.888087810665,83992.47249904023,A,A,B,C,A,41180.2323559541,0
68,156,66,IL,500/1000,500,1303.6778475394099,0,FEMALE,JD,Exec-managerial,Reading,own-child,83311.67753696353,47718.45762370356,B,A,C,A,A,49029.231440217176,0
69,430,71,FL,100/300,2000,912.9723355681019,0,FEMALE,High School,Adm-clerical,Exercise,other-relative,44565.45354689758,46131.570820054425,A,B,B,B,C,36633.25869310574,1
70,177,22,TX,100/300,500,1260.886582371083,0,MALE,High School,Exec-managerial,Movies,unmarried,70576.80319933286,68455.31757047528,C,A,C,C,B,65242.66573827002,0
71,67,19,CA,500/1000,2000,751.0461208320713,1000000,FEMALE,PhD,Machine-op-inspct,Reading,unmarried,87024.77427615973,63466.121036860364,B,B,B,C,B,70080.88947344186,0
72,22,69,IL,250/500,2000,1636.3646925986982,1000000,FEMALE,JD,Machine-op-inspct,Reading,unmarried,65557.83764533937,23872.57850140915,C,A,A,B,A,53771.042746661056,0
73,491,40,CA,100/300,2000,1464.6671568067243,0,MALE,PhD,Craft-repair,Reading,wife,50976.50167850122,64471.10086880716,B,C,C,C,C,92467.95565759635,0
74,263,19,IL,100/300,2000,565.1393629034001,0,MALE,JD,Machine-op-inspct,Movies,unmarried,52831.7157965084,85819.72496743551,A,C,B,A,C,34995.49195987281,0
75,100,39,FL,500/1000,1000,1921.3477927720087,0,FEMALE,College,Exec-managerial,Exercise,other-relative,70881.59614096851,39175.64424562938,A,C,C,C,B,26375.805795109874,0
76,1,38,FL,500/1000,1000,1839.4603739044173,0,MALE,College,Machine-op-inspct,Reading,wife,9216.173013563033,28977.151983410033,A,A,B,B,A,65739.5153300818,0
77,241,61,FL,250/500,2000,946.666560582862,0,FEMALE,PhD,Prof-specialty,Chess,other-relative,63655.48190339736,6010.017713915549,B,B,A,A,C,16676.78026969105,0
78,259,66,FL,100/300,2000,937.8206203687516,5000000,FEMALE,College,Craft-repair,Movies,husband,37492.88628790385,60512.24493421874,C,C,A,A,B,57934.685923678226,0
79,306,34,FL,250/500,500,1248.7666667256708,1000000,FEMALE,High School,Exec-managerial,Camping,not-in-family,13522.436041057028,75537.14420692435,C,B,A,B,A,32666.863430815058,0
80,470,57,CA,500/1000,2000,1428.6786500762598,0,MALE,College,Machine-op-inspct,Exercise,husband,91253.20504160946,96763.85292299853,A,B,C,C,B,14162.79319632891,1
81,148,48,IL,500/1000,500,936.5539030667364,0,MALE,College,Prof-specialty,Chess,not-in-family,49762.736849021705,61195.83947121147,C,C,C,A,A,31988.090827809156,1
82,308,42,NY,250/500,1000,1693.029152449899,0,FEMALE,College,Machine-op-inspct,Movies,husband,45698.877422596626,44791.011972745066,C,A,A,A,B,20652.87388346568,0
83,25,24,TX,500/1000,1000,617.7429446826745,5000000,FEMALE,High School,Machine-op-inspct,Movies,other-relative,54240.41491740332,93517.07382304958,C,C,A,A,B,63134.52304185405,0
84,231,42,NY,500/1000,500,1096.7540362258696,1000000,MALE,JD,Machine-op-inspct,Camping,own-child,62254.388206228636,17881.51550728486,A,C,C,C,C,5645.547655007043,1
85,413,35,IL,100/300,2000,1333.7136918981237,0,MALE,College,Exec-managerial,Movies,not-in-family,19463.39868577508,70840.11209215064,B,B,A,A,A,81924.4424894328,0
86,160,49,CA,100/300,500,1699.5229715380096,0,FEMALE,College,Craft-repair,Exercise,other-relative,62549.15937912768,32732.1311700163,A,A,C,B,B,58632.13979427024,1
87,149,25,IL,500/1000,1000,1807.725940774725,0,FEMALE,Masters,Prof-specialty,Chess,husband,35245.09227590215,86148.11080135588,A,C,A,B,B,85778.59254201091,0
88,459,64,TX,100/300,2000,866.6105439420874,0,MALE,Masters,Craft-repair,Movies,not-in-family,71474.20873635447,74524.5531961154,C,B,B,B,B,16447.142443592624,0
89,5,31,IL,250/500,2000,861.5963491729239,0,FEMALE,JD,Craft-repair,Camping,own-child,77186.65029397857,33361.78424494887,A,A,C,A,B,47486.6076918095,0
90,83,65,FL,250/500,2000,1052.3966768638234,0,FEMALE,College,Adm-clerical,Exercise,not-in-family,748.4265113173572,77482.54185891533,C,C,A,B,C,66960.20379614593,0
91,454,23,NY,250/500,1000,1141.333363720129,1000000,FEMALE,College,Prof-specialty,Movies,wife,71633.99792854527,89041.9573206399,A,A,C,C,B,15009.874024629567,0
92,285,72,TX,500/1000,2000,1772.604832293253,0,FEMALE,JD,Exec-managerial,Reading,not-in-family,35250.436706780405,25234.870581070667,A,B,A,C,C,1887.7193542434106,0
93,106,40,TX,100/300,1000,511.3567208530698,0,FEMALE,JD,Exec-managerial,Reading,unmarried,30371.388087106166,57169.48314016272,B,A,C,C,B,94329.83325418143,1
94,232,32,NY,100/300,1000,1527.4401031553825,1000000,FEMALE,Masters,Adm-clerical,Camping,own-child,37289.77073073862,41962.98149697495,C,A,A,B,A,78184.67351524328,0
95,312,39,CA,250/500,1000,830.0881871307487,0,MALE,High School,Adm-clerical,Reading,not-in-family,57563.83345255296,92587.49270094678,A,C,C,B,C,78329.67791944864,0
96,7,53,NY,100/300,500,1823.6030243468185,2000000,MALE,JD,Adm-clerical,Reading,husband,11454.60630291092,97229.9239229567,A,B,A,C,A,92091.95260509079,0
97,400,20,NY,100/300,1000,976.0213587769072,0,MALE,Masters,Adm-clerical,Exercise,not-in-family,69825.054566894,10380.362310799084,B,A,B,B,A,58023.11876697517,0
98,362,62,NY,250/500,1000,1306.3340777733995,0,MALE,PhD,Exec-managerial,Exercise,own-child,44516.70879922811,54877.8625596292,C,B,C,B,A,64335.10034116363,0
99,91,61,CA,100/300,500,993.5531629426804,0,MALE,High School,Exec-managerial,Chess,unmarried,15983.78645433256,53087.89299976439,A,A,A,B,C,21293.685398756756,0
100,159,26,TX,250/500,2000,1137.921985750735,1000000,FEMALE,Masters,Machine-op-inspct,Chess,not-in-family,50937.94693073437,86867.2444327271,C,B,A,C,B,47303.0462379422,1
101,303,22,IL,250/500,500,1283.3464031286285,0,FEMALE,JD,Craft-repair,Chess,wife,57409.655550179414,77908.72507834171,A,C,A,B,A,16180.433821365823,1
102,8,29,NY,500/1000,2000,1621.3060518029106,0,MALE,PhD,Craft-repair,Exercise,other-relative,34628.9773333042,28711.21274322226,C,A,B,B,B,10335.596417754248,0
103,43,46,CA,250/500,500,681.1348683043175,0,FEMALE,PhD,Craft-repair,Exercise,own-child,89963.37465954019,52197.949066400164,C,B,B,A,B,25904.987497838218,0
104,451,18,IL,100/300,2000,1028.3404441413973,0,FEMALE,JD,Craft-repair,Exercise,husband,69722.8696718805,37817.43535019329,A,A,B,B,B,46221.60292542952,0
105,258,50,IL,100/300,500,1459.455591253311,0,MALE,JD,Exec-managerial,Reading,unmarried,66132.13764640604,35317.60912991764,B,A,B,C,B,64005.37518042225,0
106,299,73,TX,250/500,500,1383.2000629363333,1000000,FEMALE,PhD,Exec-managerial,Chess,own-child,5334.43116357174,73095.80487523181,A,C,C,C,C,50680.57567262014,0
107,305,38,FL,500/1000,1000,1671.2456910303697,0,MALE,High School,Adm-clerical,Reading,own-child,50162.96797161295,59939.92220417671,B,C,A,A,B,89498.26304967719,0
108,227,38,IL,250/500,2000,1833.6115031185682,1000000,FEMALE,PhD,Exec-managerial,Chess,own-child,85078.74385187445,19892.698570984667,B,B,C,C,B,33020.62272761576,0
109,303,44,NY,250/500,500,641.1103195260956,0,FEMALE,JD,Exec-managerial,Camping,husband,66830.0890767429,62069.38002145833,A,A,B,B,C,84757.80771627165,1
110,262,19,IL,500/1000,500,1570.7624808226597,0,MALE,High School,Machine-op-inspct,Reading,own-child,23284.893964303956,46366.6482781547,A,C,A,A,C,43854.15036138107,1
111,9,25,FL,500/1000,2000,926.0092225336086,0,MALE,Masters,Prof-specialty,Chess,not-in-family,86121.73719181189,34104.03067719528,B,C,B,C,B,14233.783342066994,0
112,480,29,FL,250/500,500,1222.0802809855063,0,FEMALE,College,Adm-clerical,Movies,not-in-family,36954.22347806886,6652.965064218275,A,B,C,A,C,86651.02452992811,0
113,333,39,TX,500/1000,500,1441.6606400452024,0,FEMALE,College,Adm-clerical,Camping,own-child,91502.02625031976,92869.24204837518,A,B,A,C,B,49186.145486387395,0
114,255,66,CA,100/300,1000,725.9153300303856,5000000,MALE,College,Machine-op-inspct,Reading,not-in-family,51226.62950013819,86168.0581873948,B,A,B,A,B,14432.947857320112,0
115,145,26,TX,250/500,1000,1019.8844210003438,0,MALE,Masters,Prof-specialty,Reading,wife,78661.13275351508,30352.26843971567,A,C,B,C,A,19221.785538224893,0
116,32,61,FL,100/300,2000,1964.1235613522488,0,MALE,Masters,Exec-managerial,Movies,husband,61195.367801833825,55634.24358287305,A,A,B,C,A,7681.94540269382,0
117,89,55,CA,500/1000,2000,704.4455816956327,0,FEMALE,PhD,Adm-clerical,Exercise,not-in-family,29138.244814984395,86467.55187429226,C,B,A,C,A,64600.11925250228,0
118,319,46,TX,100/300,1000,624.9991770875662,0,MALE,Masters,Prof-specialty,Movies,own-child,65382.013115569614,51944.63606290131,B,A,C,B,B,36633.400104248896,0
119,38,20,NY,500/1000,500,1755.197437159376,0,MALE,Masters,Craft-repair,Exercise,unmarried,956.6329030054277,14181.847163066685,C,C,C,A,C,96658.64896243936,0
120,183,39,IL,250/500,500,1145.9528678428874,0,MALE,JD,Adm-clerical,Reading,other-relative,83520.20600648256,47468.78991226407,C,A,B,C,B,54074.28163743059,0
121,433,21,NY,500/1000,1000,1512.1873796751797,0,MALE,Masters,Prof-specialty,Exercise,other-relative,96583.03226141253,31399.504710916903,A,C,C,C,A,24922.08618338961,0
122,80,46,NY,250/500,500,958.6016340252357,1000000,MALE,JD,Craft-repair,Movies,wife,20704.459950223085,45782.29906761926,B,A,C,B,B,59095.59211771661,0
123,106,58,IL,500/1000,2000,797.6491257773816,2000000,MALE,PhD,Craft-repair,Chess,husband,88363.67145033438,84798.61112553244,B,A,B,B,C,97682.46350031228,0
124,411,30,IL,500/1000,1000,818.713020692466,5000000,FEMALE,College,Exec-managerial,Camping,unmarried,16783.535149916406,40881.18299318302,A,A,B,B,C,2801.5967322062147,1
125,65,41,FL,100/300,500,793.3835064343184,0,FEMALE,High School,Prof-specialty,Reading,husband,49148.15558216944,79939.72655088064,C,B,C,B,B,17398.8661461502,0
126,359,19,IL,100/300,500,870.4576983103798,0,FEMALE,College,Adm-clerical,Camping,other-relative,29259.763153271368,23264.5460880329,B,A,C,A,C,92851.47020696463,0
127,100,20,NY,250/500,2000,831.8306107767696,1000000,FEMALE,PhD,Adm-clerical,Movies,unmarried,19183.51740328951,59373.043314492636,C,B,A,B,C,2943.4938986319985,0
128,95,32,IL,250/500,2000,1720.5465718398636,1000000,MALE,High School,Prof-specialty,Camping,other-relative,75568.73954140674,42607.342326050944,A,A,B,C,A,96353.11733705553,0
129,474,41,FL,100/300,2000,1299.9405577206617,0,MALE,College,Machine-op-inspct,Chess,other-relative,80660.29196714805,97309.5930148989,A,B,A,A,A,62968.53271458517,1
130,414,67,CA,250/500,2000,944.7533257513776,0,MALE,PhD,Machine-op-inspct,Chess,husband,83861.72001880954,76.03968650616855,C,C,C,A,B,23551.480245644118,1
131,373,43,TX,250/500,1000,1017.5840755423376,1000000,MALE,PhD,Exec-managerial,Chess,own-child,847.9558411211285,36366.6900100998,C,A,A,B,B,9423.614427725968,0
132,323,25,NY,100/300,1000,1936.6972363556936,0,MALE,JD,Exec-managerial,Movies,not-in-family,84784.2041393812,81337.9062814276,B,C,B,B,C,10861.254879544182,0
133,354,57,IL,500/1000,1000,775.8047288315707,0,FEMALE,Masters,Machine-op-inspct,Chess,wife,5145.26751646055,39150.54494715586,B,C,A,B,C,83856.34662576612,0
134,351,70,CA,250/500,500,1830.1312226248237,0,MALE,JD,Craft-repair,Reading,unmarried,44841.573312075954,21750.968321916753,A,C,C,A,C,82232.30048658479,0
135,266,64,TX,250/500,500,1605.2058813439453,0,FEMALE,JD,Craft-repair,Chess,not-in-family,17528.23054880974,85327.81210622848,C,A,B,A,B,83469.5555614071,0
136,372,22,TX,500/1000,500,1420.1787033704845,0,FEMALE,College,Machine-op-inspct,Movies,wife,90671.48783089897,59172.74914999639,C,A,C,B,A,96084.17418196972,0
137,22,25,TX,250/500,500,1436.1387649382689,0,FEMALE,PhD,Adm-clerical,Chess,unmarried,57671.89552830261,55665.007710998085,A,B,C,A,C,39363.95988546185,0
138,174,63,NY,100/300,500,1134.4098617671611,0,FEMALE,Masters,Machine-op-inspct,Camping,other-relative,46845.50639740259,40083.23374910762,C,C,A,B,B,91625.98885085272,0
139,447,56,TX,100/300,1000,1158.2760122541135,0,MALE,PhD,Adm-clerical,Chess,unmarried,44417.74470595946,15761.840680809124,C,C,B,B,B,16569.67967057603,1
140,59,63,NY,250/500,2000,1694.1221428411905,0,FEMALE,High School,Adm-clerical,Movies,unmarried,40443.96169359478,57559.253539666024,C,B,C,A,B,93950.3953134975,0
141,406,49,NY,250/500,1000,1716.2943946052126,0,FEMALE,College,Craft-repair,Camping,not-in-family,47393.06066603528,50527.996149576014,A,B,B,C,B,24743.31085448166,0
142,358,48,FL,100/300,2000,1356.7364980931325,0,MALE,JD,Craft-repair,Exercise,husband,56562.552125162314,40209.78181143867,C,A,A,A,B,41096.583728710495,0
143,119,25,TX,500/1000,2000,1652.8890053844407,2000000,MALE,Masters,Craft-repair,Reading,wife,81706.86704801374,7688.288783379149,B,C,A,C,A,51777.8947355211,0
144,418,34,IL,100/300,1000,1715.08138585082,0,FEMALE,Masters,Adm-clerical,Chess,wife,23768.188689238978,65096.06290004913,B,A,B,A,C,80416.53396706928,1
145,464,40,CA,500/1000,2000,998.1665772506035,0,MALE,Masters,Adm-clerical,Movies,unmarried,80437.42851330437,63173.65843523691,A,B,C,C,C,39233.769562453104,0
146,51,56,NY,500/1000,2000,1435.0380315315883,0,MALE,High School,Exec-managerial,Reading,own-child,83048.50342941133,55907.57240356538,A,C,A,C,C,34485.19579730563,0
147,304,67,NY,500/1000,500,1153.6914306857666,1000000,MALE,JD,Machine-op-inspct,Camping,own-child,85125.35542669999,13148.788415287905,B,B,A,A,B,98286.50014628586,0
148,467,30,FL,500/1000,500,647.1620839535508,0,FEMALE,Masters,Craft-repair,Movies,not-in-family,94156.99935517194,30283.802565387065,C,A,A,B,A,7920.890377228956,0
149,362,74,NY,500/1000,2000,1472.698477518114,0,FEMALE,PhD,Prof-specialty,Chess,not-in-family,95658.65353493179,46985.81566500307,C,B,B,C,B,3046.110130396228,0
150,369,61,NY,500/1000,2000,1381.2260494749285,0,FEMALE,Masters,Prof-specialty,Chess,wife,10792.513538735227,73448.10466902226,A,B,B,C,B,6140.87061252389,1
151,31,32,IL,250/500,2000,653.896559302061,0,FEMALE,Masters,Adm-clerical,Exercise,unmarried,87771.10259271528,22290.632616121853,C,A,A,B,A,91462.00579196394,0
152,247,62,NY,100/300,1000,606.2192904363237,2000000,FEMALE,Masters,Exec-managerial,Reading,not-in-family,84546.6477663845,80085.04386739475,B,A,C,A,A,23661.975107540424,1
153,165,45,CA,100/300,2000,874.4515102341204,0,FEMALE,High School,Machine-op-inspct,Chess,wife,37740.532541276596,31916.59877428201,C,B,B,A,A,4847.701236474713,1
154,45,65,CA,250/500,2000,1750.1231498278394,0,MALE,JD,Adm-clerical,Camping,husband,69135.58272034253,66569.471256336,C,A,C,B,C,73011.93145882161,0
155,452,47,IL,250/500,500,595.5152090604412,0,FEMALE,PhD,Machine-op-inspct,Camping,other-relative,92670.79104432098,93693.03631548815,B,A,B,B,C,64222.905429594095,0
156,334,32,FL,500/1000,2000,1190.5524798473605,0,MALE,College,Adm-clerical,Camping,husband,9133.491211724031,71418.38606915937,A,C,B,C,A,79278.79579234752,0
157,61,55,IL,100/300,2000,768.5547956125835,1000000,FEMALE,Masters,Craft-repair,Camping,other-relative,35452.03755736561,6926.3238084043,C,C,B,B,B,52610.184984386906,0
158,159,25,CA,500/1000,500,880.3296136524959,0,MALE,JD,Exec-managerial,Reading,unmarried,97400.82820112104,37642.67022354907,C,C,C,B,C,18126.150899263364,0
159,97,63,IL,250/500,2000,1654.8858476160958,0,MALE,High School,Craft-repair,Exercise,unmarried,54818.30845041847,57816.07722670354,C,C,C,A,A,29415.06283457497,1
160,25,32,IL,500/1000,2000,1775.9067458754223,0,FEMALE,PhD,Craft-repair,Exercise,husband,9177.175185647267,67325.29770474411,C,B,A,C,A,6589.026159938898,0
161,370,55,TX,500/1000,1000,1370.432726652421,0,MALE,JD,Prof-specialty,Movies,husband,96103.76434007619,34482.01488214327,C,A,B,C,C,70533.1610995319,0
162,398,56,TX,100/300,2000,1794.8656634013219,1000000,FEMALE,Masters,Prof-specialty,Reading,not-in-family,90273.96586927843,42873.49681438001,A,C,B,A,A,64943.085489870326,0
163,328,68,IL,100/300,500,1785.3097884358856,0,MALE,JD,Prof-specialty,Movies,own-child,80643.08408365757,37598.75417795035,C,C,B,A,A,68221.39602280475,1
164,68,51,NY,100/300,2000,832.2785905762739,0,FEMALE,High School,Prof-specialty,Chess,not-in-family,79357.17160416531,69798.6844094909,B,C,B,C,B,97775.36476290168,0
165,353,53,IL,500/1000,2000,1467.5263536029947,0,FEMALE,College,Adm-clerical,Movies,husband,48596.0384604278,91358.66368266335,A,A,B,A,C,6490.491988450003,0
166,480,37,FL,500/1000,2000,1667.4927001332592,2000000,MALE,High School,Adm-clerical,Camping,wife,87524.7209043913,77824.16700798173,B,B,C,A,A,6975.190875907438,1
167,276,61,IL,250/500,2000,1341.5813873486322,0,FEMALE,College,Exec-managerial,Exercise,not-in-family,30569.159528625943,26316.06248514544,C,A,A,B,B,73969.64334443775,0
168,194,30,CA,250/500,500,1708.667751993001,1000000,FEMALE,Masters,Prof-specialty,Exercise,other-relative,35857.73531202135,54010.53169409784,A,B,C,B,B,97289.79387403135,1
169,157,61,FL,250/500,500,1443.247364020858,2000000,MALE,PhD,Prof-specialty,Exercise,own-child,21601.44996855303,47812.5060693491,C,A,C,C,C,54500.28021126904,0
170,132,62,CA,250/500,2000,926.6854876458794,0,FEMALE,High School,Adm-clerical,Reading,not-in-family,40312.87747209952,1552.8253654048528,B,C,C,B,C,81363.08844851177,1
171,381,64,FL,250/500,2000,1528.394438284659,0,MALE,PhD,Machine-op-inspct,Camping,not-in-family,23364.94251068042,93838.24705845426,B,A,B,C,C,61134.095034325066,0
172,215,38,FL,250/500,500,1381.9998415715727,1000000,MALE,High School,Craft-repair,Movies,not-in-family,33982.555496087305,46596.443613240845,C,B,B,A,B,93273.36003510111,0
173,179,64,CA,250/500,1000,1437.4258203351296,0,MALE,PhD,Exec-managerial,Chess,not-in-family,69037.77976650377,94315.82869534954,C,B,C,C,B,20362.286053846747,0
174,15,40,IL,100/300,2000,642.9803545658461,0,FEMALE,College,Adm-clerical,Reading,not-in-family,43010.02964967235,66419.36590784839,A,B,A,B,C,36529.502024121226,0
175,133,63,FL,250/500,2000,688.6032243678746,1000000,FEMALE,JD,Adm-clerical,Chess,wife,76765.95596182559,70819.21880267824,A,A,C,B,C,61468.76677461531,1
176,167,20,NY,500/1000,500,1721.9800272405025,1000000,MALE,JD,Craft-repair,Reading,wife,47900.22547741315,42698.46499996942,C,B,C,C,A,20262.62371443973,1
177,482,39,CA,500/1000,2000,1146.906195680614,0,MALE,College,Exec-managerial,Camping,husband,13922.42673087415,85797.90516801085,A,A,C,C,C,83497.58895099007,0
178,153,46,CA,500/1000,2000,822.9159159075837,0,MALE,College,Adm-clerical,Reading,own-child,74209.65313635523,18543.479391664907,A,B,C,C,C,79893.4312384318,1
179,491,57,IL,100/300,2000,639.0137093407186,0,MALE,Masters,Prof-specialty,Chess,unmarried,6592.976952313478,95915.80420345666,A,B,C,C,C,72035.05111883118,0
180,311,47,IL,500/1000,2000,894.3556690543812,0,FEMALE,High School,Prof-specialty,Reading,unmarried,94244.24356719939,61631.13732881297,B,B,C,B,B,62200.456990112805,0
181,128,41,FL,500/1000,500,942.7947085310486,0,MALE,PhD,Adm-clerical,Camping,husband,84098.92956367796,33234.47515300606,B,A,C,C,C,22310.585869037943,0
182,185,42,CA,100/300,2000,1974.4462330047838,0,FEMALE,College,Machine-op-inspct,Exercise,other-relative,96309.37558132879,73935.63358934084,C,B,B,B,C,87064.93234627812,0
183,339,29,IL,500/1000,1000,1751.757548774376,0,FEMALE,PhD,Machine-op-inspct,Reading,husband,24865.208477782297,74515.2004518201,A,C,C,C,C,57968.18377042013,1
184,181,67,CA,100/300,500,617.6855908057371,1000000,FEMALE,High School,Machine-op-inspct,Chess,other-relative,48122.588742638836,77456.30967880362,C,B,A,B,C,21584.4673000064,0
185,237,37,NY,500/1000,500,1622.6747711462622,0,FEMALE,PhD,Prof-specialty,Chess,wife,19304.38112626337,29347.390277245522,B,B,B,A,A,73823.65294915094,0
186,330,50,CA,500/1000,1000,1345.89530753694,2000000,MALE,JD,Prof-specialty,Reading,own-child,42246.696314964734,2567.413094294335,A,A,B,C,B,3651.568439942047,1
187,403,56,FL,250/500,1000,842.7133601943484,0,MALE,Masters,Craft-repair,Camping,unmarried,24368.88666638145,88921.7079280133,A,B,B,B,A,22193.67991976852,0
188,294,39,NY,500/1000,2000,1619.865732479,0,MALE,High School,Machine-op-inspct,Movies,not-in-family,85276.77666902133,79753.93345614478,B,A,A,C,C,23070.71721273998,1
189,259,63,NY,250/500,1000,545.2680275372385,0,MALE,High School,Craft-repair,Exercise,not-in-family,12158.167626334216,40189.43293433663,A,C,A,C,A,29520.482219379315,0
190,421,36,TX,250/500,2000,1597.2960424272726,0,FEMALE,Masters,Adm-clerical,Camping,wife,22509.477873418036,16622.08404324851,A,C,B,B,C,3920.241962361685,0
191,173,49,IL,500/1000,2000,1842.9319545297976,0,MALE,High School,Adm-clerical,Movies,husband,26407.923985422087,46882.234869713415,C,A,B,C,A,84336.29402740547,0
192,297,70,NY,500/1000,2000,1823.9188061097211,1000000,FEMALE,Masters,Exec-managerial,Chess,own-child,73818.97562893156,30576.576345755846,C,B,B,A,A,10186.560825864113,0
193,285,68,TX,100/300,500,1658.511004850545,1000000,MALE,College,Exec-managerial,Reading,unmarried,63037.164854212744,19405.63021641015,B,A,C,B,C,83005.2000741629,0
194,419,43,FL,250/500,2000,1902.096137887731,0,FEMALE,College,Exec-managerial,Chess,not-in-family,13626.467809397747,48616.327003536244,C,C,C,B,B,18436.703584797353,0
195,364,61,IL,500/1000,2000,1560.991366194735,0,MALE,PhD,Exec-managerial,Reading,wife,60564.50274603773,82968.46035826083,C,B,C,A,B,84177.36613227252,1
196,277,24,CA,250/500,500,1530.0920862576124,0,MALE,JD,Prof-specialty,Exercise,husband,84643.08448656085,58168.85238420226,A,A,C,A,C,3394.6825191615367,0
197,167,25,CA,250/500,2000,539.2906694266816,0,MALE,JD,Craft-repair,Reading,other-relative,45222.377076337725,48742.83502745667,C,A,B,B,B,78555.8417916221,0
198,401,28,CA,500/1000,500,761.2819434533553,2000000,MALE,High School,Prof-specialty,Chess,own-child,61183.203392357675,99406.79242881222,C,B,A,A,C,53513.54191970059,0
199,388,57,NY,500/1000,500,1672.1430368861293,2000000,MALE,High School,Adm-clerical,Movies,not-in-family,53197.45643170127,76030.96893448984,A,B,A,A,A,22021.42906456513,0
200,299,33,IL,250/500,2000,1996.2541019710152,0,FEMALE,PhD,Machine-op-inspct,Movies,other-relative,35781.93359538527,13192.25335124924,C,A,A,A,A,40945.70381015778,0
201,477,26,FL,500/1000,2000,1579.8982629396453,0,MALE,JD,Machine-op-inspct,Movies,own-child,257.29813890916773,41685.897470051015,C,B,A,C,A,10160.217647908667,1
202,246,58,TX,250/500,2000,1369.7444879747022,1000000,FEMALE,College,Craft-repair,Reading,not-in-family,18629.412604797268,46496.68638135169,B,A,B,C,C,14156.27639759571,0
203,132,21,IL,100/300,500,775.1289081778783,0,MALE,College,Craft-repair,Camping,other-relative,94716.05868976154,61055.09165652122,A,A,C,A,A,37025.14581163881,0
204,422,28,TX,100/300,1000,1921.868529948794,0,FEMALE,Masters,Adm-clerical,Chess,wife,35464.59839789816,68176.44495322306,C,A,C,B,C,41536.321097771695,0
205,242,27,TX,500/1000,500,1474.5992274227513,1000000,FEMALE,College,Prof-specialty,Chess,unmarried,29712.438055572078,32553.619998648075,C,B,C,C,B,77712.98843276643,0
206,333,70,CA,250/500,1000,1233.5574694378015,0,MALE,JD,Machine-op-inspct,Camping,husband,61389.998481630944,36738.431706025265,C,C,B,C,C,75751.4093730331,1
207,202,46,NY,100/300,1000,1792.080552289894,0,FEMALE,Masters,Prof-specialty,Movies,unmarried,90379.65369497,10347.08248730245,C,B,B,B,B,24391.30713561349,0
208,499,58,NY,250/500,2000,1929.9230916981687,0,FEMALE,High School,Adm-clerical,Movies,own-child,30246.20458913434,8931.910231758677,A,A,B,B,C,18796.11754826495,0
209,276,22,FL,500/1000,500,1056.7772095886742,0,FEMALE,PhD,Prof-specialty,Chess,not-in-family,22308.914133182232,75797.42949440562,C,B,B,C,C,17246.926858243998,1
210,443,20,FL,100/300,500,1273.677805829554,0,FEMALE,JD,Machine-op-inspct,Reading,other-relative,90196.25525285835,92605.56626980078,B,C,B,A,B,59277.153521169384,1
211,458,30,CA,100/300,500,672.6529457027933,0,MALE,College,Adm-clerical,Reading,not-in-family,77350.62366900002,19682.230979429914,B,C,C,B,C,58263.13689956507,0
212,287,33,TX,250/500,500,1939.7825227949565,0,FEMALE,Masters,Prof-specialty,Exercise,unmarried,70259.534355449,92310.3157254727,C,A,C,B,A,10940.465609825009,1
213,348,58,CA,100/300,1000,681.0138329844726,0,FEMALE,College,Prof-specialty,Movies,husband,55719.18991176252,34372.58505598651,C,B,B,A,B,34370.038790792525,1
214,322,25,NY,250/500,2000,1893.541895366322,1000000,MALE,High School,Prof-specialty,Chess,husband,42555.384172265185,88076.06297361985,A,C,A,B,B,87501.16818105799,1
215,396,45,NY,250/500,1000,786.5536122468448,1000000,MALE,College,Prof-specialty,Reading,unmarried,63785.188849741324,2604.714364726557,A,A,A,B,A,94256.94896272151,0
216,133,41,CA,500/1000,1000,1863.1625389127714,0,MALE,College,Craft-repair,Exercise,other-relative,21690.877706573887,9058.040042746119,A,C,A,C,B,97206.48268580667,0
217,377,55,IL,500/1000,1000,1178.4593632909869,0,FEMALE,PhD,Adm-clerical,Camping,not-in-family,81735.50495713032,43472.834708626026,B,C,A,A,C,69515.34491941483,0
218,47,19,NY,100/300,500,1388.098371435187,0,FEMALE,College,Adm-clerical,Reading,own-child,41639.56119326137,84796.57098572292,B,A,A,A,A,4253.140137236349,0
219,475,23,FL,500/1000,1000,553.4302091160448,0,FEMALE,PhD,Prof-specialty,Reading,wife,75474.01169298559,44921.72961461701,C,B,B,C,C,48774.84115547645,0
220,222,36,IL,100/300,500,1091.5801070878163,2000000,MALE,Masters,Prof-specialty,Chess,not-in-family,81168.39640289986,83949.7717639724,C,A,A,B,B,24697.5892184079,0
221,278,35,CA,500/1000,500,1240.090095809337,0,MALE,High School,Craft-repair,Movies,other-relative,7532.8858980464265,34075.93153994565,B,B,A,B,A,88852.73613687586,1
222,357,55,IL,500/1000,500,514.1429184512323,0,FEMALE,PhD,Machine-op-inspct,Chess,wife,67545.0057775794,13246.420494118327,B,A,C,A,B,4712.792296566519,0
223,485,41,TX,100/300,500,1491.2849391623931,0,MALE,College,Craft-repair,Camping,unmarried,30275.213407097566,92545.40943836157,C,A,A,C,C,11738.477739140912,0
224,372,56,IL,500/1000,1000,1758.3430640438694,5000000,MALE,Masters,Prof-specialty,Movies,unmarried,35879.51889851425,7650.279018881578,B,A,C,C,A,28979.952394642303,0
225,69,37,CA,250/500,1000,537.17001195187,0,FEMALE,PhD,Prof-specialty,Chess,unmarried,73344.00260948784,70713.50743480382,C,B,A,B,A,70235.38744113137,0
226,149,41,TX,500/1000,500,1238.8034065521072,2000000,FEMALE,PhD,Prof-specialty,Reading,own-child,95739.81096166682,88299.0363086981,A,B,C,B,C,93651.62652456043,0
227,44,73,FL,250/500,2000,550.5970444657836,5000000,FEMALE,Masters,Prof-specialty,Chess,unmarried,80366.40817995476,11996.12447511702,C,C,B,C,C,39123.37207090357,0
228,57,72,FL,100/300,500,1809.9408792475713,0,FEMALE,High School,Craft-repair,Movies,other-relative,29169.692664786417,51912.50461495123,A,A,B,C,B,34493.52490067903,0
229,39,19,NY,100/300,1000,741.2235131275654,0,FEMALE,Masters,Prof-specialty,Exercise,other-relative,70784.8615114424,5282.961311091727,A,C,A,B,A,78379.1384159258,0
230,304,53,IL,500/1000,500,587.7871203097177,0,FEMALE,High School,Machine-op-inspct,Exercise,own-child,32775.41934117606,45890.6900765495,B,A,B,C,B,89871.74343415038,0
231,33,33,CA,500/1000,1000,1786.5468501702558,0,FEMALE,High School,Exec-managerial,Camping,husband,43959.32559100963,78737.40575930894,B,C,B,B,B,9215.562676157979,1
232,485,52,FL,500/1000,1000,1166.761559858723,0,FEMALE,College,Machine-op-inspct,Chess,wife,12305.349957550638,30400.97783304184,A,B,B,C,B,98618.34674665517,0
233,229,24,FL,500/1000,2000,643.1135094517156,0,FEMALE,PhD,Prof-specialty,Reading,not-in-family,83429.0465073119,23325.670091434058,A,B,C,A,B,51219.39707894646,1
234,198,47,IL,250/500,1000,1471.8784341449148,0,FEMALE,Masters,Craft-repair,Camping,other-relative,64689.90436905208,25166.133911026667,B,A,A,A,A,99427.56347722042,0
235,0,52,CA,500/1000,500,1558.3993994867053,0,MALE,High School,Prof-specialty,Camping,not-in-family,86296.67737796475,79125.54288425359,C,B,C,A,B,1765.587324573593,0
236,351,56,CA,100/300,1000,1352.5020085571991,0,FEMALE,Masters,Craft-repair,Camping,other-relative,22350.763057248125,97371.70990214121,B,C,A,A,C,89152.45291154255,0
237,21,60,TX,500/1000,500,998.1929133342776,0,FEMALE,PhD,Exec-managerial,Movies,not-in-family,12932.97976583826,22833.96625783496,B,B,A,A,B,10321.282769418585,1
238,231,33,FL,500/1000,2000,1136.7289205452635,0,FEMALE,Masters,Adm-clerical,Exercise,unmarried,81545.49487621384,6866.002415840233,A,B,B,A,A,77890.82859453328,0
239,194,33,IL,250/500,2000,1932.2612356932832,2000000,MALE,JD,Machine-op-inspct,Movies,husband,87897.66544160785,12589.516225329844,B,C,B,C,A,528.8317690850013,0
240,195,41,FL,500/1000,1000,1301.542510439262,0,MALE,Masters,Exec-managerial,Exercise,unmarried,17192.6698279827,62824.47326236902,A,B,C,A,A,14066.501150758933,0
241,126,31,IL,500/1000,2000,1095.5887936757035,2000000,FEMALE,High School,Prof-specialty,Chess,own-child,64189.76407911443,67610.6923348828,A,C,B,A,C,16515.013761628597,0
242,208,33,NY,250/500,1000,1562.2879170893063,0,FEMALE,College,Craft-repair,Movies,wife,16506.304507958757,44931.27828826735,C,B,C,B,A,60913.94048324746,0
243,226,49,IL,250/500,2000,614.2360021421385,0,FEMALE,JD,Craft-repair,Reading,not-in-family,1453.861414283064,7933.317733784373,B,A,A,B,B,69547.65322169421,0
244,381,69,CA,250/500,1000,935.3417886912825,0,MALE,College,Adm-clerical,Chess,wife,54233.04994242842,92808.88299446253,B,B,C,B,A,9458.473233666744,0
245,214,24,NY,100/300,1000,839.7090557186505,0,FEMALE,College,Exec-managerial,Movies,unmarried,95032.33674024955,92995.55817456811,C,A,C,A,A,40886.27535847936,0
246,220,42,IL,250/500,500,1520.1553164268526,0,MALE,PhD,Machine-op-inspct,Reading,wife,59049.398732315894,39356.58117311609,B,B,C,C,C,70326.47402967648,0
247,440,40,FL,100/300,1000,1405.8691641649857,2000000,FEMALE,College,Craft-repair,Chess,wife,42912.83850696235,82096.2208100916,C,C,C,C,B,90999.89154583585,0
248,449,19,TX,100/300,500,1639.1546644698778,1000000,MALE,College,Machine-op-inspct,Chess,husband,28205.17048812281,89858.85063547571,B,C,B,B,C,19359.913684462128,0
249,365,26,FL,250/500,1000,1140.1586071219708,0,MALE,Masters,Prof-specialty,Reading,other-relative,28147.883207543924,50804.90559606502,B,B,A,A,A,42762.34178170117,0
250,251,54,NY,500/1000,1000,760.9152363504934,0,MALE,JD,Craft-repair,Reading,not-in-family,26307.815677442824,60148.361702846334,A,A,B,B,C,23188.29459896885,0
251,197,59,NY,500/1000,1000,774.2414724261909,0,FEMALE,JD,Craft-repair,Camping,own-child,20916.31817824524,73309.69040634757,C,C,B,B,B,4171.219086962827,0
252,246,49,NY,100/300,2000,1838.3826581417848,0,MALE,Masters,Exec-managerial,Movies,husband,6652.942377772098,89131.20650593766,B,A,C,B,B,45870.67447006625,0
253,49,60,IL,500/1000,2000,612.3412898232581,0,FEMALE,High School,Adm-clerical,Exercise,husband,75708.4069460451,8910.821172723648,B,C,C,B,B,42261.976822488024,1
254,23,39,CA,250/500,1000,1391.1798062518135,0,MALE,JD,Prof-specialty,Reading,unmarried,31535.65745310909,5295.88614005968,C,C,B,B,B,82248.58726193494,0
255,65,35,NY,250/500,2000,847.5097452718512,0,FEMALE,JD,Adm-clerical,Exercise,unmarried,15606.315191477472,67504.99349623432,A,C,A,C,B,89105.28680065744,0
256,395,59,CA,500/1000,1000,821.4166767818556,0,MALE,JD,Exec-managerial,Camping,unmarried,60419.78913221113,4767.148850049519,B,C,C,A,C,35661.79823352508,0
257,121,63,NY,500/1000,500,647.611333221259,0,FEMALE,PhD,Machine-op-inspct,Exercise,own-child,93435.68928371559,10443.742877152117,B,B,C,A,B,70974.61374021771,0
258,388,40,TX,100/300,500,1968.9217793763796,0,FEMALE,JD,Exec-managerial,Reading,unmarried,68848.74299672733,42240.42715342083,B,A,C,A,C,58001.19746984407,0
259,489,26,FL,500/1000,1000,591.477380611988,0,MALE,High School,Exec-managerial,Movies,other-relative,19179.814298321973,18223.01420132899,A,C,A,B,A,77120.14594474183,0
260,78,44,IL,100/300,500,721.627231657499,0,FEMALE,JD,Exec-managerial,Exercise,own-child,41412.32941535111,89883.67001110867,A,A,B,C,B,15058.728446950334,1
261,204,51,TX,500/1000,500,1047.7518976090357,1000000,MALE,High School,Craft-repair,Chess,wife,82516.2381554018,33157.97912211371,C,C,A,C,C,81392.46469799583,0
262,9,26,TX,500/1000,2000,1183.6962497680245,1000000,MALE,JD,Prof-specialty,Exercise,own-child,5064.144114215174,57754.421046310745,B,B,C,C,A,60470.171132550095,0
263,21,38,CA,500/1000,500,1926.1989336094482,0,MALE,High School,Machine-op-inspct,Camping,wife,33657.062584945306,984.6025985262074,A,B,C,A,B,76862.40674508491,0
264,220,34,TX,500/1000,1000,862.68218750498,1000000,MALE,Masters,Adm-clerical,Camping,husband,38783.564227151,51342.59357892916,B,C,B,A,B,42289.797827973845,1
265,240,22,IL,250/500,2000,1581.4671721170898,0,MALE,JD,Machine-op-inspct,Reading,wife,45262.40831399749,81001.64395578498,C,A,C,A,A,1319.8530828712064,0
266,364,31,NY,500/1000,1000,1484.582955276021,5000000,FEMALE,High School,Craft-repair,Movies,own-child,55864.72420274185,96835.92821378872,C,B,C,B,B,91837.64229673371,0
267,390,35,FL,100/300,1000,1276.2421801644255,0,MALE,PhD,Craft-repair,Exercise,other-relative,49368.32697718181,67874.89599537097,C,A,C,A,A,72983.07187105237,0
268,85,41,IL,250/500,1000,899.0910005754649,0,MALE,PhD,Adm-clerical,Reading,other-relative,16267.884665037058,20262.715705773327,C,C,B,C,A,69230.14029266243,1
269,3,68,FL,100/300,500,734.955173582275,0,FEMALE,Masters,Craft-repair,Movies,wife,41693.97034158909,36303.71328903001,A,A,B,A,B,47590.645330737396,0
270,65,26,TX,250/500,500,764.7810204325972,0,MALE,College,Adm-clerical,Camping,own-child,36902.23128489369,15686.571770237135,C,A,B,B,A,4864.000359689159,0
271,341,48,IL,500/1000,2000,1018.9918431528622,0,MALE,PhD,Craft-repair,Exercise,wife,92932.1569620958,33781.39348121673,C,A,B,C,A,14212.758397289863,1
272,184,38,CA,100/300,1000,705.6840441355795,0,MALE,JD,Exec-managerial,Reading,wife,74282.20403183874,56130.69094199612,A,B,C,C,B,44136.51248839484,1
273,87,52,FL,500/1000,500,1997.8709331565371,0,FEMALE,Masters,Craft-repair,Exercise,husband,86608.08051959371,48737.21904877161,B,B,B,C,C,79440.68712901145,0
274,281,43,CA,250/500,1000,1168.7242544746055,0,MALE,High School,Adm-clerical,Exercise,own-child,70964.52054194266,87369.89853828278,B,C,C,C,C,89035.30595643363,0
275,21,34,FL,500/1000,500,1308.4853189388305,0,MALE,High School,Adm-clerical,Chess,wife,5687.360623694937,20393.906625606072,A,A,A,C,A,46052.55552785364,0
276,452,21,TX,100/300,1000,1424.685759293648,0,MALE,High School,Adm-clerical,Camping,unmarried,47405.79886538965,43365.607332438136,C,A,C,C,A,99500.70258501539,0
277,201,24,FL,250/500,1000,793.6760781280409,2000000,MALE,High School,Prof-specialty,Movies,unmarried,77798.29852329948,63208.31413512093,C,A,A,C,A,97989.73217743826,0
278,61,20,NY,250/500,1000,1222.6305779739037,1000000,MALE,JD,Machine-op-inspct,Camping,unmarried,59144.069391919606,98110.00576728898,A,A,C,B,C,36684.794444496685,1
279,274,58,NY,500/1000,500,594.3356091195192,0,MALE,PhD,Machine-op-inspct,Reading,wife,75854.42097129658,21382.30994232203,B,C,C,C,B,6949.368563868484,0
280,168,48,FL,500/1000,500,1953.7505875408983,0,FEMALE,High School,Exec-managerial,Camping,own-child,96193.41782169911,83308.45663540107,C,C,A,A,B,49542.089216629334,0
281,21,38,FL,250/500,500,1209.238585384498,1000000,MALE,JD,Adm-clerical,Reading,husband,24738.648741012003,61776.43216778235,B,B,A,B,C,97958.69612909973,0
282,26,31,TX,100/300,500,544.4932795811715,0,MALE,Masters,Prof-specialty,Camping,unmarried,98338.9199895183,13388.509575724083,B,B,C,B,C,36900.16433881796,0
283,129,61,NY,100/300,2000,1398.611121878317,0,FEMALE,JD,Prof-specialty,Reading,wife,12053.034106813131,78394.3555847882,A,A,A,C,B,35468.835830399126,0
284,276,44,CA,100/300,1000,650.1714690469988,0,MALE,Masters,Prof-specialty,Reading,wife,92003.2394345507,17490.892491004895,C,B,A,B,A,30748.523472089488,0
285,88,55,IL,500/1000,500,1684.970806838495,2000000,MALE,PhD,Adm-clerical,Exercise,own-child,19318.988543912295,69974.87617423915,A,A,C,B,B,95029.68699649176,0
286,21,40,CA,500/1000,500,1930.0334245599845,0,FEMALE,High School,Prof-specialty,Chess,wife,71938.7840825833,24059.96127502694,C,C,C,C,B,19234.783340414808,0
287,392,27,IL,250/500,1000,1874.8400594381294,2000000,FEMALE,College,Prof-specialty,Chess,own-child,78329.61618364918,46833.76440945379,B,A,A,B,A,43810.9649647227,0
288,158,63,IL,500/1000,1000,1141.675482162593,0,MALE,Masters,Machine-op-inspct,Exercise,husband,81113.70227839857,78327.61077889279,A,B,B,B,B,20843.801757898535,1
289,172,38,IL,500/1000,1000,1568.8757335698053,0,FEMALE,College,Craft-repair,Chess,husband,43771.509572239454,63426.346751490106,C,A,C,A,C,11617.921587637858,0
290,0,67,FL,500/1000,500,733.7062917878654,5000000,FEMALE,JD,Craft-repair,Movies,wife,16937.17673914095,74034.08710786514,A,C,B,A,B,43930.89559639513,0
291,14,20,NY,100/300,2000,613.5441388536609,0,FEMALE,JD,Craft-repair,Exercise,other-relative,79603.32807955555,80339.73595971687,A,A,B,C,C,80689.71801898081,0
292,157,65,TX,250/500,2000,1731.5762785149752,0,MALE,College,Adm-clerical,Chess,husband,64445.715926122815,3475.609470116381,A,A,C,B,B,1271.0451278719968,0
293,268,28,TX,250/500,2000,1542.7520537986109,0,FEMALE,PhD,Exec-managerial,Exercise,own-child,25790.41063607771,48057.86177400185,C,B,B,C,C,48761.876730641554,0
294,77,30,TX,500/1000,2000,1860.5913917742314,2000000,MALE,High School,Exec-managerial,Exercise,wife,39258.52723224376,98563.29154985237,B,B,B,B,B,50839.27136387126,1
295,490,26,NY,500/1000,1000,1871.8821083137934,0,FEMALE,JD,Machine-op-inspct,Exercise,not-in-family,29761.99612506928,79531.45716911672,C,C,B,B,C,8061.31284294818,0
296,33,63,FL,100/300,2000,1020.9205304810158,0,FEMALE,College,Exec-managerial,Chess,not-in-family,91479.10939165694,36580.943670154906,B,B,A,B,B,97844.32045509767,0
297,152,32,TX,100/300,2000,977.9722543135742,0,MALE,College,Exec-managerial,Chess,other-relative,80370.13989822342,28502.293170355188,A,C,A,B,A,20183.63971851436,0
298,440,68,FL,500/1000,2000,1162.851325185558,2000000,FEMALE,Masters,Craft-repair,Movies,husband,88253.06153659918,70481.09079245194,B,C,A,C,A,90708.94529485289,0
299,32,19,CA,100/300,2000,1498.523293076862,0,FEMALE,College,Craft-repair,Exercise,own-child,5160.011409197607,13716.701712662272,A,A,A,B,A,23315.825275929372,0
300,234,41,NY,500/1000,1000,507.48394636853385,0,FEMALE,College,Adm-clerical,Chess,not-in-family,66102.21016358094,88270.62533944518,C,C,C,B,A,52700.366107978894,0
301,84,30,CA,250/500,1000,1301.9170976603423,0,MALE,Masters,Exec-managerial,Movies,wife,26760.28497539005,8186.873802444372,A,A,A,B,B,80122.2840598938,1
302,117,41,NY,100/300,500,529.5963489878042,0,MALE,Masters,Adm-clerical,Camping,own-child,74819.80903041587,55910.49650019601,B,C,B,B,A,95004.03522600376,0
303,223,40,FL,100/300,1000,1176.011100551525,0,FEMALE,JD,Prof-specialty,Movies,wife,89108.82204098772,84684.19172063044,B,A,B,A,C,40447.920789758835,0
304,15,67,FL,250/500,2000,623.4180257207113,0,MALE,PhD,Machine-op-inspct,Chess,other-relative,76592.33701383603,71997.16645103789,A,C,B,C,C,7474.669575772787,0
305,68,51,CA,250/500,500,1343.3252870728202,0,FEMALE,JD,Machine-op-inspct,Camping,own-child,91085.73640942191,48555.160439069776,B,B,A,B,A,2787.2831722618357,0
306,154,20,NY,100/300,500,971.4116595026496,0,MALE,PhD,Prof-specialty,Reading,not-in-family,39872.55980785828,22948.561599131477,C,A,C,B,A,87443.55798051454,1
307,409,31,TX,100/300,1000,1218.3714192930684,0,MALE,High School,Machine-op-inspct,Chess,own-child,62416.133732755145,60036.79147475589,B,B,C,B,A,48131.927914973014,0
308,445,43,TX,500/1000,500,1936.541238233977,0,FEMALE,Masters,Exec-managerial,Movies,husband,47485.553085439904,96630.49386611272,A,B,C,C,C,15419.922939050457,1
309,18,18,IL,100/300,1000,1011.4533456235954,1000000,MALE,JD,Adm-clerical,Camping,own-child,83007.87959141668,9537.087313977421,A,B,B,C,B,46681.888865320405,0
310,277,46,CA,500/1000,500,1578.9253521046357,2000000,FEMALE,Masters,Exec-managerial,Exercise,husband,56306.66578372026,3153.6138019992222,B,B,B,A,A,22632.81458723979,0
311,184,29,FL,250/500,2000,1524.9419945838674,5000000,MALE,Masters,Machine-op-inspct,Movies,own-child,70986.79577461477,41956.912928957856,A,C,B,A,B,70096.35197079662,0
312,457,22,CA,250/500,2000,1803.3910204238366,2000000,FEMALE,PhD,Exec-managerial,Chess,own-child,63092.242874266034,59120.177331868465,A,A,A,B,B,41036.28827822432,0
313,499,68,TX,500/1000,2000,1001.617067970475,2000000,FEMALE,College,Machine-op-inspct,Movies,husband,86213.4556509725,35805.713446937414,A,A,A,B,C,72949.75934382016,0
314,462,69,IL,250/500,500,584.1157721833599,1000000,FEMALE,College,Adm-clerical,Exercise,husband,52829.94182531028,71772.31439636949,A,A,A,B,A,76617.9871114971,0
315,225,58,NY,100/300,1000,1955.9460098377897,1000000,FEMALE,Masters,Machine-op-inspct,Reading,not-in-family,10882.445361228487,52284.02988495474,A,B,C,B,A,37734.579624451406,0
316,93,72,TX,250/500,500,1043.5359684084824,0,MALE,JD,Prof-specialty,Movies,husband,94889.01882960723,34713.37870522466,C,A,C,B,B,66488.6733133799,0
317,290,24,TX,100/300,2000,790.6103023065862,0,FEMALE,JD,Machine-op-inspct,Chess,other-relative,55593.59220844753,79412.04748112967,A,C,C,B,C,77488.21481273565,0
318,141,52,CA,250/500,500,1871.1520897575035,0,MALE,PhD,Prof-specialty,Camping,wife,78278.88903367285,9940.048585426197,A,A,A,B,A,5578.750521021874,0
319,342,24,NY,250/500,2000,785.9159520114902,1000000,MALE,High School,Adm-clerical,Reading,not-in-family,67903.3430543106,4006.1186774694393,C,A,C,A,A,19715.646422576905,0
320,368,64,TX,100/300,2000,1293.1338935696447,0,MALE,JD,Machine-op-inspct,Reading,unmarried,43164.86258990972,5682.6290837632905,B,C,C,B,C,98238.00106553742,0
321,134,42,IL,100/300,1000,1633.2515884506379,0,MALE,High School,Adm-clerical,Exercise,wife,95129.41291993418,81423.09911094116,A,B,C,A,C,1217.0839169435963,1
322,109,49,FL,500/1000,2000,1596.5223886454023,1000000,FEMALE,Masters,Craft-repair,Reading,wife,73285.34422451799,79813.27633973186,A,C,C,C,B,31636.696695233204,1
323,217,45,TX,500/1000,1000,544.1976590104679,1000000,MALE,PhD,Craft-repair,Reading,wife,23151.596500674586,83077.63183691622,A,A,C,B,A,78327.75179072394,1
324,92,60,CA,100/300,500,803.6558182845965,0,FEMALE,PhD,Machine-op-inspct,Reading,not-in-family,99581.31453615631,28371.419435909407,C,A,A,B,A,31972.607971666814,1
325,265,43,TX,100/300,1000,1832.7399264467763,0,MALE,Masters,Craft-repair,Chess,other-relative,99986.28872702597,49154.84309106304,A,B,C,C,B,82032.65454811473,1
326,47,74,CA,500/1000,1000,1329.7713760935299,2000000,FEMALE,Masters,Exec-managerial,Reading,not-in-family,28951.526446536223,31971.515447467493,C,A,C,C,C,13664.90286243544,0
327,349,27,NY,100/300,2000,1530.8313575373738,1000000,MALE,High School,Exec-managerial,Movies,wife,98518.68574442521,58734.55543294347,A,C,A,C,A,87740.65225365522,0
328,45,50,TX,250/500,2000,1103.437357501623,0,FEMALE,JD,Prof-specialty,Reading,not-in-family,61737.96922801537,84527.36751014927,B,A,B,C,C,47534.458217153675,0
329,109,26,IL,250/500,1000,1617.804576889446,1000000,FEMALE,JD,Craft-repair,Exercise,other-relative,18522.511441035484,1991.7837615159528,C,A,C,C,B,4170.68668290582,0
330,86,52,TX,500/1000,2000,933.6428787489099,0,MALE,College,Prof-specialty,Reading,unmarried,97824.90810073313,56976.47763845618,B,C,B,A,A,62519.02436611566,0
331,201,23,FL,250/500,500,848.0461136739216,0,MALE,High School,Craft-repair,Movies,unmarried,10190.218297313491,20106.464791191735,C,B,A,C,A,28087.22638345076,0
332,238,35,IL,250/500,500,1995.6681117995956,0,MALE,PhD,Exec-managerial,Exercise,husband,63740.77111480698,87003.85078697877,C,A,C,C,C,70191.90195432605,1
333,281,21,FL,500/1000,2000,736.4776312396502,0,FEMALE,High School,Craft-repair,Chess,wife,83711.16349297354,95699.3985953412,C,C,B,B,C,90322.11428914103,1
334,245,36,TX,250/500,1000,1972.040064058616,1000000,MALE,High School,Exec-managerial,Exercise,wife,82927.77502870797,82808.07850924843,C,A,B,A,B,8822.978956398441,0
335,401,23,IL,500/1000,500,1889.76500117771,0,FEMALE,Masters,Exec-managerial,Movies,husband,620.3028909279151,3369.757527510242,B,B,A,A,A,24804.622539820462,0
336,448,50,IL,250/500,1000,1572.0136158682988,0,FEMALE,Masters,Adm-clerical,Exercise,other-relative,42517.858583931644,30275.25172616483,A,C,A,C,B,39415.86075937385,0
337,2,21,FL,100/300,500,1372.9596573162544,0,FEMALE,Masters,Exec-managerial,Camping,wife,8875.821763214775,22974.729490430855,B,A,B,A,C,96010.44830537705,0
338,104,50,NY,250/500,500,506.79423735237134,0,FEMALE,Masters,Exec-managerial,Movies,wife,25961.465188927592,82625.81357768872,A,B,C,B,A,40851.709863443815,0
339,73,66,FL,500/1000,2000,1452.9288243358783,0,FEMALE,Masters,Prof-specialty,Exercise,not-in-family,93802.65840587021,1808.353773124538,B,C,C,C,B,11771.448182067046,0
340,28,21,IL,250/500,2000,1658.6169447770937,0,FEMALE,High School,Craft-repair,Reading,not-in-family,88442.8748451304,92275.29222462651,B,A,A,B,A,30115.347081742802,1
341,388,38,TX,500/1000,1000,1599.31345197533,1000000,FEMALE,Masters,Machine-op-inspct,Exercise,unmarried,65920.59166163004,58749.962004012144,C,B,C,C,A,2422.0508546054343,0
342,324,45,TX,500/1000,2000,758.0966427037765,0,FEMALE,JD,Machine-op-inspct,Reading,other-relative,89840.84830231006,74407.64271723444,C,B,A,C,A,19523.037983985774,0
343,142,24,NY,500/1000,2000,1316.800645313058,0,MALE,JD,Exec-managerial,Camping,other-relative,31624.014254288533,45569.889110311815,C,B,A,A,C,61167.07914029828,0
344,89,25,TX,250/500,2000,1325.2969841767858,0,MALE,College,Craft-repair,Chess,unmarried,82814.28371466527,70705.82971679814,B,B,A,B,B,17293.564202896472,0
345,281,52,IL,100/300,500,1479.3236235222003,0,FEMALE,JD,Adm-clerical,Movies,other-relative,68495.09084058431,33446.85402555103,C,A,C,A,B,91757.82492579987,1
346,35,29,TX,250/500,1000,1746.4175231321935,0,FEMALE,College,Machine-op-inspct,Chess,not-in-family,73398.95414211042,66017.90565432537,C,C,A,A,B,71472.37842029074,1
347,3,36,IL,100/300,1000,1547.346271603316,0,FEMALE,JD,Prof-specialty,Exercise,husband,8574.771036626904,43077.16625684077,B,C,B,C,A,68978.23543723334,1
348,345,59,TX,500/1000,1000,711.9585633468716,1000000,FEMALE,PhD,Prof-specialty,Camping,wife,34896.92066787354,93192.27661964041,B,A,A,B,B,44999.08926736845,0
349,241,69,NY,100/300,2000,528.5464521213205,1000000,FEMALE,College,Prof-specialty,Exercise,own-child,4871.357627498318,93048.50125883549,A,B,B,B,B,78143.4679097724,0
350,284,55,TX,500/1000,1000,704.8779840006277,0,MALE,High School,Adm-clerical,Camping,not-in-family,15050.151348117257,57030.84040896546,C,B,C,B,A,19150.85496963673,1
351,422,35,CA,500/1000,1000,560.4229314361751,0,MALE,Masters,Adm-clerical,Chess,husband,27149.656920906407,77334.88061953845,C,A,B,A,C,44618.88221799137,0
352,243,45,CA,500/1000,500,1155.160011604722,0,MALE,College,Adm-clerical,Camping,unmarried,58568.38806234517,74231.59716593414,C,A,A,B,A,99385.26830916802,0
353,21,55,IL,250/500,1000,925.6297975597859,0,FEMALE,JD,Craft-repair,Exercise,unmarried,75988.13733293621,70641.03784703897,A,B,A,B,A,29032.174549456053,0
354,189,49,IL,250/500,2000,510.9646137896104,1000000,MALE,High School,Craft-repair,Camping,unmarried,10847.687128357886,97407.69436835637,C,C,A,C,C,40811.14966124519,0
355,448,47,TX,250/500,500,620.4172635214834,0,MALE,JD,Craft-repair,Reading,own-child,5469.3211693983885,87778.39590821428,B,A,C,B,A,22423.388719223934,0
356,475,49,CA,100/300,500,1096.3139879724051,1000000,MALE,High School,Adm-clerical,Reading,husband,88363.83010480202,74533.23680924607,A,B,C,B,C,8045.402537769379,0
357,301,39,TX,250/500,500,1909.6426732280017,2000000,MALE,JD,Machine-op-inspct,Camping,own-child,13039.244245210735,7903.7602448209345,A,A,A,C,A,40648.74315664957,0
358,358,67,IL,500/1000,1000,1992.1981622560031,0,FEMALE,Masters,Machine-op-inspct,Camping,not-in-family,44830.63415852243,35504.830484612474,B,A,C,C,B,14953.860311676452,1
359,210,22,FL,500/1000,500,575.1805919393141,0,MALE,PhD,Machine-op-inspct,Camping,wife,11274.436074246585,34333.972950928495,C,B,B,B,A,51408.22160544946,0
360,254,60,CA,250/500,500,1745.8701460258083,0,FEMALE,JD,Craft-repair,Camping,unmarried,53504.64110378769,51217.30830702392,C,A,B,C,A,75393.14338252686,0
361,104,24,CA,100/300,500,1220.3866611107348,0,MALE,JD,Craft-repair,Camping,own-child,10626.412655560025,85680.78385850062,B,A,C,B,A,84889.33738250435,0
362,75,26,FL,100/300,1000,1431.5628487383965,0,MALE,College,Machine-op-inspct,Reading,wife,76228.84714940948,67190.00799505129,B,B,C,A,C,17217.766293412344,0
363,181,20,FL,250/500,500,1258.9538044535848,0,FEMALE,Masters,Adm-clerical,Movies,wife,8557.929225120553,77153.32878437676,C,C,A,A,C,90212.68640723998,0
364,233,72,CA,500/1000,1000,1886.760366708007,0,FEMALE,High School,Machine-op-inspct,Chess,not-in-family,43020.283978820895,4169.103645042993,B,A,A,C,C,36268.281023236166,0
365,389,36,CA,500/1000,2000,1217.7272843965857,0,MALE,College,Machine-op-inspct,Reading,wife,42057.47935388919,5355.380937688447,B,A,B,C,A,45064.59836483775,0
366,118,61,CA,250/500,1000,751.9594655882315,0,FEMALE,Masters,Exec-managerial,Camping,unmarried,92077.01365870787,92849.46342754712,C,A,A,C,C,58456.84149187304,0
367,482,35,IL,500/1000,2000,1669.7798494844167,0,MALE,Masters,Craft-repair,Movies,other-relative,42980.72672821891,20955.634730515914,A,A,C,C,A,15328.044315061574,0
368,138,47,CA,500/1000,2000,1270.6618004814409,0,MALE,College,Exec-managerial,Movies,wife,7094.076658989801,79458.9473262074,B,A,B,B,A,84242.03888937674,1
369,256,64,NY,250/500,2000,675.6033995451899,0,MALE,High School,Exec-managerial,Chess,other-relative,54341.43767530512,54823.69173759657,C,C,A,B,A,79038.17734458865,0
370,64,69,CA,100/300,500,1192.388406846194,0,FEMALE,PhD,Prof-specialty,Exercise,wife,72495.4982100017,34968.978307802914,C,B,C,B,C,47555.41990787146,0
371,390,73,FL,100/300,1000,1531.0922429482666,1000000,MALE,College,Exec-managerial,Exercise,own-child,33735.075849802146,76354.18925289075,C,B,C,C,C,32100.20256851188,1
372,426,54,NY,100/300,1000,943.756893947173,0,FEMALE,JD,Adm-clerical,Exercise,not-in-family,60857.65030266414,96489.06847589507,A,C,A,A,C,49946.80698534065,1
373,251,25,FL,250/500,500,1867.9600543236274,0,MALE,PhD,Machine-op-inspct,Exercise,wife,12165.770246035047,25883.88634034955,B,B,B,B,A,65606.65658795007,0
374,297,71,FL,250/500,1000,1774.9372773083007,1000000,MALE,High School,Prof-specialty,Reading,unmarried,42532.23513189203,35226.861349659775,B,C,C,A,B,70183.19944296971,1
375,348,46,TX,500/1000,500,1351.8423980072826,2000000,MALE,High School,Adm-clerical,Reading,unmarried,16591.672834450932,29329.94301367694,A,C,B,B,C,44050.4633236872,0
376,417,61,CA,100/300,500,581.5581101133317,0,MALE,College,Prof-specialty,Camping,other-relative,27365.23328494358,64463.07617101801,C,B,B,B,A,3141.8738802988505,0
377,134,34,CA,500/1000,1000,1374.8966160658883,0,FEMALE,College,Prof-specialty,Movies,other-relative,64101.09478083547,72426.90680049379,A,A,A,C,B,71446.08394398885,0
378,158,36,CA,500/1000,2000,1123.4071881680352,1000000,FEMALE,PhD,Prof-specialty,Reading,not-in-family,75360.69388817508,47835.45019562508,A,B,C,C,B,32321.0657221595,0
379,123,73,FL,250/500,2000,1586.1030075978608,0,FEMALE,PhD,Exec-managerial,Reading,husband,31150.847957800477,21457.52635437992,B,B,A,A,C,87943.81284659247,0
380,311,31,NY,250/500,2000,900.546594439434,1000000,MALE,JD,Adm-clerical,Chess,own-child,98981.31862451293,32127.775522113145,B,C,B,A,A,42455.00383283676,0
381,128,33,CA,500/1000,500,1408.6452850715878,0,MALE,JD,Prof-specialty,Reading,not-in-family,28479.15218300966,74734.32237620135,C,B,A,C,C,79675.18694872597,0
382,356,32,CA,100/300,2000,1331.6557519712583,0,MALE,JD,Prof-specialty,Exercise,husband,15014.59451854703,88365.68708353085,B,C,C,C,C,37036.84891299181,0
383,153,53,NY,250/500,500,1290.2758424984331,0,FEMALE,PhD,Machine-op-inspct,Reading,not-in-family,86745.66182986197,50797.59905040254,A,B,C,A,B,37398.72850200592,0
384,497,35,NY,100/300,500,673.8670725901579,5000000,MALE,Masters,Exec-managerial,Exercise,wife,64971.1877114856,24868.65944723472,A,C,B,C,C,76375.05937957478,1
385,284,57,CA,250/500,2000,1234.8281876197293,5000000,MALE,PhD,Craft-repair,Reading,other-relative,67956.01193075074,66565.76565399533,C,C,B,B,C,54182.38668514532,0
386,162,54,TX,500/1000,2000,1325.9335290495287,0,MALE,JD,Adm-clerical,Camping,unmarried,79430.82126584226,63941.451340761334,A,B,B,B,C,26006.23200264596,1
387,36,48,CA,500/1000,500,1891.486578176742,0,MALE,Masters,Machine-op-inspct,Camping,own-child,99949.07021444656,90924.84702710909,A,C,B,C,B,84029.6812157022,0
388,265,66,CA,500/1000,500,1191.2960016431653,1000000,FEMALE,JD,Craft-repair,Chess,unmarried,28412.16756834748,28498.92535196984,A,A,C,C,B,63178.00671874994,0
389,196,57,FL,500/1000,2000,1459.797373360197,0,MALE,Masters,Craft-repair,Movies,not-in-family,54805.1262496867,81737.09956543612,C,B,B,A,C,63627.86387093749,0
390,477,30,IL,500/1000,1000,1353.868695502386,0,MALE,High School,Adm-clerical,Chess,other-relative,70425.68098147716,67064.54572513042,C,B,A,C,B,78486.65485877107,0
391,113,26,CA,500/1000,500,792.8679016193878,0,MALE,PhD,Adm-clerical,Reading,husband,14621.696263407324,83996.73694934264,B,B,B,C,B,63234.20368081341,0
392,493,73,FL,100/300,500,776.6138919875858,2000000,FEMALE,High School,Craft-repair,Reading,own-child,30682.45736934068,10293.303416711318,B,C,B,B,C,26183.634647529256,0
393,3,63,IL,100/300,2000,1609.0971924166763,0,FEMALE,College,Exec-managerial,Reading,other-relative,30664.678748108876,82722.17915688481,A,A,A,C,A,1527.60122424463,1
394,198,66,FL,500/1000,2000,1284.5959078524984,0,FEMALE,High School,Adm-clerical,Reading,unmarried,32745.996970338776,47705.765212452636,A,A,A,C,C,78972.35014399445,0
395,245,71,FL,250/500,2000,1844.0494034071735,0,MALE,High School,Prof-specialty,Exercise,wife,71820.7163386977,77453.46794796034,B,A,B,B,A,95758.25534295432,0
396,126,55,TX,250/500,500,1862.2328495803545,0,FEMALE,College,Exec-managerial,Movies,wife,59253.88049804533,24323.927499208843,A,B,B,C,B,72081.28220596029,0
397,114,24,NY,250/500,2000,945.6136633115952,0,MALE,PhD,Adm-clerical,Camping,wife,71589.09062980741,34766.560927592516,B,C,C,A,A,82701.2257870656,0
398,444,50,NY,500/1000,1000,652.2903273088782,2000000,FEMALE,JD,Prof-specialty,Movies,not-in-family,51236.973936698094,41473.02594151111,B,A,B,C,A,86446.18230883742,0
399,467,41,FL,500/1000,1000,1016.120858822307,1000000,MALE,PhD,Adm-clerical,Exercise,husband,95546.12864861902,55021.871619359845,C,B,C,A,B,25666.08522053612,0
400,347,53,NY,250/500,2000,600.5581264546793,0,MALE,JD,Adm-clerical,Reading,unmarried,52065.51265829965,51040.371938217846,B,B,A,B,C,36008.75960252491,0
401,134,44,CA,100/300,500,1671.8821314598808,0,MALE,College,Exec-managerial,Exercise,own-child,60354.093715455725,23653.27883796593,C,A,A,B,C,73531.70500051703,1
402,458,69,TX,100/300,2000,719.2724440768512,0,MALE,Masters,Prof-specialty,Camping,other-relative,29829.30624693134,90365.38349415401,C,B,A,B,B,44225.50630569166,0
403,176,60,TX,100/300,2000,1799.539243719489,1000000,MALE,College,Craft-repair,Movies,wife,5876.019483373285,94443.57218964398,C,A,B,C,C,63867.87327577526,0
404,188,27,NY,250/500,500,1122.9908052971643,0,MALE,PhD,Machine-op-inspct,Reading,wife,81550.03335906382,23720.36353833097,C,C,B,B,A,27284.928699205037,0
405,141,30,NY,500/1000,1000,917.9056770798541,5000000,FEMALE,Masters,Craft-repair,Chess,husband,85645.13903660484,39093.60699423583,C,B,C,C,A,71633.43915716418,1
406,199,69,TX,250/500,1000,1252.2781388662358,0,FEMALE,College,Prof-specialty,Camping,wife,85086.33123028328,80465.98410856833,B,B,B,A,A,59617.601567724145,0
407,151,39,FL,100/300,500,1408.205113339097,1000000,FEMALE,PhD,Machine-op-inspct,Reading,husband,80165.6550161777,78267.76182580488,A,C,B,C,B,95784.40483195888,0
408,50,62,FL,100/300,2000,1552.3151296277977,0,FEMALE,Masters,Exec-managerial,Chess,husband,26860.879476672628,97366.632510223,B,C,C,C,A,92388.3974643897,1
409,30,71,FL,100/300,2000,1007.2734148644965,2000000,FEMALE,PhD,Machine-op-inspct,Camping,husband,57481.150610186414,94735.1470789718,C,C,A,C,B,56344.941387856925,1
410,250,23,CA,500/1000,500,1974.45620015031,0,MALE,College,Exec-managerial,Reading,wife,81492.67450937809,87501.75988608532,A,A,A,B,C,25542.447233707633,0
411,129,67,FL,500/1000,1000,1133.4309203721284,0,MALE,High School,Exec-managerial,Chess,wife,62542.8158520822,58659.039050520834,C,C,C,C,B,39215.58461166985,0
412,455,38,FL,250/500,500,1751.7023800612628,0,FEMALE,High School,Craft-repair,Reading,not-in-family,95856.29193161485,33788.894607320595,B,A,C,C,B,73951.99814764298,0
413,90,44,NY,500/1000,500,552.3015053456201,0,FEMALE,College,Machine-op-inspct,Movies,own-child,67769.3857373874,52248.106344394066,B,B,C,B,B,42449.733698640724,0
414,170,61,IL,500/1000,1000,1666.9446960868652,1000000,MALE,JD,Exec-managerial,Movies,husband,56067.67967390641,77117.55875961638,C,A,C,A,B,82315.06349880158,0
415,252,51,FL,100/300,500,1327.0072208460856,0,FEMALE,PhD,Machine-op-inspct,Chess,not-in-family,99539.57823522475,10435.064911034608,C,C,B,A,A,24254.221204970883,0
416,87,23,FL,250/500,2000,1459.4384133997755,0,MALE,College,Prof-specialty,Movies,other-relative,53454.50544585848,70313.68318671419,B,C,C,C,A,77234.39200190436,0
417,178,24,IL,100/300,2000,1059.3181602143768,0,FEMALE,High School,Craft-repair,Movies,not-in-family,96696.19010788423,89605.4588927124,A,C,B,A,B,78598.75014062432,0
418,453,71,FL,500/1000,500,1317.2609075421346,2000000,FEMALE,PhD,Prof-specialty,Camping,unmarried,1214.4351637739414,21045.614085470355,C,B,A,A,B,18833.187600302997,0
419,266,52,IL,250/500,500,1898.3306791395705,5000000,MALE,JD,Machine-op-inspct,Exercise,husband,55007.7954497324,81119.01199832147,B,B,A,C,A,9289.032046531796,0
420,176,47,IL,500/1000,1000,1079.0551554460928,1000000,MALE,High School,Adm-clerical,Movies,not-in-family,28898.35722019284,89083.00877154258,C,C,A,A,A,60338.33617111839,0
421,15,28,FL,500/1000,500,658.649055596187,0,MALE,Masters,Machine-op-inspct,Chess,other-relative,39563.4301098107,6704.625307441969,A,C,B,A,A,77576.04719125868,0
422,115,47,CA,250/500,2000,1580.768973193946,2000000,FEMALE,JD,Exec-managerial,Camping,husband,8792.687737039561,95798.70114272005,A,A,B,B,C,93800.62517918073,0
423,220,38,FL,250/500,1000,1257.7460066305503,0,MALE,PhD,Craft-repair,Chess,wife,26421.692512532925,50221.11014353425,A,B,C,B,A,68407.94118683237,0
424,168,58,CA,100/300,500,1137.4120092065345,2000000,FEMALE,High School,Adm-clerical,Movies,not-in-family,56965.1127902307,45788.894592411365,C,B,A,C,C,68473.8573959138,0
425,413,63,FL,250/500,2000,1666.727420575993,0,MALE,PhD,Machine-op-inspct,Reading,wife,72132.09467738312,60257.9167463282,B,C,B,B,C,43646.62041967424,0
426,428,28,CA,100/300,500,1343.2652421454961,1000000,FEMALE,High School,Craft-repair,Reading,own-child,91033.01298168284,21370.161945067222,C,A,A,C,C,32028.252832491053,0
427,198,23,FL,100/300,500,1447.0710434686353,0,FEMALE,High School,Exec-managerial,Movies,own-child,23175.448266667452,66362.49020857914,C,C,A,A,A,42530.89067848981,0
428,15,36,TX,250/500,1000,1889.1139851785117,0,FEMALE,Masters,Machine-op-inspct,Reading,husband,79542.9074042905,80885.89548869213,C,B,A,A,A,69825.75100917883,0
429,227,64,TX,100/300,500,587.7665082763756,0,MALE,Masters,Prof-specialty,Exercise,wife,2453.9346905408156,32234.61734036066,A,C,A,B,A,98372.39394404354,1
430,414,42,IL,500/1000,1000,893.573141316187,0,MALE,High School,Adm-clerical,Chess,husband,89382.03874911784,25550.51948634741,A,B,B,B,B,68704.81395808086,1
431,10,49,NY,250/500,1000,1847.3321889520332,0,FEMALE,Masters,Craft-repair,Exercise,not-in-family,59475.131020585446,91503.85246516093,C,B,A,A,C,58152.79765780414,1
432,210,44,TX,500/1000,500,1689.0919319326931,1000000,FEMALE,Masters,Machine-op-inspct,Camping,other-relative,84574.68746228787,46754.27562077158,C,A,A,A,A,41465.06544258587,1
433,333,63,TX,500/1000,1000,782.8978202909469,0,MALE,JD,Craft-repair,Movies,husband,25519.75133920763,62885.05168404569,C,A,C,A,A,39095.75061486096,1
434,249,29,FL,100/300,1000,753.6773147194025,0,MALE,Masters,Adm-clerical,Chess,own-child,37301.118932112906,85533.47287963323,B,A,C,A,A,43504.86840775156,0
435,462,30,NY,500/1000,1000,1737.7050140231456,0,FEMALE,JD,Prof-specialty,Movies,unmarried,9708.973586357828,71698.62265696423,C,C,A,A,B,49581.62604898906,0
436,7,22,FL,100/300,1000,1329.2957692780242,0,FEMALE,College,Machine-op-inspct,Movies,other-relative,7887.176391764095,32177.129276079362,A,A,C,C,B,43567.60064924229,0
437,267,29,FL,500/1000,500,1790.5096333364866,1000000,FEMALE,JD,Adm-clerical,Exercise,own-child,82646.17837409125,2046.726549355704,A,C,A,A,C,87515.94864868195,0
438,490,66,IL,100/300,1000,1876.5261949090316,0,MALE,JD,Exec-managerial,Reading,wife,29699.459233873025,46890.17018926663,B,B,B,B,B,2233.2926170019973,0
439,343,43,FL,500/1000,500,604.3149260187025,0,MALE,High School,Machine-op-inspct,Reading,husband,35263.693058150144,24846.671130620012,B,C,A,A,A,56488.283181723935,0
440,60,68,FL,100/300,2000,1954.6674399668764,0,FEMALE,College,Exec-managerial,Chess,own-child,53059.730040241324,41955.60632610914,B,A,C,B,A,84493.26283501537,0
441,421,52,IL,100/300,500,1574.7103831430156,0,MALE,College,Prof-specialty,Chess,not-in-family,67067.4210148884,45838.745046141325,A,A,B,C,A,43872.43588514997,0
442,182,35,FL,250/500,1000,1751.698490459508,0,FEMALE,PhD,Prof-specialty,Chess,own-child,4664.106183082162,86572.73308280432,A,C,A,B,B,87135.82725989795,0
443,140,35,NY,100/300,1000,1445.5011672009882,0,MALE,College,Machine-op-inspct,Camping,wife,57422.89589533983,76676.8376924103,C,A,B,C,C,60041.10828650858,1
444,465,58,IL,100/300,2000,957.7426346506367,1000000,FEMALE,PhD,Craft-repair,Reading,unmarried,61006.11771294174,19594.244120822324,C,A,A,C,B,28078.833056401738,0
445,162,20,TX,250/500,2000,1399.1462138862216,2000000,MALE,PhD,Craft-repair,Camping,wife,85038.2568374147,31593.421913841878,A,B,C,C,B,22027.383274583517,0
446,220,43,FL,250/500,500,1273.8055910376502,1000000,MALE,JD,Craft-repair,Chess,husband,15464.00078422504,58364.332726991706,B,A,B,A,B,4885.510852697623,0
447,317,60,NY,100/300,2000,1898.1120890981654,0,FEMALE,JD,Craft-repair,Exercise,not-in-family,45028.42791043969,56545.94273225437,A,A,A,A,A,70516.31341848172,0
448,19,69,CA,100/300,1000,1332.5455506887288,2000000,FEMALE,High School,Adm-clerical,Chess,wife,47420.91168532503,54569.56205626632,A,A,C,A,B,65254.331970333165,0
449,53,65,IL,500/1000,500,541.8419873041913,0,FEMALE,High School,Machine-op-inspct,Exercise,husband,84755.47213559975,95226.79987183872,B,C,C,A,B,78398.53887968464,0
450,353,32,IL,500/1000,1000,1529.142799697136,0,MALE,Masters,Craft-repair,Reading,not-in-family,36247.651860070015,69269.94264005384,A,C,B,C,C,95598.73195237335,0
451,66,55,FL,250/500,1000,575.8108163840072,0,FEMALE,PhD,Prof-specialty,Movies,not-in-family,8104.217634250299,9709.868883606243,A,A,A,A,A,33197.61980197983,1
452,381,43,FL,100/300,1000,1916.0011811770946,1000000,FEMALE,Masters,Machine-op-inspct,Movies,wife,60125.38527476678,94047.73560769692,B,A,B,C,B,24617.505216943362,0
453,190,58,IL,500/1000,1000,1229.8889814695835,0,MALE,High School,Craft-repair,Chess,unmarried,66195.48885728623,46321.26735944563,A,B,C,B,A,28109.202406425862,0
454,359,18,FL,500/1000,2000,1952.011549494492,0,FEMALE,College,Exec-managerial,Reading,husband,58240.0598824197,58057.41630910153,C,B,B,A,B,55729.83927550919,0
455,482,31,FL,100/300,500,538.7970162771394,0,MALE,Masters,Machine-op-inspct,Exercise,husband,48987.28092126605,81949.20877964869,A,A,C,B,A,46807.161275937855,0
456,489,68,NY,250/500,1000,1299.2748746086254,0,FEMALE,High School,Craft-repair,Movies,own-child,21313.671953518133,21328.700032386605,B,A,B,C,C,9409.39206975556,1
457,350,52,NY,250/500,1000,839.3091547455509,2000000,FEMALE,JD,Adm-clerical,Movies,wife,53862.74810690505,51192.01857460859,B,A,C,A,B,22326.445095216928,0
458,119,71,NY,500/1000,500,1461.1120588631875,2000000,FEMALE,PhD,Exec-managerial,Reading,own-child,3608.707053731053,85938.9668947212,C,B,C,A,C,55778.193982479934,1
459,70,26,TX,250/500,1000,1247.3154729216685,1000000,FEMALE,Masters,Exec-managerial,Exercise,other-relative,56674.252210446575,73662.1894459253,B,C,C,B,C,97469.94400615217,0
460,264,44,IL,500/1000,500,1349.1872093977408,0,MALE,High School,Prof-specialty,Movies,husband,48909.56012764488,35054.853734563505,B,C,A,C,C,76507.05697205965,0
461,117,58,IL,500/1000,500,1039.460891761994,0,FEMALE,Masters,Craft-repair,Reading,unmarried,95262.49356495171,58920.821275378024,A,B,B,C,A,98305.42860950586,0
462,188,49,FL,250/500,2000,577.316671335136,0,MALE,Masters,Craft-repair,Reading,unmarried,31995.35584371037,803.0248110333038,C,B,C,C,A,72244.40514092188,0
463,305,22,FL,100/300,500,659.1449131647253,0,FEMALE,High School,Machine-op-inspct,Camping,husband,2175.6369824624367,4729.897315445252,A,C,B,B,C,98737.65050773002,0
464,186,74,IL,500/1000,500,1787.8408418923882,0,FEMALE,High School,Prof-specialty,Reading,own-child,76011.65032050191,11344.020714483926,A,C,A,B,A,25341.608486753317,1
465,175,49,FL,500/1000,500,1554.158447223293,0,MALE,PhD,Exec-managerial,Movies,husband,16767.12882689422,69445.00280092984,C,B,B,C,C,91577.45485164736,1
466,16,48,NY,100/300,1000,1654.09651001016,0,FEMALE,Masters,Adm-clerical,Exercise,other-relative,54446.454324709484,62007.860243988034,B,A,B,A,A,67025.5882064207,0
467,307,23,CA,500/1000,500,684.0040994402532,0,MALE,College,Craft-repair,Reading,not-in-family,21483.371780354955,91613.62518293654,C,B,A,A,A,60004.31894056554,0
468,198,70,TX,100/300,500,573.8617692287952,0,MALE,Masters,Exec-managerial,Movies,other-relative,53942.718662696156,70855.92254577346,B,A,B,C,B,70306.79727679181,0
469,50,73,NY,100/300,2000,525.9145263959269,0,MALE,JD,Craft-repair,Camping,other-relative,58100.26518210134,42060.17209800239,B,C,A,B,B,57136.51144742254,0
470,68,48,NY,100/300,2000,1282.7214965298422,0,MALE,High School,Craft-repair,Exercise,husband,66170.9112403767,86694.08809649304,A,C,B,C,C,36353.568618029705,0
471,87,48,FL,250/500,2000,1251.3457045926925,2000000,MALE,JD,Adm-clerical,Chess,not-in-family,37299.77863016234,4274.75501760195,A,C,A,B,B,81448.85970484828,0
472,206,61,TX,500/1000,2000,665.9720637935627,5000000,MALE,JD,Adm-clerical,Chess,wife,6110.38848371448,1011.6479268385548,A,A,A,C,A,37466.21231950948,0
473,449,56,CA,500/1000,500,1019.9331604514822,0,FEMALE,Masters,Adm-clerical,Reading,own-child,59690.24698195432,25029.949593125555,B,A,B,C,A,43347.60378659336,0
474,184,24,CA,500/1000,1000,1295.3222887511965,5000000,FEMALE,Masters,Machine-op-inspct,Chess,unmarried,86451.89613357994,12760.788043821158,C,B,A,C,A,78972.23168991334,0
475,398,69,FL,100/300,1000,1513.7222583011178,0,MALE,Masters,Adm-clerical,Exercise,not-in-family,52544.688222355064,27023.45550042261,C,A,B,A,A,97418.02152657018,1
476,84,27,TX,250/500,1000,1714.9977961874597,0,FEMALE,Masters,Adm-clerical,Exercise,wife,25024.92309912262,30559.77559793501,B,C,C,A,B,31738.80119286015,0
477,100,65,NY,500/1000,2000,1462.0831810430443,1000000,FEMALE,PhD,Adm-clerical,Movies,not-in-family,41346.69773845037,45544.30554291843,A,C,B,B,A,97982.02662128172,0
478,333,66,NY,500/1000,2000,545.0096986500864,0,FEMALE,JD,Adm-clerical,Chess,husband,54024.62259144335,61061.51702481785,B,A,C,B,A,88856.09630936483,0
479,370,48,IL,500/1000,500,1379.1367526852605,0,MALE,College,Prof-specialty,Chess,own-child,8766.293369989486,35249.88050950726,C,C,A,B,A,20210.74503843677,0
480,129,62,NY,250/500,2000,631.8820454340396,1000000,FEMALE,PhD,Machine-op-inspct,Movies,not-in-family,56808.54327251007,96724.14494170692,A,B,C,A,A,16477.105949434124,0
481,216,22,CA,100/300,500,1347.3651840398466,0,FEMALE,JD,Craft-repair,Chess,husband,10929.830053644308,54167.72005039723,C,B,A,A,C,81948.46914184197,0
482,282,49,CA,250/500,500,1063.9811038705711,5000000,FEMALE,High School,Machine-op-inspct,Chess,unmarried,17785.58257696057,87623.3076711272,C,B,B,A,B,7118.966119530824,0
483,51,31,TX,250/500,1000,929.5063420660333,2000000,MALE,Masters,Machine-op-inspct,Exercise,husband,39302.71265366622,80233.19512049311,A,A,B,B,C,98456.92998073914,0
484,116,58,NY,100/300,2000,1222.5741540435893,5000000,MALE,Masters,Machine-op-inspct,Chess,husband,79934.8610036461,4808.417745377836,A,A,B,A,A,20922.679000542306,1
485,50,31,NY,250/500,2000,1072.217321343419,0,FEMALE,Masters,Adm-clerical,Chess,wife,82380.13623924914,47141.45309637317,C,C,C,B,A,2853.167042385218,1
486,165,25,NY,100/300,500,1745.4057609380009,1000000,FEMALE,JD,Machine-op-inspct,Chess,husband,28262.74706954798,80647.5514324767,A,C,C,A,A,66643.5471825749,0
487,372,37,CA,250/500,1000,839.738662065796,5000000,FEMALE,High School,Prof-specialty,Camping,unmarried,53796.19463254569,90662.73740763709,A,B,A,C,A,57181.95063184439,0
488,18,59,CA,250/500,500,705.063456475267,0,MALE,High School,Craft-repair,Chess,wife,9369.000159427698,63285.482078633126,B,C,C,C,C,91166.79761049568,0
489,105,58,FL,250/500,500,1755.468791841388,1000000,MALE,PhD,Machine-op-inspct,Camping,husband,99770.64723135476,93203.39590151372,B,C,A,C,A,14175.232031234886,0
490,495,71,IL,500/1000,500,865.1133871345289,0,MALE,PhD,Craft-repair,Camping,husband,65395.20914566015,66331.19822815835,B,B,B,C,C,18971.992677905528,0
491,157,56,NY,100/300,2000,548.3541696454531,5000000,FEMALE,JD,Exec-managerial,Chess,other-relative,22419.324129220142,20846.534815508367,A,B,C,B,B,73165.91310303585,0
492,496,27,FL,100/300,2000,1080.4748933540354,0,FEMALE,PhD,Exec-managerial,Movies,not-in-family,89970.65919659936,55850.40749355262,B,B,A,B,A,39398.17435510166,0
493,73,27,TX,500/1000,2000,1728.567350568615,0,FEMALE,PhD,Machine-op-inspct,Chess,other-relative,34975.284649318615,75599.31780094885,C,C,C,A,B,63036.432732556415,0
494,478,25,NY,250/500,1000,1147.8052095196922,0,FEMALE,Masters,Prof-specialty,Camping,wife,27525.184249282385,66642.50071872324,B,A,C,A,B,3969.754212734009,1
495,332,34,NY,500/1000,2000,1205.1281109663623,0,FEMALE,PhD,Exec-managerial,Chess,not-in-family,29743.32335242105,8336.994266165255,C,C,B,B,A,80850.44071930644,1
496,140,69,FL,500/1000,1000,570.7959531921114,1000000,FEMALE,PhD,Exec-managerial,Movies,unmarried,48602.86303911282,23701.200529118694,C,B,A,C,B,26711.955725934928,0
497,410,55,IL,250/500,1000,1566.5752220850604,0,MALE,PhD,Prof-specialty,Movies,husband,3345.375840469922,68780.21787754449,B,A,B,C,C,53531.92695398603,1
498,429,69,TX,250/500,2000,1015.5614681274438,0,FEMALE,JD,Adm-clerical,Reading,not-in-family,65145.21292372367,52831.49545125519,B,B,A,B,A,69583.92053771598,1
499,274,68,TX,100/300,2000,1592.9273830474121,0,FEMALE,PhD,Machine-op-inspct,Exercise,not-in-family,94775.88881895831,3085.100556089082,A,A,B,B,A,17023.837802289498,1
500,146,30,TX,500/1000,1000,1116.4562015510542,1000000,MALE,College,Exec-managerial,Chess,not-in-family,81553.38919263124,73835.39283995442,A,B,C,C,C,8345.792264080814,0
501,484,54,CA,250/500,2000,1290.339284857827,0,MALE,College,Prof-specialty,Reading,own-child,81107.36852805121,7943.0945646503,B,B,A,C,A,541.893807708167,0
502,424,53,IL,100/300,500,1384.2286386483765,2000000,FEMALE,PhD,Exec-managerial,Reading,wife,77405.81813347366,18482.841622563294,C,B,B,B,A,6247.644202046398,0
503,270,38,NY,250/500,1000,795.3360056190282,0,MALE,College,Craft-repair,Reading,not-in-family,35676.10275805898,90447.68592218272,B,A,A,C,C,91133.797142581,1
504,411,61,IL,100/300,2000,941.0216003633177,0,FEMALE,Masters,Exec-managerial,Movies,wife,19043.15366706427,31507.26873274182,A,A,A,B,A,52166.2159213252,0
505,107,64,IL,100/300,1000,1378.3532481628877,0,FEMALE,JD,Craft-repair,Chess,husband,31435.074895564074,3428.7079154322273,A,A,A,C,B,6944.104537345585,0
506,355,19,IL,100/300,1000,1734.4108586070033,1000000,MALE,PhD,Adm-clerical,Chess,wife,17279.493439401795,1742.778001939993,C,C,A,B,B,99647.26624745049,1
507,283,47,IL,250/500,2000,1942.165053075322,0,MALE,College,Prof-specialty,Chess,own-child,85093.47356921625,93554.62719245175,A,C,A,A,A,9508.65863536044,0
508,49,64,IL,250/500,2000,1286.2549690154797,1000000,FEMALE,Masters,Adm-clerical,Camping,not-in-family,42103.050938320266,37252.067862160635,B,B,B,A,C,91858.39643706474,0
509,288,36,CA,100/300,1000,610.868754809455,1000000,MALE,Masters,Craft-repair,Exercise,not-in-family,81196.96177136064,62117.57926519978,C,B,B,C,B,22303.14700751025,0
510,299,57,FL,500/1000,2000,1934.0201151704089,0,FEMALE,PhD,Exec-managerial,Camping,wife,29030.732700900695,41392.05986198253,B,B,B,A,B,70418.49171988077,0
511,54,32,IL,500/1000,2000,1131.1534199632301,0,MALE,Masters,Adm-clerical,Movies,unmarried,14375.218921675858,21341.573402891347,C,C,A,C,C,23708.4262182239,0
512,120,41,NY,500/1000,1000,653.7197144100157,0,MALE,Masters,Craft-repair,Reading,not-in-family,87058.22125396298,87769.01076385261,C,C,B,C,B,99213.30242030833,0
513,341,59,IL,100/300,500,1958.3030020439821,5000000,FEMALE,PhD,Adm-clerical,Reading,not-in-family,79891.734878466,94965.98676188343,B,C,C,B,B,18359.814360566743,0
514,392,30,TX,500/1000,2000,920.7707017457981,0,MALE,College,Craft-repair,Camping,own-child,55613.65478259458,98784.4285703119,A,C,C,C,A,35388.93939818718,1
515,35,41,TX,250/500,500,1485.2569728314636,1000000,FEMALE,High School,Exec-managerial,Movies,not-in-family,12327.484553099088,4137.1231177182335,A,A,A,A,A,14058.639879562115,0
516,197,68,TX,500/1000,500,716.1789915300257,0,MALE,JD,Adm-clerical,Exercise,unmarried,33633.73718233233,5036.856496167652,C,A,B,A,B,49739.3931098019,0
517,129,18,TX,100/300,500,1579.3444168521796,0,MALE,PhD,Prof-specialty,Exercise,other-relative,5754.746988697956,85796.6207001554,C,B,C,B,A,43258.01758531409,1
518,490,60,IL,100/300,500,1964.4707340901357,0,MALE,College,Adm-clerical,Reading,other-relative,89819.94804892234,17615.738039105156,A,C,A,B,A,81458.39755863226,0
519,170,35,TX,500/1000,2000,1977.5850318192604,0,MALE,Masters,Craft-repair,Reading,husband,24025.96728266151,56165.5719588536,C,C,B,B,A,85511.69192808389,0
520,153,68,CA,100/300,500,689.3137947985861,0,FEMALE,High School,Machine-op-inspct,Chess,husband,52327.52458181825,57984.174592309,A,B,B,A,B,85886.379028982,0
521,68,35,IL,250/500,1000,1653.0601473734446,2000000,FEMALE,Masters,Exec-managerial,Camping,wife,94185.75449815851,66194.7306640602,A,B,B,C,B,4156.770265852749,0
522,278,68,FL,100/300,2000,1496.4352328085272,2000000,FEMALE,High School,Adm-clerical,Reading,other-relative,62312.24718040607,3757.999078240637,B,A,B,A,C,18404.119095457387,0
523,59,56,TX,250/500,2000,1702.2060704629348,0,FEMALE,High School,Craft-repair,Movies,wife,62305.018781509956,30862.204422467366,B,A,B,A,B,64090.396325063804,0
524,389,54,IL,500/1000,500,999.8130881421107,0,MALE,College,Prof-specialty,Exercise,wife,83284.70248239422,51415.949376719305,A,B,C,B,B,60376.009142202674,0
525,60,63,CA,250/500,2000,1102.6200358034598,0,FEMALE,PhD,Exec-managerial,Exercise,unmarried,69342.16402191062,17439.334731550072,A,B,A,C,C,80749.82135380327,0
526,320,28,NY,250/500,500,1012.7183324636388,5000000,FEMALE,College,Exec-managerial,Movies,own-child,48576.17509483816,94403.19735765088,B,A,B,B,A,77591.94119678048,0
527,354,45,IL,250/500,500,1649.7750117502128,5000000,FEMALE,PhD,Prof-specialty,Exercise,unmarried,12218.937326226498,82881.71404383655,A,B,C,A,C,21966.519265581974,0
528,382,28,FL,500/1000,2000,1713.6571796355922,1000000,MALE,College,Prof-specialty,Camping,unmarried,49666.54598500141,13942.518665731452,A,B,C,A,C,34721.737280433554,0
529,40,70,NY,250/500,1000,873.951905530253,5000000,FEMALE,High School,Craft-repair,Movies,unmarried,18194.443612741652,67087.0145337941,C,A,B,C,A,56785.9867622053,1
530,352,49,TX,250/500,2000,1359.1828505441083,0,FEMALE,College,Adm-clerical,Chess,not-in-family,49185.299989322906,41018.51504208749,B,A,A,C,A,86344.32180970682,1
531,281,51,IL,250/500,2000,688.9510208100431,1000000,FEMALE,JD,Exec-managerial,Exercise,own-child,2194.8640020622024,31149.486798184946,B,A,B,C,C,52758.284027741225,0
532,472,74,TX,100/300,2000,519.7445567159713,0,MALE,PhD,Machine-op-inspct,Camping,not-in-family,35249.448611518885,29096.39232660336,B,B,B,A,C,69189.07893046943,0
533,268,58,NY,250/500,1000,1415.1109393504457,1000000,FEMALE,PhD,Prof-specialty,Reading,unmarried,5529.568546385244,66266.78515906398,C,A,A,A,B,38869.826289334844,1
534,80,18,CA,250/500,2000,1760.30393727274,0,FEMALE,College,Prof-specialty,Movies,not-in-family,14562.14347918019,90355.70567701176,B,A,C,B,A,10184.147649903083,0
535,399,32,FL,500/1000,2000,1859.8297829296803,1000000,FEMALE,High School,Exec-managerial,Reading,not-in-family,69490.43871823896,83628.20321283609,B,A,B,C,B,44486.71033994442,1
536,126,41,IL,100/300,2000,1430.5419861637483,0,MALE,High School,Prof-specialty,Chess,husband,97630.85085560684,34896.57684566015,B,B,B,A,A,16380.164271460277,0
537,299,57,NY,250/500,2000,1713.03712178872,5000000,FEMALE,Masters,Prof-specialty,Reading,wife,56472.94253851908,70774.18281172779,A,A,B,C,C,36154.79144073614,1
538,157,74,NY,500/1000,2000,1106.35786910254,0,FEMALE,College,Adm-clerical,Exercise,unmarried,16949.918233864246,52738.603581034105,C,B,B,C,A,30651.6907650076,0
539,129,19,IL,100/300,1000,1813.0059014731082,0,FEMALE,Masters,Craft-repair,Exercise,other-relative,37645.46933416307,44036.75697252014,A,A,C,B,C,24911.375518675937,0
540,323,23,IL,250/500,2000,1662.0763721401559,1000000,FEMALE,High School,Craft-repair,Exercise,own-child,23435.651437428118,29672.61786494191,B,B,C,B,A,68715.3312998451,0
541,204,19,TX,250/500,2000,962.7918568360683,0,FEMALE,Masters,Prof-specialty,Exercise,wife,4784.02264531227,8122.60401436845,C,C,A,C,A,20486.335440802046,1
542,37,34,IL,250/500,500,1395.8250255417884,0,MALE,PhD,Machine-op-inspct,Movies,unmarried,91306.65721693069,19242.809871228194,A,C,C,B,A,67869.27684994332,0
543,464,24,IL,100/300,2000,576.8880000305902,0,MALE,PhD,Prof-specialty,Camping,own-child,54215.235145881736,56640.618784467966,C,B,B,A,C,4362.539471896935,0
544,150,20,NY,100/300,500,719.8806947316402,0,FEMALE,JD,Machine-op-inspct,Exercise,not-in-family,14887.855761017843,72865.62144564046,B,C,C,C,A,67595.91052593268,0
545,28,41,TX,500/1000,2000,1919.9790701887223,0,MALE,PhD,Machine-op-inspct,Chess,own-child,74572.24896180382,3676.931212425638,C,B,A,A,B,4731.90165038198,0
546,495,68,TX,250/500,2000,514.6313197314582,1000000,MALE,JD,Machine-op-inspct,Chess,other-relative,17128.54092403442,37916.59526235519,B,A,B,A,A,18212.53023603185,0
547,56,29,FL,250/500,2000,804.8518373322759,0,MALE,High School,Machine-op-inspct,Exercise,own-child,20652.241368157655,16580.355689665048,C,C,C,A,B,50568.177757626174,0
548,312,35,FL,100/300,500,708.2127626243318,1000000,MALE,JD,Exec-managerial,Camping,wife,60155.01165413094,60212.100067746585,B,C,A,A,C,98796.57303019552,0
549,200,73,FL,250/500,1000,1548.152991570396,0,MALE,College,Prof-specialty,Chess,own-child,42645.85424838997,86465.62705978018,B,C,C,B,C,63970.76568807661,0
550,270,25,FL,250/500,1000,658.5415490865327,0,MALE,College,Exec-managerial,Movies,unmarried,89472.68948378172,92969.71901431105,C,B,B,C,A,840.6466043909022,0
551,321,61,TX,100/300,1000,530.1934978228653,0,MALE,PhD,Machine-op-inspct,Camping,husband,59670.92201099675,88521.91246955088,A,A,A,C,A,77699.63280042763,0
552,220,43,NY,500/1000,2000,1895.7339298796887,5000000,FEMALE,JD,Adm-clerical,Camping,own-child,18244.671832437652,87236.05245975005,B,B,C,C,B,34389.28749375984,0
553,353,18,FL,250/500,1000,1809.1391191083956,0,MALE,College,Craft-repair,Camping,wife,47470.6065746305,60093.268895825044,B,B,B,B,A,99214.02742472685,0
554,336,18,FL,500/1000,1000,1037.6731598006472,0,MALE,JD,Prof-specialty,Chess,unmarried,72673.3009815298,24297.145771862994,B,B,A,B,A,60834.902257459624,1
555,77,59,TX,500/1000,500,650.7858425813903,0,MALE,High School,Prof-specialty,Movies,not-in-family,60011.105394709775,74695.54663337671,A,C,B,A,B,92572.577864145,0
556,206,20,CA,100/300,1000,1517.303239193854,1000000,FEMALE,Masters,Exec-managerial,Exercise,own-child,32120.3080968805,72450.75272058074,B,B,B,A,A,5364.326437274137,0
557,89,59,NY,100/300,2000,1824.674079633129,2000000,FEMALE,College,Machine-op-inspct,Chess,own-child,38643.59035985034,16665.29016764233,A,B,B,C,B,37224.55287935464,1
558,225,21,NY,100/300,2000,1961.9777798539253,2000000,MALE,JD,Machine-op-inspct,Camping,unmarried,66562.28207282523,19482.88674308848,B,A,B,B,C,29097.444079891233,0
559,450,41,NY,100/300,2000,695.1858988593008,2000000,MALE,College,Exec-managerial,Camping,own-child,51899.42628711835,10933.710514400196,C,A,A,A,A,37771.15306885577,0
560,401,29,CA,100/300,500,1400.3160234245577,0,MALE,College,Prof-specialty,Camping,unmarried,7375.5487150027775,49868.55400390968,C,B,B,B,B,30820.655577736394,1
561,484,31,FL,500/1000,2000,1145.8265413874585,0,MALE,High School,Exec-managerial,Camping,other-relative,54866.925955834544,32156.270607161863,B,C,C,B,C,28180.25486432061,0
562,483,57,FL,500/1000,500,735.1255297935669,0,FEMALE,College,Craft-repair,Chess,not-in-family,45478.38169216096,90012.20328995334,B,C,B,A,B,48382.693015873534,0
563,316,41,NY,500/1000,2000,1711.8436934364288,1000000,FEMALE,Masters,Prof-specialty,Reading,husband,81493.09123445417,3665.072693050131,C,B,C,A,A,78158.86120708773,0
564,294,47,CA,100/300,2000,1673.2863008113045,0,MALE,College,Machine-op-inspct,Reading,own-child,11233.557996386267,32408.28650312586,A,B,C,C,B,64837.47932942171,0
565,262,56,CA,100/300,500,1946.972643006973,0,FEMALE,High School,Adm-clerical,Chess,other-relative,103.85890625668193,87602.11031530828,A,C,C,A,C,37277.54012451316,1
566,86,50,TX,250/500,1000,628.3007315615866,0,MALE,PhD,Adm-clerical,Reading,unmarried,82076.3206912144,99899.43667339596,B,A,B,C,A,59160.79048037859,0
567,100,66,TX,250/500,500,858.3125416081318,2000000,MALE,High School,Prof-specialty,Chess,husband,21122.786478808197,72301.79968855919,A,A,B,A,A,90742.28226021808,0
568,379,38,FL,500/1000,500,1741.36331762053,0,FEMALE,High School,Prof-specialty,Chess,own-child,3151.886584308594,90066.7652392087,A,B,C,A,A,27237.404555771012,0
569,281,32,FL,500/1000,2000,1093.1398332587457,0,MALE,JD,Machine-op-inspct,Chess,not-in-family,22101.269685850966,1612.417873633043,B,A,B,C,C,50303.957936843755,0
570,115,64,FL,100/300,500,1213.9017143056349,0,MALE,JD,Adm-clerical,Camping,other-relative,88601.16342879855,77174.74446993598,B,C,C,A,A,91207.90864568015,0
571,334,49,NY,250/500,500,1417.2878324210285,0,FEMALE,PhD,Exec-managerial,Exercise,unmarried,17115.878356124347,46162.573650906634,A,A,B,A,C,73240.27006151737,1
572,407,54,NY,500/1000,2000,1112.6816240883163,1000000,MALE,Masters,Exec-managerial,Reading,own-child,31998.69447043202,69043.30644351509,C,B,B,C,C,17886.91549481952,0
573,211,70,TX,100/300,2000,553.0957093016945,1000000,MALE,College,Exec-managerial,Chess,other-relative,61058.93894531941,42996.01542785221,A,A,A,A,B,79442.69675887021,0
574,420,48,FL,250/500,1000,1405.9773829795683,0,FEMALE,High School,Exec-managerial,Movies,husband,17945.71632027553,56930.95210962313,C,A,C,C,C,80324.89917963136,0
575,215,18,FL,250/500,500,843.3086840345766,2000000,MALE,PhD,Adm-clerical,Camping,husband,64514.754389258065,25999.90058463403,A,A,A,A,B,74716.98516143452,0
576,461,68,TX,250/500,1000,1953.3065686806453,0,FEMALE,Masters,Adm-clerical,Movies,not-in-family,70667.25249987215,57409.535265387065,C,C,B,C,A,59782.4255528908,0
577,351,50,NY,500/1000,1000,1535.4884683631662,0,MALE,College,Machine-op-inspct,Reading,not-in-family,23104.76628429139,29081.666101207848,B,A,A,C,B,12241.229075000436,0
578,226,51,NY,500/1000,1000,1760.9812416258758,0,MALE,JD,Prof-specialty,Reading,other-relative,9623.478597100087,28025.060847157634,A,A,A,B,C,47188.806235868826,0
579,278,60,TX,250/500,2000,1931.6021314314612,0,FEMALE,PhD,Adm-clerical,Movies,husband,40196.907143369186,32711.480232960123,B,C,B,C,B,9124.251856461196,1
580,416,61,CA,100/300,500,594.9893820234104,5000000,MALE,High School,Adm-clerical,Chess,husband,69862.35790298662,20076.563775141974,C,A,A,B,A,52131.0957618287,0
581,385,28,IL,500/1000,1000,723.0387626450042,0,MALE,PhD,Prof-specialty,Movies,other-relative,81350.93773829806,22275.160582299035,B,B,C,B,B,40811.79976254915,0
582,251,57,IL,100/300,2000,1712.0349988213484,0,MALE,College,Craft-repair,Chess,unmarried,3667.8705331732676,93152.45008627861,B,A,C,A,A,1088.2109184922901,0
583,204,69,TX,100/300,2000,1827.1876393072823,0,FEMALE,High School,Exec-managerial,Camping,wife,53657.19065970387,45445.47113611151,C,A,B,B,C,77882.22430806329,0
584,157,53,CA,250/500,500,507.3181061195142,0,FEMALE,High School,Adm-clerical,Chess,own-child,25735.63728586611,61414.1396754362,C,B,B,C,A,65251.05462043395,0
585,444,70,TX,250/500,1000,1917.8370725475538,0,MALE,Masters,Adm-clerical,Movies,husband,41608.119734943175,57176.86021591944,A,B,B,C,B,24457.132837844616,0
586,481,51,FL,100/300,2000,1181.5675132443912,0,MALE,High School,Exec-managerial,Exercise,unmarried,52875.441763382856,26540.632850661506,C,A,A,A,B,64382.96051035753,0
587,74,26,CA,100/300,1000,1193.9400396868023,0,FEMALE,College,Adm-clerical,Camping,unmarried,73524.97464037531,17.851487062858773,C,C,C,A,B,54640.68631314801,0
588,484,48,FL,250/500,500,1818.1139035781175,0,FEMALE,College,Prof-specialty,Camping,not-in-family,3980.153728229796,10432.960563155113,C,B,A,B,C,51057.67229822003,1
589,395,46,TX,500/1000,1000,934.2991899858976,0,FEMALE,College,Adm-clerical,Movies,wife,17037.457718554484,83078.31362097128,C,B,B,C,B,37953.42823079294,0
590,81,30,NY,500/1000,2000,1375.236648054609,0,FEMALE,High School,Machine-op-inspct,Exercise,other-relative,61634.84178271217,10935.3862220804,B,A,C,A,C,4822.491270117737,1
591,467,27,FL,500/1000,1000,1001.2840831179938,0,MALE,JD,Adm-clerical,Exercise,husband,44085.807070561976,20676.49175445311,B,C,B,B,C,98623.99274841974,0
592,304,26,NY,250/500,2000,670.3317895871537,0,MALE,PhD,Exec-managerial,Reading,own-child,20988.324095129363,91282.45947834414,C,B,A,A,B,51224.45623241819,0
593,332,62,NY,250/500,1000,1037.8678672619724,0,FEMALE,College,Prof-specialty,Exercise,husband,6498.361208284476,80781.60523102335,B,C,B,B,C,5947.434490903395,0
594,389,20,TX,250/500,500,759.5487221205069,5000000,MALE,Masters,Adm-clerical,Reading,own-child,91478.4416615289,5327.444032739859,A,B,A,A,A,5542.752799360942,1
595,265,66,TX,250/500,500,1281.4691815928663,2000000,FEMALE,Masters,Craft-repair,Chess,own-child,36290.93227173534,64345.40304727263,B,B,C,A,A,77071.52920852887,0
596,444,35,IL,250/500,2000,1294.6912738723843,1000000,MALE,High School,Prof-specialty,Chess,wife,41055.613606599894,51568.25580113318,C,A,A,C,C,34800.40799519948,0
597,480,44,FL,100/300,500,1155.9608864446443,0,MALE,High School,Prof-specialty,Chess,not-in-family,4911.238830568554,36490.63117143045,C,A,C,A,A,43169.102885323584,0
598,433,49,NY,100/300,500,760.7200566385059,1000000,FEMALE,Masters,Craft-repair,Reading,own-child,73857.92497619224,49759.084881795134,B,C,C,B,A,61719.52944095887,0
599,446,25,FL,250/500,1000,678.0982890131032,0,FEMALE,High School,Adm-clerical,Exercise,other-relative,99217.28276625635,15105.295939777496,A,A,C,A,A,708.3870778502073,0
600,3,73,FL,250/500,1000,656.9269942104506,5000000,MALE,Masters,Machine-op-inspct,Movies,own-child,97830.1037994031,95477.54800394784,A,B,A,B,B,51834.178609843875,0
601,387,30,TX,250/500,1000,668.247130217818,0,MALE,PhD,Exec-managerial,Camping,unmarried,31120.841778223985,17149.38623874719,C,A,A,C,A,69433.52082691979,0
602,360,35,FL,100/300,1000,942.3173865552561,0,FEMALE,JD,Prof-specialty,Exercise,unmarried,96114.35029883924,18609.287658458383,A,A,A,A,A,39578.66869694896,1
603,164,43,IL,100/300,1000,502.79661886028384,0,FEMALE,College,Machine-op-inspct,Reading,not-in-family,40765.61492253604,36884.373259089654,C,C,C,A,A,16646.51231791623,1
604,233,33,CA,500/1000,500,593.3844684896459,0,MALE,PhD,Exec-managerial,Movies,husband,38724.32117841104,21259.17053822568,C,C,A,A,A,85272.48636960414,0
605,203,38,NY,100/300,500,1205.6665807011868,0,FEMALE,High School,Exec-managerial,Reading,own-child,83165.00070131927,31284.964199661747,A,A,B,B,A,40031.289765279726,1
606,371,63,CA,500/1000,2000,774.0360124550712,1000000,MALE,PhD,Adm-clerical,Reading,wife,79179.55555495164,3985.053331711297,C,C,C,B,C,99645.14244044907,0
607,452,42,CA,500/1000,1000,895.0684196802674,0,MALE,JD,Machine-op-inspct,Camping,own-child,47489.47851626786,61427.549373388305,B,B,B,B,C,53786.39119867641,0
608,438,62,NY,250/500,2000,1029.9838385420871,0,FEMALE,Masters,Prof-specialty,Movies,own-child,44742.39751613201,24112.13227875816,B,C,A,C,B,13077.77536124766,1
609,216,21,CA,250/500,1000,559.4771222335945,0,MALE,Masters,Prof-specialty,Chess,own-child,96844.78436485647,97097.74152215284,B,B,A,C,A,8422.561194697773,0
610,216,50,FL,500/1000,1000,830.0325551606868,0,FEMALE,Masters,Adm-clerical,Exercise,wife,40851.616028452176,11420.571842218342,B,A,A,C,B,21224.35210466579,0
611,32,47,TX,250/500,500,1665.0312876579203,0,MALE,High School,Prof-specialty,Chess,husband,86172.06705551117,7732.878857068803,B,A,B,C,A,89545.24831980868,0
612,307,48,IL,500/1000,1000,1011.3454414980172,0,FEMALE,JD,Exec-managerial,Reading,not-in-family,74644.61041589484,17421.45967410155,B,C,A,A,A,49467.21741070871,0
613,446,50,IL,250/500,1000,779.2393913309447,0,MALE,JD,Adm-clerical,Camping,own-child,10692.482803135206,54244.35517616627,B,B,B,A,B,82875.86032007678,0
614,78,23,FL,100/300,500,796.6167617226114,1000000,MALE,High School,Exec-managerial,Movies,husband,15898.08765156091,74748.80765622298,C,A,A,B,A,67247.47194898289,1
615,467,32,TX,250/500,1000,1977.0993729547254,5000000,MALE,College,Exec-managerial,Camping,wife,3748.453743019531,55905.74709044802,C,A,A,B,B,85891.77468158369,1
616,486,32,TX,500/1000,500,722.6829769037217,0,FEMALE,Masters,Craft-repair,Camping,husband,3516.7209070239182,86036.8000881292,B,B,C,C,B,52018.293673680346,1
617,331,56,CA,500/1000,1000,1858.1273273185384,0,MALE,PhD,Craft-repair,Movies,husband,60445.16751142568,59356.62234625306,A,A,C,C,A,81995.58535495278,0
618,461,48,IL,100/300,500,620.8172247403684,1000000,MALE,PhD,Adm-clerical,Movies,other-relative,7700.392764913566,13857.724730630394,A,A,A,C,A,94332.73798995705,1
619,149,26,IL,500/1000,2000,1811.6456598324414,0,MALE,PhD,Exec-managerial,Movies,own-child,13619.331953691983,18567.4068711406,A,B,B,A,A,14888.772371414412,0
620,215,49,IL,100/300,1000,1260.374453358067,0,FEMALE,College,Adm-clerical,Camping,husband,24434.194669469776,35761.73300944826,C,A,B,C,C,99701.12457538678,1
621,459,62,NY,100/300,2000,1413.0580580559454,0,FEMALE,High School,Craft-repair,Reading,own-child,55332.15126040159,92002.9091650019,A,C,A,B,A,74048.63835687358,0
622,211,55,IL,100/300,1000,868.897536367562,1000000,FEMALE,High School,Adm-clerical,Camping,other-relative,22894.488404492076,46002.34625405322,B,A,C,C,B,57660.046411149786,0
623,239,59,NY,100/300,1000,1847.9130124296476,0,MALE,Masters,Machine-op-inspct,Reading,other-relative,39590.92653584668,87415.17279961512,A,C,A,C,A,99225.61509698463,0
624,475,38,FL,500/1000,2000,1380.7181526813729,2000000,MALE,College,Adm-clerical,Exercise,husband,35333.84633938799,7466.039956113368,C,B,C,B,B,17083.567211845617,0
625,439,70,NY,100/300,2000,1513.5500845067977,0,MALE,PhD,Machine-op-inspct,Reading,husband,39630.21912795593,68671.26820420154,A,B,C,C,B,64942.62800598904,0
626,458,29,NY,500/1000,500,1335.141511536157,0,FEMALE,High School,Adm-clerical,Exercise,other-relative,92902.72948703186,46722.006066954506,A,B,C,C,B,19236.009106795336,0
627,213,52,TX,100/300,1000,687.8519856481232,5000000,FEMALE,College,Machine-op-inspct,Chess,unmarried,96969.85644252769,17309.17692991205,B,C,B,B,C,51104.46208778815,0
628,369,32,CA,250/500,2000,1754.3370238574419,2000000,MALE,JD,Machine-op-inspct,Exercise,husband,7247.301916878468,8158.834349683364,A,A,C,B,A,4439.758704622801,0
629,352,69,TX,500/1000,1000,775.3777099175766,0,MALE,College,Machine-op-inspct,Camping,unmarried,11051.783108522406,31528.991725786982,B,B,B,C,B,34696.926315660225,0
630,441,60,IL,100/300,500,937.9220402739977,0,MALE,Masters,Machine-op-inspct,Chess,not-in-family,5468.1487664001825,82060.29263507915,C,C,A,B,A,87394.4223813711,0
631,461,45,TX,250/500,2000,1504.2779389213424,1000000,FEMALE,PhD,Prof-specialty,Camping,wife,38764.15669414439,64060.57630167435,A,C,A,A,B,75976.2364306002,0
632,460,49,CA,100/300,500,639.993935061445,0,FEMALE,High School,Prof-specialty,Camping,wife,85112.16830802469,46209.30682348893,C,C,C,B,B,39986.56639050238,0
633,152,68,NY,100/300,1000,1900.1063229056003,2000000,FEMALE,High School,Adm-clerical,Exercise,wife,79983.02609931488,84547.7054423608,C,A,B,C,B,17527.68531080231,0
634,487,43,NY,250/500,500,686.1913775774351,0,MALE,JD,Craft-repair,Movies,husband,35478.8992444621,18103.178551797195,C,B,B,B,A,6667.285412819,0
635,207,27,FL,250/500,500,1500.7339181622547,0,MALE,JD,Exec-managerial,Camping,husband,75070.72654447313,27901.135383722176,B,C,B,A,C,95325.75515401957,0
636,477,58,FL,100/300,500,1452.6831177536865,0,MALE,JD,Prof-specialty,Chess,wife,97898.28450299853,55407.14538856712,A,A,B,B,C,43524.84144475125,0
637,256,40,CA,250/500,500,1547.0456844430453,0,FEMALE,Masters,Machine-op-inspct,Camping,unmarried,19394.917668744747,58962.50912195832,C,C,C,C,B,72180.14338226676,1
638,27,18,CA,100/300,1000,1150.0202072972606,0,FEMALE,PhD,Prof-specialty,Movies,husband,96388.39979942539,32093.488065286245,C,A,C,A,A,90866.24954779778,0
639,222,33,TX,500/1000,500,1073.4278159852597,0,FEMALE,JD,Machine-op-inspct,Movies,husband,77078.8677023242,50430.52418883871,A,C,C,A,A,73789.0059386541,0
640,99,38,CA,100/300,500,1966.4869784589885,2000000,MALE,PhD,Craft-repair,Camping,own-child,11466.427873771356,11996.380923870154,C,C,B,A,B,47108.754972691495,0
641,431,64,TX,500/1000,500,1725.7377256210098,0,FEMALE,PhD,Prof-specialty,Movies,own-child,79452.98501234733,1104.8186023831286,B,C,C,C,C,37229.459322616705,0
642,364,34,FL,250/500,500,1228.1654636604385,5000000,MALE,JD,Exec-managerial,Exercise,own-child,10225.201792559934,90509.51972620853,C,B,B,B,A,87375.56562651723,0
643,113,37,TX,250/500,500,773.4013821886042,0,FEMALE,PhD,Exec-managerial,Reading,other-relative,2972.973829077674,44150.33862504121,A,A,C,A,A,32229.844999856068,0
644,449,43,TX,100/300,500,1835.830378942062,2000000,FEMALE,High School,Prof-specialty,Movies,husband,76460.21958954941,23106.82652343663,A,A,A,B,A,33050.601535177084,0
645,310,34,FL,250/500,1000,1473.1241545933085,0,FEMALE,PhD,Prof-specialty,Camping,wife,89497.78212796681,32982.9753272292,A,A,A,B,A,75812.15634190901,0
646,105,42,IL,100/300,500,703.6600990629452,0,MALE,PhD,Exec-managerial,Movies,other-relative,40039.197702945516,51765.512411373435,C,A,A,B,A,58789.13181720259,0
647,356,42,CA,100/300,1000,774.6565734531318,0,MALE,High School,Craft-repair,Camping,other-relative,2406.5371382389953,94645.38437329962,A,A,C,C,B,43083.4757472559,0
648,106,21,NY,100/300,500,1311.2297898982197,0,FEMALE,High School,Adm-clerical,Chess,other-relative,59755.95665828276,72097.22509815854,C,B,A,C,A,45330.48116419304,0
649,129,45,FL,500/1000,1000,1255.5254563032722,0,FEMALE,College,Prof-specialty,Camping,wife,23329.742614433246,94818.63047357705,B,C,C,C,B,58565.433279919,0
650,416,18,TX,500/1000,2000,1113.923280966837,2000000,MALE,College,Prof-specialty,Chess,other-relative,54376.90768916009,11207.294486336694,C,B,A,B,B,44024.0299534012,0
651,304,31,NY,500/1000,1000,1140.3109929172715,0,FEMALE,JD,Exec-managerial,Reading,own-child,31792.535609193885,17827.84294551891,B,C,A,B,B,32009.481497622546,0
652,163,39,CA,250/500,2000,758.3035648295529,0,MALE,Masters,Exec-managerial,Exercise,not-in-family,62238.9591110325,36302.17812863558,A,A,A,C,B,90655.1825544548,1
653,157,31,NY,500/1000,2000,883.1989084590546,5000000,FEMALE,PhD,Exec-managerial,Reading,other-relative,26030.84433828635,24431.465715755196,B,C,A,C,B,50885.743170212096,0
654,243,32,NY,500/1000,1000,1239.062643045012,0,MALE,PhD,Exec-managerial,Camping,unmarried,14843.00842799211,95703.87011516612,C,C,B,C,B,20261.261048527078,0
655,481,22,CA,250/500,2000,595.556960602863,0,MALE,Masters,Prof-specialty,Reading,own-child,75241.2097103702,17118.747079850848,B,C,C,B,A,16874.105283183148,0
656,145,32,TX,250/500,2000,1029.0234406110721,0,MALE,JD,Machine-op-inspct,Chess,husband,53883.84775354538,16993.882326396102,B,C,B,A,C,29119.170412921907,0
657,419,69,TX,500/1000,2000,815.5607558118555,0,MALE,PhD,Exec-managerial,Reading,husband,31740.988111412804,48764.013793580896,A,C,A,B,C,98659.15990357497,1
658,127,61,IL,500/1000,500,761.9722920813816,0,FEMALE,College,Craft-repair,Exercise,own-child,62789.65903933974,69689.59325747892,B,B,B,C,C,92505.26119885281,0
659,23,64,TX,500/1000,500,719.8895262133916,0,MALE,PhD,Craft-repair,Movies,not-in-family,28721.083623726463,37928.7211421344,C,A,C,A,A,9663.230528818163,0
660,117,51,IL,500/1000,1000,710.2841488669144,0,FEMALE,High School,Prof-specialty,Chess,husband,36530.86469777215,4371.932183138827,B,B,C,B,B,8885.855805535575,0
661,128,46,FL,500/1000,1000,740.6584008376636,0,MALE,PhD,Exec-managerial,Reading,wife,37583.1789149858,76584.68141808202,C,A,A,B,C,38492.589845686205,0
662,173,39,CA,250/500,500,1061.199402035687,0,FEMALE,PhD,Adm-clerical,Reading,wife,22646.945644809657,94544.04785357289,C,C,A,C,C,51566.67529276611,0
663,23,33,IL,250/500,1000,652.1825904592014,5000000,FEMALE,High School,Exec-managerial,Reading,not-in-family,44086.79242934359,81049.23071436294,B,A,A,A,A,30706.611007451233,0
664,276,24,CA,250/500,1000,1845.562151023056,0,MALE,College,Prof-specialty,Chess,other-relative,81525.39535336308,84008.87615602124,C,C,C,B,C,65782.53059914545,1
665,28,18,NY,100/300,500,1246.8741880735001,0,FEMALE,High School,Adm-clerical,Reading,not-in-family,97096.70181478978,84790.37517078922,C,C,A,B,B,43142.704396762834,0
666,204,68,CA,250/500,500,1257.1632305367957,0,MALE,Masters,Prof-specialty,Movies,unmarried,21942.220923714438,75950.47847220188,B,C,B,A,C,53962.181042819604,0
667,63,24,CA,250/500,500,816.638430177217,1000000,MALE,College,Machine-op-inspct,Camping,not-in-family,93883.43652275312,80543.32431387212,A,B,B,B,C,28419.501683721202,1
668,265,59,CA,500/1000,500,1800.7328071809434,0,FEMALE,PhD,Craft-repair,Reading,other-relative,27789.158158039896,7666.592758857027,C,C,C,C,B,7411.0365404529775,0
669,140,39,NY,100/300,2000,1742.1966068211627,0,MALE,High School,Prof-specialty,Movies,unmarried,46990.78326664696,5460.524700681824,A,B,C,C,A,69366.57136357533,0
670,394,67,TX,100/300,500,551.369075186511,0,MALE,High School,Exec-managerial,Chess,not-in-family,10064.667455045861,7523.280536725585,B,B,B,A,A,72752.85892892527,0
671,101,25,IL,250/500,500,1598.606523272609,0,MALE,College,Exec-managerial,Camping,husband,60804.50730481326,59152.097277459594,A,C,C,B,B,47663.846365460835,0
672,118,55,FL,500/1000,500,776.4037303698067,0,FEMALE,High School,Prof-specialty,Chess,own-child,51084.343459355194,24124.16663452922,A,B,A,A,B,86303.5215257472,0
673,185,18,CA,100/300,500,1333.4252665744561,0,MALE,Masters,Craft-repair,Camping,other-relative,67891.91866494357,2816.8041890619056,A,B,A,C,A,30971.46234191621,0
674,261,40,CA,250/500,500,1805.7774039443154,0,MALE,JD,Prof-specialty,Movies,not-in-family,60043.14847507075,7657.372065126222,C,B,C,B,A,72551.94767436203,0
675,434,49,IL,500/1000,2000,1901.0791909527795,1000000,FEMALE,PhD,Prof-specialty,Movies,wife,98141.72397196348,6852.584021329222,A,C,A,A,A,58227.48085928186,0
676,265,42,IL,100/300,500,776.6785062575836,0,MALE,Masters,Exec-managerial,Camping,other-relative,77014.42600619861,62751.44585375669,C,C,C,A,A,43226.555998326534,0
677,447,62,NY,250/500,2000,1909.3640368080044,1000000,FEMALE,High School,Exec-managerial,Movies,wife,96548.64843413014,14286.088713571555,C,C,A,C,B,21597.425431360232,0
678,497,25,IL,500/1000,2000,604.3741014215717,0,FEMALE,JD,Exec-managerial,Exercise,own-child,52551.05456049,84574.83988472723,C,B,B,A,B,66249.57336335948,0
679,332,72,NY,250/500,2000,1863.9898161219182,0,MALE,PhD,Craft-repair,Camping,own-child,28142.25009593474,99266.35638329718,C,A,B,C,A,16424.417021596513,1
680,367,73,TX,250/500,1000,1658.4889985652799,5000000,FEMALE,Masters,Exec-managerial,Reading,own-child,53196.35391781904,44119.17834365531,B,B,A,B,B,72647.6942868875,1
681,113,41,NY,100/300,2000,1870.7372019394074,0,FEMALE,College,Adm-clerical,Reading,other-relative,46674.526235098754,53763.80630058334,A,A,C,C,B,21888.532979580163,0
682,418,53,CA,250/500,500,1049.219339503809,0,FEMALE,PhD,Adm-clerical,Reading,not-in-family,42720.01990279597,25991.15395611603,C,C,A,B,A,2221.8819702512524,1
683,110,22,FL,500/1000,500,1911.1689377907487,2000000,FEMALE,College,Prof-specialty,Reading,wife,40107.29960207321,65554.58017142263,C,C,C,C,C,30653.1418674432,0
684,469,64,CA,250/500,1000,1727.7752033020738,2000000,FEMALE,PhD,Prof-specialty,Reading,husband,81135.66623053074,91499.36366891598,C,A,A,B,C,86481.8124230779,0
685,272,54,NY,500/1000,500,992.4837814487084,2000000,FEMALE,High School,Machine-op-inspct,Exercise,unmarried,74111.96748176936,18078.691851551554,A,A,B,B,C,3359.4404490046986,0
686,2,41,CA,500/1000,2000,1008.4012487803564,5000000,FEMALE,Masters,Adm-clerical,Reading,own-child,64387.45812591306,95318.48737800065,B,B,B,A,B,6708.0546366199,1
687,251,60,TX,500/1000,2000,1035.8231967042161,0,FEMALE,PhD,Craft-repair,Movies,husband,64502.22429797953,22135.628267074837,A,C,B,B,C,53611.17325401877,0
688,255,59,TX,250/500,2000,1383.1801120143793,0,FEMALE,College,Prof-specialty,Chess,other-relative,37391.202845774205,26593.379555489384,C,A,A,C,A,909.7202395716633,0
689,157,58,FL,250/500,2000,772.8489011820614,0,MALE,PhD,Prof-specialty,Movies,unmarried,43831.39673689693,91157.04322567284,A,B,A,C,C,64044.29059082374,0
690,481,25,FL,500/1000,1000,1150.2498278465036,0,MALE,PhD,Craft-repair,Movies,not-in-family,15254.621766852671,59337.59556750112,A,C,C,A,A,62624.51459801138,0
691,282,19,TX,250/500,2000,601.4907860520855,0,FEMALE,PhD,Adm-clerical,Exercise,not-in-family,57898.91222922512,3168.955334239276,A,B,A,A,B,22500.110621252104,0
692,172,49,TX,500/1000,500,1037.4732148771802,0,FEMALE,High School,Machine-op-inspct,Exercise,not-in-family,14020.21587845771,80295.22459891504,B,B,B,A,B,43785.29513138976,0
693,387,40,CA,100/300,500,1500.0995718385311,0,MALE,Masters,Craft-repair,Movies,husband,91531.52425162011,64205.28139663283,C,A,A,A,A,76736.23872932198,0
694,416,49,TX,100/300,2000,1384.2039726069584,0,MALE,JD,Machine-op-inspct,Movies,not-in-family,41566.04123204292,74306.33646265158,B,B,A,B,C,20565.09901945198,0
695,426,65,NY,250/500,1000,974.8035813187903,0,MALE,PhD,Machine-op-inspct,Reading,not-in-family,4265.054947411096,16175.158869954632,B,A,C,A,A,60511.44922020459,0
696,414,20,CA,500/1000,1000,885.8060689328315,0,FEMALE,PhD,Prof-specialty,Chess,husband,176.3515221977152,87293.25373335114,A,B,B,A,A,44182.096084800694,0
697,274,67,IL,500/1000,2000,990.6447685582125,1000000,MALE,High School,Adm-clerical,Exercise,not-in-family,67630.30012463243,78285.89288819487,C,A,B,B,A,39729.16791488685,0
698,138,35,FL,500/1000,2000,604.321316918057,1000000,MALE,College,Machine-op-inspct,Chess,own-child,61153.503213358876,95742.25860920623,C,B,B,C,A,33269.668470458724,0
699,499,59,FL,250/500,2000,886.3662084118363,0,FEMALE,JD,Craft-repair,Chess,husband,77026.8119766398,40879.41963306072,C,B,B,C,C,54689.488716229425,1
700,36,67,FL,100/300,500,1562.0765155270556,0,FEMALE,JD,Adm-clerical,Exercise,not-in-family,74935.25095132501,51835.54006995013,C,B,A,C,A,25498.42083019438,0
701,334,52,CA,250/500,500,768.1230270864256,0,FEMALE,JD,Exec-managerial,Chess,husband,307.6763529863524,70173.00814034835,B,A,B,A,A,63848.21610661621,0
702,339,45,TX,100/300,1000,707.3458205972506,0,FEMALE,High School,Exec-managerial,Reading,not-in-family,16703.119185119096,10438.93978338668,C,B,B,B,C,11868.320259396685,0
703,444,37,NY,500/1000,500,1769.0857967271274,0,FEMALE,JD,Craft-repair,Exercise,unmarried,32589.182469295785,21036.88833146642,C,C,A,C,C,85908.20348464561,0
704,356,39,IL,100/300,1000,854.8287186259153,0,FEMALE,College,Exec-managerial,Movies,unmarried,6154.28598731661,28825.295812397213,B,A,B,B,A,76579.32002067356,0
705,496,18,FL,100/300,1000,876.6563059535978,0,MALE,Masters,Adm-clerical,Camping,other-relative,17816.840209846006,94511.55611053843,C,B,B,A,A,41869.72710052459,0
706,455,59,CA,250/500,1000,1194.558094516125,0,MALE,JD,Adm-clerical,Reading,own-child,58143.29098795511,135.90833345934473,C,C,B,C,C,18229.845903209196,1
707,257,25,NY,500/1000,500,1207.867984010451,0,MALE,PhD,Prof-specialty,Exercise,own-child,45705.39902357609,99396.67942209181,A,A,A,A,C,39805.24329799681,0
708,229,25,TX,250/500,500,779.3035462080794,0,FEMALE,College,Adm-clerical,Chess,husband,86055.6789609434,39558.426004187764,C,B,C,A,A,67582.80665178435,1
709,177,37,IL,500/1000,1000,1334.2093396201908,0,MALE,College,Machine-op-inspct,Movies,own-child,22389.504650981264,64828.997972922574,A,A,A,A,B,36931.85219035442,0
710,26,34,FL,500/1000,1000,1543.611958338035,0,FEMALE,JD,Prof-specialty,Camping,own-child,53533.981612000905,41073.34303646113,B,A,B,A,B,8696.448533375273,0
711,177,32,TX,500/1000,2000,1226.7389164624115,0,MALE,PhD,Machine-op-inspct,Exercise,wife,86167.6323857782,78404.66789676159,A,B,A,C,B,11357.077787379782,0
712,205,60,CA,250/500,1000,1843.1522080733016,2000000,MALE,College,Adm-clerical,Reading,not-in-family,6043.302673095119,95058.12429299545,B,C,C,B,B,69806.50404814024,1
713,279,65,FL,250/500,1000,1987.3883884043942,5000000,FEMALE,High School,Prof-specialty,Reading,husband,87006.66693735583,44777.522606866856,C,A,C,C,C,85751.52922379119,0
714,98,39,CA,500/1000,2000,1292.9157522539956,0,MALE,JD,Craft-repair,Movies,not-in-family,34398.09857709727,18019.857833057184,A,B,A,C,B,83010.74344795056,1
715,283,72,TX,100/300,1000,1959.0432980768285,5000000,FEMALE,PhD,Craft-repair,Reading,wife,85950.1356923086,22208.20515102547,A,B,B,C,A,74559.76560954319,0
716,311,33,IL,500/1000,500,1469.7330942022952,0,FEMALE,Masters,Craft-repair,Exercise,other-relative,68179.66374215225,26580.193972065324,A,A,C,B,C,76123.27879935587,0
717,289,50,FL,100/300,500,1293.2088448514673,0,MALE,College,Prof-specialty,Movies,unmarried,67280.16983732849,22155.827603859303,B,A,A,A,C,98077.68693149782,0
718,80,41,FL,250/500,1000,1805.0366455878977,1000000,MALE,Masters,Adm-clerical,Camping,own-child,4794.1886760244915,1323.2014887387122,A,C,B,A,B,16020.906362563115,0
719,160,37,NY,250/500,2000,1949.7426182413494,0,FEMALE,PhD,Adm-clerical,Exercise,own-child,94119.27376890203,86191.91596683733,C,C,B,A,B,54760.01981459654,0
720,22,47,FL,100/300,2000,1998.5142739550558,0,FEMALE,High School,Prof-specialty,Reading,wife,43110.736151460645,68093.48501006853,C,C,A,C,A,26654.954509667623,0
721,135,50,NY,250/500,500,1638.7644455274221,0,FEMALE,PhD,Prof-specialty,Camping,not-in-family,10837.026557771867,51575.37526357494,A,A,B,C,A,23412.40804930321,0
722,254,42,TX,250/500,500,1227.9505541716821,1000000,MALE,Masters,Exec-managerial,Camping,own-child,76681.42354283022,14693.544123661095,C,B,A,C,C,41224.48473818976,0
723,416,63,TX,100/300,2000,944.054706283754,2000000,MALE,PhD,Exec-managerial,Movies,unmarried,86681.03564044087,4071.6069114833385,B,A,C,B,C,33994.08613742922,0
724,319,63,IL,250/500,1000,1336.9710223798402,0,FEMALE,PhD,Prof-specialty,Reading,husband,92949.60939845898,38462.44420936283,A,A,B,C,A,65593.98761848855,0
725,123,73,TX,100/300,1000,1666.294185398088,0,MALE,College,Craft-repair,Chess,wife,50640.8920502774,531.820757968704,A,A,C,C,B,41771.690878299625,0
726,274,74,IL,100/300,1000,540.2368658672553,0,MALE,PhD,Adm-clerical,Camping,own-child,40378.9053490646,5712.644425731351,C,A,B,B,B,28875.524786011993,0
727,395,53,CA,500/1000,1000,901.476119535279,2000000,FEMALE,High School,Craft-repair,Camping,unmarried,58343.72440604588,7341.708760435783,B,C,C,C,A,8834.457638828138,0
728,3,25,NY,250/500,2000,1031.9052440830205,2000000,MALE,College,Machine-op-inspct,Exercise,own-child,29683.24741157754,81579.73906666425,A,B,C,C,B,29438.37824892963,0
729,222,47,CA,500/1000,2000,1669.9216227672234,1000000,MALE,High School,Machine-op-inspct,Movies,own-child,39281.28218347667,72618.48497995948,A,C,A,A,B,48647.91946322869,0
730,446,33,IL,100/300,2000,1420.328131227557,1000000,FEMALE,Masters,Machine-op-inspct,Chess,husband,53903.45150240017,30949.772929763432,C,B,C,A,B,60902.85689925028,0
731,171,57,FL,250/500,1000,1138.5598310911455,0,FEMALE,PhD,Craft-repair,Reading,wife,82440.4016268836,30388.23827028142,B,C,B,B,C,64111.527580299364,0
732,375,32,NY,250/500,1000,1878.9001114323444,0,MALE,JD,Exec-managerial,Reading,not-in-family,85345.64879585143,34435.13858340101,B,A,C,B,A,21339.201667304034,1
733,118,44,CA,100/300,500,1307.2193661003598,2000000,FEMALE,PhD,Machine-op-inspct,Exercise,wife,13120.542729227203,56553.63960515475,C,C,B,A,A,41182.05317041259,0
734,148,67,CA,500/1000,2000,1585.8681896553624,0,MALE,JD,Prof-specialty,Chess,unmarried,13394.659616135585,86014.42852715676,C,A,A,B,B,40612.04031724535,0
735,11,62,CA,100/300,2000,1483.2084014897578,0,FEMALE,College,Adm-clerical,Reading,not-in-family,18421.014721587126,47704.76940222965,B,B,B,A,A,1983.7624442185895,0
736,198,27,TX,250/500,1000,1787.7623422775541,0,FEMALE,Masters,Exec-managerial,Camping,not-in-family,59637.9836813183,14848.205420581462,B,C,A,B,A,88471.25670317374,0
737,145,41,FL,100/300,1000,1718.567932226416,0,FEMALE,JD,Machine-op-inspct,Camping,wife,20280.79244335653,15854.557818873782,B,C,B,A,C,67553.74525834921,1
738,294,48,CA,500/1000,1000,1983.5470726357057,0,FEMALE,PhD,Adm-clerical,Exercise,other-relative,61255.06048673011,5700.031709932762,A,A,B,C,A,66390.45777838679,0
739,330,55,CA,100/300,1000,1068.7867952833308,1000000,MALE,PhD,Adm-clerical,Reading,husband,72536.60092667703,74036.42474361019,C,A,B,B,A,58042.42594167264,0
740,32,36,CA,100/300,2000,747.3082065492694,0,MALE,PhD,Exec-managerial,Exercise,own-child,85851.41604273488,39924.76420012669,B,A,C,C,A,46348.26053176904,0
741,469,73,FL,250/500,1000,1639.7263967478418,0,MALE,Masters,Craft-repair,Exercise,wife,86732.26781033902,91802.28429848042,B,B,A,C,B,22867.14467018608,0
742,455,18,CA,100/300,500,1812.0710607324343,0,MALE,JD,Adm-clerical,Movies,other-relative,21468.78415522435,31007.05276673593,B,A,B,A,B,39546.61028960848,0
743,422,19,NY,250/500,1000,581.5579566666634,1000000,FEMALE,JD,Exec-managerial,Reading,wife,31221.509334130227,79830.74042761697,C,B,C,B,B,18050.615820680516,0
744,158,56,TX,500/1000,500,999.3149850170714,0,FEMALE,Masters,Machine-op-inspct,Reading,own-child,18166.506772380242,49521.616942156055,A,C,C,B,B,81638.13007562057,1
745,244,29,TX,100/300,500,1710.7910930574546,1000000,MALE,High School,Exec-managerial,Exercise,wife,68047.84273366442,84865.44661867252,A,C,A,C,C,21490.880387167974,0
746,282,47,CA,250/500,1000,1525.1546146869935,0,FEMALE,College,Craft-repair,Exercise,own-child,68679.82658979356,56126.03095193695,C,B,A,B,B,28087.33804069075,0
747,370,57,FL,250/500,1000,1632.952131041401,0,FEMALE,Masters,Machine-op-inspct,Camping,not-in-family,399.6739225015533,19238.825359808176,A,B,B,C,A,1764.774441762354,1
748,219,30,FL,100/300,500,1314.7994892341621,0,MALE,PhD,Craft-repair,Movies,unmarried,16484.981875767215,80110.83793767038,B,A,C,A,A,37755.64978174824,0
749,470,42,IL,100/300,1000,1072.758648601264,0,MALE,High School,Adm-clerical,Exercise,wife,33483.36247416894,564.8749407219489,B,A,A,C,C,71125.552439616,0
750,168,50,IL,250/500,500,1717.0867402547697,0,MALE,JD,Exec-managerial,Reading,husband,20719.672175104897,50432.344347237726,B,B,C,A,B,18237.24874763824,0
751,282,42,NY,250/500,500,1331.8101149396082,0,FEMALE,College,Prof-specialty,Movies,own-child,55134.71781721807,19582.117901426234,A,A,C,C,A,51380.94359927538,0
752,265,35,NY,500/1000,1000,1272.524359313551,0,MALE,PhD,Craft-repair,Reading,not-in-family,4042.2138350416635,33803.00088983541,A,B,B,A,C,93903.58980887257,0
753,406,25,FL,500/1000,500,1602.2663746998294,0,MALE,PhD,Exec-managerial,Movies,husband,82621.69565023851,40909.678456687085,C,C,C,C,C,44131.92588308782,1
754,288,49,NY,500/1000,500,786.300623077186,0,MALE,PhD,Prof-specialty,Camping,unmarried,46613.665510751765,55996.055771289786,C,C,C,B,B,79568.46147650197,0
755,409,29,IL,100/300,500,1379.0063996770248,0,MALE,Masters,Prof-specialty,Chess,husband,59380.784736506954,35455.68200122503,B,C,C,B,C,79938.54008535919,0
756,204,72,FL,100/300,2000,956.6221616675812,0,FEMALE,JD,Exec-managerial,Chess,husband,57979.6100739348,64477.63024349388,C,B,A,C,A,65398.777619860055,1
757,158,71,IL,500/1000,1000,532.1741329402723,0,FEMALE,High School,Machine-op-inspct,Exercise,unmarried,45069.56791780466,18745.92327412662,C,C,A,A,C,36924.49483795964,0
758,154,71,CA,100/300,1000,1623.3018272558293,0,FEMALE,College,Prof-specialty,Chess,not-in-family,56739.58411792163,78990.6279905216,A,A,B,B,A,76083.52643680118,1
759,268,36,CA,100/300,2000,1212.0282737412872,0,FEMALE,PhD,Exec-managerial,Reading,wife,7607.739270790869,60185.494604459214,B,C,C,A,B,94025.12482447173,0
760,175,38,NY,100/300,500,1854.8711434391346,0,MALE,Masters,Exec-managerial,Reading,unmarried,38454.80752101668,35177.34957957086,C,C,B,C,A,27577.669567949408,0
761,438,61,IL,100/300,2000,1250.2493799534204,0,MALE,Masters,Machine-op-inspct,Movies,other-relative,70987.2834064136,53186.76249781137,C,B,A,A,B,50406.841537181666,0
762,57,19,FL,500/1000,500,515.2838589136959,0,FEMALE,College,Exec-managerial,Camping,own-child,36624.667519189315,40396.23215928389,A,A,B,B,B,60231.45925015765,0
763,252,70,FL,100/300,1000,1113.1209445088587,2000000,FEMALE,High School,Craft-repair,Exercise,not-in-family,25404.96791849458,87491.04399651958,B,C,B,A,C,59641.11852623548,0
764,302,64,NY,500/1000,1000,756.6105953324029,0,FEMALE,Masters,Craft-repair,Exercise,not-in-family,56512.05197625152,54634.993508886095,A,B,C,C,B,41963.831425549295,0
765,97,28,IL,500/1000,1000,1881.6182568730183,2000000,FEMALE,Masters,Machine-op-inspct,Reading,own-child,47659.29921193548,78861.47106436089,A,B,C,A,A,54588.235453486785,0
766,46,68,NY,100/300,500,1168.6985276143166,2000000,MALE,JD,Adm-clerical,Reading,not-in-family,53343.92736169074,79493.25735836645,B,C,C,B,A,6057.046724617489,0
767,454,42,FL,100/300,2000,1266.040877775648,2000000,MALE,JD,Exec-managerial,Chess,not-in-family,95839.07731550766,73394.94638168646,C,A,A,A,C,6910.036865038706,1
768,299,18,CA,500/1000,2000,1048.2447638615936,0,FEMALE,High School,Craft-repair,Exercise,wife,14999.555416816302,75080.20400003844,A,B,C,A,B,93210.75483121781,0
769,203,52,IL,100/300,2000,1283.3363640878306,2000000,MALE,College,Craft-repair,Movies,not-in-family,61648.2640959934,22452.17725573232,B,C,A,A,B,55334.96137133153,0
770,388,50,NY,500/1000,500,624.1882501954012,5000000,FEMALE,PhD,Exec-managerial,Camping,unmarried,3058.1929305105614,87104.36266113771,A,A,A,A,A,19924.2187293439,0
771,101,58,CA,250/500,1000,1188.0996563597078,0,MALE,Masters,Exec-managerial,Exercise,own-child,64718.543704148135,70780.72969650336,C,A,A,C,B,26816.554042446143,0
772,5,44,TX,250/500,1000,1495.1649798037506,2000000,MALE,PhD,Prof-specialty,Movies,own-child,19728.341666190463,5395.905098848619,C,C,C,B,B,70540.61837514499,0
773,345,38,IL,500/1000,1000,1058.3816271911392,2000000,FEMALE,PhD,Machine-op-inspct,Reading,not-in-family,80690.84402826105,64764.90716311658,A,B,C,A,B,69359.84980318013,0
774,402,31,FL,250/500,1000,1089.001127432872,0,MALE,PhD,Prof-specialty,Movies,not-in-family,26968.10435085425,48201.84080058837,C,C,B,A,B,65984.02135122215,0
775,462,72,FL,500/1000,2000,1756.1293853447833,0,FEMALE,High School,Machine-op-inspct,Movies,husband,40106.312377902774,14240.26868010102,A,A,A,B,A,25369.37366672409,0
776,264,65,TX,500/1000,1000,1304.9393609341614,0,FEMALE,College,Prof-specialty,Exercise,unmarried,51576.1880513368,47309.1821130635,A,B,A,C,A,83435.22284443438,0
777,76,20,IL,100/300,1000,1381.472482233175,0,FEMALE,College,Machine-op-inspct,Movies,husband,60996.23437908229,92234.1203973043,B,C,C,B,A,6955.399315034755,0
778,34,58,NY,250/500,1000,945.2249463894561,0,MALE,JD,Exec-managerial,Exercise,other-relative,29914.295222826782,87602.73091026644,B,C,A,A,A,42474.22967982641,0
779,110,46,IL,250/500,1000,1224.469685596383,0,MALE,PhD,Machine-op-inspct,Chess,other-relative,15673.332886764469,8636.621402124578,A,A,A,C,C,76479.78477129535,0
780,417,34,IL,100/300,500,580.9409870619893,0,FEMALE,PhD,Craft-repair,Chess,other-relative,63519.76669920558,44051.52637194573,A,C,C,C,B,24206.888999595914,0
781,190,66,TX,500/1000,500,1145.4454005465857,0,MALE,Masters,Adm-clerical,Movies,wife,44191.17754233594,50954.27161565095,A,B,B,B,B,24424.354246986542,1
782,225,21,FL,100/300,2000,1704.0434546719111,0,FEMALE,High School,Craft-repair,Movies,unmarried,5763.142092925499,69107.6823101346,A,B,C,B,C,633.6815093886916,0
783,220,61,CA,250/500,1000,742.186113234111,1000000,MALE,PhD,Machine-op-inspct,Camping,wife,53685.216440107564,76659.46869829892,A,B,C,A,B,49681.19897365086,0
784,486,63,FL,500/1000,500,1646.716528887806,0,FEMALE,High School,Machine-op-inspct,Reading,other-relative,46714.554160290536,82848.98927130277,B,C,C,A,A,91901.87388709198,0
785,26,39,IL,500/1000,2000,1061.3234467916864,0,FEMALE,JD,Machine-op-inspct,Chess,not-in-family,51233.936613928476,59637.17629720819,A,A,A,C,B,51511.35085737796,0
786,301,31,FL,100/300,500,540.5925679755954,0,FEMALE,High School,Adm-clerical,Movies,wife,10708.818128414643,88221.92616767326,B,B,B,C,B,93387.79220384991,0
787,428,31,TX,500/1000,2000,1929.8117736893623,1000000,FEMALE,College,Adm-clerical,Movies,own-child,47297.42278256791,55650.70715071323,C,B,C,C,C,21935.38791836481,1
788,395,65,CA,250/500,2000,772.0365708573341,0,MALE,High School,Prof-specialty,Movies,wife,74525.44341313705,2309.051538219309,A,B,B,B,C,39787.79086454084,0
789,294,74,CA,250/500,1000,1002.1526558431244,5000000,FEMALE,PhD,Machine-op-inspct,Movies,unmarried,13272.758012938468,45862.791924913894,B,A,C,B,A,99163.45925802043,0
790,385,26,NY,250/500,2000,1221.091726856957,0,FEMALE,PhD,Prof-specialty,Movies,husband,62358.72908445739,16117.371329189134,B,A,B,A,C,80053.30537476225,0
791,430,19,FL,500/1000,1000,1924.1648303122765,0,FEMALE,PhD,Craft-repair,Camping,unmarried,17787.07103512557,57409.249458887214,C,A,A,C,B,57775.155733116946,0
792,99,54,FL,100/300,1000,1371.7514919727128,0,MALE,PhD,Adm-clerical,Reading,husband,30909.1732361085,68078.60295638461,C,A,A,C,B,9164.21614422844,0
793,383,22,TX,250/500,1000,1858.0113807129164,0,FEMALE,High School,Exec-managerial,Camping,not-in-family,36265.48506479287,68102.89434102883,C,A,B,A,A,13482.217169803771,0
794,308,35,FL,500/1000,2000,1346.69780173246,0,FEMALE,PhD,Adm-clerical,Exercise,wife,76338.42723737705,49043.530855534314,A,C,B,C,A,44305.3473776463,0
795,81,60,TX,100/300,2000,808.0937291896173,0,FEMALE,College,Prof-specialty,Camping,wife,22606.94622337217,71690.2745401681,A,A,B,B,A,81585.54511303405,1
796,5,49,NY,500/1000,2000,1346.557515810879,0,MALE,Masters,Exec-managerial,Reading,unmarried,26365.475060541656,11433.438051393952,A,B,C,C,C,74267.75141579182,0
797,221,58,IL,250/500,1000,650.6666163507618,0,MALE,PhD,Exec-managerial,Reading,not-in-family,87008.86412947271,94775.42652100876,C,C,B,B,B,85526.46965834226,0
798,468,26,FL,500/1000,2000,675.5883417795901,1000000,MALE,JD,Exec-managerial,Exercise,husband,74342.98756319928,84320.66512224515,B,A,C,B,C,40820.06811862218,0
799,439,61,IL,250/500,500,673.4977578040247,1000000,MALE,Masters,Adm-clerical,Exercise,other-relative,50624.8022097348,85503.43668119311,B,B,B,A,B,57958.39622044906,1
800,21,21,NY,250/500,1000,518.3791119816137,0,FEMALE,High School,Machine-op-inspct,Reading,not-in-family,31597.05413549454,3304.5914101558105,C,A,C,B,C,31145.63363182459,1
801,120,20,FL,250/500,500,726.9300810550764,2000000,FEMALE,College,Exec-managerial,Chess,other-relative,79172.29227529968,22934.438565474225,A,B,A,B,A,54044.17097874449,0
802,138,54,FL,250/500,2000,1029.4683225675935,0,MALE,College,Craft-repair,Reading,wife,56259.18698271881,9927.02364344734,B,B,A,C,B,61822.77368350021,0
803,102,38,IL,500/1000,500,608.1744321735207,0,MALE,JD,Craft-repair,Exercise,wife,33035.95020545076,86539.97699975123,B,C,B,B,B,51843.88643704829,0
804,39,56,NY,500/1000,500,509.24430884636564,0,MALE,PhD,Exec-managerial,Chess,not-in-family,31484.55336090156,74990.42981161548,B,A,B,B,B,20208.829133498475,0
805,297,73,NY,100/300,500,668.4077310323952,0,MALE,JD,Craft-repair,Exercise,not-in-family,45726.83532811609,9616.48161119011,B,B,A,A,C,34268.74237620522,1
806,262,63,IL,100/300,1000,1904.0870477227104,0,FEMALE,PhD,Craft-repair,Camping,not-in-family,94866.10823737907,40208.11493309752,A,A,B,A,C,63117.00656588134,0
807,326,47,IL,100/300,2000,1288.4565724669164,0,FEMALE,PhD,Craft-repair,Reading,own-child,64326.9442758843,51191.20973440813,A,A,C,C,B,57602.83421877308,1
808,30,54,FL,100/300,1000,1152.5353873236577,0,FEMALE,College,Prof-specialty,Camping,wife,67936.25612125176,71512.78938825686,A,B,B,C,A,45118.80432576546,1
809,55,41,NY,250/500,2000,1230.7359264692016,0,FEMALE,College,Prof-specialty,Movies,not-in-family,38690.49444428346,29341.71716164158,B,A,A,A,A,6700.962310960062,0
810,325,18,CA,250/500,1000,1332.2128366772445,0,FEMALE,PhD,Craft-repair,Camping,wife,97656.775211959,29043.621414673416,A,C,C,C,A,45646.08895992252,0
811,89,33,NY,500/1000,500,661.74674819508,2000000,MALE,College,Machine-op-inspct,Movies,own-child,40704.99095978552,53164.490904533224,B,C,C,C,B,56866.48247709905,1
812,419,45,FL,500/1000,500,1377.1347723694591,0,FEMALE,College,Craft-repair,Reading,own-child,1197.2966586364153,52557.1291748732,A,C,C,B,A,22269.611104782016,1
813,456,47,IL,100/300,1000,1751.335062823152,2000000,MALE,College,Prof-specialty,Exercise,unmarried,80117.58531603297,11215.41068740579,B,B,B,C,B,1933.42999723878,0
814,247,74,FL,500/1000,500,1340.9679680111967,0,MALE,PhD,Exec-managerial,Chess,not-in-family,51288.5542988579,71268.03217358245,C,A,B,C,A,51457.68721460647,1
815,419,36,CA,500/1000,500,1824.5714837587166,5000000,MALE,PhD,Craft-repair,Chess,wife,15023.304337953647,17850.321989521668,A,B,C,A,B,38232.343260224065,0
816,386,40,NY,500/1000,2000,707.3453161343634,5000000,MALE,Masters,Adm-clerical,Movies,other-relative,2293.61947657758,84984.99816589268,C,B,C,B,B,69140.80023568524,0
817,184,51,CA,250/500,2000,1738.8295080220148,1000000,FEMALE,College,Prof-specialty,Exercise,wife,99215.78883270707,77319.668407462,A,A,B,C,A,13016.931543366272,0
818,107,67,NY,100/300,1000,1493.921457672318,2000000,MALE,PhD,Prof-specialty,Movies,wife,64735.0439806772,98090.67809255674,C,C,A,A,B,54407.303934869095,1
819,414,54,FL,100/300,2000,1405.5080432730342,1000000,MALE,College,Prof-specialty,Chess,not-in-family,46580.13477559104,17107.883094408717,C,A,C,C,C,90008.77302575277,0
820,447,40,CA,500/1000,1000,1383.1599894362196,0,MALE,Masters,Exec-managerial,Chess,husband,33391.8305511121,94450.4187821814,C,A,C,A,A,92581.7368171656,0
821,157,60,FL,500/1000,1000,678.4191104798732,1000000,MALE,Masters,Adm-clerical,Reading,husband,7219.6365664767945,73267.40702801482,A,B,A,B,B,88015.6210740831,0
822,478,33,FL,250/500,2000,1462.9136629475422,0,MALE,High School,Adm-clerical,Movies,unmarried,64533.277446509754,88122.65848307144,B,C,A,C,A,80288.24835297828,0
823,426,58,FL,250/500,1000,1098.170280671573,1000000,FEMALE,PhD,Adm-clerical,Movies,other-relative,36897.139745135595,3426.4487527610354,B,C,A,A,B,93833.04907934813,0
824,490,49,CA,500/1000,500,594.8850470206036,2000000,MALE,Masters,Prof-specialty,Chess,husband,98968.84996444805,32091.681521157876,B,C,C,B,A,96900.76585229173,0
825,423,33,NY,250/500,500,807.8841558841523,1000000,FEMALE,PhD,Craft-repair,Chess,not-in-family,10850.55311920511,2947.019962456576,A,B,A,C,A,28800.48527395021,1
826,221,52,FL,250/500,500,1163.8669545266628,5000000,FEMALE,PhD,Craft-repair,Reading,not-in-family,24612.28844273713,18192.912663687555,B,A,A,A,A,49029.48234949244,0
827,200,44,FL,500/1000,1000,1989.467157673344,0,MALE,College,Adm-clerical,Exercise,other-relative,40344.425374660554,88426.78942880509,A,A,C,C,B,71105.86370222371,0
828,389,20,IL,500/1000,2000,1145.9991095211228,2000000,FEMALE,PhD,Prof-specialty,Exercise,own-child,79740.51495752568,41083.312591426744,B,C,A,B,A,51051.97812012334,1
829,152,37,IL,250/500,1000,724.6675489460322,0,FEMALE,College,Craft-repair,Exercise,wife,77699.57583735215,67150.28082106,C,C,A,B,A,90798.72509671235,0
830,349,44,CA,500/1000,500,1852.5643320125246,0,FEMALE,College,Machine-op-inspct,Camping,unmarried,24417.747283949375,48391.52024312309,C,A,C,C,B,97471.75050716985,0
831,25,73,TX,100/300,500,552.8564344855318,0,FEMALE,College,Craft-repair,Exercise,other-relative,36125.361802412706,47363.068014031065,C,B,A,A,B,49867.66534036603,0
832,322,19,FL,250/500,500,690.0902635264652,0,MALE,JD,Craft-repair,Reading,not-in-family,5911.197968968396,64979.41267565693,A,C,A,B,A,33409.04893247566,1
833,405,30,CA,250/500,2000,1210.5872521573956,1000000,FEMALE,PhD,Machine-op-inspct,Movies,husband,37839.02824727871,43478.085487896904,C,C,B,B,B,41003.248273990524,0
834,425,23,NY,250/500,500,639.1680228217799,0,FEMALE,Masters,Craft-repair,Movies,wife,16832.51008646578,2070.905193670647,C,C,A,A,C,68019.48734292625,0
835,172,31,CA,100/300,1000,1357.3785191376978,0,FEMALE,PhD,Exec-managerial,Exercise,wife,91955.24389229852,80051.5019935503,B,B,A,A,C,72761.76023893246,0
836,200,41,FL,250/500,500,736.6506374309853,1000000,FEMALE,High School,Prof-specialty,Camping,wife,80799.77431646353,27345.345266377684,A,A,A,C,C,38117.32314877822,0
837,369,44,NY,500/1000,2000,1476.2861778651315,0,FEMALE,PhD,Exec-managerial,Movies,not-in-family,16506.74957058813,67139.56265302534,B,B,C,B,C,84714.60568245914,0
838,226,26,IL,100/300,1000,676.4963652950835,0,MALE,JD,Exec-managerial,Camping,unmarried,49076.949434606235,65816.37089406693,C,A,B,A,C,13038.208150229519,0
839,262,67,FL,100/300,500,1715.156414922729,0,FEMALE,High School,Prof-specialty,Exercise,own-child,95832.46990089386,14461.212153373615,C,A,B,B,C,2867.6063156225873,1
840,292,40,IL,100/300,2000,1600.7450262134357,0,MALE,High School,Exec-managerial,Camping,wife,41060.583321870814,16463.298374332157,B,B,C,A,C,97985.87892536791,0
841,111,52,FL,100/300,2000,1888.1047406346838,0,MALE,College,Craft-repair,Chess,wife,44808.98459086687,44780.425793851806,A,B,C,B,C,92070.49992280356,0
842,456,61,NY,500/1000,500,602.6268308150303,1000000,MALE,Masters,Adm-clerical,Chess,wife,34150.5400531708,34178.533604424076,A,A,C,C,C,30923.34965420828,1
843,90,68,FL,100/300,2000,1332.9454585110975,0,FEMALE,High School,Adm-clerical,Chess,own-child,49226.56673152932,27339.436277991248,B,B,C,A,C,95621.86969653475,0
844,27,54,FL,250/500,500,1563.2803808858341,0,MALE,JD,Exec-managerial,Reading,husband,59656.50509314222,30926.94455008058,B,B,A,B,B,31633.609265971412,0
845,236,31,CA,100/300,1000,1853.9967368232667,0,FEMALE,Masters,Adm-clerical,Reading,not-in-family,8995.114919536185,25444.469257234614,A,B,C,C,A,47468.83111916768,0
846,363,43,TX,100/300,1000,1223.0809109788672,0,FEMALE,PhD,Exec-managerial,Exercise,other-relative,9253.113256200451,11074.333679571791,C,B,C,C,C,53073.26611379455,0
847,480,25,CA,100/300,2000,1926.9735572315708,0,FEMALE,JD,Prof-specialty,Camping,wife,76902.04497290526,8786.206861174229,C,C,B,B,B,64048.19337650271,0
848,318,70,TX,100/300,1000,683.718948858432,0,MALE,Masters,Machine-op-inspct,Camping,wife,98275.5317282473,88003.03474073978,A,B,B,C,A,52803.71189006258,0
849,119,62,TX,250/500,500,1149.843832198024,1000000,FEMALE,JD,Exec-managerial,Chess,husband,49124.360531213126,81487.3659375118,B,A,C,C,C,91187.39161797584,0
850,122,48,NY,250/500,1000,879.7580177843962,0,MALE,High School,Machine-op-inspct,Chess,own-child,86137.85668343124,49427.706226154434,C,B,B,B,A,56209.35201499541,1
851,245,25,FL,100/300,1000,733.0822162737854,5000000,MALE,College,Craft-repair,Chess,not-in-family,86897.10616978233,31980.362129993944,A,C,C,A,C,3498.4833715794966,0
852,60,53,IL,100/300,500,930.1730923647845,0,FEMALE,College,Prof-specialty,Camping,not-in-family,36955.9272872174,68670.8853857973,C,A,C,A,B,18073.315843878474,1
853,433,47,FL,250/500,500,1497.0771193803994,0,MALE,Masters,Adm-clerical,Camping,own-child,32885.21542125912,10914.676456764371,B,C,C,A,B,95837.50979516325,0
854,381,33,TX,100/300,2000,1224.8037089164168,0,FEMALE,College,Exec-managerial,Chess,other-relative,72960.11143069668,10156.997314115168,C,A,B,C,C,4932.259971773287,1
855,133,72,TX,250/500,500,772.3231872914031,0,FEMALE,High School,Exec-managerial,Camping,own-child,91052.49920631546,14113.758823641554,A,C,C,C,A,75731.35581776396,0
856,464,70,NY,500/1000,500,547.5796141745083,0,FEMALE,JD,Craft-repair,Reading,own-child,85360.33845094201,69207.92203154834,B,C,B,C,C,97673.66300781527,0
857,319,48,CA,500/1000,1000,1885.249640862953,0,MALE,College,Prof-specialty,Exercise,husband,31929.033555264043,82154.7784837484,A,C,B,B,A,3488.6825098101517,1
858,470,48,TX,100/300,500,971.2040702078841,2000000,FEMALE,High School,Machine-op-inspct,Chess,husband,35503.317670330805,53627.91246751247,A,B,A,A,B,86065.29740905912,0
859,344,52,TX,500/1000,500,691.3776551759652,0,FEMALE,JD,Prof-specialty,Movies,husband,73623.60655885912,16865.659577611113,C,A,A,A,C,70572.65517012846,0
860,210,54,CA,500/1000,1000,719.2214602528546,0,FEMALE,High School,Craft-repair,Reading,other-relative,31740.85235756222,33679.76215199018,A,A,A,B,B,3758.027886893736,0
861,115,31,IL,250/500,2000,880.1388769510021,2000000,MALE,Masters,Machine-op-inspct,Chess,own-child,85197.35046817771,82292.97987896478,A,A,B,A,A,60092.2393898615,0
862,28,74,CA,250/500,500,846.2181408632994,0,FEMALE,JD,Machine-op-inspct,Chess,husband,50927.2842184465,51259.25776735485,C,B,C,B,B,91655.91693621161,0
863,286,64,CA,500/1000,1000,919.3252254167029,0,FEMALE,JD,Exec-managerial,Camping,unmarried,29265.968510603936,45112.44488579261,C,C,B,B,C,44799.52553392174,1
864,261,56,CA,100/300,2000,838.2649757302484,0,MALE,High School,Exec-managerial,Reading,not-in-family,28636.156340283236,65907.98335102442,C,B,A,A,A,74475.7524150157,0
865,484,73,TX,100/300,2000,1145.9700570711307,5000000,MALE,College,Prof-specialty,Exercise,wife,78393.09281426454,35472.90952151222,B,B,B,A,B,32904.47135112094,0
866,446,42,IL,100/300,2000,1648.4054978458632,0,MALE,Masters,Machine-op-inspct,Movies,unmarried,12466.359412959704,430.7992896916302,C,B,A,A,B,39683.66243045882,0
867,161,18,NY,500/1000,2000,540.7684169390894,1000000,FEMALE,College,Exec-managerial,Chess,other-relative,93192.74262352588,94076.7236213302,C,A,A,C,B,69012.71055322426,1
868,151,72,NY,500/1000,1000,785.6940820879611,0,FEMALE,PhD,Machine-op-inspct,Exercise,own-child,41344.057135329094,71058.46348776644,B,B,B,C,B,3544.1447099743864,0
869,441,46,NY,100/300,2000,1567.978997285138,0,FEMALE,Masters,Machine-op-inspct,Movies,own-child,84391.97566489333,95802.99535099068,B,C,A,A,C,73418.7787273867,0
870,201,45,FL,500/1000,1000,723.3204605455304,0,MALE,Masters,Adm-clerical,Exercise,wife,79230.48306654331,85003.85011671264,C,A,A,A,C,26668.04502442299,0
871,377,46,FL,100/300,2000,1611.9941708829392,0,FEMALE,High School,Exec-managerial,Camping,other-relative,77925.28951914924,37393.95102810049,C,B,B,C,B,84918.34554254335,0
872,314,27,NY,250/500,1000,1272.2143490689018,0,MALE,High School,Exec-managerial,Reading,not-in-family,67445.34072962863,37861.28689183789,C,B,B,B,C,56138.98426489132,0
873,330,25,IL,250/500,2000,1822.422353848835,2000000,FEMALE,Masters,Exec-managerial,Chess,other-relative,49944.72446603276,14421.269209296517,A,A,B,A,C,29191.92734303846,1
874,279,57,CA,100/300,1000,515.2399700178483,2000000,FEMALE,Masters,Adm-clerical,Movies,unmarried,38990.84852770509,80729.74041844826,C,B,A,A,B,68391.34400898569,0
875,445,47,CA,500/1000,500,1676.5348182769144,0,MALE,JD,Craft-repair,Chess,other-relative,58077.9043417701,61971.20755022898,C,B,C,A,B,91494.29291235737,0
876,1,47,TX,250/500,500,1358.3163469184396,0,FEMALE,College,Adm-clerical,Movies,own-child,52697.16495638984,25580.008340273907,C,B,B,A,B,51982.78991716465,0
877,305,58,TX,100/300,1000,1203.3179117331642,0,FEMALE,High School,Craft-repair,Exercise,own-child,35103.69496033347,96003.78625078988,B,C,A,B,B,86277.88368517776,1
878,253,23,TX,100/300,2000,718.5795015619859,5000000,FEMALE,JD,Prof-specialty,Chess,own-child,49321.265789611025,76780.38142727235,A,A,A,A,C,93622.17413539815,1
879,476,32,CA,500/1000,500,851.0948323468394,0,FEMALE,PhD,Exec-managerial,Reading,own-child,36509.66354492104,88259.14879145453,C,C,A,A,B,37856.77139870289,1
880,335,72,FL,500/1000,500,1679.0449357818995,0,FEMALE,Masters,Craft-repair,Movies,unmarried,65793.13354781525,17402.541425689113,C,C,A,C,C,83020.63334407922,0
881,86,41,FL,250/500,1000,723.5132953935024,1000000,FEMALE,High School,Machine-op-inspct,Camping,own-child,83502.96506604111,59257.99868289367,C,B,B,C,A,77882.49704253262,1
882,290,30,NY,100/300,1000,1291.0204798989053,0,MALE,Masters,Craft-repair,Exercise,own-child,78689.44368419857,99086.30892727309,B,C,A,B,B,55861.27284272265,0
883,376,26,TX,100/300,1000,811.4445349669747,0,MALE,JD,Craft-repair,Camping,wife,34069.2423371993,34945.483308268376,C,B,A,C,C,5980.544373208175,0
884,298,67,FL,100/300,1000,1233.9077374869203,1000000,MALE,Masters,Machine-op-inspct,Exercise,unmarried,50941.94938490518,40336.88611495716,C,A,A,A,B,80424.87076957733,1
885,341,37,TX,250/500,1000,882.1105530378088,0,MALE,Masters,Prof-specialty,Reading,unmarried,1065.6299351090138,53710.003710848985,B,C,C,C,B,5741.837429705849,0
886,290,53,CA,250/500,500,1026.6673987135691,0,MALE,JD,Exec-managerial,Camping,other-relative,87027.81392243551,4453.947713508644,B,C,A,A,A,96742.69085396022,0
887,133,69,IL,250/500,1000,1703.666307733879,0,MALE,College,Adm-clerical,Exercise,other-relative,24539.58258519422,22583.78187597132,B,A,A,A,A,45938.03819115398,0
888,183,66,TX,100/300,2000,555.6759927513293,0,FEMALE,JD,Prof-specialty,Camping,husband,44109.149414280124,32288.93643510836,B,B,C,A,A,3164.607663379377,0
889,342,30,NY,500/1000,1000,1886.4470871245576,0,FEMALE,Masters,Adm-clerical,Exercise,own-child,15255.044501894821,926.2701516075444,B,B,A,A,C,23438.794947450646,0
890,252,44,IL,100/300,2000,979.0728337329467,0,FEMALE,College,Adm-clerical,Reading,own-child,67810.85724228153,31572.913179638952,B,C,C,B,B,23338.851354150498,0
891,278,35,IL,500/1000,500,1394.0628794811269,0,MALE,JD,Prof-specialty,Chess,wife,54529.7656690408,54530.33960225101,B,A,B,A,C,86425.83607391307,0
892,413,74,FL,250/500,500,832.6316295672802,1000000,MALE,JD,Craft-repair,Exercise,not-in-family,36478.97559873675,1928.4380941088864,B,A,C,A,B,7861.244355993425,0
893,356,25,IL,100/300,1000,1038.102715916776,1000000,FEMALE,High School,Prof-specialty,Movies,unmarried,53519.3644249553,53183.18230094361,B,C,C,C,C,17663.332006241995,0
894,425,59,NY,500/1000,500,1189.4980062672694,1000000,MALE,JD,Adm-clerical,Chess,unmarried,16873.658752711417,79976.88566390169,C,B,B,B,C,37020.647202126944,0
895,403,66,FL,100/300,500,1533.1199693315657,0,MALE,Masters,Prof-specialty,Camping,wife,77563.84321463278,14605.33166638286,A,C,A,B,B,18140.008788569816,0
896,138,25,IL,100/300,2000,1809.6352657973976,0,MALE,High School,Machine-op-inspct,Camping,unmarried,26595.914744620408,96140.13932489793,C,C,B,B,B,19599.188060497596,0
897,343,68,IL,100/300,500,1799.1941512020426,0,FEMALE,College,Craft-repair,Camping,not-in-family,61502.45698915754,41498.97833609086,B,A,B,B,A,21696.968111284354,0
898,184,69,NY,100/300,1000,1005.513501776169,0,FEMALE,High School,Craft-repair,Movies,wife,89940.00376582249,43832.57762355035,C,C,C,A,C,14676.792124230866,0
899,465,41,FL,250/500,500,633.0680496894221,0,FEMALE,PhD,Adm-clerical,Movies,not-in-family,3858.560844582137,51479.60604926297,B,B,A,C,B,62047.35216127477,0
900,410,61,FL,250/500,500,1887.5279613067457,1000000,MALE,College,Craft-repair,Movies,own-child,38753.394295273916,39316.70449944108,A,C,A,A,C,7547.351786311165,0
901,436,57,IL,500/1000,2000,546.0444332262173,0,MALE,PhD,Adm-clerical,Movies,own-child,13491.775968063524,65237.741979521124,A,B,C,C,B,35984.751826180494,0
902,262,44,NY,250/500,2000,1821.5969383868032,0,MALE,Masters,Machine-op-inspct,Movies,wife,90865.77103552372,17792.016506532927,B,B,A,B,C,67344.83301850282,0
903,175,68,CA,250/500,1000,538.7338626150114,0,FEMALE,College,Adm-clerical,Movies,own-child,36007.744450042424,92040.65621286482,B,A,B,A,B,31379.33431871981,0
904,84,37,NY,250/500,500,1964.9309280011873,0,MALE,College,Machine-op-inspct,Chess,other-relative,21334.092666445093,86831.80926589607,C,C,A,C,C,34705.998429299194,0
905,247,52,IL,250/500,500,516.7209612093097,1000000,FEMALE,High School,Machine-op-inspct,Chess,other-relative,67647.65756864064,64476.98976813787,C,B,A,A,A,76913.7217154535,0
906,78,25,IL,500/1000,2000,525.49881476558,0,FEMALE,PhD,Craft-repair,Camping,husband,54319.278742564115,78935.68789668726,B,A,A,B,C,78664.79942915852,1
907,71,41,CA,250/500,500,1263.066957311012,0,FEMALE,PhD,Craft-repair,Movies,wife,81693.66817412313,70852.86495224743,A,C,B,B,A,74173.98766752832,0
908,219,57,CA,250/500,2000,1500.1547628915484,1000000,FEMALE,High School,Adm-clerical,Reading,unmarried,75306.81587228455,47438.036384253435,C,A,B,B,C,33626.9014832697,0
909,340,29,FL,500/1000,1000,1029.1718539438607,0,FEMALE,High School,Adm-clerical,Camping,unmarried,97466.98529528342,15558.918137732348,C,B,B,C,A,53294.52257464099,0
910,327,64,IL,250/500,2000,1408.8452061231646,1000000,FEMALE,High School,Craft-repair,Camping,husband,9053.230719922034,32422.67523606622,A,A,C,C,A,87420.80660879593,1
911,91,50,FL,500/1000,1000,1768.7856011981028,0,FEMALE,High School,Adm-clerical,Exercise,other-relative,8027.276835651353,88447.88545896122,A,C,A,A,C,42977.89230252675,1
912,481,31,IL,250/500,500,1693.376477962684,0,FEMALE,JD,Prof-specialty,Camping,wife,90736.06985127178,66586.20502018623,C,A,B,C,A,27652.099744562896,0
913,366,38,NY,250/500,500,1826.1181913531436,0,MALE,High School,Adm-clerical,Camping,husband,95573.22239329596,86528.81942166522,B,A,C,B,B,3363.8678859005136,1
914,462,50,TX,100/300,2000,738.7437013746046,0,FEMALE,High School,Prof-specialty,Camping,other-relative,40663.43459351318,87785.33008932753,A,C,A,B,B,57286.06032389737,0
915,107,58,FL,500/1000,1000,836.9547677922365,0,MALE,High School,Adm-clerical,Exercise,wife,45586.982967306256,52726.59035429856,C,A,C,C,A,21895.925482602284,0
916,234,62,FL,500/1000,2000,1381.5699617313294,0,MALE,JD,Prof-specialty,Reading,own-child,36869.82859388914,43652.753583368285,B,C,B,C,B,73072.13262554148,1
917,164,72,FL,100/300,500,1585.5040891676601,0,MALE,Masters,Machine-op-inspct,Movies,other-relative,77768.68750799724,42930.401870853806,B,C,C,A,A,8876.447502197463,0
918,116,18,TX,500/1000,2000,661.0443299695386,0,FEMALE,Masters,Exec-managerial,Exercise,wife,77078.66187768365,44402.17258626916,B,B,A,C,B,41680.95280131674,1
919,218,74,TX,500/1000,500,763.4491544875326,0,FEMALE,High School,Adm-clerical,Movies,other-relative,22041.966150785353,94619.35947693547,C,B,C,C,A,33759.18417991716,0
920,424,23,CA,500/1000,2000,1884.3963711655967,0,FEMALE,College,Adm-clerical,Chess,other-relative,38389.4129863285,15030.586972990612,C,B,A,C,B,28323.05780466292,1
921,153,31,IL,100/300,1000,538.7574143504564,0,MALE,JD,Machine-op-inspct,Camping,husband,21243.667703670886,15179.203884014914,A,A,A,B,A,98876.5166069131,0
922,75,45,NY,500/1000,1000,1102.6896651477332,1000000,FEMALE,High School,Craft-repair,Camping,own-child,4662.414500704448,38723.16601724461,A,B,A,A,A,10347.967332213553,0
923,190,42,FL,250/500,1000,816.2837228130891,0,FEMALE,JD,Craft-repair,Camping,not-in-family,5612.1464063928815,80188.04354576842,B,A,C,A,C,743.923165808779,1
924,353,56,CA,250/500,2000,1661.48353620164,0,MALE,JD,Craft-repair,Camping,not-in-family,14682.312432043687,85223.20284477132,B,C,B,A,B,1981.365007452354,0
925,94,40,FL,500/1000,500,1795.3784573636206,0,MALE,Masters,Machine-op-inspct,Reading,wife,2988.203517747212,82547.80694534403,C,B,A,B,C,10764.182755595588,1
926,382,60,IL,100/300,2000,870.4854484270985,2000000,FEMALE,PhD,Exec-managerial,Movies,other-relative,42317.520627630445,58201.13566699956,C,C,A,B,A,84926.03678255668,0
927,2,56,TX,250/500,500,1384.8245137326903,1000000,MALE,PhD,Craft-repair,Exercise,unmarried,6401.951037063081,85771.41341064211,A,B,B,B,A,16736.3959786559,0
928,89,73,IL,250/500,1000,1764.8139341127012,0,FEMALE,PhD,Craft-repair,Exercise,own-child,84741.13916249796,19278.238120398906,A,B,C,A,A,57520.407667654756,0
929,312,34,IL,250/500,1000,1397.7584889544055,0,MALE,High School,Adm-clerical,Reading,other-relative,71208.19773968158,59864.915837510576,C,B,B,B,B,63817.537822479324,1
930,53,48,IL,100/300,2000,1401.0549862452021,1000000,FEMALE,PhD,Machine-op-inspct,Reading,unmarried,78364.28431832885,32854.863071250285,B,A,C,B,A,76813.08636219395,0
931,197,69,CA,500/1000,500,1119.2958188715454,0,FEMALE,High School,Machine-op-inspct,Chess,husband,61748.01181894689,27309.8016059136,B,A,C,A,B,13492.488634776571,0
932,57,45,IL,250/500,500,1479.5343684817153,0,MALE,College,Prof-specialty,Movies,wife,66387.7331840974,9964.313605081465,A,A,B,B,B,13314.350937020705,0
933,147,24,IL,250/500,500,1940.5016060659557,0,FEMALE,Masters,Adm-clerical,Camping,own-child,11341.003377823956,36479.840748703085,A,C,C,B,A,31404.65003504584,0
934,178,74,IL,500/1000,2000,949.4418209213063,2000000,MALE,College,Prof-specialty,Camping,own-child,5816.7648533448355,3490.073525015569,B,B,A,B,C,10757.97117079832,0
935,167,35,NY,500/1000,500,800.8970978801658,0,FEMALE,High School,Prof-specialty,Reading,wife,98921.41121971274,35237.33065642504,C,C,B,C,B,28088.090649853144,1
936,400,33,CA,250/500,2000,1937.2074195667703,0,MALE,College,Exec-managerial,Reading,other-relative,37294.93616441344,47481.6953566093,B,C,B,B,B,59637.76773314929,0
937,168,23,CA,250/500,1000,590.2632876156536,0,FEMALE,PhD,Craft-repair,Exercise,wife,5127.001923865227,35777.86974577057,B,C,B,B,A,43160.24568604325,0
938,64,19,NY,250/500,1000,1759.8643288894643,0,MALE,College,Machine-op-inspct,Exercise,wife,15964.599206415542,77120.40556685816,B,C,B,A,C,30050.40075625183,1
939,268,37,CA,100/300,1000,1864.6937918753656,0,MALE,JD,Prof-specialty,Reading,own-child,87420.59969165047,28074.7639876993,A,A,A,B,B,33929.40685303913,0
940,465,40,FL,500/1000,1000,829.1431736486194,1000000,MALE,JD,Adm-clerical,Chess,other-relative,20579.86766271329,7489.206455481412,B,A,C,A,B,23756.427000890148,0
941,499,19,CA,100/300,2000,1138.5638856876103,0,FEMALE,Masters,Machine-op-inspct,Chess,wife,46704.20712714693,19914.93604788437,B,A,A,C,B,45060.76011156301,0
942,191,42,CA,100/300,2000,684.5427064511989,0,FEMALE,College,Craft-repair,Camping,not-in-family,66747.4185998129,82006.39627765863,B,A,B,A,C,46178.218501020616,0
943,340,64,IL,100/300,2000,1050.4503614477526,0,MALE,High School,Machine-op-inspct,Chess,not-in-family,96586.77704059234,63591.63128534984,B,B,A,C,B,89656.2145005742,0
944,435,23,NY,500/1000,1000,1185.98383934751,0,FEMALE,Masters,Exec-managerial,Camping,other-relative,1409.2498822351752,57728.453811523,C,A,C,A,C,66966.77643834346,0
945,11,60,TX,500/1000,1000,1264.3524919850684,1000000,MALE,PhD,Craft-repair,Chess,husband,48758.262999809784,53853.75002012827,C,A,B,A,B,63242.48731937776,0
946,319,57,IL,250/500,500,683.6891590882566,0,MALE,PhD,Craft-repair,Chess,not-in-family,99603.18403367781,74904.74956467084,A,B,A,A,A,26554.3737765913,0
947,171,46,FL,100/300,2000,1105.429303130044,1000000,MALE,JD,Machine-op-inspct,Reading,own-child,12172.20231259163,19629.045994455108,B,A,A,A,A,34431.19249362711,0
948,267,26,CA,500/1000,500,1437.7170867971113,0,MALE,Masters,Adm-clerical,Chess,own-child,12371.697025821904,20972.471438229644,C,C,C,C,A,87299.16460578474,1
949,281,26,IL,100/300,1000,1250.2140212966747,0,MALE,PhD,Prof-specialty,Camping,husband,8704.23156525294,13021.001834547307,A,A,C,A,A,56827.425922910974,0
950,297,31,TX,100/300,500,1762.1292671918245,0,MALE,College,Prof-specialty,Movies,wife,50784.40372813484,33931.91292927714,B,C,B,C,B,18427.755408932408,1
951,103,62,FL,500/1000,1000,1926.6065205642576,0,FEMALE,Masters,Prof-specialty,Movies,husband,34841.11974672257,27389.148350916348,B,A,A,C,B,72776.07437149674,0
952,155,32,CA,100/300,500,1725.2809222315466,0,FEMALE,College,Machine-op-inspct,Exercise,husband,71625.40563797162,91516.8681383862,B,C,B,B,C,6890.862739289949,0
953,427,63,CA,250/500,2000,571.0727068366289,2000000,FEMALE,College,Adm-clerical,Camping,own-child,57129.66637556701,1242.905901658764,B,A,A,C,B,89403.0057683498,0
954,216,33,TX,250/500,1000,822.0091205545796,0,MALE,College,Machine-op-inspct,Reading,unmarried,58083.999609145765,47414.515988473984,C,B,A,B,C,54839.51517052126,0
955,468,65,TX,100/300,2000,631.4109800028017,0,MALE,Masters,Prof-specialty,Reading,own-child,51105.90719917193,73065.50981842763,C,C,B,C,A,98057.14942840999,1
956,303,68,TX,250/500,2000,1150.7483300745298,0,MALE,Masters,Prof-specialty,Exercise,husband,99206.49043789179,90660.74970884246,B,A,A,A,A,28002.645013003847,0
957,433,62,FL,100/300,500,1585.7006237105013,0,FEMALE,JD,Prof-specialty,Movies,own-child,53904.90390608613,96604.29536763908,B,C,C,C,A,11484.157483055602,0
958,240,61,FL,250/500,1000,548.533231591594,0,FEMALE,Masters,Adm-clerical,Camping,unmarried,7236.302700397623,6929.776297111923,A,C,A,A,B,49244.98644342891,0
959,266,26,IL,100/300,500,900.5739349381588,0,MALE,High School,Exec-managerial,Chess,husband,32219.463811059435,19508.312559346363,C,A,A,B,A,54991.48043489514,0
960,456,45,TX,250/500,2000,640.8488396272421,0,FEMALE,Masters,Prof-specialty,Exercise,own-child,78067.73907832698,99902.51368878734,B,A,B,B,C,75431.53171300473,0
961,98,21,CA,250/500,1000,1115.1620026018577,0,FEMALE,JD,Prof-specialty,Camping,wife,62845.51964848426,31348.30381285726,A,B,C,C,A,60297.75986623086,1
962,291,57,NY,500/1000,500,1887.9979533935846,0,FEMALE,Masters,Adm-clerical,Chess,husband,68394.77440463385,5558.093216265181,A,A,B,B,C,40511.14090688386,0
963,496,29,CA,100/300,2000,1119.2509623844405,2000000,MALE,High School,Machine-op-inspct,Chess,unmarried,92180.62294417602,93369.55780505373,B,A,B,B,A,19029.044300492602,0
964,156,39,TX,250/500,2000,1452.1018112710387,0,MALE,Masters,Craft-repair,Camping,own-child,44378.028779479304,40340.41401414217,C,A,C,A,A,88863.28562498112,0
965,39,18,CA,500/1000,500,1080.537749635736,0,FEMALE,JD,Craft-repair,Reading,husband,1952.2050414673809,29102.67037681199,A,C,B,A,A,31609.268817326563,0
966,400,61,IL,500/1000,2000,1597.1843913758808,1000000,MALE,High School,Adm-clerical,Camping,own-child,99009.00035103726,15060.595791217413,A,A,B,A,A,21737.334082173194,0
967,292,57,TX,100/300,2000,1614.540891671852,0,MALE,JD,Exec-managerial,Camping,not-in-family,45457.77647676891,42519.71327140601,A,B,A,C,A,26792.7628926717,0
968,367,21,FL,250/500,500,707.0721923819261,0,MALE,PhD,Machine-op-inspct,Reading,other-relative,9761.162500409337,36779.55497203532,A,B,A,B,B,54848.18117074928,0
969,176,59,NY,250/500,500,1479.807580981454,0,MALE,College,Prof-specialty,Exercise,not-in-family,54858.41036589998,92412.89402170155,A,A,C,A,C,1863.2583463949295,0
970,71,50,TX,250/500,2000,1079.5295432134114,2000000,MALE,JD,Machine-op-inspct,Reading,husband,59020.317565099765,21184.396285255112,B,C,C,A,C,77665.60142030187,0
971,180,37,CA,250/500,500,1789.6204510401546,1000000,FEMALE,PhD,Exec-managerial,Chess,husband,56433.341681298385,8646.708938853986,A,B,B,C,B,79324.309457529,0
972,363,52,CA,500/1000,2000,736.7249409745805,1000000,FEMALE,Masters,Prof-specialty,Movies,other-relative,96491.79310250608,27645.294880751804,C,A,C,A,B,87630.62617453707,1
973,110,64,TX,500/1000,1000,1846.1493873298773,0,FEMALE,High School,Adm-clerical,Exercise,own-child,31963.54327276857,54605.79372845413,C,C,A,B,A,81797.05697749072,0
974,324,19,FL,500/1000,2000,1267.283304182975,0,MALE,JD,Adm-clerical,Camping,wife,3451.312659452188,32785.84134612693,A,B,B,A,A,9269.541503434044,0
975,406,27,FL,100/300,500,883.2798766761321,0,MALE,High School,Prof-specialty,Camping,wife,91975.22379008705,31225.360893231093,A,C,C,C,A,53210.053306275244,0
976,53,25,TX,100/300,500,1001.993287521036,0,MALE,PhD,Prof-specialty,Chess,wife,19123.856898485446,39795.90266937102,A,B,B,B,C,17214.514374416976,0
977,137,31,CA,500/1000,2000,507.5163761322118,0,MALE,JD,Adm-clerical,Chess,not-in-family,74944.93803235733,87248.0268624527,B,A,C,A,A,10880.874020089132,0
978,494,44,CA,250/500,2000,1924.8639894463893,0,MALE,Masters,Exec-managerial,Exercise,other-relative,20400.968319872893,66272.552145871,A,A,B,B,B,867.0317418198116,0
979,232,30,FL,250/500,2000,837.4621995303984,0,MALE,Masters,Exec-managerial,Exercise,not-in-family,82897.54485140278,52717.71908991664,B,A,A,B,A,3542.2739443183295,0
980,302,30,CA,500/1000,1000,1864.6050656839052,0,MALE,Masters,Adm-clerical,Exercise,unmarried,90638.25401908961,40293.69971695082,A,C,A,B,B,35542.40468931061,0
981,78,71,NY,250/500,500,1779.4456449427203,0,FEMALE,College,Machine-op-inspct,Chess,husband,10535.670454362778,7037.185645906263,B,B,C,C,A,2316.624784057915,0
982,207,46,NY,250/500,1000,1023.616848453012,0,FEMALE,Masters,Exec-managerial,Movies,not-in-family,14727.454556601082,88453.01988664686,B,B,C,B,A,43122.134916453506,0
983,410,25,NY,100/300,500,816.3677738298327,0,FEMALE,College,Exec-managerial,Reading,unmarried,92528.87543778145,12838.125999021533,A,A,B,C,C,13691.702592595528,1
984,31,41,NY,500/1000,1000,1139.9131916256065,1000000,MALE,JD,Exec-managerial,Chess,not-in-family,77070.4404148307,18648.063537040984,A,B,A,A,B,82515.00680166273,0
985,311,22,IL,100/300,2000,1900.3495264166118,0,MALE,JD,Craft-repair,Movies,husband,3889.687225204197,45014.31964378919,A,A,A,B,B,38514.99848819785,0
986,231,45,NY,100/300,1000,1782.6794399301937,5000000,FEMALE,PhD,Craft-repair,Chess,not-in-family,18219.949317102226,14019.801382181175,A,A,B,C,B,64135.68462093529,0
987,178,19,IL,250/500,2000,1232.9273560305883,0,FEMALE,PhD,Prof-specialty,Reading,not-in-family,41207.621630675465,64008.972760816905,B,A,B,C,C,47520.06966300942,0
988,364,38,CA,500/1000,500,1318.3227758036128,0,FEMALE,High School,Exec-managerial,Exercise,unmarried,86419.8355444172,49432.97641350543,A,C,C,A,A,46018.372007261685,0
989,173,55,FL,500/1000,2000,1112.9694885658519,0,FEMALE,JD,Craft-repair,Movies,unmarried,15105.756794245262,49779.77895073554,C,C,B,A,C,47649.14619787693,0
990,34,44,NY,250/500,500,1917.1339498112543,0,FEMALE,High School,Exec-managerial,Exercise,other-relative,72414.01443642596,96706.32620165694,C,C,C,B,B,28291.170340537275,0
991,484,25,NY,500/1000,500,1983.377071962217,2000000,FEMALE,PhD,Exec-managerial,Reading,other-relative,8371.433638024328,67375.35153193149,A,B,C,C,C,12807.221657363823,0
992,87,29,NY,250/500,2000,933.730065212321,0,FEMALE,High School,Prof-specialty,Chess,unmarried,46716.89714625785,73204.31372916547,B,A,C,C,B,88482.48796052879,1
993,414,27,IL,100/300,500,1924.58128725404,0,FEMALE,PhD,Adm-clerical,Camping,husband,72899.40621682485,60940.7932490873,C,C,C,C,C,75537.37296424322,1
994,114,67,NY,500/1000,500,1925.633405822563,0,FEMALE,College,Adm-clerical,Reading,own-child,6471.342837479155,25952.757904357226,B,C,C,A,B,25452.09919887881,0
995,290,24,IL,100/300,500,1210.1661970158952,0,FEMALE,PhD,Exec-managerial,Reading,unmarried,20423.87174640685,6299.463045171283,A,B,A,B,A,2158.7211400868655,0
996,463,58,NY,100/300,1000,1122.3528279258624,2000000,FEMALE,JD,Prof-specialty,Movies,other-relative,79180.90787677706,56095.06738440109,A,C,B,C,C,53113.108987454005,0
997,103,27,FL,500/1000,1000,1803.9570816103717,0,FEMALE,JD,Craft-repair,Camping,husband,16351.855479529599,44652.20999286834,A,C,B,B,B,9414.419304098918,0
998,189,46,NY,250/500,500,1914.5873519240681,0,MALE,College,Machine-op-inspct,Movies,own-child,66753.57253313597,12312.046824433986,C,C,C,C,B,71250.68482167597,1
999,163,42,IL,100/300,1000,1103.569220872056,1000000,MALE,College,Prof-specialty,Movies,unmarried,64218.66871377973,85951.40571665387,A,C,A,B,A,30974.82495278504,0
1000,75,43,FL,500/1000,1000,1238.302879573503,0,FEMALE,PhD,Exec-managerial,Exercise,not-in-family,52039.374462287145,49676.54303919863,B,A,C,C,B,58991.532762393756,0
1001,187,69,CA,500/1000,2000,1001.3487907247084,1000000,FEMALE,JD,Adm-clerical,Reading,not-in-family,20171.05401579825,45380.92690727309,B,A,C,A,B,44242.28082908213,1
1002,79,43,CA,250/500,2000,813.4165135479695,0,FEMALE,PhD,Craft-repair,Reading,other-relative,41694.016743963206,41736.41100123247,B,A,C,C,B,9387.55149661018,0
1003,304,23,FL,100/300,500,1994.320613637066,0,MALE,PhD,Prof-specialty,Reading,wife,62176.811411152354,73775.67800012334,A,C,B,A,B,97835.9670426516,1
1004,324,39,CA,250/500,2000,783.2446709082782,0,MALE,College,Adm-clerical,Camping,husband,88172.42737249169,5176.970575784201,B,A,A,B,B,624.0247408673305,0
1005,110,56,FL,500/1000,500,1721.2673759901593,0,MALE,PhD,Prof-specialty,Exercise,own-child,79785.51459498848,21531.151471514764,C,B,A,C,C,93323.49843456068,0
1006,452,29,NY,500/1000,500,1130.8755944298568,0,MALE,PhD,Machine-op-inspct,Camping,other-relative,60734.46546727854,90232.23420348411,C,A,A,A,C,69973.9908028166,0
1007,19,24,CA,250/500,2000,625.496206343302,1000000,MALE,College,Prof-specialty,Chess,wife,22847.09558036293,4017.8662571998757,B,C,C,B,C,55042.57921531857,0
1008,175,43,TX,100/300,2000,987.3957125843648,0,MALE,College,Machine-op-inspct,Movies,unmarried,21669.93632051556,61074.9441639088,C,A,A,A,C,82927.18553511468,0
1009,421,30,TX,250/500,2000,624.6990670703251,0,FEMALE,Masters,Craft-repair,Movies,husband,81388.72630116834,24132.37176012504,B,A,A,B,C,3345.0240237135886,0
1010,227,35,FL,100/300,500,1972.9245727018201,0,FEMALE,PhD,Exec-managerial,Camping,own-child,66442.21013778957,54048.77792789614,C,B,A,C,C,14143.550675100081,0
1011,383,22,TX,100/300,500,897.8005818782764,2000000,FEMALE,Masters,Exec-managerial,Camping,other-relative,35806.0520200023,53111.19886228878,C,B,A,A,B,60151.99433586275,0
1012,182,48,FL,500/1000,1000,1619.0543478274594,0,FEMALE,College,Machine-op-inspct,Movies,not-in-family,97148.12477204487,65625.87165099794,A,C,B,C,A,53489.72720386469,0
1013,95,34,CA,500/1000,500,1138.4274755863216,1000000,MALE,JD,Craft-repair,Exercise,unmarried,88976.0777472014,17175.273785851517,B,A,B,C,A,55184.49135042666,0
1014,359,32,FL,250/500,2000,1519.1378722265313,1000000,MALE,Masters,Prof-specialty,Exercise,other-relative,67151.16985589643,64080.33629006539,B,B,A,C,A,85443.89405167139,0
1015,266,51,FL,100/300,500,882.6100241296729,0,FEMALE,High School,Prof-specialty,Movies,wife,36922.971394126514,78164.4811541781,C,A,B,B,A,66785.41542206473,0
1016,330,39,NY,250/500,2000,641.208182565686,0,MALE,High School,Craft-repair,Chess,not-in-family,30875.658452875075,17572.501484439017,C,B,C,B,B,35709.78213621386,0
1017,490,22,CA,100/300,2000,1712.8219060305125,2000000,FEMALE,Masters,Machine-op-inspct,Camping,unmarried,93938.38112129302,78943.00984357604,A,A,A,C,B,60943.871396458206,0
1018,176,73,FL,250/500,500,1575.0738983688434,0,FEMALE,High School,Machine-op-inspct,Reading,other-relative,44346.615551571456,12177.222019899426,B,B,C,C,C,69803.81418974191,0
1019,475,33,CA,250/500,2000,664.1080930699272,0,FEMALE,JD,Exec-managerial,Chess,husband,80001.71549321346,26277.785882307082,A,B,C,C,C,19722.136573041007,0
1020,11,50,TX,250/500,500,1596.421482854464,1000000,MALE,PhD,Exec-managerial,Exercise,husband,93972.2079258337,36181.54013093856,C,A,A,A,B,3132.6902059503846,1
1021,173,58,FL,500/1000,2000,1396.4609745104963,0,FEMALE,JD,Craft-repair,Reading,own-child,49200.669647442715,31132.94337611662,C,C,A,A,B,50628.43292274022,0
1022,30,21,TX,250/500,500,757.2328513616743,0,FEMALE,High School,Prof-specialty,Reading,husband,65310.84054756432,73380.14008129244,A,B,B,B,C,67666.18808572744,0
1023,295,50,NY,250/500,1000,1738.4090819336975,0,FEMALE,PhD,Adm-clerical,Chess,husband,8625.533423692721,26890.882748236832,C,C,B,B,A,86936.13514998129,1
1024,93,45,NY,100/300,500,1548.3496107429373,1000000,FEMALE,High School,Machine-op-inspct,Chess,own-child,65258.141426101014,75073.33837776438,C,B,A,A,C,58416.388065239735,0
1025,339,28,CA,500/1000,2000,1260.228777350916,0,MALE,Masters,Craft-repair,Camping,unmarried,21508.35294600133,5711.212090911111,B,C,A,B,A,58921.68060053341,0
1026,282,22,NY,100/300,2000,767.9522392144029,0,MALE,JD,Adm-clerical,Chess,not-in-family,67052.52594579222,31857.785461210377,C,C,C,B,C,50896.299495661944,0
1027,152,59,FL,250/500,500,1310.2467415506474,2000000,FEMALE,PhD,Craft-repair,Movies,other-relative,10104.554617113527,91276.6053869786,B,B,C,A,A,92502.1559610837,0
1028,433,58,CA,250/500,2000,744.0648868199495,0,FEMALE,College,Prof-specialty,Exercise,unmarried,49520.8192020265,38553.75757828557,C,B,B,B,C,85996.11269415892,0
1029,353,24,TX,250/500,1000,775.9283591553973,0,MALE,JD,Adm-clerical,Camping,other-relative,52101.689846312125,47029.118127432455,B,A,A,A,A,51059.84856205483,0
1030,34,68,IL,500/1000,500,862.0147723764085,1000000,FEMALE,College,Machine-op-inspct,Camping,husband,48351.93912734855,75285.17908554566,C,B,B,C,A,67832.97786813306,0
1031,426,41,NY,100/300,1000,1481.7677182853517,0,FEMALE,Masters,Craft-repair,Movies,wife,75672.41525700655,5380.703032568313,B,C,B,B,C,65410.53999229481,1
1032,179,61,FL,500/1000,1000,1519.4829416140835,0,MALE,High School,Craft-repair,Reading,own-child,75452.06009562039,70059.36168477307,B,A,C,C,A,25160.78170833495,0
1033,388,67,TX,250/500,500,609.1422883031881,1000000,MALE,Masters,Exec-managerial,Chess,not-in-family,70637.78500087716,6442.292460161348,B,A,C,B,B,24128.65753371234,0
1034,487,21,IL,100/300,1000,1476.3445882595129,0,FEMALE,College,Prof-specialty,Reading,unmarried,63163.05095509239,55256.06853875761,B,A,B,C,B,99908.41452188698,0
1035,38,29,CA,250/500,2000,551.895133232114,5000000,FEMALE,PhD,Craft-repair,Exercise,other-relative,90439.21472155623,61150.65623762056,A,A,B,A,B,82357.86748894474,1
1036,190,72,FL,250/500,1000,1857.480207582512,0,FEMALE,Masters,Machine-op-inspct,Exercise,wife,57563.88452699208,14464.108278892518,B,C,B,B,B,74746.40604043288,0
1037,327,21,IL,500/1000,2000,1667.997402499369,0,FEMALE,High School,Adm-clerical,Camping,other-relative,34832.15455468148,85093.80673952533,C,B,C,A,B,92500.27674732936,1
1038,146,42,FL,250/500,1000,1586.587156998667,5000000,MALE,PhD,Exec-managerial,Chess,own-child,5918.881400386588,56893.27199322849,A,C,B,B,A,73038.31654627355,0
1039,106,20,TX,250/500,500,858.8136079778618,0,FEMALE,PhD,Adm-clerical,Reading,unmarried,53581.4949215309,15476.777955644717,C,C,C,C,C,80443.849099019,0
1040,145,34,TX,250/500,2000,1981.3369713192362,0,FEMALE,High School,Adm-clerical,Chess,not-in-family,22774.2177711455,86087.70555426113,C,B,A,A,B,29180.895000046105,0
1041,117,43,NY,250/500,1000,1886.4752077333383,1000000,FEMALE,PhD,Exec-managerial,Camping,own-child,38696.253903844416,82478.62241389779,A,A,A,B,B,51035.55204887373,0
1042,207,67,TX,100/300,2000,1234.8858748392358,0,MALE,JD,Craft-repair,Camping,not-in-family,4994.6010539901445,67070.9447867133,B,C,B,A,C,43023.038052896336,0
1043,466,26,CA,250/500,500,552.0322898149203,0,FEMALE,PhD,Prof-specialty,Reading,unmarried,64087.66799844925,40548.22376171888,A,A,B,A,A,32931.22477758656,0
1044,78,63,CA,500/1000,2000,1267.0860698746437,0,FEMALE,College,Prof-specialty,Chess,own-child,88668.92757900912,49418.51981339501,C,B,C,A,A,74316.73732099225,0
1045,476,30,FL,500/1000,2000,730.9663508206588,0,MALE,JD,Adm-clerical,Movies,unmarried,32514.09869269609,70343.4026198958,A,A,A,C,C,46050.04622618439,0
1046,334,22,CA,100/300,2000,1389.0462799730678,0,MALE,Masters,Adm-clerical,Exercise,husband,80487.62941033702,30036.899740577206,B,B,A,C,C,91557.4319940721,0
1047,379,64,TX,250/500,1000,1979.8787682216123,0,FEMALE,PhD,Prof-specialty,Exercise,unmarried,12630.484108269291,59541.85732832885,B,A,B,B,A,40251.61910427632,0
1048,284,70,IL,500/1000,1000,1635.385705845165,0,FEMALE,High School,Machine-op-inspct,Exercise,husband,72313.80833827074,62204.18309239443,A,B,C,A,A,44127.55567636017,0
1049,272,22,CA,500/1000,2000,983.3880832999921,0,MALE,JD,Machine-op-inspct,Camping,wife,7976.023358783046,22209.744982388267,C,B,C,A,A,89100.56999763878,0
1050,14,29,TX,500/1000,500,1091.2389940540024,0,FEMALE,PhD,Adm-clerical,Movies,unmarried,25863.101020692957,12864.441782589476,B,B,B,B,A,3440.9438054071816,1
1051,167,45,TX,250/500,2000,1916.8626995062712,1000000,MALE,College,Prof-specialty,Camping,other-relative,36024.125629092705,16479.557360846553,B,A,C,C,A,51971.1088174293,0
1052,74,27,FL,100/300,2000,665.2474939704248,0,FEMALE,PhD,Exec-managerial,Reading,unmarried,15678.840222000079,2115.415091822559,C,C,C,B,A,25287.85771749086,0
1053,258,18,FL,100/300,1000,1835.2445492255492,0,MALE,PhD,Craft-repair,Chess,unmarried,18449.73240547978,75110.4900177543,A,A,B,B,A,43218.375018075036,0
1054,460,52,CA,100/300,2000,611.7999651080523,1000000,MALE,JD,Exec-managerial,Chess,wife,69892.56603131765,80945.74285288814,B,A,B,A,B,67000.57107495474,1
1055,165,45,CA,500/1000,2000,1121.978087893992,1000000,MALE,College,Machine-op-inspct,Chess,other-relative,9576.780501421967,79960.67925057691,C,A,B,A,A,62145.51459177668,0
1056,392,68,TX,100/300,500,1618.1762503187565,1000000,MALE,PhD,Machine-op-inspct,Chess,husband,93390.7471392305,92998.51457971391,A,A,A,B,C,34405.77509121106,0
1057,374,19,CA,500/1000,500,1092.6003386075436,1000000,FEMALE,JD,Machine-op-inspct,Camping,not-in-family,76836.27890495514,8477.082956326976,C,C,B,A,A,32174.40813846292,0
1058,467,40,IL,100/300,2000,1356.6802175608673,2000000,FEMALE,High School,Adm-clerical,Chess,unmarried,35673.367910918045,93068.52906076942,C,C,A,C,B,36978.65718498804,0
1059,124,22,NY,500/1000,2000,1236.1696588717573,1000000,MALE,PhD,Adm-clerical,Reading,unmarried,62876.08157988112,50185.41446434782,C,B,A,B,A,74060.18834369826,0
1060,245,50,NY,250/500,500,1406.9657532766719,0,FEMALE,Masters,Exec-managerial,Movies,other-relative,71941.60700822073,39336.93251422982,A,C,B,A,B,44922.11402752378,0
1061,175,48,TX,500/1000,500,756.4067544640868,0,MALE,High School,Exec-managerial,Camping,wife,59448.42604323079,14185.844505568157,A,B,C,C,B,15002.2456565632,1
1062,473,32,NY,100/300,2000,1367.1372929485774,0,FEMALE,PhD,Exec-managerial,Reading,other-relative,61825.729644471474,48325.10238173755,C,C,C,C,B,91838.35473285636,0
1063,56,18,TX,500/1000,2000,1980.8965611022456,0,FEMALE,High School,Machine-op-inspct,Reading,not-in-family,91596.88960838075,68170.37367289452,A,B,A,A,B,34607.58164432849,0
1064,203,69,TX,250/500,2000,790.836558980196,0,FEMALE,Masters,Craft-repair,Exercise,other-relative,88109.40194066601,8892.492322650181,C,A,C,A,B,45949.26215604828,0
1065,176,46,IL,100/300,1000,600.4235387468874,1000000,FEMALE,High School,Craft-repair,Movies,own-child,91380.49799405265,97779.81967996247,A,C,A,B,A,51035.76924110619,1
1066,222,41,FL,250/500,500,1087.6857398628676,0,MALE,PhD,Prof-specialty,Exercise,husband,88521.08667645778,91677.27014834617,C,B,B,C,A,71711.86233183216,0
1067,385,26,CA,100/300,500,1061.543295949395,1000000,FEMALE,Masters,Prof-specialty,Chess,wife,68539.34966997446,88724.29551305786,B,C,A,B,B,28907.48015859052,1
1068,416,52,IL,250/500,1000,688.6057872601149,0,MALE,College,Machine-op-inspct,Reading,unmarried,49175.54128635001,40956.538491480176,C,C,A,B,B,77212.49107406598,1
1069,271,33,FL,100/300,500,1357.213377750188,0,FEMALE,JD,Prof-specialty,Exercise,wife,48738.35844993813,85597.60808898241,A,A,C,C,C,788.8623576438158,0
1070,260,25,TX,250/500,1000,1156.3883799606851,0,FEMALE,JD,Craft-repair,Reading,not-in-family,77156.13880569651,12543.644667996157,B,C,A,C,B,74246.43061783792,0
1071,436,25,IL,100/300,500,1755.3295262199917,0,FEMALE,PhD,Adm-clerical,Chess,not-in-family,92395.42117043561,91075.61874640427,B,C,C,A,C,17206.666256627912,1
1072,208,40,TX,500/1000,2000,1134.435915329735,1000000,MALE,JD,Machine-op-inspct,Chess,wife,8805.949903097877,85466.7867727007,C,A,A,B,A,18959.109221213344,0
1073,62,64,NY,250/500,1000,1978.4946793302731,5000000,FEMALE,JD,Adm-clerical,Movies,not-in-family,87682.62003681346,58716.507626568615,B,C,B,C,C,54379.80851974567,1
1074,240,61,TX,100/300,1000,1669.7732673845335,0,FEMALE,PhD,Prof-specialty,Chess,other-relative,84967.83998624497,66234.23546276879,B,A,B,C,A,31089.87301864135,0
1075,55,34,NY,100/300,2000,1231.1758346569065,0,MALE,PhD,Adm-clerical,Movies,unmarried,8759.015409286076,35071.690317769244,C,B,C,C,C,14318.690889141491,1
1076,231,44,TX,500/1000,1000,1328.292241092149,0,MALE,High School,Exec-managerial,Chess,unmarried,65654.71416332517,94883.89936827343,B,C,C,A,C,18571.07301706777,0
1077,415,46,TX,250/500,500,1800.1259126233927,0,FEMALE,JD,Machine-op-inspct,Chess,own-child,97189.02454622422,6676.235395712871,C,A,A,A,A,90904.48141278166,0
1078,398,28,FL,100/300,1000,1661.2310578363695,1000000,MALE,High School,Machine-op-inspct,Movies,unmarried,85165.74545007058,89099.95481340375,B,C,C,C,A,70912.65590134196,0
1079,188,40,TX,100/300,2000,1486.6034273021332,5000000,FEMALE,JD,Prof-specialty,Exercise,own-child,6284.269172765711,26144.343638609036,A,A,C,C,B,15906.391362738364,1
1080,267,21,TX,500/1000,1000,900.2148896860665,0,MALE,JD,Craft-repair,Camping,not-in-family,92518.6823567795,80508.9995024869,C,A,A,C,B,80627.99112574004,0
1081,400,34,TX,500/1000,500,1115.5204792777552,0,FEMALE,College,Adm-clerical,Exercise,not-in-family,17308.4904978271,4942.771935755796,A,B,A,B,B,95719.87820262443,0
1082,137,28,CA,250/500,2000,1680.7771727566933,0,MALE,JD,Adm-clerical,Chess,other-relative,7247.574533276269,24427.973463238584,A,C,B,A,C,10672.523301132009,0
1083,345,25,CA,250/500,1000,1441.1979170254458,1000000,FEMALE,PhD,Adm-clerical,Reading,husband,22783.918035529692,19780.037145958908,C,C,B,A,A,71137.33379460644,1
1084,171,68,IL,500/1000,1000,1934.7489907187453,2000000,FEMALE,JD,Adm-clerical,Camping,not-in-family,48323.87480096533,97826.33154054667,B,A,B,C,A,27330.748713859834,0
1085,219,43,FL,250/500,2000,1809.326392757627,1000000,MALE,Masters,Prof-specialty,Chess,wife,81522.52346035467,20978.026768117576,C,B,A,B,C,53924.80306347824,1
1086,411,69,CA,500/1000,2000,1140.6401613487114,0,MALE,College,Adm-clerical,Movies,wife,26711.915241515282,37110.099929786746,B,C,C,B,C,23286.27277126994,0
1087,214,66,IL,500/1000,500,940.7261326686162,0,FEMALE,High School,Exec-managerial,Reading,unmarried,39025.213169859795,29805.00174434718,C,C,B,A,C,14695.964094683888,0
1088,275,25,IL,100/300,1000,686.1029515321045,1000000,FEMALE,JD,Adm-clerical,Camping,unmarried,14107.822301754213,98591.69543459818,C,A,B,B,B,55368.12162038917,0
1089,336,25,IL,250/500,2000,1111.4419649377319,2000000,MALE,JD,Exec-managerial,Camping,wife,29155.13178579293,61587.30811839028,A,C,C,A,C,83243.33784757595,0
1090,435,24,FL,100/300,500,840.0235103365148,2000000,MALE,High School,Adm-clerical,Camping,husband,90207.02876986057,35972.761890419024,C,B,A,C,A,96583.68989938495,1
1091,491,68,NY,500/1000,2000,525.0588580658552,0,FEMALE,College,Craft-repair,Reading,husband,68079.34985798936,90790.00965524412,A,C,A,B,B,81015.20020715297,0
1092,391,51,FL,500/1000,1000,707.3213118609374,0,FEMALE,High School,Adm-clerical,Reading,husband,67392.40176456854,70722.73796053117,A,C,B,C,B,26395.081264210843,0
1093,250,49,IL,250/500,1000,1179.5172676314141,0,FEMALE,JD,Machine-op-inspct,Movies,unmarried,24984.038290479148,70347.67000097099,A,A,A,C,C,63935.639278749484,0
1094,113,30,TX,250/500,500,1838.6248553627734,0,FEMALE,High School,Adm-clerical,Reading,not-in-family,14621.513084975857,48638.71098431661,A,A,B,C,C,14106.834425161514,0
1095,462,53,IL,500/1000,500,981.4392020234741,0,FEMALE,High School,Craft-repair,Reading,unmarried,88742.81590558046,49781.10341030172,C,B,B,A,B,41555.95352857958,0
1096,488,35,TX,500/1000,2000,1161.6802414042054,0,MALE,JD,Adm-clerical,Exercise,not-in-family,94364.66076610751,73074.08559666829,A,C,C,C,B,15303.67427201448,0
1097,214,30,FL,250/500,1000,1076.1092290894962,2000000,MALE,College,Craft-repair,Movies,husband,5358.23328069166,1011.4602105422921,B,A,B,A,C,77243.67717244713,1
1098,116,47,NY,500/1000,1000,1053.4622368856617,1000000,FEMALE,PhD,Exec-managerial,Movies,wife,53016.18367140484,43727.78216176404,B,B,C,C,B,15392.150446911637,1
1099,461,18,CA,250/500,1000,1583.9582823872197,0,FEMALE,College,Prof-specialty,Camping,own-child,43981.98419697087,98123.95283430349,A,B,A,C,B,74316.00154848624,1
1100,359,74,CA,100/300,500,1259.046924147643,0,MALE,PhD,Prof-specialty,Chess,wife,73840.34873833199,65373.6310790758,B,C,B,A,A,10617.603241207793,1
1101,365,70,NY,100/300,500,1112.6642597733028,5000000,FEMALE,JD,Exec-managerial,Camping,not-in-family,30179.484125787338,37883.659261754336,B,B,C,B,C,54651.89028870252,0
1102,282,52,TX,500/1000,1000,1914.9836827372858,0,FEMALE,JD,Adm-clerical,Movies,own-child,62057.753219719954,17010.972982072715,B,C,A,A,A,21081.767026204172,0
1103,490,20,TX,500/1000,1000,914.4312184852787,0,FEMALE,PhD,Machine-op-inspct,Movies,not-in-family,8258.274729770754,35868.63328220079,A,A,C,B,B,15332.771937332727,0
1104,204,47,NY,250/500,2000,1749.274739324863,0,FEMALE,JD,Machine-op-inspct,Chess,husband,82295.40106486173,47991.07295246163,B,C,C,B,B,44046.942749361726,0
1105,294,65,NY,250/500,500,1272.508753807003,0,FEMALE,JD,Craft-repair,Chess,unmarried,23869.706503922316,63070.25997414607,C,B,C,A,A,96379.89139089164,0
1106,362,42,IL,100/300,2000,1162.5332633219164,0,MALE,PhD,Adm-clerical,Chess,husband,31392.594204437384,98313.35836513722,C,C,A,B,B,9171.963403313748,0
1107,88,50,FL,500/1000,500,594.448688970358,0,FEMALE,High School,Craft-repair,Chess,other-relative,37824.293940541895,49615.42661804266,B,A,B,C,A,44679.225328372224,0
1108,217,33,IL,100/300,2000,1787.7385644113208,0,MALE,College,Adm-clerical,Camping,unmarried,20661.581523005203,36360.69506611186,C,A,A,C,B,9713.025697788353,0
1109,318,66,IL,250/500,2000,905.9937204857963,0,FEMALE,College,Adm-clerical,Reading,own-child,80889.80237395733,25379.205027594155,C,B,B,A,C,24742.47277914874,0
1110,491,20,FL,500/1000,2000,1519.0340326200342,0,MALE,Masters,Adm-clerical,Camping,unmarried,6867.4439581654315,76606.90668692796,C,A,B,A,A,27578.302373261333,1
1111,74,64,CA,250/500,1000,1811.7173780923065,0,MALE,JD,Machine-op-inspct,Chess,husband,93353.28026593413,46381.44080461429,A,C,C,B,B,50941.041481477274,0
1112,293,46,FL,100/300,2000,1304.2055914280118,0,FEMALE,High School,Craft-repair,Camping,own-child,93059.2637432326,72514.07115464938,A,C,A,B,B,78338.29763319835,1
1113,72,31,CA,500/1000,500,1461.0015724040347,2000000,FEMALE,High School,Exec-managerial,Camping,other-relative,82736.2314403796,28365.880989417437,B,A,B,B,B,33787.72566951456,0
1114,362,60,FL,250/500,2000,1010.273118524939,0,FEMALE,JD,Exec-managerial,Camping,wife,95214.57629990384,37129.0628157018,C,B,B,C,B,78132.56054659671,0
1115,224,62,CA,250/500,1000,1589.8085754146282,0,MALE,College,Prof-specialty,Chess,other-relative,76114.2041686043,95571.95077280913,C,B,C,A,A,2109.0751443893796,0
1116,178,22,TX,100/300,1000,1484.9052215832116,0,FEMALE,Masters,Machine-op-inspct,Chess,wife,56258.21056569451,23343.87292915827,A,A,A,B,A,6027.233970600729,0
1117,79,61,TX,100/300,1000,1167.1791208100583,0,MALE,Masters,Exec-managerial,Chess,unmarried,72162.16098247927,31859.176614532502,A,B,C,C,C,17363.426855952486,0
1118,240,34,FL,500/1000,1000,1451.9032339173289,0,FEMALE,Masters,Exec-managerial,Exercise,husband,395.0157501422469,50880.25114654967,B,C,B,B,A,45054.380184225316,0
1119,211,70,NY,100/300,2000,893.9894435498143,0,MALE,PhD,Craft-repair,Reading,husband,68542.39812870193,52580.68474853408,B,B,B,C,A,37099.6737739096,0
1120,390,46,TX,250/500,2000,1486.7306416556985,0,FEMALE,PhD,Prof-specialty,Movies,wife,4202.691001778913,6653.8857404202845,B,B,A,C,C,72519.92800122811,0
1121,160,38,FL,500/1000,500,1509.1122573496227,5000000,FEMALE,JD,Craft-repair,Exercise,husband,88765.03223519317,97149.45137677321,B,A,B,A,C,99286.46500841489,1
1122,76,23,FL,250/500,500,1167.3315824625727,2000000,FEMALE,Masters,Machine-op-inspct,Exercise,unmarried,89652.59731445467,30264.944218549404,A,A,A,A,B,79915.15368999341,0
1123,430,41,TX,500/1000,2000,874.0602026508233,1000000,MALE,High School,Craft-repair,Exercise,other-relative,11432.002385216467,5371.0687738469205,A,C,C,B,C,81852.68776946957,0
1124,34,66,FL,250/500,500,1704.598947371181,0,MALE,PhD,Adm-clerical,Exercise,unmarried,67962.9750645103,25490.491213147816,C,A,C,B,A,98785.23800411237,0
1125,67,45,NY,100/300,500,1631.190767359297,2000000,MALE,PhD,Craft-repair,Camping,unmarried,66814.37534953978,39959.64836211322,A,A,B,A,B,46543.88476933936,1
1126,62,74,CA,100/300,500,585.6377810725146,2000000,FEMALE,JD,Machine-op-inspct,Exercise,other-relative,49808.166434841085,23155.57033837077,A,B,C,A,B,96672.78173526895,0
1127,350,74,FL,500/1000,500,1241.4023274400847,0,FEMALE,PhD,Prof-specialty,Reading,not-in-family,2502.364079812669,15495.89983441907,C,C,A,C,A,58615.897877199306,0
1128,93,34,TX,250/500,1000,638.1664359655199,0,FEMALE,JD,Craft-repair,Chess,own-child,11410.349766627858,50701.75721591667,C,B,B,B,A,67837.56358891334,0
1129,130,71,NY,100/300,500,979.3441374493584,0,MALE,High School,Exec-managerial,Movies,own-child,65927.55405868856,79641.38022513468,C,B,C,B,B,3453.922400867559,0
1130,296,59,NY,100/300,2000,1133.3587229060604,0,MALE,JD,Machine-op-inspct,Reading,wife,52961.7917557417,70485.612960725,C,A,A,C,B,47093.89059158333,0
1131,90,39,FL,100/300,2000,765.3293345861794,0,FEMALE,Masters,Exec-managerial,Exercise,wife,4625.639983611052,42543.45850248433,A,A,B,B,A,97500.89210122034,0
1132,415,41,IL,500/1000,500,1203.3535858812493,0,FEMALE,PhD,Craft-repair,Chess,own-child,51755.675224781975,12387.1291670268,C,B,B,B,B,93231.39070252862,0
1133,430,57,TX,100/300,1000,1559.3317963420045,0,FEMALE,College,Prof-specialty,Exercise,not-in-family,84923.64150645108,95488.94498272901,C,C,B,B,B,38969.72048230163,0
1134,165,35,NY,250/500,1000,1155.4482338692342,1000000,FEMALE,JD,Prof-specialty,Movies,own-child,89046.85381993311,33671.66179337414,C,C,B,C,A,57358.875518047615,1
1135,377,45,TX,500/1000,1000,851.2096867739907,2000000,MALE,High School,Craft-repair,Exercise,unmarried,69698.77691487034,10312.866295073674,A,A,C,A,C,84934.26065888215,0
1136,261,74,FL,500/1000,500,1122.227395413432,0,FEMALE,Masters,Machine-op-inspct,Camping,husband,66264.42687385865,33647.29719930436,C,C,C,B,B,31739.796276931193,0
1137,376,27,FL,500/1000,2000,1388.6101973349075,1000000,FEMALE,JD,Adm-clerical,Camping,wife,76910.66319882606,69706.647053331,B,A,B,B,A,22166.430115942178,0
1138,445,18,IL,500/1000,500,1904.588475652867,1000000,FEMALE,Masters,Craft-repair,Exercise,husband,13341.392226251459,25104.54619203085,C,B,A,B,A,15243.949306651812,0
1139,7,54,IL,500/1000,2000,1249.1671881409784,0,MALE,High School,Craft-repair,Chess,other-relative,19019.522247307552,18294.126746372807,A,C,A,C,A,13089.949600636357,0
1140,309,43,FL,500/1000,2000,1831.7944938948667,2000000,MALE,Masters,Prof-specialty,Movies,own-child,48573.53387474641,26362.026998393307,C,A,B,B,B,89220.96066135945,1
1141,87,67,CA,100/300,1000,1976.8339554217928,0,FEMALE,High School,Craft-repair,Exercise,unmarried,45102.266186430876,55173.246386775696,C,C,C,B,B,58163.37013513502,0
1142,462,43,CA,500/1000,500,1338.527644991982,2000000,MALE,PhD,Craft-repair,Movies,other-relative,18436.082528888743,87458.21218849346,C,A,B,C,C,53843.12250899846,0
1143,408,50,NY,100/300,2000,720.6033595266592,2000000,MALE,Masters,Prof-specialty,Exercise,wife,67825.89082291228,13208.61266891633,C,C,A,C,B,17698.706337947897,0
1144,154,72,IL,250/500,2000,1812.9694147800144,0,MALE,College,Prof-specialty,Movies,unmarried,74108.60740759435,14377.001445053727,A,C,C,B,A,40014.00110975993,0
1145,491,26,NY,100/300,2000,1793.5344564661434,0,FEMALE,College,Machine-op-inspct,Exercise,other-relative,27084.386493381717,42847.98053670454,A,A,A,A,A,99050.16785434134,0
1146,268,35,TX,500/1000,2000,1802.8408654431,0,MALE,College,Exec-managerial,Camping,other-relative,31293.708588222315,12538.733590618845,C,B,C,C,A,48482.924795433806,0
1147,211,73,FL,250/500,2000,1925.8236056372723,0,FEMALE,JD,Craft-repair,Exercise,husband,25733.007951765176,97915.10397384565,C,A,C,A,A,5894.89432396459,0
1148,132,22,FL,500/1000,1000,914.6531874617307,2000000,FEMALE,PhD,Adm-clerical,Camping,own-child,27860.357974411563,87864.13695486788,A,B,C,A,C,40113.93437669149,1
1149,485,39,CA,500/1000,1000,1000.1458335115467,1000000,FEMALE,PhD,Adm-clerical,Chess,not-in-family,36467.24207201682,6476.764281461078,B,A,C,B,C,5883.408295421258,0
1150,326,27,NY,500/1000,2000,1530.6454869806137,0,FEMALE,High School,Craft-repair,Exercise,unmarried,44109.09912908646,90687.20141639392,C,B,C,A,A,65288.49062982107,0
1151,57,31,NY,100/300,500,1345.8550215941477,2000000,MALE,High School,Craft-repair,Movies,unmarried,48418.41389140441,28444.720736573912,C,B,C,A,A,42223.67213440626,0
1152,452,29,TX,250/500,2000,1802.5536554950208,0,MALE,JD,Prof-specialty,Chess,not-in-family,48490.78331474229,32295.22408313843,A,A,B,B,B,15642.258933874446,0
1153,155,49,NY,250/500,500,881.7594419245031,0,FEMALE,Masters,Machine-op-inspct,Camping,unmarried,61727.962186307115,33846.88377760139,C,B,A,C,B,84783.49651424197,0
1154,36,56,TX,250/500,2000,1487.614143835111,0,MALE,JD,Machine-op-inspct,Chess,other-relative,34410.15666069881,7000.109590692716,B,B,B,C,A,59180.750198989044,0
1155,220,62,NY,100/300,1000,1910.6147812017014,0,MALE,College,Prof-specialty,Exercise,not-in-family,50341.63260714226,77862.00598438743,B,A,B,A,B,48777.00438080136,1
1156,233,53,IL,100/300,1000,823.8077703203201,0,MALE,PhD,Adm-clerical,Reading,own-child,50609.79823409827,18251.09602636371,A,B,B,C,C,79305.92267315982,0
1157,420,68,FL,100/300,500,960.3194572013482,5000000,FEMALE,High School,Exec-managerial,Exercise,unmarried,9669.07698514935,20802.196046585053,B,B,B,B,B,57612.89125775051,0
1158,122,67,TX,100/300,2000,1111.126663726774,0,FEMALE,High School,Adm-clerical,Camping,other-relative,62935.19926155654,76860.6020508536,B,B,A,B,B,6993.15398213424,0
1159,134,64,FL,250/500,2000,630.641874924783,0,FEMALE,PhD,Adm-clerical,Chess,own-child,27816.76579940593,6018.970360267984,A,A,B,A,C,26158.94456042837,0
1160,429,32,FL,100/300,1000,765.3045644876358,0,FEMALE,College,Exec-managerial,Reading,other-relative,4696.162471965448,33596.12139706649,C,A,C,B,C,57566.50573414918,0
1161,89,50,NY,500/1000,500,1073.1404446306665,2000000,MALE,College,Exec-managerial,Movies,unmarried,64710.1121753918,56107.7871780677,A,B,A,B,A,10997.688510494147,0
1162,238,33,NY,250/500,2000,611.5900689838967,2000000,MALE,College,Machine-op-inspct,Chess,husband,4841.778108888339,11578.872570757925,C,B,C,B,C,25381.1936371884,1
1163,185,21,TX,100/300,500,1043.9669858500079,0,MALE,PhD,Exec-managerial,Chess,not-in-family,44188.19579871304,42539.30023117506,A,C,B,B,B,60840.665174889575,0
1164,82,71,CA,100/300,1000,866.2126806496995,2000000,MALE,JD,Prof-specialty,Exercise,not-in-family,62114.968287346586,35376.66944184492,A,C,B,A,B,92596.93775847809,0
1165,73,68,CA,500/1000,2000,1796.7659162141513,0,FEMALE,College,Exec-managerial,Movies,unmarried,99858.60147261964,32169.6064871972,A,B,C,B,C,73361.80935223456,0
1166,183,20,FL,500/1000,2000,1412.7403123921558,0,MALE,JD,Adm-clerical,Reading,wife,51512.74120419268,27043.13494399124,C,C,B,C,A,51002.839782500145,0
1167,361,43,CA,500/1000,500,1847.7350438128337,0,MALE,Masters,Prof-specialty,Chess,wife,31819.619532892717,33912.995479552555,C,C,B,B,B,21585.18189319604,0
1168,467,73,IL,500/1000,1000,804.3304660225639,0,MALE,High School,Exec-managerial,Exercise,husband,49201.44574053217,39191.87981435147,A,A,B,A,B,19663.082319540717,0
1169,109,54,NY,250/500,1000,622.4863127700935,2000000,FEMALE,JD,Machine-op-inspct,Exercise,unmarried,19570.380512734853,12818.160774342236,B,A,B,A,A,77724.44825518731,0
1170,350,51,FL,500/1000,500,1031.0707991852453,1000000,FEMALE,Masters,Machine-op-inspct,Reading,unmarried,43795.10090582537,20778.316346959924,C,C,A,C,A,92689.88814053498,1
1171,227,59,NY,500/1000,1000,584.6378101148404,0,MALE,PhD,Adm-clerical,Movies,own-child,87307.94393081506,91049.35519933663,A,B,C,B,A,12489.131404132482,0
1172,109,26,CA,100/300,1000,1825.271082735745,1000000,FEMALE,Masters,Craft-repair,Movies,wife,13612.346328061265,94452.29438223061,C,C,A,A,A,67691.78870168113,0
1173,261,61,IL,500/1000,500,782.2280460210395,0,FEMALE,Masters,Adm-clerical,Exercise,husband,53014.82793328951,99262.85887807216,B,A,B,B,C,72922.39016006532,0
1174,462,31,IL,100/300,500,711.6087517969422,1000000,FEMALE,High School,Exec-managerial,Movies,own-child,62080.66953377046,47865.96913974914,C,C,A,C,C,51271.37725748123,1
1175,87,64,TX,500/1000,2000,1681.6729003905364,0,MALE,Masters,Adm-clerical,Movies,other-relative,31300.890455145647,13555.67375730009,A,C,C,B,C,33451.28503683291,0
1176,285,50,FL,250/500,1000,1568.6107415167792,0,MALE,Masters,Prof-specialty,Exercise,other-relative,73591.4173380829,68377.12298094138,B,C,B,A,A,70984.62596881352,1
1177,8,65,IL,100/300,1000,585.4340421215537,0,FEMALE,High School,Adm-clerical,Chess,own-child,66370.54339504636,93682.7357452795,B,A,C,C,C,46009.98417945749,0
1178,64,55,FL,100/300,2000,1264.3478663560818,0,FEMALE,PhD,Machine-op-inspct,Chess,husband,46398.92913275747,3100.3752603706803,C,C,C,B,A,46117.834220508325,0
1179,305,22,FL,100/300,500,1173.2748338785673,0,FEMALE,College,Prof-specialty,Movies,own-child,64007.13771878511,2204.254578929088,A,B,B,A,B,10626.70421254665,0
1180,238,68,FL,100/300,1000,1080.2863733669203,0,MALE,JD,Machine-op-inspct,Exercise,husband,84026.66056425156,61253.51514743753,B,C,A,C,A,63161.91836759404,0
1181,398,64,NY,100/300,500,690.0502371066941,0,FEMALE,JD,Adm-clerical,Chess,unmarried,60041.00490748557,3944.4981423793047,B,C,C,C,A,9570.732217134786,0
1182,313,45,FL,500/1000,1000,1681.0280309992875,0,FEMALE,Masters,Exec-managerial,Chess,other-relative,56879.397495038764,39157.76939023784,A,C,C,C,C,28272.583174578824,0
1183,133,50,CA,500/1000,500,859.9336922406733,0,MALE,College,Adm-clerical,Exercise,not-in-family,62142.67114818195,37742.85694734505,A,C,B,C,B,18418.135672329965,0
1184,206,34,IL,250/500,2000,1187.352963575966,2000000,FEMALE,College,Prof-specialty,Reading,other-relative,67557.49014619419,9898.058031194789,B,A,B,B,B,94539.79917427455,1
1185,326,38,NY,500/1000,1000,1821.5964586501943,1000000,MALE,Masters,Machine-op-inspct,Movies,own-child,40315.36898310569,74588.14448767254,A,C,B,A,C,8481.920698310129,0
1186,301,24,IL,250/500,2000,977.3636810227094,0,FEMALE,JD,Adm-clerical,Movies,wife,83681.36532313477,10888.682985935038,B,A,A,A,A,46518.62543231328,0
1187,346,57,CA,250/500,500,553.5983131922522,0,FEMALE,JD,Exec-managerial,Chess,own-child,92390.36771172672,27386.711152066833,A,A,A,A,A,61485.80127047401,0
1188,393,52,NY,100/300,1000,1833.6986638233275,1000000,MALE,College,Exec-managerial,Exercise,unmarried,62186.31319863706,72724.09499668563,A,B,A,C,C,46871.11253901698,0
1189,95,24,TX,250/500,2000,1240.8359810842476,1000000,MALE,College,Craft-repair,Camping,own-child,88672.7941600853,61817.898303729366,B,C,C,A,A,66351.97772316611,0
1190,468,25,CA,250/500,500,1245.5943720846158,0,MALE,Masters,Exec-managerial,Camping,not-in-family,74465.02030665531,47261.63109226661,B,A,B,A,B,3637.3000366471024,0
1191,171,68,TX,250/500,2000,1327.1236288698078,0,FEMALE,JD,Adm-clerical,Exercise,husband,42296.50022168878,4893.4638064556775,B,A,B,A,A,92772.364864775,1
1192,36,61,IL,250/500,500,769.9009775150557,0,MALE,JD,Exec-managerial,Exercise,not-in-family,49601.737461867524,76305.28650129405,A,A,C,C,B,35799.46850580822,0
1193,309,59,CA,250/500,2000,1572.3291826762497,1000000,MALE,Masters,Exec-managerial,Reading,unmarried,57013.145662419105,82535.88519967692,C,C,B,C,B,43567.97613339286,0
1194,101,48,TX,100/300,500,847.0720052606487,0,MALE,Masters,Prof-specialty,Camping,not-in-family,93906.52287119042,10218.690918950002,A,C,A,A,B,54014.255958214846,0
1195,227,73,TX,250/500,500,951.7222593355041,0,MALE,PhD,Exec-managerial,Exercise,other-relative,64807.94108634037,98620.1839519932,B,B,B,A,B,64608.812450916346,0
1196,461,22,NY,100/300,1000,1446.7834718114586,0,MALE,College,Adm-clerical,Exercise,husband,50854.396353428674,34738.82867129876,B,A,B,C,B,12993.430198444086,0
1197,233,22,NY,500/1000,2000,1624.6343005398012,1000000,MALE,College,Exec-managerial,Movies,own-child,12339.865199007061,42437.27687456678,B,A,B,A,C,37017.61108852286,0
1198,294,41,IL,250/500,1000,1595.9253188247824,0,FEMALE,College,Machine-op-inspct,Camping,wife,66688.04222589557,41448.96252930846,C,B,A,C,C,59817.45563258481,0
1199,315,71,CA,500/1000,2000,624.7240291032946,0,MALE,High School,Craft-repair,Exercise,not-in-family,55472.65545633412,63293.225931964414,C,B,A,A,A,53027.925814299786,0
1200,40,39,TX,500/1000,1000,1631.8656500667664,0,MALE,High School,Craft-repair,Camping,wife,94000.81687287387,57317.443547826886,C,B,A,B,B,5639.264124717305,0
1201,47,61,CA,250/500,2000,1494.0881528144678,5000000,FEMALE,Masters,Prof-specialty,Exercise,husband,34203.312607953936,56082.69368540606,C,A,B,B,A,75132.25895629173,0
1202,333,30,FL,500/1000,500,1407.6439643807275,0,FEMALE,PhD,Adm-clerical,Camping,own-child,79544.36464503511,78133.85804226277,A,B,C,C,B,39004.3790108971,0
1203,257,39,IL,100/300,1000,1950.3113786772255,1000000,FEMALE,High School,Adm-clerical,Reading,wife,28252.769219536134,92797.64017350541,B,C,B,C,B,2435.2710608130305,0
1204,151,43,IL,100/300,2000,1020.2385083594871,0,FEMALE,College,Prof-specialty,Reading,not-in-family,17177.690664036083,82174.476250649,A,B,A,B,B,79764.56302246147,1
1205,9,18,NY,500/1000,2000,1524.6293256967379,5000000,MALE,PhD,Craft-repair,Reading,husband,1219.2034742894875,72094.9868310131,A,A,C,B,C,1072.7533168419027,0
1206,425,34,TX,250/500,1000,1359.850866918455,0,FEMALE,JD,Machine-op-inspct,Chess,not-in-family,89542.074760308,5055.59068359781,C,C,C,A,C,20612.773197792336,0
1207,389,36,CA,500/1000,500,1081.9398979626924,0,MALE,Masters,Craft-repair,Exercise,wife,44461.870930863835,24847.664138365843,A,A,A,B,B,72591.65426836401,1
1208,130,19,TX,250/500,2000,1682.3594200327418,0,MALE,High School,Craft-repair,Movies,husband,28119.495291569572,10485.696740689444,A,B,C,B,A,59513.814109029925,0
1209,189,74,IL,500/1000,2000,1104.721598254435,0,MALE,PhD,Machine-op-inspct,Chess,husband,40314.19077107524,85473.10007571969,A,B,A,A,B,56023.77197545571,0
1210,417,67,TX,250/500,500,1337.8335505471834,0,FEMALE,High School,Craft-repair,Camping,own-child,71185.15690856897,65211.495088670315,C,B,B,B,A,50922.692120102714,0
1211,473,69,IL,500/1000,500,1340.9408372149483,0,FEMALE,High School,Exec-managerial,Exercise,wife,39326.92324370829,3357.893833307746,A,B,A,C,C,95836.27981144344,0
1212,253,28,FL,250/500,1000,1266.9914634739746,2000000,MALE,Masters,Adm-clerical,Exercise,not-in-family,22573.09191708191,72325.42779208953,B,C,A,A,C,6433.1047295567605,0
1213,329,47,TX,500/1000,500,1186.103328799625,0,FEMALE,High School,Craft-repair,Chess,not-in-family,8779.010918352891,33704.59169915901,A,C,A,B,B,46489.24009374633,0
1214,165,63,IL,250/500,1000,751.6686692490445,0,FEMALE,Masters,Machine-op-inspct,Exercise,husband,62172.5910206539,54340.14080841396,A,A,A,C,A,96886.4050222498,0
1215,437,40,TX,100/300,500,861.2686443436626,1000000,FEMALE,Masters,Adm-clerical,Exercise,other-relative,97268.90134533822,57974.994806930416,A,A,C,C,B,26615.68890614594,0
1216,84,32,TX,100/300,2000,685.2544002938041,0,MALE,JD,Adm-clerical,Camping,husband,63479.45021082003,16231.467679617896,B,C,B,B,A,3773.5258480540288,1
1217,499,40,CA,250/500,500,1585.2367592051564,0,MALE,College,Craft-repair,Movies,husband,94688.72014510214,39880.77682258621,C,A,A,C,C,47807.876618575334,0
1218,24,29,TX,250/500,500,1616.4419715030874,5000000,FEMALE,JD,Craft-repair,Camping,unmarried,87800.26649166831,42645.525367120026,B,A,A,C,C,77210.84470433682,0
1219,193,44,TX,100/300,500,1457.7934585796081,0,FEMALE,High School,Craft-repair,Chess,husband,15584.020530212694,61489.217553347466,B,B,C,A,B,20509.108418043063,0
1220,35,23,TX,250/500,500,1876.464712115533,0,FEMALE,JD,Prof-specialty,Exercise,not-in-family,87904.21609616678,88964.57897032444,B,A,C,B,B,25203.71774537501,0
1221,320,47,IL,100/300,500,897.4461969063424,1000000,FEMALE,PhD,Adm-clerical,Exercise,own-child,109.07591150676188,61522.77113323883,A,A,A,B,C,16535.867336669115,0
1222,171,22,IL,100/300,1000,1731.5358578038342,0,MALE,JD,Prof-specialty,Movies,own-child,50964.08538087482,68367.81719045146,B,B,A,C,B,36244.274450682824,0
1223,489,63,TX,500/1000,1000,778.7505163742518,5000000,MALE,JD,Craft-repair,Movies,husband,52271.788454062684,66461.53380902001,C,B,A,C,B,88522.48684641272,0
1224,251,55,FL,500/1000,1000,601.7339879193739,0,MALE,JD,Machine-op-inspct,Reading,own-child,72682.50764163559,8446.146657570496,A,A,C,A,B,20704.132604400696,0
1225,163,52,TX,250/500,2000,500.193237099937,2000000,MALE,Masters,Craft-repair,Movies,not-in-family,75602.18655313276,29976.60426345241,A,C,B,B,B,26614.288340060506,0
1226,427,72,TX,250/500,1000,1370.9500463323789,0,MALE,College,Craft-repair,Camping,not-in-family,23166.88300953319,40175.716783568736,A,A,A,A,C,88538.05855577132,0
1227,343,23,IL,100/300,2000,1668.1104578097156,0,MALE,JD,Exec-managerial,Exercise,husband,88202.75507859123,44441.27309169043,B,A,A,A,C,92925.03787563869,0
1228,457,31,NY,100/300,2000,1734.4795678152864,1000000,FEMALE,JD,Exec-managerial,Camping,own-child,17911.20106230851,84200.41603225,C,C,A,B,A,5816.825298575043,0
1229,242,69,NY,100/300,2000,1205.9817826823125,5000000,MALE,College,Adm-clerical,Camping,other-relative,96148.12275472634,52541.8045989454,A,B,A,B,B,54308.96149023787,0
1230,34,67,TX,500/1000,1000,588.0807696135878,0,FEMALE,JD,Adm-clerical,Camping,not-in-family,98512.72113161745,81553.1631629692,A,A,C,B,B,29998.548215275852,1
1231,443,34,FL,100/300,500,553.6435400691473,2000000,FEMALE,College,Adm-clerical,Camping,husband,69680.27818324574,90652.40124478287,C,B,A,C,C,17305.85075129102,0
1232,341,26,CA,500/1000,1000,1876.027367130169,0,MALE,JD,Prof-specialty,Camping,husband,64867.69968891387,69596.41788641477,C,A,B,A,C,52056.358148970954,0
1233,365,57,IL,250/500,1000,639.4105417551875,0,MALE,JD,Adm-clerical,Camping,other-relative,97920.30690217379,11328.644591717119,B,C,B,C,B,78004.76563167416,0
1234,430,48,CA,500/1000,1000,1676.9971619296425,0,FEMALE,PhD,Exec-managerial,Exercise,own-child,24200.28215902802,20094.098150266193,C,A,B,C,A,17574.608799698944,0
1235,481,53,CA,250/500,1000,604.3506278211211,0,FEMALE,PhD,Adm-clerical,Camping,own-child,64266.02916789927,82807.69621959048,A,C,B,B,C,32636.200352171738,0
1236,479,27,FL,250/500,1000,775.0225091134373,1000000,MALE,PhD,Craft-repair,Chess,wife,40616.6749955108,56378.75190929018,B,C,A,B,A,57100.12520200655,0
1237,143,44,FL,250/500,1000,744.3000164403542,0,FEMALE,Masters,Exec-managerial,Camping,other-relative,16757.659514970102,51589.86540202775,C,C,A,B,B,89267.06352150852,1
1238,382,66,NY,500/1000,500,915.6608182596511,0,FEMALE,High School,Prof-specialty,Reading,not-in-family,12777.226673766829,96882.95647762115,B,B,C,A,A,89136.30536951862,0
1239,477,69,IL,250/500,1000,1108.444924833243,0,MALE,PhD,Prof-specialty,Camping,other-relative,70037.47268665965,36790.30277810947,B,A,C,B,C,66115.21931767683,0
1240,163,22,NY,500/1000,500,687.0889829555956,0,MALE,High School,Adm-clerical,Reading,unmarried,22898.42465813181,4094.775404713824,C,A,B,C,B,73761.72364138911,0
1241,442,34,FL,500/1000,2000,1959.7382145937772,2000000,FEMALE,College,Prof-specialty,Exercise,own-child,59936.312942696,25516.454096873753,A,C,A,A,B,11372.144154931495,0
1242,188,48,FL,250/500,2000,503.00497130184317,1000000,MALE,High School,Prof-specialty,Chess,husband,23761.61327248153,28473.651554651336,C,C,A,C,B,67914.21870295485,0
1243,222,74,IL,250/500,500,1658.1776991197753,0,FEMALE,College,Exec-managerial,Exercise,other-relative,45382.608827704695,51242.53645326793,B,C,A,B,A,33861.6373198912,0
1244,477,31,IL,500/1000,500,1289.7620868791469,1000000,MALE,High School,Adm-clerical,Exercise,unmarried,74233.12169827298,717.4047972633879,A,B,C,C,A,71482.80493826428,0
1245,68,40,TX,250/500,2000,628.364754792209,1000000,FEMALE,College,Adm-clerical,Camping,own-child,52813.74880859529,98825.99153937765,A,A,C,A,B,13237.608205367347,0
1246,471,61,TX,100/300,1000,680.0478104493145,2000000,FEMALE,PhD,Craft-repair,Reading,husband,87147.50285666087,6192.364276801143,C,A,C,B,C,58525.11180081396,0
1247,173,46,CA,250/500,1000,1384.9988346225123,1000000,MALE,PhD,Adm-clerical,Chess,unmarried,52629.79204677213,23222.02644852651,B,A,A,C,B,36228.500336095196,0
1248,483,56,IL,250/500,500,972.8800865549006,1000000,MALE,PhD,Adm-clerical,Camping,other-relative,19423.90471499178,67244.92629240303,A,A,A,C,A,43050.0711757942,0
1249,346,32,IL,100/300,2000,1175.284105114415,0,MALE,College,Exec-managerial,Reading,husband,89710.0614593119,97756.98918140538,B,C,C,B,B,11316.320172056892,0
1250,141,64,NY,500/1000,1000,1323.783666057935,0,MALE,Masters,Craft-repair,Camping,husband,41790.906368766744,51183.94456442973,B,C,B,C,C,69146.98754983228,0
1251,100,29,NY,250/500,500,1360.022200189351,5000000,MALE,High School,Craft-repair,Exercise,wife,86746.1383679328,34178.20627356939,A,B,C,A,A,74671.39466362135,0
1252,460,50,TX,100/300,2000,1373.9159982459155,0,FEMALE,College,Adm-clerical,Reading,unmarried,23238.771772371925,16247.352721848696,C,C,A,A,A,13869.545016574584,0
1253,275,74,CA,100/300,2000,605.0759594531719,0,MALE,PhD,Machine-op-inspct,Movies,husband,63616.88745633754,90334.95266917882,A,A,A,A,B,50611.257404916716,0
1254,27,57,FL,500/1000,500,1610.717800989024,0,MALE,High School,Craft-repair,Camping,other-relative,16527.60809498909,5007.717093262387,A,C,A,A,B,78812.29009444303,1
1255,370,47,TX,500/1000,500,940.2562448253925,1000000,MALE,PhD,Adm-clerical,Exercise,husband,8006.657161802244,6997.197024205748,C,C,C,B,A,22713.61679274378,0
1256,383,39,NY,500/1000,2000,671.6463267247882,0,MALE,Masters,Adm-clerical,Reading,wife,99889.60701172479,6378.204532452037,C,B,A,B,C,9641.507611412731,0
1257,261,47,FL,100/300,1000,653.3013409930624,0,FEMALE,JD,Exec-managerial,Exercise,wife,1053.1035299193413,46643.97252200653,B,A,C,C,B,91188.22440306356,0
1258,200,49,CA,500/1000,2000,855.5234435277872,0,MALE,PhD,Craft-repair,Camping,husband,59124.69668571893,93118.61163946951,B,B,A,A,B,76424.635747381,0
1259,277,37,NY,250/500,1000,1443.019870498811,0,MALE,JD,Craft-repair,Camping,own-child,1343.2922090576337,55578.494783100505,B,B,B,A,A,30739.6833028235,1
1260,342,55,TX,250/500,2000,1207.8844327098632,0,FEMALE,Masters,Machine-op-inspct,Camping,husband,55173.227757090404,35466.66924084626,B,B,C,A,C,73462.42832891062,1
1261,252,37,TX,250/500,1000,660.6111644594657,0,FEMALE,JD,Adm-clerical,Chess,wife,9990.963361510409,23852.96531139107,B,B,B,C,A,3368.406915186876,0
1262,135,19,CA,100/300,2000,548.5290144531356,0,MALE,PhD,Craft-repair,Chess,wife,78753.61675448994,51448.37574815942,B,C,A,C,C,80887.36460966992,1
1263,128,74,TX,500/1000,500,536.9985304668518,0,FEMALE,Masters,Prof-specialty,Camping,other-relative,29270.688487698317,44151.307343563894,C,A,A,B,A,39193.018738476254,0
1264,70,48,CA,100/300,2000,1131.6377248614626,0,FEMALE,High School,Craft-repair,Chess,other-relative,34434.233857747575,9345.220073275517,A,C,A,C,A,26849.341515689783,0
1265,375,67,IL,100/300,500,1682.208392544814,0,MALE,JD,Adm-clerical,Exercise,own-child,25231.766332141735,629.7726543640358,B,A,C,A,C,21423.895952726583,0
1266,188,72,NY,500/1000,1000,1360.4443249072742,5000000,MALE,JD,Prof-specialty,Reading,other-relative,11392.680026409575,59503.44383852806,C,A,C,B,A,41568.02741100142,1
1267,380,45,IL,250/500,1000,1714.5175528189432,2000000,MALE,College,Machine-op-inspct,Chess,not-in-family,50033.639605965596,85838.67179800598,A,C,B,A,B,65395.094882356796,0
1268,316,20,IL,100/300,2000,979.0828816603073,1000000,FEMALE,PhD,Prof-specialty,Chess,not-in-family,44767.31015282001,60883.77606423563,B,A,A,A,B,79542.07423651665,1
1269,331,37,TX,500/1000,500,710.5115945188473,2000000,FEMALE,PhD,Exec-managerial,Chess,husband,53943.19909890226,32635.415352089713,C,A,B,A,B,2420.5579059404536,0
1270,166,52,FL,250/500,500,1704.502410397739,0,MALE,JD,Prof-specialty,Chess,husband,62590.34520196889,15321.891273684463,C,C,A,B,B,94091.24601166573,0
1271,80,36,TX,500/1000,1000,1591.7625884066572,1000000,FEMALE,JD,Prof-specialty,Movies,not-in-family,8864.728287936763,73905.08115711555,A,B,A,B,C,83788.24350113951,0
1272,49,23,NY,500/1000,2000,1383.6608699566646,1000000,FEMALE,JD,Prof-specialty,Reading,wife,41350.85100492781,70215.60741549826,A,A,C,B,A,95953.07429268083,0
1273,335,28,TX,250/500,500,1831.6399463987607,5000000,MALE,PhD,Adm-clerical,Exercise,husband,59255.405146509474,84690.7645800448,C,A,C,B,C,26075.15273961351,1
1274,195,62,NY,250/500,500,1446.02015874498,0,MALE,College,Machine-op-inspct,Chess,wife,32313.80559793745,98286.730759425,B,A,A,C,B,16413.411135858834,1
1275,228,23,FL,100/300,2000,1288.7232571197421,0,MALE,JD,Prof-specialty,Movies,husband,19141.160280529133,11211.356771339053,B,B,A,A,A,87539.7944135974,0
1276,264,35,FL,100/300,500,1253.4650768300908,0,MALE,PhD,Exec-managerial,Camping,husband,60630.02788443551,26458.720980937378,C,C,A,A,A,2344.3377711054873,0
1277,8,64,FL,250/500,1000,1426.062558951181,0,FEMALE,PhD,Craft-repair,Camping,husband,71841.71019232475,34377.31178375894,A,B,B,B,C,41844.094618809344,1
1278,474,31,NY,500/1000,1000,1274.93799605604,1000000,FEMALE,College,Prof-specialty,Movies,husband,75059.7403727179,53770.509840999606,C,A,B,A,C,43260.47104182773,0
1279,75,31,FL,250/500,2000,909.0520200662677,0,FEMALE,College,Craft-repair,Exercise,other-relative,32561.662837443615,5323.077067177662,B,B,B,C,C,23005.536577405255,0
1280,417,18,IL,250/500,500,1930.8087657948333,0,FEMALE,College,Craft-repair,Movies,other-relative,9896.624222405215,27575.91576750781,C,C,C,B,B,23554.57050253295,0
1281,150,71,TX,250/500,1000,1937.0923859457685,2000000,MALE,High School,Craft-repair,Camping,wife,91558.01849101284,79414.71101090229,C,B,A,C,A,66888.70473871366,0
1282,482,34,TX,100/300,500,750.269056614615,5000000,FEMALE,High School,Prof-specialty,Chess,unmarried,68780.84306464357,4836.658052340681,B,A,B,C,C,32280.70026830894,1
1283,231,71,NY,500/1000,1000,1295.8922291117494,1000000,FEMALE,JD,Adm-clerical,Camping,husband,94844.71716620402,81787.61999505702,C,B,B,C,C,10809.193373425049,0
1284,264,31,CA,100/300,1000,1684.4238173643955,0,FEMALE,PhD,Prof-specialty,Reading,wife,14557.490651201877,18464.11542133596,A,C,B,C,C,34122.08226638906,0
1285,490,48,CA,100/300,1000,582.1636684068385,0,FEMALE,College,Prof-specialty,Reading,wife,65725.2638427037,30507.678352678126,B,A,C,A,B,50273.88138288478,0
1286,460,62,TX,250/500,500,685.3440794262576,2000000,FEMALE,High School,Adm-clerical,Camping,husband,19635.704216395843,71807.55764184687,B,C,C,C,B,4582.801649298348,0
1287,371,27,CA,250/500,1000,1317.3394917316082,0,MALE,JD,Machine-op-inspct,Camping,husband,86643.4263318934,76460.49174065492,B,B,C,A,A,99079.27623737714,1
1288,177,55,CA,100/300,2000,542.5091051645052,0,FEMALE,PhD,Adm-clerical,Chess,not-in-family,51952.91335772797,21081.595692176015,C,B,B,B,B,70928.38719167314,0
1289,493,50,CA,250/500,2000,1749.4876463803212,0,MALE,College,Prof-specialty,Chess,wife,53266.91118511381,40537.483805723394,B,C,C,B,B,11779.039623177723,0
1290,313,22,NY,500/1000,500,1809.7487950260686,2000000,FEMALE,High School,Prof-specialty,Reading,wife,93073.21784672224,24188.910271182594,A,B,C,A,C,4806.548102264817,0
1291,120,33,IL,100/300,1000,1604.4658210944574,2000000,MALE,High School,Adm-clerical,Exercise,other-relative,30405.312631078752,51329.36727674475,C,C,A,C,A,99121.03932047453,0
1292,42,37,FL,250/500,2000,1733.5409724840151,0,FEMALE,PhD,Exec-managerial,Camping,other-relative,61901.08444980941,65240.16319185593,C,B,B,C,A,62775.26644335402,1
1293,129,65,NY,100/300,2000,1507.569164562133,0,MALE,High School,Adm-clerical,Chess,husband,14432.494261189866,27007.51861839723,A,C,A,C,C,60188.9417957589,0
1294,238,39,IL,500/1000,1000,712.8000192787341,0,FEMALE,PhD,Craft-repair,Camping,not-in-family,36317.73054039964,46214.75584876781,A,C,C,A,A,22575.034904044216,0
1295,449,57,FL,100/300,500,544.7817885540934,0,MALE,College,Adm-clerical,Reading,wife,19475.725038734414,53579.573520860125,B,B,C,C,C,87534.93310639753,0
1296,284,34,FL,100/300,500,1772.1266539029816,1000000,FEMALE,PhD,Exec-managerial,Chess,husband,20131.08718225365,41897.36877290289,C,B,A,A,A,7480.951059494477,0
1297,428,67,NY,100/300,500,1560.7412262088678,0,MALE,College,Craft-repair,Movies,own-child,66109.83875579397,51391.82176649106,B,C,C,A,C,76721.06843909629,0
1298,440,67,TX,250/500,500,1097.6922278873471,0,FEMALE,Masters,Prof-specialty,Reading,not-in-family,28648.686656644197,14399.874231323007,C,C,B,B,C,13774.76134144095,0
1299,149,26,NY,100/300,1000,1695.255615660142,1000000,MALE,High School,Machine-op-inspct,Camping,husband,25103.07704282011,4049.0032596731116,C,C,B,B,A,80390.51034916232,0
1300,426,55,FL,250/500,500,579.9199932022347,0,MALE,Masters,Adm-clerical,Chess,not-in-family,80801.21402747469,6316.681967850624,A,A,C,B,B,21852.394000320925,1
1301,468,59,CA,250/500,1000,978.6286476802042,5000000,MALE,PhD,Adm-clerical,Reading,husband,47381.70249748237,97282.34750159476,B,B,B,B,C,97480.75645564009,0
1302,314,26,CA,100/300,1000,1012.7746374236169,0,FEMALE,College,Adm-clerical,Camping,wife,37999.380221416664,7393.369653163584,C,B,B,A,B,20700.383472779635,0
1303,110,32,TX,100/300,1000,657.3126899651697,0,MALE,High School,Adm-clerical,Exercise,wife,81515.18110440711,38602.58894150871,B,C,C,B,C,60270.657183398995,0
1304,133,69,NY,100/300,500,1612.5448580964724,0,MALE,JD,Exec-managerial,Chess,not-in-family,48870.85306573903,79163.90639427728,C,C,C,C,B,86847.95994124557,0
1305,238,63,FL,100/300,500,1666.2903368930226,0,MALE,High School,Craft-repair,Exercise,other-relative,81494.26920473535,85061.8757614101,B,B,B,A,B,43592.44871571374,0
1306,184,31,CA,100/300,1000,1374.755721590434,0,FEMALE,JD,Exec-managerial,Reading,unmarried,31847.079262566313,26847.146146538857,C,C,C,A,A,47426.406049517056,0
1307,411,26,IL,100/300,1000,1126.7866160805675,0,FEMALE,High School,Machine-op-inspct,Chess,husband,96191.52105392245,63999.498933077695,B,C,A,B,C,94681.22779377399,0
1308,207,26,CA,100/300,1000,1410.5786784109569,0,FEMALE,College,Exec-managerial,Camping,other-relative,92365.90822778984,72395.9616190385,B,A,C,A,A,7687.915324871094,0
1309,384,50,TX,250/500,1000,1847.5737001987275,0,FEMALE,PhD,Adm-clerical,Exercise,own-child,82360.20002814938,91590.15670907452,A,B,C,C,C,51464.463488037145,0
1310,406,74,NY,500/1000,1000,1036.6280185192863,0,FEMALE,College,Machine-op-inspct,Reading,husband,21275.633404031025,88912.35345468452,B,A,A,C,C,40380.68173304322,0
1311,135,70,NY,500/1000,2000,1001.3707710732286,2000000,FEMALE,High School,Machine-op-inspct,Camping,not-in-family,72749.81699168273,43511.70822586191,A,A,C,B,B,49839.87136821574,0
1312,499,48,CA,500/1000,1000,1434.0928102046107,1000000,FEMALE,JD,Machine-op-inspct,Camping,not-in-family,81760.97867016651,54134.260060901404,A,C,B,A,C,29765.58949371249,1
1313,188,27,IL,500/1000,1000,1525.4572800575777,0,MALE,College,Prof-specialty,Camping,unmarried,36338.65338247531,80091.89240282107,B,C,B,A,A,7622.309070998477,1
1314,71,27,NY,250/500,2000,1186.6231543244246,0,FEMALE,College,Exec-managerial,Camping,not-in-family,14034.21825269362,59873.99742439365,C,A,B,C,B,25411.722922826408,0
1315,489,56,NY,500/1000,2000,1789.3465193618028,0,FEMALE,JD,Machine-op-inspct,Exercise,own-child,26964.527092689827,35605.0529193645,A,C,C,C,B,2607.9904480334626,1
1316,256,22,FL,100/300,1000,1028.432499545091,0,FEMALE,Masters,Craft-repair,Camping,husband,58560.8173896366,95038.53338164388,B,A,B,C,B,12772.095594960472,0
1317,266,35,TX,250/500,1000,1461.3759007767324,1000000,MALE,High School,Machine-op-inspct,Movies,wife,25177.508754971135,99772.91685751472,B,A,C,A,C,24837.23927341216,1
1318,7,70,FL,500/1000,500,1501.6938004950061,1000000,FEMALE,College,Craft-repair,Chess,unmarried,66163.92561600533,93303.71185426138,B,A,B,B,B,29895.2710311495,1
1319,494,50,TX,500/1000,2000,942.2293963439504,0,MALE,College,Exec-managerial,Camping,not-in-family,39186.590101110196,34570.054396422114,C,A,B,C,C,37914.15598813665,1
1320,50,66,NY,500/1000,1000,528.2771071096836,0,MALE,High School,Craft-repair,Camping,wife,22558.730329205333,24232.858027041704,A,B,B,C,C,90015.7699182783,1
1321,286,35,IL,500/1000,2000,1739.9183847351837,0,FEMALE,JD,Exec-managerial,Movies,not-in-family,61312.555405061554,49312.544399544655,A,B,A,C,A,56768.586405579124,1
1322,365,69,IL,500/1000,1000,1223.627224855244,2000000,FEMALE,High School,Exec-managerial,Chess,own-child,7376.980342183059,78480.27705426003,C,B,C,B,C,89486.52213503137,0
1323,163,29,NY,500/1000,500,643.182630543374,1000000,FEMALE,PhD,Adm-clerical,Camping,other-relative,62483.51332166502,27013.80961886499,A,A,C,A,B,6858.4281346488915,1
1324,199,42,TX,250/500,2000,1936.3395424226094,0,FEMALE,PhD,Adm-clerical,Camping,wife,97439.76175674482,40660.08522576474,C,A,C,C,A,33607.68029898623,0
1325,471,71,FL,100/300,500,944.6405148959079,5000000,MALE,College,Prof-specialty,Camping,unmarried,71143.03989139109,15143.11118105094,B,C,B,B,A,38925.961893137326,1
1326,90,44,FL,500/1000,1000,1211.7008942348327,0,MALE,PhD,Adm-clerical,Movies,wife,32807.74564273069,70159.45471070171,A,B,B,C,C,6482.396132162177,0
1327,284,58,FL,500/1000,2000,1226.1004045683517,0,MALE,High School,Craft-repair,Chess,other-relative,90128.49532907782,73740.62123445845,C,C,A,A,C,92326.33756139068,0
1328,383,70,TX,500/1000,500,1056.1999575845161,0,FEMALE,College,Machine-op-inspct,Reading,husband,52784.48639994495,49558.84257585944,A,B,B,B,C,29126.937546099158,0
1329,235,26,NY,250/500,1000,727.3740108107138,1000000,FEMALE,PhD,Exec-managerial,Chess,not-in-family,52839.056518711855,73737.97938070247,C,C,B,A,C,78276.06640636119,0
1330,81,66,IL,500/1000,500,1556.4372746837307,2000000,MALE,JD,Adm-clerical,Movies,other-relative,37831.69321720098,64441.325919697134,A,C,B,A,C,47021.13433728843,0
1331,200,30,FL,250/500,500,793.2292875892367,0,FEMALE,PhD,Exec-managerial,Chess,own-child,5221.145669861793,92942.83043651601,B,B,C,C,A,45190.201954900585,0
1332,163,66,TX,250/500,1000,1523.4884905819008,5000000,FEMALE,JD,Craft-repair,Camping,husband,26995.60133331329,58657.37593732996,A,B,B,B,C,84873.14306022681,0
1333,254,39,TX,100/300,1000,1703.1619660054507,0,MALE,PhD,Adm-clerical,Movies,wife,81830.28726365801,35686.41352711559,A,C,B,A,C,33781.394240625086,0
1334,37,19,FL,250/500,2000,534.6981491276786,0,MALE,JD,Adm-clerical,Movies,wife,25974.089190598894,72965.0229711739,C,C,C,C,A,4578.901764711725,0
1335,333,56,NY,100/300,500,1597.6769627168198,5000000,FEMALE,High School,Machine-op-inspct,Chess,not-in-family,41236.753167026574,5675.952487562541,A,C,B,C,B,51922.6941128787,0
1336,268,74,IL,500/1000,2000,1457.0497518259922,0,MALE,High School,Machine-op-inspct,Chess,other-relative,63399.19136058002,47632.68825837482,A,B,B,B,B,24200.584075057344,0
1337,167,65,IL,500/1000,1000,793.6598579248885,0,FEMALE,Masters,Adm-clerical,Exercise,husband,28241.977379383097,96595.06459079402,C,A,A,C,B,34793.10165274089,0
1338,307,32,TX,500/1000,1000,1430.2897048270447,0,FEMALE,High School,Exec-managerial,Chess,other-relative,81183.77120201092,70520.3675873158,C,C,B,C,C,36177.55132607964,0
1339,279,40,NY,500/1000,500,1131.157460577308,0,FEMALE,PhD,Craft-repair,Chess,husband,89871.98146740154,99861.4785301312,A,A,C,A,A,89012.18661725313,0
1340,188,30,CA,250/500,1000,626.8879465503625,0,MALE,College,Craft-repair,Camping,other-relative,6169.255712096322,39285.03595842935,C,B,B,A,B,86940.49267090549,0
1341,230,74,IL,100/300,500,1285.5323245543634,0,MALE,JD,Machine-op-inspct,Reading,not-in-family,57459.106056751,39290.88970666528,C,C,A,A,B,93432.45440181045,0
1342,77,62,CA,250/500,2000,1959.9281648892306,0,FEMALE,High School,Exec-managerial,Reading,unmarried,34942.6688973153,5955.586520447476,C,B,B,C,B,57797.33663263614,0
1343,71,64,TX,500/1000,500,1473.2153170115785,2000000,FEMALE,College,Exec-managerial,Reading,unmarried,55433.102192125516,36069.21842821612,B,A,C,B,C,59618.59627838533,0
1344,139,37,IL,250/500,1000,995.8170506664329,0,MALE,JD,Prof-specialty,Chess,husband,54682.36402873489,14120.785973485961,C,B,C,C,B,49357.508584798976,1
1345,307,30,NY,500/1000,2000,1345.2524655927364,2000000,FEMALE,JD,Prof-specialty,Reading,not-in-family,998.3387724750603,39550.21014734062,C,C,B,B,B,73586.79160386728,0
1346,350,72,CA,100/300,2000,1606.7018998334229,1000000,MALE,JD,Prof-specialty,Exercise,husband,64846.01479102926,189.0685518984414,A,C,C,B,C,92299.05455185611,0
1347,481,44,FL,250/500,500,734.3629732768338,0,MALE,High School,Craft-repair,Movies,other-relative,21591.967296703373,43823.75585195023,C,B,C,B,A,3032.837425498611,0
1348,355,59,CA,100/300,2000,1293.2429935785597,0,MALE,JD,Craft-repair,Exercise,unmarried,55912.20201977085,93915.03476692666,C,B,B,A,C,27673.271442670644,0
1349,468,34,TX,250/500,500,1260.2973511758762,2000000,MALE,Masters,Adm-clerical,Exercise,other-relative,89538.2399038709,76236.29158677909,C,C,B,A,C,5628.077494160783,0
1350,387,48,TX,100/300,2000,1064.8373859478504,0,MALE,High School,Adm-clerical,Reading,wife,19228.831470347563,24116.006264419,C,B,A,B,B,34370.89257338513,1
1351,394,43,TX,250/500,1000,1620.598393933308,0,FEMALE,College,Craft-repair,Reading,husband,27016.092181638916,27005.32116639971,B,B,C,C,A,84883.3852333964,0
1352,183,39,NY,250/500,1000,1347.516123967147,0,MALE,Masters,Exec-managerial,Exercise,unmarried,6364.99318597934,30922.19138631295,C,C,A,C,C,48534.87671949094,0
1353,233,58,NY,500/1000,1000,1548.3440255716803,1000000,MALE,Masters,Exec-managerial,Exercise,wife,49174.22177675494,9268.805465784657,A,B,C,A,A,89110.58754828147,1
1354,484,49,TX,250/500,2000,1393.9418887571258,0,MALE,High School,Machine-op-inspct,Exercise,husband,87009.81826540918,99194.73003216945,B,B,C,B,C,86077.30969533874,0
1355,232,39,IL,100/300,1000,1671.4096286224672,0,MALE,JD,Prof-specialty,Exercise,unmarried,54480.74542337151,66784.53505914903,B,C,B,C,B,14591.278382440483,0
1356,6,45,FL,100/300,1000,1450.8966688380847,0,MALE,Masters,Machine-op-inspct,Exercise,wife,35248.21415027428,73844.8622135464,C,A,C,B,B,28720.632418204485,0
1357,310,72,NY,100/300,1000,1516.6121344245184,2000000,MALE,PhD,Craft-repair,Chess,other-relative,90581.68222006192,69471.95845344102,A,B,B,C,C,55757.789316188086,0
1358,125,59,IL,500/1000,2000,838.2472304966925,0,FEMALE,College,Exec-managerial,Exercise,other-relative,53226.940752466035,46505.95094093668,B,A,C,B,A,36925.4852286846,1
1359,75,64,CA,100/300,2000,1768.8029623508794,1000000,FEMALE,PhD,Exec-managerial,Movies,unmarried,97369.89924217171,81633.14705141728,C,B,B,B,C,62115.4147148597,0
1360,446,18,CA,500/1000,1000,733.0603378732368,0,FEMALE,High School,Adm-clerical,Reading,own-child,75022.69401267754,23774.472213443343,C,C,C,C,A,59868.92625067677,0
1361,388,21,IL,100/300,1000,1009.7244709655563,0,MALE,Masters,Exec-managerial,Movies,own-child,91133.33466281807,38815.161300232205,C,C,A,C,B,3673.5243283115224,0
1362,386,33,FL,500/1000,1000,1834.1088205634521,0,FEMALE,JD,Craft-repair,Camping,husband,64831.10648418763,32585.994793292663,A,B,C,B,A,40105.26989809214,0
1363,479,60,CA,100/300,2000,662.8781645775841,0,MALE,JD,Prof-specialty,Reading,husband,98935.93504776545,95262.39173803582,B,B,A,C,B,45180.00996423645,0
1364,231,40,IL,500/1000,1000,1800.018323308556,0,MALE,Masters,Machine-op-inspct,Movies,not-in-family,52543.05298364806,3903.4967624350215,B,A,A,B,B,89038.79187003555,0
1365,243,55,IL,250/500,500,1213.0479282704118,5000000,FEMALE,Masters,Exec-managerial,Exercise,not-in-family,64060.15576476781,7538.563955564404,C,C,B,A,C,71286.62457967791,0
1366,319,58,TX,100/300,1000,775.3800123600276,0,MALE,JD,Exec-managerial,Exercise,not-in-family,13421.184186248658,95611.56717085924,C,A,B,B,B,23642.849724964322,0
1367,482,65,IL,500/1000,500,1605.7903003459678,0,MALE,College,Craft-repair,Reading,wife,93672.5601744666,68762.4145637755,B,C,B,C,A,58723.65251243073,0
1368,483,53,FL,500/1000,2000,925.8227451795881,5000000,FEMALE,High School,Craft-repair,Chess,wife,33498.53079456776,63589.959503351245,C,C,C,C,B,41891.59281678973,0
1369,395,31,TX,500/1000,2000,1516.86379384854,0,FEMALE,College,Craft-repair,Exercise,not-in-family,66504.61386878589,81928.99779105608,C,A,C,C,C,90043.7419059303,1
1370,477,60,FL,500/1000,500,1686.34336131867,0,FEMALE,JD,Adm-clerical,Movies,other-relative,36052.542318098254,91685.22412851374,A,A,A,A,B,4027.573679718947,0
1371,253,60,FL,100/300,2000,1353.9932206355215,2000000,MALE,High School,Exec-managerial,Reading,own-child,88519.55340167937,89615.85151555948,B,C,C,A,A,99658.45226560015,0
1372,160,20,TX,500/1000,500,1678.9979650681503,1000000,MALE,High School,Machine-op-inspct,Chess,husband,11035.839938468072,88981.13240490638,A,B,C,B,A,13883.643770706536,0
1373,423,18,TX,100/300,500,1902.5693953289392,0,MALE,JD,Machine-op-inspct,Exercise,not-in-family,90148.08772174286,83875.43481912077,C,B,C,C,A,63294.978665719435,0
1374,424,61,CA,250/500,1000,1325.602630075526,0,FEMALE,JD,Machine-op-inspct,Chess,own-child,62571.34786786573,12038.104426132411,C,B,A,B,A,30057.273706774977,0
1375,130,33,CA,250/500,1000,728.5528289550267,5000000,FEMALE,Masters,Adm-clerical,Movies,wife,95650.41714221794,63531.4454059129,B,C,B,B,B,51151.187031125344,0
1376,153,25,TX,250/500,2000,1564.4025192306044,0,FEMALE,Masters,Prof-specialty,Reading,own-child,50359.6217550221,49108.87976586983,A,C,A,C,C,30721.619495535302,0
1377,293,18,FL,100/300,1000,1115.1103759999132,0,FEMALE,Masters,Adm-clerical,Exercise,other-relative,49323.505349262865,78052.42654160106,C,C,C,C,A,43848.13382537195,0
1378,243,38,NY,250/500,2000,1296.9541940377326,0,MALE,JD,Exec-managerial,Chess,husband,35877.38610247414,95514.876858559,B,B,A,C,C,23528.034027072346,0
1379,232,19,IL,100/300,2000,1440.2230420792393,0,MALE,College,Adm-clerical,Reading,other-relative,32900.30412173501,36447.031208248714,C,A,A,A,C,8722.568036705623,1
1380,33,29,TX,250/500,2000,1576.2389899761029,0,FEMALE,High School,Craft-repair,Movies,husband,12333.096982220904,75478.52631236103,A,B,B,B,C,62482.3464359045,0
1381,194,31,IL,250/500,2000,1459.6889476772776,0,MALE,College,Machine-op-inspct,Reading,other-relative,32729.53272761783,21211.382758198226,A,C,B,B,B,87637.80374987208,0
1382,77,39,CA,100/300,500,849.3053862677357,5000000,MALE,PhD,Exec-managerial,Exercise,wife,60911.67466603166,42145.615524646964,B,B,B,A,B,56336.67806424066,0
1383,236,73,IL,250/500,500,1622.248870742129,0,MALE,College,Exec-managerial,Camping,unmarried,8441.371113727448,72311.44154367001,B,C,C,A,A,46736.94251577224,0
1384,365,37,CA,100/300,1000,1711.0131398947783,2000000,MALE,PhD,Exec-managerial,Reading,not-in-family,18595.367008135323,8709.631622314817,C,C,A,B,A,3217.1561272812332,1
1385,141,34,TX,100/300,2000,556.5101161793888,1000000,FEMALE,PhD,Exec-managerial,Exercise,other-relative,85994.60961407979,86201.49765239403,A,A,C,A,C,49398.52671476675,0
1386,80,24,CA,250/500,500,962.2149850321362,1000000,MALE,High School,Prof-specialty,Chess,other-relative,9127.756929512965,91705.9626672974,C,A,B,A,C,73758.43475254084,0
1387,78,38,FL,100/300,500,1966.6975268276672,0,FEMALE,High School,Adm-clerical,Reading,not-in-family,24128.89949665621,87202.9808298816,A,C,C,C,B,16232.729831573852,0
1388,395,51,FL,500/1000,500,766.5908284663901,0,MALE,PhD,Exec-managerial,Reading,own-child,380.2123163334503,75.20446417864646,A,B,A,B,B,76561.86763580043,0
1389,294,39,FL,500/1000,2000,774.2303511682107,0,FEMALE,JD,Prof-specialty,Camping,wife,71880.2699769839,80345.66279588555,C,B,C,C,A,48635.39618934439,1
1390,488,39,IL,250/500,500,1386.9867445872774,0,FEMALE,PhD,Adm-clerical,Camping,unmarried,85084.15554819697,89697.9225653107,C,A,A,A,B,76405.96533685167,1
1391,107,38,IL,500/1000,1000,1007.2427208647753,2000000,FEMALE,Masters,Adm-clerical,Camping,unmarried,87953.56613444063,98383.3075726319,C,C,C,C,B,15295.7434485501,0
1392,349,30,NY,250/500,2000,1485.681682790742,1000000,FEMALE,High School,Prof-specialty,Camping,husband,90019.90350540544,3354.243408421842,A,A,C,B,A,20574.042750215456,0
1393,317,62,IL,100/300,1000,893.9676676329693,1000000,FEMALE,College,Craft-repair,Exercise,husband,40363.07833816085,56381.47170791056,A,A,B,B,C,44895.974547231526,0
1394,176,23,NY,100/300,500,1139.001135747701,0,MALE,High School,Craft-repair,Camping,unmarried,55950.69963773963,88192.61065543896,B,C,C,B,C,47931.33849981038,0
1395,314,42,TX,500/1000,2000,1997.6487574380901,0,FEMALE,JD,Exec-managerial,Camping,unmarried,67775.04389142305,73105.4332290531,A,A,A,A,C,99419.2028848117,0
1396,306,61,TX,500/1000,500,1060.161120993127,0,MALE,Masters,Prof-specialty,Movies,not-in-family,91464.08110319353,85434.22710533752,B,B,C,C,B,98622.3508629286,0
1397,454,48,TX,500/1000,500,629.2487456086886,0,MALE,JD,Prof-specialty,Camping,wife,79644.80563582273,69839.48262004122,A,A,A,A,C,45962.20773803046,1
1398,239,42,TX,100/300,500,1613.654238854429,0,FEMALE,College,Craft-repair,Exercise,unmarried,48908.66010091195,2417.0127340870317,B,C,A,C,A,24360.262020472495,0
1399,290,49,IL,500/1000,1000,1382.8644285848259,1000000,FEMALE,High School,Prof-specialty,Exercise,husband,50971.805888859046,87820.40923569644,A,B,C,A,A,69417.36760683524,1
1400,178,72,FL,250/500,2000,1166.8688328110375,0,MALE,College,Prof-specialty,Exercise,husband,33630.95782672807,61772.95721681757,C,B,A,A,C,19763.034913127598,0
1401,498,46,FL,100/300,2000,1863.0814055495423,2000000,MALE,Masters,Exec-managerial,Chess,own-child,1165.9638159968622,24746.666647187976,C,B,C,B,A,27991.377265166404,0
1402,115,65,CA,500/1000,2000,719.9409870299008,0,FEMALE,College,Exec-managerial,Chess,unmarried,14437.427840300277,67982.73771838107,C,A,C,C,C,54120.408017536196,1
1403,30,52,TX,100/300,2000,1234.5992777403317,0,MALE,PhD,Prof-specialty,Movies,wife,33164.158910790655,51439.72801726779,B,B,A,C,B,94576.12624987187,0
1404,499,29,FL,100/300,1000,787.6785848684749,0,FEMALE,Masters,Machine-op-inspct,Chess,not-in-family,60590.11369427479,71738.77108596037,B,C,C,C,B,3384.9076400537774,0
1405,295,33,NY,250/500,2000,625.2419104544526,2000000,FEMALE,JD,Machine-op-inspct,Movies,other-relative,71403.29198491733,47282.212889169365,C,B,B,B,C,67603.86540408144,0
1406,420,26,TX,250/500,1000,1163.5305825013293,2000000,FEMALE,JD,Prof-specialty,Chess,husband,89101.77544234777,10247.404104427227,C,C,B,A,C,86587.81068605673,0
1407,141,30,NY,500/1000,2000,1921.020476274488,0,FEMALE,College,Craft-repair,Reading,other-relative,55451.70275288035,91213.21100481306,A,C,A,C,B,73505.23489298638,0
1408,242,29,IL,100/300,1000,1583.1004573182088,0,MALE,Masters,Exec-managerial,Movies,husband,39414.062592197995,68289.23555529452,B,A,B,C,A,48454.06855199208,0
1409,441,43,TX,250/500,500,851.7659156093079,0,MALE,College,Machine-op-inspct,Chess,wife,69140.13383116786,71391.79564620426,B,B,A,C,B,85811.23394126826,1
1410,123,72,TX,250/500,500,1193.9344486864486,0,FEMALE,PhD,Exec-managerial,Reading,other-relative,39186.14713254117,76757.45852608202,B,C,B,A,B,78339.50169154968,0
1411,27,32,FL,500/1000,1000,1696.1776290589014,0,FEMALE,Masters,Prof-specialty,Movies,own-child,10847.82753861735,51230.113161177505,A,B,A,C,A,73504.00704590892,1
1412,244,21,IL,100/300,1000,793.1203647091977,0,MALE,High School,Exec-managerial,Movies,not-in-family,411.30289087794034,71385.91772654204,B,C,C,C,A,11059.476025688655,0
1413,11,66,CA,500/1000,1000,805.5448350897826,2000000,FEMALE,JD,Machine-op-inspct,Reading,wife,70839.51144916193,21166.54383046135,B,A,B,A,B,70616.48735927779,0
1414,360,27,NY,500/1000,1000,771.5456000376718,1000000,MALE,College,Prof-specialty,Movies,husband,89909.42984661968,46877.04838939486,C,B,C,C,A,15981.249247813232,0
1415,69,65,TX,500/1000,2000,1411.1646164075871,1000000,MALE,PhD,Prof-specialty,Reading,unmarried,67807.85895006727,69162.14223833002,C,B,A,B,B,89856.01783033807,0
1416,323,61,NY,100/300,2000,543.4264054758368,0,MALE,JD,Prof-specialty,Reading,not-in-family,2755.500958811641,80493.18910704089,B,C,B,A,A,64989.491929137315,0
1417,96,55,TX,100/300,500,1381.4319818774156,0,MALE,Masters,Exec-managerial,Movies,other-relative,21939.162952744275,96805.70932652763,C,C,C,B,A,87845.931741576,0
1418,55,65,TX,500/1000,500,1738.054628107084,0,FEMALE,JD,Craft-repair,Movies,unmarried,94636.84252823378,86075.9477444034,A,A,A,C,B,17518.500502938798,0
1419,4,29,CA,500/1000,2000,1673.978236879892,0,FEMALE,JD,Machine-op-inspct,Camping,husband,70969.69696359267,4153.160464176087,C,A,B,B,B,58071.126822195685,0
1420,392,39,FL,500/1000,1000,1500.2469422201204,1000000,MALE,High School,Adm-clerical,Camping,other-relative,73745.99735335902,17676.22244397019,B,A,C,A,A,1893.712015056598,0
1421,61,55,NY,100/300,1000,829.2385301789479,0,FEMALE,High School,Machine-op-inspct,Exercise,other-relative,80632.42481429034,67944.06395358146,B,B,C,A,B,9737.459148515825,0
1422,102,47,NY,500/1000,1000,1724.6258277763727,0,MALE,PhD,Machine-op-inspct,Exercise,not-in-family,91258.62707524472,8208.668936441822,C,C,A,A,C,35061.87286902721,0
1423,337,32,IL,250/500,2000,1936.1980507159585,2000000,FEMALE,PhD,Adm-clerical,Reading,other-relative,43920.31776118851,99532.90064418291,C,C,A,A,B,28658.199097700548,1
1424,479,53,IL,500/1000,2000,775.6734937597496,1000000,FEMALE,College,Machine-op-inspct,Movies,wife,43014.16939670763,47117.05539821924,C,B,C,C,A,80158.09260997002,0
1425,478,74,FL,500/1000,500,1865.492384008708,1000000,FEMALE,High School,Prof-specialty,Reading,wife,2309.4234693042504,68644.21358407207,C,B,C,C,B,54603.5010925548,0
1426,123,22,FL,100/300,500,1779.4833305945156,0,FEMALE,Masters,Prof-specialty,Camping,wife,93715.68295344849,4780.681207861737,B,C,C,A,C,90532.73112605883,1
1427,289,66,IL,100/300,500,1968.9201816789928,0,MALE,College,Exec-managerial,Exercise,wife,13051.141766770003,43043.987636431724,C,C,A,C,A,95264.63515177935,0
1428,423,21,IL,250/500,2000,978.9135970076543,0,FEMALE,Masters,Adm-clerical,Reading,not-in-family,45066.91315963501,23960.033681490477,B,B,C,B,C,87165.72944769167,0
1429,474,43,IL,500/1000,2000,1901.107316956019,0,MALE,High School,Prof-specialty,Movies,husband,60004.37443425602,10484.076359082983,B,B,C,B,A,28808.02144021693,0
1430,356,60,FL,100/300,2000,769.2769512907395,0,FEMALE,Masters,Adm-clerical,Exercise,own-child,99371.89829390714,67259.86057303438,B,A,A,A,B,61344.07497448598,0
1431,356,36,IL,100/300,1000,762.7653673868506,0,FEMALE,Masters,Prof-specialty,Reading,husband,39928.36295010136,97680.93079136238,C,A,C,B,C,76299.06161164289,1
1432,123,31,CA,100/300,500,660.4828917097341,0,MALE,High School,Machine-op-inspct,Exercise,not-in-family,66871.10410535267,30510.50933533479,C,A,A,B,A,53359.509547318616,0
1433,117,44,FL,100/300,500,1141.658143094646,0,FEMALE,High School,Adm-clerical,Movies,other-relative,95268.00803800562,92857.15045156439,B,A,A,B,A,33696.84705596226,0
1434,294,73,IL,100/300,500,518.2735650247887,0,MALE,JD,Prof-specialty,Exercise,wife,57147.56336434624,311.29733954169404,C,B,A,A,B,18648.592405948326,1
1435,107,55,FL,100/300,1000,1072.0159365813593,0,FEMALE,Masters,Craft-repair,Reading,not-in-family,53434.36477957514,66288.7226540696,C,A,C,B,C,96369.63016961544,0
1436,268,43,CA,500/1000,2000,1438.8892170582074,0,FEMALE,College,Adm-clerical,Reading,other-relative,57303.675247503415,53068.36076694457,C,C,C,A,B,21019.280025211137,0
1437,387,59,NY,100/300,500,617.3921575973892,0,FEMALE,PhD,Adm-clerical,Exercise,wife,81786.32844993718,36909.38703371531,C,A,C,C,B,81253.15413974428,1
1438,8,40,IL,500/1000,500,1727.7123859576088,0,MALE,JD,Craft-repair,Movies,unmarried,4257.173768104727,41752.94620749556,C,C,C,B,B,13750.550781019143,0
1439,199,59,CA,500/1000,1000,939.0802267766081,0,FEMALE,PhD,Adm-clerical,Reading,unmarried,76011.2256047147,60073.525151872134,A,A,B,B,A,98822.88295691785,0
1440,237,67,TX,250/500,500,569.6833118593051,5000000,FEMALE,College,Exec-managerial,Chess,wife,17225.631490393243,55803.854570610114,A,C,B,C,C,34074.92969914913,0
1441,389,66,FL,250/500,1000,1061.9177600718174,0,FEMALE,College,Machine-op-inspct,Exercise,unmarried,76724.25393998355,50817.83062951759,A,C,B,C,B,77967.46550076717,0
1442,288,19,NY,250/500,500,707.6550672498273,0,MALE,High School,Machine-op-inspct,Camping,not-in-family,80005.71569333196,98299.13372020316,C,A,C,A,B,15673.65331720018,1
1443,453,71,TX,500/1000,1000,1692.9205085249378,0,FEMALE,Masters,Prof-specialty,Reading,wife,62615.68996780108,76861.59422885849,C,C,B,B,B,71839.2967695429,0
1444,47,30,IL,500/1000,2000,1001.0109506075283,0,FEMALE,High School,Exec-managerial,Camping,own-child,43911.88558985749,17848.5099512545,A,B,B,C,C,69189.82899854137,0
1445,336,29,TX,500/1000,1000,675.5229098583033,1000000,MALE,Masters,Craft-repair,Camping,other-relative,73249.37106164236,91738.91050529334,A,B,B,B,B,38280.264560009826,1
1446,420,54,IL,100/300,2000,1180.4897946978263,2000000,FEMALE,JD,Craft-repair,Movies,husband,1905.6282144954473,49242.13167491449,A,B,B,C,C,4510.156977446775,1
1447,460,57,CA,250/500,500,1177.9649816616939,1000000,FEMALE,High School,Machine-op-inspct,Movies,husband,64873.766949767705,1404.6265317096852,B,B,C,B,C,41498.61574373602,1
1448,149,53,CA,100/300,2000,913.414254078279,0,FEMALE,High School,Craft-repair,Movies,not-in-family,23232.551288329672,78597.7400309364,C,B,C,C,A,56193.42278222202,0
1449,177,20,NY,250/500,500,990.4946458458105,1000000,FEMALE,College,Machine-op-inspct,Exercise,husband,66044.19647168102,35281.82976674856,B,C,B,C,A,5992.6487016444935,0
1450,274,21,TX,250/500,500,1653.2583039665753,0,FEMALE,Masters,Exec-managerial,Camping,wife,13776.639160367022,99888.5060991039,A,C,C,C,A,27274.77982271757,0
1451,283,48,FL,100/300,2000,1458.0867881731458,0,MALE,College,Exec-managerial,Reading,wife,17956.082822929508,54384.86736440334,B,C,A,C,C,97923.02406859343,1
1452,374,58,CA,500/1000,500,821.9862551214364,0,MALE,High School,Exec-managerial,Camping,not-in-family,45180.154009669895,27035.65497297815,A,A,C,B,C,92030.11837563074,0
1453,116,45,CA,250/500,500,1922.2765239733676,0,FEMALE,Masters,Prof-specialty,Chess,own-child,52994.7274305085,75196.54925748998,B,B,B,C,A,81858.68974167669,0
1454,447,57,IL,500/1000,2000,957.0862879007312,1000000,MALE,Masters,Craft-repair,Camping,wife,41631.52852927645,27813.149170572837,C,C,C,B,B,15439.122632903604,0
1455,185,28,NY,100/300,500,1300.1590608480506,0,MALE,JD,Prof-specialty,Camping,not-in-family,61108.90065408345,2471.7100063140874,B,A,B,B,C,40872.96104596718,1
1456,254,64,NY,250/500,2000,1356.680894194924,0,MALE,College,Adm-clerical,Exercise,not-in-family,5346.025462736293,9642.43797416815,C,A,C,C,B,21136.68648550213,0
1457,362,73,IL,500/1000,2000,820.4993399603754,0,FEMALE,JD,Craft-repair,Reading,husband,19331.65561440923,65720.5990665893,A,B,C,C,B,21933.342452179346,0
1458,408,60,FL,250/500,500,936.8380715239994,5000000,MALE,College,Adm-clerical,Chess,unmarried,366.56005751769527,21408.79521163448,B,C,A,C,B,88094.45205503501,1
1459,107,33,CA,500/1000,1000,1221.0406228874224,2000000,MALE,College,Exec-managerial,Exercise,other-relative,56606.29765692051,23778.569979580156,C,B,B,B,C,41523.98153225622,0
1460,327,55,NY,500/1000,2000,884.4823513938709,5000000,FEMALE,Masters,Prof-specialty,Chess,wife,69065.39716445465,14893.608843479133,C,A,B,B,A,84973.65865977414,0
1461,364,46,IL,500/1000,500,958.4426406710315,5000000,MALE,Masters,Prof-specialty,Camping,husband,48361.47097647465,25639.141964993163,C,A,C,C,C,36977.41610275364,0
1462,441,32,TX,100/300,500,1419.7247578320853,1000000,MALE,PhD,Machine-op-inspct,Reading,other-relative,46122.662133156344,75991.57602505843,B,C,A,A,C,5888.70622499481,1
1463,415,38,NY,250/500,1000,1600.6317150459522,0,MALE,High School,Exec-managerial,Camping,other-relative,42572.95828957368,51374.79590487702,A,A,B,B,A,13873.777014892961,0
1464,430,31,CA,500/1000,2000,1701.470850553277,0,MALE,JD,Machine-op-inspct,Exercise,wife,33596.813298112604,21601.490563042615,C,C,B,B,A,4971.77384771434,0
1465,248,33,CA,100/300,1000,682.5797073069934,0,MALE,PhD,Exec-managerial,Reading,not-in-family,58828.65094126609,24755.98534155654,C,C,C,C,C,28242.06434414166,0
1466,74,44,CA,500/1000,2000,1605.4962320766024,1000000,MALE,JD,Machine-op-inspct,Chess,wife,613.7218069512285,37822.95864552839,B,B,B,A,C,52093.079389201055,0
1467,421,73,TX,500/1000,500,1904.5485335139686,2000000,FEMALE,JD,Prof-specialty,Reading,wife,59547.218641323154,99634.09722662634,C,C,A,C,B,22391.516801152735,1
1468,145,45,TX,100/300,2000,1371.1005116863785,0,MALE,High School,Prof-specialty,Reading,not-in-family,48987.55743872105,17392.686198450592,C,A,C,A,C,58021.624512095885,0
1469,495,31,CA,100/300,500,1407.0203433722486,0,MALE,JD,Machine-op-inspct,Exercise,own-child,62551.16130524662,80288.57901137219,B,B,C,B,B,29784.931665041702,0
1470,26,53,IL,250/500,500,1932.9853064471672,0,FEMALE,JD,Machine-op-inspct,Exercise,not-in-family,85443.06216811016,86567.80621696879,A,A,C,A,A,48915.1584023106,0
1471,101,27,IL,100/300,1000,1804.148396437696,0,MALE,Masters,Craft-repair,Camping,husband,82872.41548738332,95529.47995895125,B,B,B,C,C,31702.523027765954,0
1472,292,64,CA,500/1000,500,1336.5037890624517,0,FEMALE,Masters,Prof-specialty,Reading,wife,80710.34290481485,60479.62557716799,B,C,B,B,A,60079.78703444486,0
1473,493,71,IL,100/300,1000,1648.774308075612,0,MALE,Masters,Adm-clerical,Reading,not-in-family,41148.882371992266,10010.572705053788,B,A,B,C,B,63770.27398677182,0
1474,41,26,FL,100/300,2000,771.3485099283758,0,MALE,High School,Adm-clerical,Movies,other-relative,38995.178372838265,2316.9652270580323,B,C,C,C,B,86019.84810880112,1
1475,35,45,CA,500/1000,2000,1119.670791723286,1000000,FEMALE,Masters,Exec-managerial,Camping,own-child,20687.055701760037,44290.56499666729,C,A,A,C,B,82604.19709199076,1
1476,360,31,NY,500/1000,500,1573.1138893206407,0,MALE,PhD,Craft-repair,Movies,husband,3168.0358937275164,35073.04515871178,A,B,A,A,A,55257.74196067468,0
1477,161,36,FL,250/500,1000,932.874050039771,0,MALE,PhD,Machine-op-inspct,Exercise,unmarried,50516.01557252534,86225.34218172244,C,A,A,C,A,40078.107213527706,0
1478,398,74,FL,500/1000,1000,1180.8464492111207,0,FEMALE,PhD,Adm-clerical,Chess,wife,97471.48563566392,59704.246740560615,A,A,C,A,B,21498.980475564233,0
1479,60,30,IL,100/300,500,759.0919143805761,1000000,FEMALE,High School,Exec-managerial,Camping,not-in-family,75217.21276046366,84320.80266151231,C,A,B,B,A,61964.77034503118,0
1480,332,73,FL,100/300,1000,1846.704744786915,0,FEMALE,College,Prof-specialty,Reading,wife,54747.96521179651,57047.748848519484,C,B,B,A,B,54799.5029957388,1
1481,410,68,TX,500/1000,2000,1843.5025485932606,0,MALE,College,Prof-specialty,Movies,unmarried,29804.662810120986,22739.75639056919,B,B,B,C,B,4237.746957013567,0
1482,146,72,IL,250/500,1000,1217.5388764035786,0,MALE,PhD,Adm-clerical,Reading,wife,12185.713425108313,19957.93487757275,B,B,A,B,C,4218.875447467404,0
1483,99,54,IL,250/500,2000,788.0076108249162,0,FEMALE,College,Exec-managerial,Chess,not-in-family,26379.771348070957,39529.98966420175,C,B,B,C,A,15432.63189626373,1
1484,76,56,TX,500/1000,1000,1518.8168639629773,0,MALE,JD,Prof-specialty,Reading,not-in-family,53424.69736436152,2930.36401108705,B,C,C,B,B,71870.94570694069,1
1485,390,69,FL,100/300,2000,820.3024344809235,0,FEMALE,High School,Exec-managerial,Movies,husband,62405.9474343691,49730.47110508243,A,B,A,B,A,85995.04800301538,0
1486,444,20,IL,500/1000,500,842.891901966606,1000000,MALE,PhD,Prof-specialty,Camping,own-child,36593.12549673438,27260.03496888326,B,B,C,A,A,3041.8862869489644,1
1487,492,24,IL,100/300,2000,1958.069780209219,0,MALE,PhD,Prof-specialty,Reading,not-in-family,10490.886644317943,4566.905084041983,C,C,C,C,B,81911.15032634234,0
1488,0,45,NY,100/300,2000,649.312017379461,2000000,FEMALE,PhD,Prof-specialty,Movies,other-relative,26292.956919026146,47458.25619228722,C,B,A,B,B,46804.8463563992,0
1489,488,31,IL,100/300,2000,1068.8626953002215,0,FEMALE,JD,Machine-op-inspct,Exercise,unmarried,25702.52490407946,64100.56998789175,C,C,B,C,B,40421.38153208546,0
1490,404,71,IL,500/1000,500,1332.3120276339664,5000000,MALE,Masters,Machine-op-inspct,Reading,husband,53511.17075778246,10072.372833422172,C,A,A,A,B,54695.28167374747,0
1491,15,54,TX,100/300,500,661.6850092851214,1000000,MALE,PhD,Exec-managerial,Reading,husband,10331.756635708123,60856.47635786131,A,A,A,A,A,93730.25912302105,0
1492,432,65,IL,500/1000,1000,558.4146480878,2000000,FEMALE,College,Prof-specialty,Chess,unmarried,28820.67959619894,94294.11286996158,C,C,A,C,C,57104.33618775226,0
1493,412,69,IL,500/1000,500,1313.5069683361232,5000000,MALE,Masters,Exec-managerial,Reading,own-child,34359.90597385915,37653.35642406458,B,C,A,B,C,10905.702569144809,0
1494,215,39,FL,250/500,2000,671.8388856570549,0,FEMALE,JD,Adm-clerical,Movies,own-child,52722.70682129485,98172.63734261795,C,C,A,A,A,47441.48378770388,0
1495,82,48,IL,250/500,2000,876.753717484798,0,MALE,PhD,Prof-specialty,Chess,other-relative,29872.259174199222,78194.66424428063,C,C,A,A,B,97795.74599554081,0
1496,90,18,CA,250/500,500,1245.9095298779503,2000000,MALE,Masters,Prof-specialty,Chess,other-relative,14984.80173925396,961.6565273673828,B,C,C,B,C,16750.135956461352,0
1497,239,64,CA,500/1000,1000,1021.2467832906074,0,MALE,PhD,Exec-managerial,Reading,other-relative,2547.464855693349,94517.4864032237,A,B,B,B,C,46486.87891549454,1
1498,174,29,NY,500/1000,2000,1565.8337193522461,0,MALE,PhD,Exec-managerial,Camping,own-child,17301.774346197286,51000.09567958136,B,C,B,A,B,69858.43189772534,0
1499,128,41,CA,500/1000,2000,1943.6811847858555,0,FEMALE,JD,Adm-clerical,Exercise,wife,82473.75279646217,60056.36331718441,A,C,C,A,C,36815.044218389914,0
1500,90,47,CA,250/500,2000,1629.788132555009,2000000,MALE,College,Adm-clerical,Camping,wife,35027.876575763454,60922.204754031394,C,A,A,B,A,77022.03178917397,0
1501,141,71,TX,100/300,1000,1999.988063454449,1000000,FEMALE,JD,Exec-managerial,Movies,not-in-family,53897.94590605981,39115.3605988699,A,B,B,A,A,21610.329688022335,0
1502,330,63,TX,100/300,500,1083.36904939763,1000000,FEMALE,JD,Machine-op-inspct,Reading,wife,49002.328715572075,44412.39597697041,C,A,B,C,A,9808.346089098997,0
1503,255,65,NY,250/500,2000,957.8579802949594,0,MALE,College,Craft-repair,Reading,unmarried,27626.94381818779,51874.474034764695,A,B,C,A,B,33243.040586295196,0
1504,86,44,TX,250/500,2000,818.8779387398785,1000000,FEMALE,Masters,Adm-clerical,Exercise,unmarried,84347.30478076961,96560.98397185528,C,C,A,C,A,86926.42833310977,0
1505,302,33,IL,100/300,500,1827.3169853638146,0,MALE,JD,Craft-repair,Camping,unmarried,93863.33136034326,21845.222784407782,B,B,B,B,B,71565.10206345461,0
1506,187,38,NY,250/500,1000,1084.9035888179292,2000000,FEMALE,PhD,Adm-clerical,Camping,unmarried,21238.627330836767,91460.92408070798,C,B,B,C,A,98312.22412916129,0
1507,83,73,IL,500/1000,500,1566.412980461236,2000000,FEMALE,JD,Adm-clerical,Camping,own-child,80742.8693044049,97585.4012676929,C,A,B,B,C,33315.49559328353,0
1508,116,21,FL,500/1000,500,1512.1655850695192,5000000,MALE,College,Adm-clerical,Camping,unmarried,75578.93219000835,42485.18545685355,C,A,B,B,A,50492.329283308456,0
1509,255,19,TX,250/500,1000,585.6119906878648,0,FEMALE,Masters,Adm-clerical,Chess,other-relative,83827.23260327191,24718.345610159387,C,C,A,C,A,42625.91950369705,0
1510,25,38,IL,500/1000,500,1819.4693192143864,0,MALE,College,Machine-op-inspct,Exercise,unmarried,40886.428079676,46184.980153618926,A,A,A,B,A,48986.0823956756,0
1511,273,24,FL,500/1000,1000,1229.8026576276675,0,MALE,PhD,Machine-op-inspct,Movies,husband,68626.41988301442,10157.860064584645,A,B,B,C,A,14596.323591708415,0
1512,163,54,TX,500/1000,500,835.3223120558521,0,MALE,Masters,Craft-repair,Camping,wife,19001.304149292377,82142.12686381636,B,A,C,C,A,20117.11645367454,1
1513,221,24,TX,100/300,1000,1968.6303693949658,0,FEMALE,JD,Exec-managerial,Exercise,husband,96812.00130739987,31472.86037355436,A,B,A,A,B,50308.44796936461,0
1514,436,19,NY,250/500,500,1629.7344858260024,5000000,MALE,Masters,Craft-repair,Exercise,husband,72269.4555246559,30424.28220156489,B,A,B,A,B,96834.4716153061,0
1515,195,29,CA,500/1000,500,1425.1007710462109,2000000,FEMALE,JD,Machine-op-inspct,Reading,not-in-family,7651.96927173537,67340.10338466795,C,C,A,C,C,94494.25132617427,0
1516,338,18,CA,250/500,500,1982.5642520434792,0,MALE,JD,Machine-op-inspct,Movies,other-relative,87799.0864197174,56130.28822413343,A,C,B,C,B,9852.45240841587,0
1517,61,20,IL,500/1000,500,1634.8801111952023,0,FEMALE,High School,Prof-specialty,Movies,own-child,95907.4994974635,58577.56816658256,B,B,B,C,A,58478.4250589949,1
1518,196,18,NY,100/300,500,681.7162430556743,1000000,FEMALE,JD,Prof-specialty,Movies,other-relative,33364.48508375399,48450.79659542589,C,A,A,A,B,62217.42545483775,0
1519,449,52,CA,500/1000,1000,1986.7206880702715,0,MALE,JD,Adm-clerical,Chess,own-child,53889.891698193496,45066.29933078764,B,A,C,A,A,63775.27646638863,0
1520,137,33,IL,100/300,2000,1396.4015157133288,1000000,FEMALE,JD,Prof-specialty,Camping,other-relative,99192.50516748732,31572.086413730747,B,A,B,B,A,64384.1547974049,0
1521,441,68,IL,500/1000,1000,949.1531121249809,1000000,FEMALE,High School,Exec-managerial,Camping,own-child,45094.58865458507,28277.75271299129,B,B,B,B,A,6615.707538652155,0
1522,304,25,CA,100/300,2000,1726.2809399243233,5000000,MALE,Masters,Craft-repair,Camping,unmarried,66572.66045315942,99388.51174059043,A,C,A,C,C,50974.68167273163,0
1523,106,38,FL,500/1000,2000,571.8796795595503,1000000,MALE,High School,Craft-repair,Exercise,other-relative,45245.137299482565,40292.57647187228,A,C,C,A,B,724.6086045775049,1
1524,182,68,IL,500/1000,500,1481.5496789090628,0,MALE,College,Machine-op-inspct,Chess,husband,7566.263607845392,50697.216404276405,B,A,A,B,A,91846.410633762,0
1525,42,22,CA,100/300,500,738.9096954744412,0,MALE,JD,Craft-repair,Movies,other-relative,50956.66207664669,39713.42765932669,B,B,B,C,B,2181.870555368501,0
1526,74,73,FL,500/1000,500,631.3140782620353,0,FEMALE,High School,Exec-managerial,Reading,husband,82675.4984951899,72628.08558159324,B,A,A,B,A,77844.98969791415,0
1527,50,48,CA,500/1000,1000,1030.9760571274383,0,FEMALE,High School,Prof-specialty,Movies,own-child,4151.770849957615,17382.771752479443,B,B,B,C,A,24395.29188533352,0
1528,149,43,IL,500/1000,2000,1034.5451878396896,0,FEMALE,Masters,Prof-specialty,Exercise,unmarried,44099.683173506535,5204.688863676299,B,B,C,C,B,58845.89591289115,0
1529,298,18,FL,100/300,1000,1400.789942193597,2000000,FEMALE,Masters,Exec-managerial,Camping,unmarried,82228.15899871841,97403.92629865813,A,A,B,A,A,45424.15477302811,1
1530,263,40,IL,250/500,500,1348.1519634814636,0,FEMALE,Masters,Prof-specialty,Reading,unmarried,35342.943178952766,53561.60426229061,B,B,C,A,C,54610.46031810177,0
1531,381,30,CA,500/1000,2000,1531.9218902328646,0,FEMALE,PhD,Adm-clerical,Exercise,husband,97740.17269435844,55063.244584553286,B,A,B,B,B,60319.416709868936,0
1532,2,49,NY,500/1000,1000,761.1616553100333,2000000,MALE,Masters,Craft-repair,Reading,wife,38318.7519596894,46688.04346768497,B,B,A,B,C,98331.92552726717,0
1533,168,22,NY,100/300,1000,1806.2951029237665,0,FEMALE,JD,Prof-specialty,Chess,wife,78314.9462537838,4989.087375043244,B,C,C,A,A,78260.93438632604,0
1534,52,37,CA,250/500,1000,1788.0106936515106,2000000,MALE,High School,Craft-repair,Reading,other-relative,24557.94051357598,67667.97766130482,C,B,B,B,A,80256.45756908038,1
1535,423,68,TX,500/1000,500,824.4087744826566,0,MALE,College,Exec-managerial,Reading,wife,33237.77947270424,56585.81133356699,B,A,A,B,C,89732.15611118531,0
1536,441,45,FL,500/1000,500,1210.3611419851975,0,MALE,College,Prof-specialty,Exercise,wife,72103.46281076447,14260.259775400053,C,A,B,A,A,91131.12101040028,0
1537,145,24,NY,250/500,2000,1232.022927252615,0,FEMALE,College,Adm-clerical,Reading,wife,5703.68435495866,52353.28640639939,C,A,A,A,B,85394.37826069773,0
1538,305,30,CA,500/1000,2000,1881.856659617545,0,MALE,JD,Adm-clerical,Exercise,wife,9378.07874018839,23360.29430234966,B,B,A,A,B,75078.62094031053,0
1539,469,49,TX,250/500,2000,1858.4283294861243,5000000,MALE,High School,Exec-managerial,Camping,husband,26677.194564877736,64007.41031861704,B,C,C,C,C,572.6483386557538,0
1540,10,63,IL,100/300,1000,601.2012696987185,0,FEMALE,PhD,Adm-clerical,Exercise,unmarried,25078.816461322072,66789.56484235107,C,B,A,A,B,60360.13321194571,0
1541,449,35,IL,100/300,2000,1937.044982876787,1000000,MALE,PhD,Exec-managerial,Camping,own-child,6603.85418688203,29663.663199870614,B,B,B,C,A,7081.637252129096,1
1542,149,63,IL,250/500,500,602.8431408057988,1000000,MALE,Masters,Adm-clerical,Chess,husband,97187.81530933162,9410.214321410438,C,B,C,A,B,1727.320892533093,0
1543,360,62,CA,100/300,500,1324.3576330757369,0,MALE,PhD,Prof-specialty,Movies,wife,29352.520331292508,79791.62815954135,C,C,A,A,C,2512.7754256699714,0
1544,62,25,FL,250/500,500,967.3897233551488,5000000,MALE,High School,Craft-repair,Camping,wife,72252.4865822561,63645.32361407983,A,B,C,B,C,93460.03839188738,1
1545,114,46,CA,500/1000,1000,1085.6958103094526,0,MALE,Masters,Craft-repair,Chess,husband,39303.53436695247,60419.665689360416,B,B,C,C,A,29036.818051913284,0
1546,206,37,TX,100/300,1000,1440.0753680476255,1000000,MALE,JD,Machine-op-inspct,Camping,own-child,99095.97726152545,59802.48382870226,C,C,B,A,C,57150.26460266426,0
1547,135,43,FL,250/500,1000,1375.723462356882,0,FEMALE,College,Craft-repair,Reading,unmarried,14036.350592183733,71924.47161956759,C,B,B,B,B,19449.025390665698,0
1548,82,35,IL,250/500,500,751.2331066589619,0,MALE,College,Adm-clerical,Movies,wife,37430.90861382363,22840.556319304917,B,B,B,B,A,75828.74374686378,1
1549,72,63,NY,250/500,500,1954.672677040194,0,FEMALE,Masters,Machine-op-inspct,Chess,other-relative,43170.57976332398,40675.06202024515,C,B,A,B,B,80874.70032511374,1
1550,68,19,NY,500/1000,500,543.0413907426562,0,FEMALE,Masters,Machine-op-inspct,Chess,not-in-family,71731.37396355582,22151.600045161114,B,A,A,C,A,35709.197342134044,0
1551,327,60,NY,500/1000,2000,1015.0672801778642,0,FEMALE,Masters,Prof-specialty,Reading,own-child,49600.726519548596,7113.887196061774,A,C,B,C,A,1621.315383142431,0
1552,224,64,TX,500/1000,2000,1702.068622620585,2000000,FEMALE,High School,Prof-specialty,Camping,not-in-family,75031.35641953026,90669.38259933339,B,A,A,C,A,63768.937534327575,0
1553,112,59,IL,100/300,500,1776.4045621557502,0,MALE,Masters,Prof-specialty,Chess,not-in-family,84123.05991067574,4663.077454373921,A,C,B,B,A,87522.7558417027,0
1554,14,66,NY,500/1000,1000,1695.9353807387324,0,MALE,High School,Adm-clerical,Camping,wife,28921.46014739223,4609.223903040483,B,B,A,A,B,13192.545388953431,0
1555,398,41,FL,250/500,2000,1058.7482720908315,0,MALE,Masters,Adm-clerical,Camping,other-relative,80391.58204750113,32201.674028721405,A,C,C,B,A,70321.35959268625,0
1556,360,60,NY,500/1000,2000,1510.0998655565722,0,MALE,High School,Adm-clerical,Reading,husband,49153.72786005639,31877.16213296016,C,B,C,C,A,27027.994794277387,0
1557,262,25,TX,100/300,500,1646.4495262436892,0,FEMALE,High School,Craft-repair,Camping,unmarried,7653.622647979785,3971.337895115179,A,A,B,C,A,43842.77157070234,0
1558,212,39,NY,500/1000,1000,1366.9305846759348,0,FEMALE,PhD,Exec-managerial,Movies,other-relative,29702.65010968863,76736.86900747246,B,B,B,A,B,33707.40409780435,0
1559,109,51,TX,250/500,500,1518.5266843911772,1000000,MALE,PhD,Prof-specialty,Reading,wife,80291.82391477554,11735.130177247787,C,B,B,B,C,90699.94537232349,1
1560,409,49,TX,100/300,500,1330.437500537651,1000000,FEMALE,Masters,Machine-op-inspct,Reading,other-relative,38891.800279610914,8841.175524413426,C,A,B,A,C,30343.288105598967,0
1561,320,52,FL,250/500,1000,582.4244524220006,0,MALE,Masters,Machine-op-inspct,Exercise,husband,9326.303456424701,8734.979020161549,B,C,A,B,C,95982.96559415787,1
1562,434,42,TX,500/1000,500,909.9285065680792,0,MALE,High School,Machine-op-inspct,Movies,not-in-family,63835.02464378443,64431.728090337136,B,A,A,C,A,11964.080831560823,0
1563,345,24,CA,100/300,2000,1553.9765767037518,0,FEMALE,High School,Exec-managerial,Chess,wife,85030.0652943536,16921.799362349233,C,C,A,B,C,92347.99200657305,1
1564,409,31,IL,100/300,1000,862.3008500958738,0,FEMALE,PhD,Adm-clerical,Camping,not-in-family,13285.702275248257,57843.538913161574,C,C,B,C,A,66256.13839796811,0
1565,125,61,TX,250/500,2000,1183.1984166242846,0,FEMALE,JD,Adm-clerical,Camping,own-child,54300.538043738045,20091.186026662068,B,B,A,B,A,26990.33148937953,0
1566,347,46,CA,100/300,500,1301.9192450084624,0,FEMALE,College,Adm-clerical,Reading,other-relative,20776.27370836961,83653.96372089206,C,A,C,C,A,3078.1920814240952,0
1567,8,54,CA,100/300,1000,1506.4562507481855,2000000,MALE,College,Machine-op-inspct,Camping,own-child,33775.953801880976,18706.088312466683,C,C,C,B,B,15474.229535650335,0
1568,153,54,NY,100/300,2000,888.7163246420837,0,MALE,JD,Exec-managerial,Movies,husband,41391.02543071173,42980.2787735774,B,A,B,C,B,93076.69182285384,0
1569,370,24,FL,250/500,2000,1392.822680514536,1000000,FEMALE,JD,Craft-repair,Chess,other-relative,522.1862463925087,55241.78193332021,A,A,A,B,C,50134.8025301683,0
1570,460,50,NY,500/1000,2000,1394.7641865995238,0,MALE,College,Exec-managerial,Camping,unmarried,35570.95430272451,88019.3824975977,B,A,A,C,C,57927.94820406415,0
1571,4,34,FL,250/500,1000,1767.5359072065955,1000000,FEMALE,PhD,Exec-managerial,Reading,husband,30940.482398309698,21511.159811697402,C,A,A,B,C,82997.82024822859,0
1572,109,36,NY,500/1000,2000,1328.071587309589,2000000,MALE,College,Prof-specialty,Movies,other-relative,66836.8797130151,62046.207625071314,C,B,C,B,B,62596.18137500382,1
1573,273,42,NY,500/1000,1000,942.6151026530979,0,MALE,JD,Craft-repair,Chess,other-relative,88010.26924011718,3118.2439003995423,C,B,C,C,B,20474.621928855282,0
1574,52,25,CA,100/300,2000,1284.0546666157538,1000000,FEMALE,College,Exec-managerial,Movies,unmarried,10525.564214396254,77531.12858974421,C,B,C,B,B,57515.97601384391,0
1575,406,29,IL,100/300,1000,660.9149455571062,1000000,FEMALE,College,Craft-repair,Movies,not-in-family,48281.839076182296,52710.179426967065,C,C,B,C,B,65715.91559755932,0
1576,219,20,CA,500/1000,2000,1411.6231366639267,0,MALE,JD,Exec-managerial,Movies,not-in-family,27668.2828280852,94505.0544745117,C,A,A,C,B,24130.942450848102,1
1577,484,48,NY,500/1000,1000,1874.1963651297128,0,FEMALE,PhD,Craft-repair,Camping,other-relative,98751.60657458552,77537.4695721052,A,B,B,A,C,93198.22685745623,1
1578,196,61,IL,100/300,500,1294.7154752964695,0,FEMALE,College,Craft-repair,Movies,other-relative,78034.38744269367,40079.689681599215,C,B,B,B,C,18101.91535837882,0
1579,316,25,NY,500/1000,1000,938.2523700167769,0,MALE,Masters,Craft-repair,Camping,own-child,11785.713703435751,41578.22311399052,B,B,A,B,A,71345.78057483664,0
1580,90,21,NY,500/1000,1000,1108.2891540188702,0,MALE,Masters,Prof-specialty,Movies,own-child,36883.1741916629,649.0696724175571,A,C,A,C,C,90681.48991981703,0
1581,467,49,IL,500/1000,2000,1852.78688000869,2000000,MALE,College,Adm-clerical,Chess,wife,11117.014458220876,83807.87498768153,C,A,B,B,B,33347.23253529585,1
1582,227,24,CA,500/1000,2000,1719.6003037988494,0,MALE,JD,Exec-managerial,Reading,other-relative,78702.56047567676,80541.00874434118,B,A,B,B,C,85210.8511031437,0
1583,484,31,TX,500/1000,500,1704.7631302960617,0,MALE,Masters,Prof-specialty,Camping,husband,48708.37569572708,56855.282573034296,A,B,A,B,A,59259.34814135177,0
1584,161,51,NY,100/300,500,1346.1197619360355,0,MALE,College,Exec-managerial,Reading,husband,64728.685647099795,37542.425870609106,B,A,B,B,B,30790.889811021934,0
1585,77,22,TX,100/300,2000,1094.6194744615848,0,MALE,JD,Exec-managerial,Chess,other-relative,57487.651051112996,80493.44502262802,C,C,B,C,A,73291.67928276319,0
1586,174,29,CA,250/500,500,698.650894244118,0,MALE,Masters,Machine-op-inspct,Reading,not-in-family,18260.17541064877,61026.95511832276,B,B,C,C,C,41594.093315559236,0
1587,453,54,TX,500/1000,500,1963.4210196192234,0,FEMALE,PhD,Machine-op-inspct,Movies,wife,1299.4176156686076,18983.16984986975,A,A,B,C,C,20591.560880039942,0
1588,282,44,CA,250/500,500,768.6547514241763,0,MALE,JD,Prof-specialty,Chess,own-child,87022.69578374086,24230.274664021013,B,C,C,A,B,91741.47885467212,0
1589,385,38,TX,250/500,1000,878.1777927962892,1000000,MALE,Masters,Exec-managerial,Camping,own-child,9235.20162219157,60567.30229372269,B,B,C,A,B,50686.88076714399,0
1590,8,74,TX,100/300,1000,1646.3922699137045,0,MALE,High School,Prof-specialty,Chess,not-in-family,79146.15121869577,67806.01650780681,C,A,B,A,A,79424.15997435695,1
1591,202,30,NY,500/1000,500,1026.1274112283234,2000000,MALE,High School,Adm-clerical,Camping,wife,19147.464243976832,11327.793920934826,B,C,C,A,B,94662.91095769692,0
1592,309,42,IL,250/500,500,1375.8027819628965,1000000,FEMALE,JD,Adm-clerical,Movies,other-relative,85277.37672245761,83969.74878915671,A,A,C,A,C,73541.02343303991,0
1593,132,51,IL,250/500,2000,1642.4621392352497,2000000,MALE,Masters,Machine-op-inspct,Exercise,wife,59374.61313760218,50340.59333327549,A,C,C,C,A,47242.46757676076,0
1594,202,59,CA,250/500,500,1334.1821191021922,5000000,MALE,PhD,Machine-op-inspct,Movies,husband,39917.433821553714,19985.786157213348,C,B,C,A,B,85798.79930565666,1
1595,2,61,NY,100/300,500,1236.0791304604734,0,MALE,JD,Prof-specialty,Movies,other-relative,65835.2316231135,56545.93134481421,C,B,B,A,A,59068.62842537533,0
1596,345,74,TX,500/1000,500,576.0535078772826,0,FEMALE,JD,Adm-clerical,Reading,other-relative,27375.34554922233,87628.4328549481,B,A,B,B,A,10501.504427024825,0
1597,397,65,CA,500/1000,1000,1231.4857927186727,0,FEMALE,PhD,Adm-clerical,Exercise,not-in-family,41859.91667905498,5510.425779785722,A,B,C,A,A,61366.28673961112,0
1598,264,34,IL,100/300,2000,1182.539938753624,0,MALE,College,Prof-specialty,Chess,wife,82375.09397142132,22098.479239847013,C,C,B,C,B,1036.0636610133058,0
1599,210,38,TX,500/1000,500,1820.7679516347926,0,MALE,College,Adm-clerical,Exercise,wife,894.8724736885682,56323.3610381252,A,C,B,A,C,97586.77555904812,0
1600,208,32,NY,100/300,2000,1171.0892286881567,0,MALE,PhD,Machine-op-inspct,Movies,unmarried,23395.850380765838,185.0346097934219,B,B,A,B,A,52320.264112344936,0
1601,432,43,CA,500/1000,1000,1444.9142361655588,0,MALE,PhD,Prof-specialty,Reading,not-in-family,74129.79612920198,17977.53166893995,C,B,A,C,C,9675.714857983116,0
1602,57,50,FL,250/500,2000,1660.6001914563053,2000000,MALE,Masters,Craft-repair,Exercise,unmarried,71945.25498515388,23672.14935581533,A,C,C,C,A,30304.440153541353,0
1603,365,52,NY,500/1000,2000,1201.572440003642,0,FEMALE,PhD,Craft-repair,Chess,own-child,16365.32611765843,88408.15159599099,A,C,A,B,A,66048.19821154205,0
1604,471,43,CA,250/500,2000,891.2831441539347,1000000,FEMALE,High School,Craft-repair,Exercise,unmarried,98298.93078827528,52420.82053833755,A,C,A,C,A,29234.793659748422,0
1605,333,29,TX,500/1000,1000,1840.9300438066211,0,FEMALE,High School,Adm-clerical,Camping,own-child,67647.67457988446,63218.36517641752,B,A,A,C,A,42385.35127658658,0
1606,137,39,CA,250/500,2000,1843.2769798927957,0,FEMALE,College,Machine-op-inspct,Camping,husband,37137.44274038142,307.1379745683833,A,A,C,C,C,30235.877255546457,0
1607,380,27,NY,500/1000,500,1849.7532004901918,5000000,MALE,High School,Machine-op-inspct,Chess,unmarried,35088.28077678269,38673.32817896351,C,A,B,B,A,63083.84169950243,0
1608,390,26,IL,250/500,500,909.1633088157246,0,MALE,High School,Adm-clerical,Exercise,wife,52268.70542757105,44717.703427678614,B,C,C,A,B,28767.29534717176,1
1609,140,53,IL,500/1000,500,973.1889938130311,1000000,MALE,Masters,Machine-op-inspct,Reading,own-child,3612.7058284819323,83888.83852319578,B,B,B,B,A,81398.32852853213,0
1610,290,51,NY,100/300,1000,1878.1948508788641,0,MALE,College,Prof-specialty,Chess,not-in-family,71455.324337275,19466.401122393607,C,C,A,C,B,72598.28221380044,0
1611,188,38,TX,500/1000,2000,688.6749952322393,0,FEMALE,Masters,Prof-specialty,Movies,not-in-family,6840.345460449537,6526.831852395753,C,A,C,B,C,32863.787572027344,0
1612,350,50,IL,250/500,2000,1483.8218077018118,0,MALE,JD,Adm-clerical,Movies,own-child,65300.80912905046,82484.37572544547,B,A,C,B,B,62632.74643394032,0
1613,37,27,FL,100/300,1000,938.4768923183076,0,FEMALE,High School,Machine-op-inspct,Chess,husband,80175.56861252192,21205.283663029462,A,B,C,A,A,48779.86417272186,0
1614,233,62,FL,100/300,2000,1581.9598951641917,2000000,FEMALE,High School,Adm-clerical,Movies,unmarried,90527.28768731123,69083.04088262333,B,C,B,B,C,5878.359079408061,0
1615,164,24,FL,250/500,500,1750.497071974514,2000000,FEMALE,Masters,Machine-op-inspct,Camping,wife,14763.207720698734,9153.837213852934,C,A,A,A,B,41788.292546935736,0
1616,476,45,CA,100/300,2000,1112.1728659163286,0,MALE,JD,Machine-op-inspct,Reading,own-child,74546.03170483364,67251.22006783128,B,C,B,A,C,13581.81198731073,1
1617,69,35,TX,250/500,2000,726.7365647600222,0,MALE,High School,Prof-specialty,Reading,husband,98329.22782130758,42325.391973276295,C,B,B,C,A,12330.915742171808,0
1618,7,32,TX,100/300,2000,1598.3540936376526,0,MALE,PhD,Prof-specialty,Reading,husband,6780.458650022758,92802.75371866059,B,B,C,A,B,16397.874129678352,0
1619,216,57,IL,500/1000,2000,583.5915832389192,1000000,MALE,Masters,Prof-specialty,Exercise,unmarried,2822.68740678987,20041.962058571793,C,B,B,B,B,43139.10484769799,0
1620,68,47,NY,250/500,2000,522.4889085263882,2000000,FEMALE,College,Exec-managerial,Chess,wife,21242.682066502115,6713.1374348695535,B,C,C,B,A,91758.99187754428,0
1621,329,42,FL,100/300,2000,1815.7848850132018,1000000,MALE,JD,Adm-clerical,Movies,unmarried,20502.095043122692,53352.46641459884,A,C,C,A,B,77272.49567950683,1
1622,278,67,FL,100/300,1000,1725.2112251267656,0,MALE,High School,Craft-repair,Exercise,own-child,31947.262199547764,91760.89585649433,C,B,B,A,B,85399.20416292016,0
1623,384,67,NY,250/500,500,1372.932583842708,0,FEMALE,High School,Machine-op-inspct,Movies,not-in-family,92355.09613607022,20353.05259194222,C,C,C,B,B,73713.77317693054,0
1624,268,62,NY,250/500,1000,1498.0624582470966,0,FEMALE,College,Exec-managerial,Chess,wife,68307.20377858102,83485.77089756966,A,B,B,B,A,96978.76714008344,0
1625,100,47,FL,250/500,1000,1928.9056129163814,5000000,FEMALE,High School,Prof-specialty,Movies,not-in-family,1071.4371292294688,33936.72781705374,A,C,C,C,B,74203.00414935063,0
1626,409,33,NY,100/300,500,594.1495033678494,2000000,MALE,PhD,Adm-clerical,Exercise,unmarried,49535.8755629523,9901.039692520153,A,C,B,A,A,79193.7055381472,0
1627,82,27,CA,100/300,1000,824.8902189022858,5000000,FEMALE,PhD,Machine-op-inspct,Exercise,wife,87571.58762096908,58981.90841685266,A,B,C,A,B,81413.8394518719,0
1628,89,42,IL,500/1000,500,1593.8037998941122,0,FEMALE,JD,Machine-op-inspct,Exercise,husband,53435.153273066135,52194.21179952497,A,B,B,C,A,69006.58445590598,0
1629,443,29,CA,250/500,500,896.0535928019424,0,FEMALE,PhD,Exec-managerial,Reading,not-in-family,19422.182621515793,83839.15071486351,A,B,B,C,B,20803.90240894607,0
1630,367,57,FL,500/1000,500,810.8939224046173,0,FEMALE,JD,Prof-specialty,Camping,not-in-family,95395.66300479863,10293.50371915465,B,C,B,C,B,97117.17853591527,0
1631,49,72,IL,250/500,500,1163.3047763127763,0,MALE,JD,Craft-repair,Exercise,husband,30734.697764042296,64525.06984586209,B,B,C,A,B,48341.947695054,0
1632,178,18,IL,100/300,2000,1585.5468998881286,2000000,MALE,Masters,Machine-op-inspct,Camping,other-relative,35008.351745837084,62042.076068535636,B,A,A,A,C,83020.7002826638,1
1633,489,26,IL,250/500,500,815.7832126034127,1000000,MALE,High School,Prof-specialty,Exercise,husband,35629.95775176884,99493.1189603353,C,C,B,B,A,79987.35405222981,0
1634,376,37,TX,500/1000,1000,1144.317690941822,1000000,MALE,High School,Exec-managerial,Movies,unmarried,39473.10080217753,32805.611235528806,C,C,C,A,C,43040.097131029346,0
1635,56,55,TX,500/1000,1000,1278.2255559734058,0,FEMALE,PhD,Adm-clerical,Chess,husband,70876.26927980987,4459.38863723675,A,B,A,C,B,84040.6157791542,1
1636,449,35,IL,100/300,2000,758.3373821766957,5000000,MALE,High School,Adm-clerical,Exercise,not-in-family,31454.20787535497,41122.53090680362,C,C,B,B,A,25208.617479582834,0
1637,446,46,TX,500/1000,2000,1215.1819982384445,1000000,FEMALE,JD,Exec-managerial,Reading,not-in-family,46504.30726071443,46443.32577184138,B,C,C,A,C,35772.59838546398,0
1638,40,54,CA,500/1000,2000,1798.8143162192507,5000000,MALE,JD,Craft-repair,Exercise,own-child,26349.707501958852,36895.207235419555,B,C,A,A,B,23287.69860176138,0
1639,466,66,FL,100/300,1000,1619.0979618044755,0,MALE,College,Adm-clerical,Movies,husband,50791.94762551515,63046.64576563566,C,A,C,B,B,6201.132843309049,0
1640,331,29,FL,500/1000,2000,1255.1713742662912,0,FEMALE,High School,Exec-managerial,Movies,not-in-family,94735.15415413877,26584.555637792317,B,A,B,B,B,23864.209554252422,0
1641,235,54,FL,100/300,1000,687.9231237169017,1000000,FEMALE,High School,Adm-clerical,Movies,not-in-family,28959.423066274547,18314.148874904622,B,B,C,C,C,65036.59671725984,1
1642,34,49,NY,100/300,2000,535.0354272048429,0,FEMALE,PhD,Exec-managerial,Movies,not-in-family,81642.39301524461,45276.850968103565,C,C,B,A,A,76277.52631549195,1
1643,223,29,CA,500/1000,2000,600.8637745790074,0,FEMALE,PhD,Adm-clerical,Exercise,unmarried,21897.427154966255,72696.14368319261,B,A,C,C,B,35465.77609220835,1
1644,436,73,FL,100/300,500,1625.324638050501,1000000,FEMALE,Masters,Craft-repair,Camping,own-child,14469.313676316997,89146.85965601454,B,B,B,A,A,73875.42022314039,0
1645,76,54,FL,250/500,500,1556.5589884369444,1000000,FEMALE,PhD,Exec-managerial,Movies,not-in-family,9112.61980078506,66370.32888142862,C,B,B,A,B,1201.6170701906121,0
1646,483,56,FL,100/300,1000,1619.096117940923,2000000,FEMALE,JD,Craft-repair,Movies,other-relative,97986.35137135831,37735.89651729041,C,B,B,B,A,76030.9670566623,0
1647,448,29,FL,500/1000,500,960.8159972407022,1000000,FEMALE,JD,Craft-repair,Exercise,husband,57041.596347953,74662.77660379648,C,C,B,A,B,84055.20447447473,0
1648,288,73,TX,250/500,500,634.8885460815261,0,MALE,High School,Machine-op-inspct,Chess,other-relative,51427.03978618029,18885.55074333369,A,B,A,A,C,99205.22414980175,0
1649,180,50,TX,250/500,500,1571.4980240391449,5000000,MALE,College,Exec-managerial,Reading,unmarried,720.0132563131789,75199.92129689381,B,C,B,C,B,89499.59338379203,0
1650,3,73,CA,250/500,500,1883.6991596020857,0,FEMALE,High School,Craft-repair,Reading,wife,48429.232498937694,48089.61488612818,B,B,A,A,C,69278.88482437836,0
1651,119,60,CA,250/500,500,1178.287399929041,1000000,MALE,College,Machine-op-inspct,Reading,not-in-family,66271.3029649281,27080.68427491853,B,B,B,B,B,35024.53475733598,0
1652,257,49,FL,100/300,500,1646.4717681968502,0,MALE,PhD,Machine-op-inspct,Chess,unmarried,40994.81997034038,69225.99742391397,C,C,A,C,A,28802.936177908396,1
1653,7,50,FL,100/300,500,1592.1100589153177,0,FEMALE,Masters,Craft-repair,Exercise,husband,12891.85186713061,41641.455979656384,B,C,C,A,B,12134.183226063606,0
1654,79,41,FL,100/300,1000,1780.5372954346221,2000000,MALE,Masters,Prof-specialty,Chess,other-relative,26769.80012746163,62006.32085528037,A,A,C,A,B,29044.992414433375,0
1655,277,48,NY,500/1000,500,542.5695946945244,0,FEMALE,Masters,Exec-managerial,Movies,unmarried,71412.6242190842,66366.71741868663,B,B,B,A,A,30867.969534828986,0
1656,201,64,IL,500/1000,500,1932.9574949965015,0,MALE,PhD,Exec-managerial,Exercise,other-relative,47533.41756687492,39320.80168640894,B,C,C,C,B,71515.42057554111,0
1657,72,47,TX,250/500,2000,1798.0352357452769,0,MALE,College,Prof-specialty,Exercise,own-child,47930.539985466494,98597.84551853956,B,B,C,C,A,72775.93286826977,0
1658,378,43,FL,500/1000,1000,1814.7204351990322,1000000,FEMALE,High School,Exec-managerial,Reading,not-in-family,3840.4704576250338,45703.76274553726,C,B,B,B,C,52343.559167546184,0
1659,245,19,NY,100/300,1000,1994.5292518647818,0,FEMALE,Masters,Craft-repair,Movies,other-relative,52932.25204951011,98410.6380753696,C,A,C,A,B,77332.79226625727,0
1660,454,69,NY,100/300,2000,1459.2145065353789,0,MALE,High School,Machine-op-inspct,Camping,unmarried,42473.705772054105,23520.63326069157,C,A,C,B,A,34543.92720051998,1
1661,231,34,NY,100/300,1000,622.5103811506823,0,FEMALE,Masters,Machine-op-inspct,Exercise,own-child,87962.3477924898,16696.07233284407,C,B,B,A,A,47338.901447829354,0
1662,380,18,TX,100/300,1000,1734.1946230405194,0,MALE,College,Prof-specialty,Exercise,unmarried,38084.079353749956,63084.95437182534,C,C,A,A,C,5308.253062531875,0
1663,208,69,IL,100/300,1000,702.3126324880786,0,FEMALE,PhD,Craft-repair,Exercise,wife,60923.45858482312,54704.91848595438,A,B,C,A,C,53891.30475214571,0
1664,285,48,FL,250/500,500,1606.840626132437,0,MALE,College,Craft-repair,Camping,husband,93589.05777188404,54031.91151921224,B,B,C,A,B,39071.01738865395,0
1665,74,46,FL,100/300,500,1136.0367195504755,0,FEMALE,College,Machine-op-inspct,Reading,not-in-family,56621.644361713,99502.78925664107,A,C,B,A,A,7118.350399784709,0
1666,426,28,IL,100/300,500,509.91990916190235,1000000,MALE,JD,Adm-clerical,Movies,unmarried,2978.5589474655485,106.82846829381809,C,B,B,B,B,9740.722920107954,0
1667,182,62,TX,100/300,2000,1153.6681542177503,0,FEMALE,Masters,Adm-clerical,Camping,own-child,10158.894595629852,45351.0604332758,A,C,C,C,B,65915.12307285811,0
1668,270,21,NY,250/500,2000,1694.9962780608516,0,FEMALE,College,Exec-managerial,Exercise,not-in-family,96684.74173353383,30692.10031870726,B,C,C,B,C,74469.57683898848,0
1669,326,53,FL,100/300,500,631.098354324274,0,MALE,JD,Exec-managerial,Reading,wife,55209.855128147,42793.72927138814,C,C,B,B,A,10288.514267254903,0
1670,60,25,NY,500/1000,500,503.3179363126286,1000000,FEMALE,High School,Exec-managerial,Movies,other-relative,18929.069032762804,93816.02319145168,C,C,A,B,C,77600.1117084991,0
1671,322,53,IL,250/500,1000,1179.143210811856,0,MALE,College,Craft-repair,Chess,unmarried,56775.82629688175,80852.92621836411,B,A,B,B,A,86424.32930218136,0
1672,150,64,FL,250/500,2000,502.24522272526195,1000000,FEMALE,PhD,Machine-op-inspct,Reading,not-in-family,95740.0922333296,20165.52021011684,C,C,A,A,B,56830.09139274143,0
1673,282,38,FL,100/300,2000,1902.108784092303,0,FEMALE,JD,Craft-repair,Movies,not-in-family,4482.9035874236815,70424.29326959245,A,C,B,C,A,49128.50525808542,0
1674,93,28,FL,100/300,1000,1737.2931358637954,0,MALE,PhD,Prof-specialty,Exercise,unmarried,52710.404509828746,57963.39122538541,B,B,C,A,C,46276.29323121783,0
1675,431,29,CA,100/300,2000,1445.1759313116288,0,MALE,JD,Machine-op-inspct,Movies,other-relative,13614.171341006377,40809.52570315025,C,C,C,A,C,30017.406377214575,0
1676,444,43,IL,250/500,500,525.9769845793484,1000000,FEMALE,Masters,Machine-op-inspct,Exercise,own-child,44674.754331212294,34196.10993806273,C,A,B,C,A,89764.5029888267,0
1677,15,44,IL,250/500,500,1354.7336865246893,1000000,FEMALE,High School,Machine-op-inspct,Reading,other-relative,65456.25822010801,59841.26446735899,B,B,A,A,A,86940.57576178173,0
1678,141,51,NY,500/1000,2000,1506.6297987938665,0,MALE,PhD,Machine-op-inspct,Chess,wife,45916.22179123934,46904.12838060459,C,A,B,B,A,51398.43541850585,0
1679,435,27,TX,100/300,2000,1381.1691187920144,1000000,FEMALE,College,Exec-managerial,Reading,unmarried,96280.3388022459,54972.95335109582,A,B,C,A,A,24622.234685007355,0
1680,85,26,FL,100/300,500,1920.336809541502,0,MALE,High School,Machine-op-inspct,Exercise,other-relative,58459.233321632775,77297.17214373736,C,A,B,B,B,91070.70513354837,0
1681,369,56,FL,100/300,2000,1747.0157992789696,0,MALE,High School,Craft-repair,Camping,unmarried,96359.97716605033,96701.17185922882,B,B,B,C,B,73271.18614677055,0
1682,403,30,FL,250/500,2000,1047.6387728061436,0,MALE,College,Machine-op-inspct,Reading,unmarried,31438.821324549303,41084.98551460573,C,B,B,B,B,82371.70367655526,0
1683,265,29,IL,250/500,1000,1542.1979799326605,2000000,FEMALE,PhD,Prof-specialty,Chess,not-in-family,2111.8085345121385,42652.35402354056,C,C,C,A,B,82857.7320506686,1
1684,57,34,FL,250/500,2000,1191.7193604934364,0,FEMALE,PhD,Adm-clerical,Camping,unmarried,15456.334219690281,84066.09299110361,C,A,C,A,C,19295.2593622321,0
1685,284,21,IL,250/500,500,1892.5219720834336,0,MALE,Masters,Craft-repair,Camping,not-in-family,7156.675605476337,12983.645692107004,B,C,A,B,A,5878.28775703628,1
1686,131,56,TX,250/500,2000,1427.1895253154025,0,FEMALE,JD,Craft-repair,Exercise,other-relative,73897.14224469877,80083.7294497917,C,B,B,C,A,50770.648939924955,1
1687,478,45,TX,500/1000,2000,1373.1048559731676,1000000,MALE,High School,Craft-repair,Movies,other-relative,18985.777455364274,39117.441637014104,C,C,A,A,B,46875.17505886688,0
1688,205,58,IL,250/500,500,1251.0458586332768,0,FEMALE,High School,Exec-managerial,Chess,not-in-family,75707.35418261607,41514.51557537992,A,C,B,C,C,32479.075949653477,1
1689,388,37,FL,250/500,500,1066.6084547957564,2000000,FEMALE,Masters,Prof-specialty,Exercise,not-in-family,53756.450340233976,29660.21481066059,A,A,B,A,C,72475.43574932258,0
1690,37,24,IL,500/1000,2000,722.0880427147201,0,FEMALE,JD,Machine-op-inspct,Chess,husband,21678.02932137737,12272.036687146416,B,C,B,A,C,60869.2847654511,0
1691,67,73,FL,250/500,2000,910.8973274548048,0,MALE,JD,Prof-specialty,Movies,other-relative,61344.18603643663,74528.06694050258,A,A,C,C,A,38831.584451884126,0
1692,202,25,FL,500/1000,2000,998.7513923434362,0,FEMALE,JD,Machine-op-inspct,Exercise,not-in-family,1145.6871255980939,89881.79908650341,B,C,A,C,A,49075.076628894494,0
1693,373,52,CA,100/300,2000,731.0265014141365,0,MALE,College,Exec-managerial,Reading,wife,33472.7111836984,50208.94844757264,B,B,B,C,B,54165.3838362019,1
1694,472,46,IL,500/1000,2000,1719.0698898864546,0,FEMALE,Masters,Adm-clerical,Reading,own-child,78467.33280956325,19178.168922967776,C,C,B,A,C,94105.98012642235,0
1695,11,64,NY,100/300,2000,503.3274927168764,0,MALE,College,Exec-managerial,Camping,husband,74921.83723692884,31012.815572197906,A,C,C,A,C,52021.868876251596,1
1696,51,32,NY,500/1000,1000,1873.6573218247186,1000000,FEMALE,JD,Prof-specialty,Movies,unmarried,79068.57502651704,8438.639146597337,A,B,C,A,B,65623.25304235652,0
1697,350,48,TX,100/300,500,692.424195603213,0,FEMALE,College,Exec-managerial,Exercise,other-relative,58754.37703024699,83055.66541260389,A,C,C,B,A,91047.55853447485,0
1698,330,29,FL,500/1000,2000,576.4534321346107,0,FEMALE,High School,Prof-specialty,Movies,own-child,57328.89808494283,52071.52960113082,A,C,C,A,A,71818.0984795587,0
1699,230,38,FL,100/300,500,1992.7808041966407,5000000,MALE,College,Prof-specialty,Movies,own-child,40736.75063923278,97868.70653810735,A,B,A,B,B,54667.39159859041,0
1700,479,65,CA,250/500,1000,1999.6940990571613,0,MALE,College,Prof-specialty,Reading,own-child,94853.67385008054,77239.4740584961,C,C,C,A,C,40463.54516556188,1
1701,330,33,FL,500/1000,500,787.636357743788,0,MALE,PhD,Exec-managerial,Exercise,unmarried,94948.64410992789,72617.95771050573,A,C,A,B,B,11667.373865379617,0
1702,70,56,TX,250/500,500,700.695216304105,0,MALE,Masters,Adm-clerical,Camping,not-in-family,869.2809630174713,43799.78254816773,C,B,C,A,C,78707.16031199109,0
1703,375,49,IL,500/1000,500,796.6619448114068,1000000,MALE,JD,Machine-op-inspct,Exercise,husband,96222.41129974624,34877.34629791865,C,B,C,B,C,78825.26628669314,0
1704,321,23,IL,250/500,1000,1266.985199603212,5000000,MALE,Masters,Adm-clerical,Reading,own-child,87054.70272227297,27594.884052388436,A,B,B,B,B,97207.53109561386,0
1705,320,41,TX,100/300,2000,981.7758795800455,1000000,FEMALE,High School,Machine-op-inspct,Camping,husband,60600.78811349693,98852.25207424763,B,B,B,A,B,51381.710054933676,0
1706,88,49,CA,100/300,1000,1004.5495511025612,0,MALE,JD,Exec-managerial,Camping,wife,32453.164511015108,23075.247451006155,B,B,A,C,C,70337.32377345952,0
1707,328,35,IL,100/300,1000,1714.354972101309,0,FEMALE,High School,Prof-specialty,Chess,wife,42075.60002376348,14673.925425868161,A,C,A,A,C,97802.71955354014,0
1708,45,73,TX,250/500,1000,1835.2918370841635,1000000,MALE,College,Machine-op-inspct,Exercise,own-child,84820.22943941629,47092.015958800046,B,A,B,C,B,61416.844084311895,0
1709,115,61,FL,500/1000,500,1954.7463084370625,1000000,MALE,PhD,Machine-op-inspct,Chess,not-in-family,14767.647194175504,51797.62616004613,B,B,C,C,C,82543.64025834501,0
1710,355,27,IL,250/500,1000,1272.1076048704992,0,MALE,JD,Exec-managerial,Reading,own-child,62081.054982848706,17741.435728204626,C,C,B,B,C,41367.08172955416,0
1711,348,46,TX,500/1000,1000,869.2045257921634,0,FEMALE,High School,Craft-repair,Exercise,wife,23086.46618065394,34971.91408904247,A,B,C,C,C,19047.800597288686,0
1712,265,26,CA,100/300,500,1332.3768824485405,0,FEMALE,College,Machine-op-inspct,Exercise,husband,37817.73970192003,29256.262034267045,A,A,C,A,B,84378.02494983727,0
1713,90,30,IL,500/1000,500,1806.5766382961565,0,FEMALE,JD,Exec-managerial,Exercise,husband,499.6062437362836,74147.43960470424,C,B,C,B,C,43324.26501893226,0
1714,18,68,CA,100/300,500,546.3675336853569,0,MALE,JD,Adm-clerical,Chess,husband,96939.05083642082,48831.11412942816,A,B,C,B,C,74515.14966776472,0
1715,338,44,NY,100/300,1000,1866.864260443543,0,MALE,Masters,Craft-repair,Movies,other-relative,10860.46457457721,77728.46591588052,C,A,B,B,A,52830.03503987839,0
1716,116,54,CA,250/500,500,839.8211101614929,0,MALE,JD,Adm-clerical,Movies,wife,76347.73004578988,9199.277961480446,B,C,A,A,B,45978.50127139644,0
1717,116,25,TX,250/500,2000,965.7563282336457,1000000,MALE,High School,Prof-specialty,Movies,other-relative,56161.62922971111,31606.91798834785,B,C,A,A,B,5626.006981745516,1
1718,275,70,FL,100/300,2000,1046.080639197803,0,MALE,PhD,Prof-specialty,Chess,other-relative,82801.80559039443,29829.23362077561,C,C,A,B,C,77016.10588573843,1
1719,412,19,IL,100/300,500,1870.6420514907302,0,MALE,JD,Machine-op-inspct,Chess,wife,51567.73296178293,45837.50882940242,A,B,A,C,A,32464.919366127342,0
1720,116,59,CA,500/1000,1000,763.9954091703958,0,MALE,High School,Adm-clerical,Camping,other-relative,98438.64617563618,40300.25190652762,A,C,C,C,B,39397.41326753173,1
1721,450,21,IL,100/300,1000,834.5170681636425,1000000,MALE,College,Craft-repair,Movies,other-relative,60701.67521710402,26104.391229528635,B,B,C,C,C,35279.8585236645,0
1722,277,27,IL,500/1000,2000,1596.6539539601354,1000000,FEMALE,College,Adm-clerical,Chess,not-in-family,61640.85449621961,81789.51897067929,A,B,A,B,C,69568.54232522336,0
1723,183,31,TX,250/500,1000,1902.031942588553,0,FEMALE,JD,Exec-managerial,Camping,unmarried,92078.57763123371,90671.30220811274,C,A,A,A,C,71467.10805798073,0
1724,469,42,TX,100/300,2000,657.1021635086634,0,MALE,PhD,Adm-clerical,Reading,wife,25801.994565910623,77508.44960271711,A,A,B,A,A,81625.48438530599,0
1725,476,58,NY,250/500,500,1283.3730971652685,1000000,FEMALE,JD,Machine-op-inspct,Reading,own-child,36286.50440898616,70051.04612692526,C,B,C,C,A,67823.70697637727,1
1726,22,31,FL,500/1000,2000,1871.6910724255779,0,MALE,Masters,Adm-clerical,Chess,own-child,66498.4728216254,58893.10421667545,B,B,C,C,A,90800.9392127281,0
1727,423,27,NY,500/1000,1000,1829.1344375274564,0,MALE,JD,Exec-managerial,Camping,husband,14110.621828141046,33572.542804031604,A,B,B,C,B,24512.701531009618,0
1728,374,25,TX,100/300,2000,1922.68699448789,0,FEMALE,Masters,Craft-repair,Camping,husband,80960.85814170011,91847.42676992457,B,A,C,C,B,49757.866979883634,0
1729,217,23,NY,100/300,1000,1853.1573914195847,0,FEMALE,Masters,Prof-specialty,Chess,own-child,59186.655898068886,64863.269567291485,B,B,A,A,B,96914.74137431767,0
1730,430,22,CA,100/300,2000,972.0545826218478,0,MALE,Masters,Exec-managerial,Exercise,husband,75494.79536568956,88947.04860559184,A,C,A,A,A,25310.804297453502,0
1731,116,38,CA,500/1000,500,812.0168178244126,0,MALE,Masters,Exec-managerial,Reading,other-relative,99026.38395765581,45289.64230550618,B,C,C,A,B,72684.04494169155,1
1732,190,66,IL,250/500,2000,1852.2119908315192,0,FEMALE,Masters,Prof-specialty,Reading,not-in-family,97686.5819535309,41209.5455061017,B,C,C,B,A,31748.51383801741,0
1733,341,40,NY,100/300,500,1567.9319446498243,0,FEMALE,College,Adm-clerical,Exercise,own-child,44763.36424640861,7696.849850063203,C,B,C,A,A,45918.29833697071,0
1734,421,54,NY,250/500,500,1067.7834959287666,0,MALE,JD,Machine-op-inspct,Reading,own-child,28110.227020291444,33738.51573931258,B,B,B,C,C,54026.25961253994,0
1735,136,36,TX,100/300,500,1569.4031286827815,0,MALE,JD,Craft-repair,Reading,not-in-family,63430.25155594313,38584.81731611893,A,C,A,A,C,80053.34929752845,1
1736,468,70,NY,250/500,1000,960.7873015023843,1000000,MALE,Masters,Adm-clerical,Reading,husband,71134.6519682999,49421.42598134931,A,A,B,C,C,62169.71306583889,0
1737,99,66,IL,500/1000,500,1372.0163559617517,0,MALE,Masters,Prof-specialty,Reading,husband,29473.093641153224,47513.13968344761,B,C,B,A,C,600.4227377453171,0
1738,177,37,TX,100/300,1000,850.0004771709371,0,FEMALE,Masters,Machine-op-inspct,Movies,other-relative,28136.399024669467,91792.14041410242,C,A,B,C,A,33984.52568774958,1
1739,188,27,IL,500/1000,500,1342.612424396056,1000000,MALE,JD,Craft-repair,Chess,not-in-family,21497.249307366852,50731.036963519015,B,B,C,A,C,34913.5242901734,0
1740,495,35,CA,500/1000,2000,1884.7418115505604,0,MALE,Masters,Machine-op-inspct,Exercise,other-relative,90942.57896897143,84529.47453626867,B,C,B,C,C,49280.39055999009,1
1741,227,37,TX,250/500,2000,1657.1590410098906,0,MALE,Masters,Prof-specialty,Reading,unmarried,10163.522669924963,12841.723372751569,B,B,B,B,A,90748.06020786033,1
1742,351,65,FL,250/500,500,1484.097935045641,0,MALE,PhD,Machine-op-inspct,Movies,own-child,24640.203182739806,57213.35164173298,C,B,B,B,B,91354.02030326678,1
1743,351,28,IL,500/1000,2000,869.0201036260107,0,MALE,JD,Craft-repair,Chess,other-relative,62440.62430302618,53789.82693066595,C,B,A,B,B,46254.39513761205,0
1744,125,32,FL,100/300,2000,595.0523708605144,0,MALE,PhD,Adm-clerical,Exercise,other-relative,46757.53913255346,15584.927642782188,C,B,C,A,B,72702.86578013796,0
1745,225,49,FL,250/500,1000,1565.8546558753965,0,FEMALE,High School,Prof-specialty,Reading,other-relative,12070.475655695756,24511.99391337344,A,A,A,C,B,35695.86157897998,0
1746,316,28,IL,500/1000,1000,1364.1465245048107,5000000,MALE,PhD,Machine-op-inspct,Reading,other-relative,28950.754128434975,50034.24191044844,B,B,B,A,B,29106.112200331445,0
1747,406,69,TX,500/1000,2000,818.9067758660578,0,MALE,PhD,Prof-specialty,Reading,own-child,40813.38878106479,52125.52537763041,C,A,C,A,B,46531.93638975109,0
1748,25,46,FL,500/1000,500,1902.1408844983446,0,MALE,High School,Craft-repair,Camping,husband,95869.23889411235,90006.80583594936,A,C,C,A,A,84710.03017745637,0
1749,117,57,TX,100/300,500,1328.0288278613025,0,FEMALE,PhD,Craft-repair,Movies,husband,39574.694022035685,16448.86557685332,B,B,A,A,C,52348.84639038796,0
1750,463,56,FL,250/500,1000,1357.7880623860901,2000000,FEMALE,PhD,Adm-clerical,Chess,wife,11580.9090106067,30473.26046934814,B,B,B,A,C,47501.46600223831,1
1751,229,18,IL,250/500,2000,948.1407718697152,2000000,FEMALE,Masters,Craft-repair,Exercise,husband,97236.57817828534,24007.33388087046,C,C,C,B,B,16189.023835865843,0
1752,240,64,NY,500/1000,1000,1819.077184769541,0,FEMALE,High School,Adm-clerical,Exercise,husband,43401.72361408944,78259.74410562219,C,A,B,C,C,74401.64888843724,0
1753,2,44,TX,100/300,500,1837.0863454631371,2000000,FEMALE,Masters,Exec-managerial,Movies,wife,13970.704845645665,21590.79259684692,C,C,B,C,B,36539.429809990455,0
1754,492,52,FL,500/1000,1000,1572.72027291698,0,FEMALE,College,Adm-clerical,Movies,unmarried,61106.98199146657,89874.31190096826,C,C,B,B,C,75655.07207253964,0
1755,193,25,NY,250/500,2000,648.912262216233,0,MALE,JD,Machine-op-inspct,Reading,unmarried,80855.42097425724,93054.74991099429,C,C,C,C,A,97064.9967009117,0
1756,163,29,NY,100/300,500,626.5785225652289,0,FEMALE,PhD,Exec-managerial,Exercise,not-in-family,71052.92127187857,11197.955243763368,A,C,B,C,B,9539.982407069525,0
1757,328,45,NY,500/1000,2000,1204.0700504133056,0,FEMALE,College,Craft-repair,Reading,not-in-family,31154.508827703965,21687.4168143513,A,A,B,A,A,86289.54666906866,0
1758,378,65,IL,250/500,500,713.1635501773728,0,FEMALE,High School,Machine-op-inspct,Movies,wife,23895.985594773527,38432.62425942193,B,B,A,A,C,17117.37354080398,0
1759,475,36,IL,250/500,2000,997.8796924238445,1000000,FEMALE,College,Machine-op-inspct,Movies,wife,88288.39401673999,86709.62265699195,C,B,B,A,A,86956.40937858175,0
1760,215,46,IL,250/500,2000,757.0153757976775,0,MALE,High School,Machine-op-inspct,Movies,own-child,19387.07539130824,12191.851526096498,B,A,C,A,A,72862.53465828538,0
1761,496,71,IL,100/300,1000,965.1730362523763,2000000,FEMALE,High School,Craft-repair,Chess,wife,75677.84004050237,34451.107561064775,C,C,A,B,B,42478.80668218276,0
1762,428,59,TX,100/300,500,1914.3693231263692,0,FEMALE,High School,Craft-repair,Chess,own-child,2299.2897659529945,70129.41784175675,A,A,A,A,B,45881.4917653004,1
1763,475,59,FL,250/500,2000,1630.0464776689985,0,FEMALE,PhD,Machine-op-inspct,Reading,unmarried,41957.948020129166,72311.06904003464,B,A,A,C,A,29455.102317351644,1
1764,454,35,TX,250/500,500,707.458495254501,0,FEMALE,High School,Exec-managerial,Movies,own-child,98492.59358091143,35640.84736051028,A,B,A,A,C,70066.39944600248,0
1765,89,51,NY,100/300,1000,1503.3731951331622,0,MALE,PhD,Machine-op-inspct,Reading,husband,63386.434069715855,96317.59124497969,B,B,B,C,C,89739.47077015905,0
1766,301,68,FL,500/1000,2000,545.7599509148126,0,MALE,College,Craft-repair,Reading,husband,31065.723646297505,35246.74670595377,C,C,A,C,C,58491.965851770816,0
1767,320,36,FL,500/1000,500,1975.4374123462594,1000000,FEMALE,College,Craft-repair,Chess,wife,69976.71169877464,61351.30847492174,B,A,B,A,B,29739.54096624807,0
1768,104,41,NY,500/1000,1000,1297.542570427983,0,MALE,PhD,Adm-clerical,Camping,unmarried,35332.36630391975,61537.042908111616,B,B,C,A,B,71859.97284542341,1
1769,364,51,CA,250/500,2000,1258.1199584868527,0,FEMALE,College,Prof-specialty,Chess,not-in-family,93883.72483869708,80043.27564878232,B,B,B,B,B,25751.37824395079,1
1770,104,49,FL,250/500,500,860.5026749497426,5000000,MALE,Masters,Exec-managerial,Reading,wife,23493.15487844147,35684.57153562971,B,C,A,C,B,26943.273493126548,1
1771,418,19,TX,100/300,1000,1186.7502433332968,0,MALE,College,Adm-clerical,Chess,unmarried,31998.378118370452,41030.66808887176,A,A,B,A,B,63969.3755085297,0
1772,337,49,FL,250/500,1000,1289.3610472397002,0,MALE,Masters,Prof-specialty,Movies,own-child,68874.49160304233,41820.4117591035,A,C,C,B,C,9937.781501721302,1
1773,213,25,NY,500/1000,2000,1487.2967178822391,0,FEMALE,College,Craft-repair,Movies,husband,79529.33715516291,5870.66321254125,C,A,C,C,A,39897.53695092118,0
1774,204,62,NY,250/500,2000,568.8677480748202,5000000,MALE,College,Prof-specialty,Exercise,other-relative,57647.18798930727,73264.71241596744,B,A,A,A,B,37148.81995815985,0
1775,399,70,TX,500/1000,2000,1013.2625641083806,1000000,MALE,High School,Craft-repair,Camping,other-relative,28927.357890641924,76864.63421384328,A,C,A,C,C,5764.8862952673,0
1776,46,26,NY,100/300,500,1080.4956723866585,0,FEMALE,Masters,Machine-op-inspct,Chess,own-child,57308.95553291592,82062.21189995277,C,A,B,C,C,91843.5329396483,0
1777,114,40,FL,100/300,1000,723.7252205801865,0,FEMALE,PhD,Exec-managerial,Camping,other-relative,21914.93549284773,71437.9258915522,A,B,B,C,C,93800.74944481009,0
1778,348,72,IL,100/300,1000,859.6787132367849,0,FEMALE,High School,Craft-repair,Exercise,unmarried,5742.528683815162,59253.26605119833,A,C,C,B,B,40032.127641894345,0
1779,276,46,TX,100/300,2000,855.0088726915421,0,FEMALE,Masters,Craft-repair,Movies,own-child,91966.53937278313,56424.823220592254,A,B,A,A,C,37258.74349439189,0
1780,489,24,NY,100/300,1000,1715.5635010222013,0,MALE,High School,Craft-repair,Reading,other-relative,48113.883409383954,64370.16103227463,C,C,B,A,C,12599.712240622,0
1781,392,22,CA,250/500,2000,1530.833748648518,0,FEMALE,JD,Prof-specialty,Chess,other-relative,48025.75742951116,806.3022243051444,B,B,C,A,C,56472.0466219287,0
1782,476,57,CA,500/1000,2000,1884.1229893354819,0,FEMALE,High School,Craft-repair,Movies,husband,74478.26071610772,44789.57199566742,A,B,C,C,B,35090.55583925,1
1783,203,49,IL,500/1000,1000,964.8418943565159,5000000,MALE,PhD,Machine-op-inspct,Exercise,unmarried,56003.08695250181,3971.2954176951644,B,A,B,B,A,84364.57704613423,1
1784,263,57,FL,500/1000,1000,1822.4923582628346,1000000,FEMALE,JD,Adm-clerical,Reading,other-relative,45428.68829970474,48837.42955512493,B,C,C,A,A,73444.23973707786,0
1785,329,20,IL,250/500,500,1795.7026476485717,0,MALE,PhD,Adm-clerical,Movies,not-in-family,79460.58513089454,14873.419997264991,A,A,C,A,A,12759.043335911723,0
1786,481,27,FL,500/1000,2000,1171.938032196384,1000000,FEMALE,PhD,Adm-clerical,Movies,husband,47502.48007274109,933.1812886349322,B,A,B,B,C,21849.496480294096,0
1787,174,57,CA,500/1000,1000,1444.5922715595914,5000000,MALE,Masters,Craft-repair,Movies,husband,91273.08425515467,73046.56679105561,B,C,A,B,B,12251.72943770642,1
1788,211,70,NY,250/500,2000,1396.929785727294,1000000,FEMALE,College,Machine-op-inspct,Chess,other-relative,30623.332144644733,70454.08386007308,B,C,B,A,B,14000.565043955601,0
1789,207,46,IL,500/1000,1000,961.7422817899627,0,FEMALE,High School,Prof-specialty,Chess,wife,3359.3413239826455,38669.50600280456,C,C,A,B,C,7157.373847927453,0
1790,425,62,NY,250/500,2000,893.1070983155383,0,FEMALE,PhD,Exec-managerial,Reading,not-in-family,14918.506765587725,6547.1809921669565,C,B,A,B,B,36925.72843440057,0
1791,364,36,CA,500/1000,2000,753.4391159868925,1000000,FEMALE,JD,Prof-specialty,Chess,not-in-family,81916.75778862047,97492.5303680206,A,B,A,B,B,60783.663008217045,0
1792,394,42,FL,100/300,2000,1756.4978824452226,1000000,FEMALE,Masters,Craft-repair,Exercise,other-relative,92620.97131738432,15082.579999245649,A,A,A,C,A,96328.50642577672,0
1793,56,37,NY,100/300,2000,1300.2937790050069,0,MALE,High School,Machine-op-inspct,Reading,husband,7508.114135510191,48832.02503650821,A,C,B,B,C,42719.78775715953,0
1794,239,64,CA,250/500,2000,1007.5484871343556,0,MALE,High School,Exec-managerial,Movies,husband,90870.66828029996,27207.553586482656,A,A,B,C,C,95209.28801247147,1
1795,461,55,TX,250/500,500,1264.9888192774777,0,FEMALE,Masters,Craft-repair,Exercise,other-relative,94368.05103436633,13235.545231494028,A,A,B,A,A,9955.659760950612,0
1796,350,63,IL,250/500,1000,620.8856058894246,2000000,MALE,High School,Machine-op-inspct,Movies,wife,75432.95428932329,51278.495985315494,C,C,C,C,A,16742.77355428005,0
1797,382,27,FL,250/500,1000,658.9747592034349,0,FEMALE,College,Prof-specialty,Reading,own-child,76108.79998499526,19590.078588619996,A,A,C,C,B,40495.403441743794,0
1798,423,68,FL,100/300,500,1639.0285037703416,5000000,MALE,College,Machine-op-inspct,Movies,wife,153.21047659072607,36078.455536662455,A,B,B,A,B,39667.948285926665,0
1799,242,28,TX,100/300,500,1851.8660764770007,0,MALE,High School,Machine-op-inspct,Camping,wife,22270.47121549798,60650.18222329164,A,C,A,C,A,2219.15845787303,0
1800,161,31,IL,100/300,500,980.4027595300997,0,MALE,High School,Prof-specialty,Exercise,wife,21462.507298263812,38683.687416877314,C,C,A,A,A,6393.207252218109,1
1801,387,68,NY,250/500,500,1113.7599354692986,0,MALE,Masters,Adm-clerical,Reading,not-in-family,58149.164499036,51944.950365769924,B,B,B,C,C,32909.250532354505,0
1802,177,48,CA,100/300,2000,1060.5888369143654,0,MALE,JD,Exec-managerial,Reading,other-relative,65692.7903191923,23200.891100083587,A,C,B,B,C,31692.374530988942,0
1803,249,22,CA,100/300,500,1218.5644162222927,0,MALE,PhD,Prof-specialty,Movies,own-child,90167.14103505306,69600.40597497344,C,C,C,C,A,28951.04446568696,0
1804,303,60,NY,250/500,500,1120.9730107587175,0,MALE,PhD,Exec-managerial,Movies,wife,48799.44560302349,63454.73246894014,B,B,C,C,A,52555.05351072761,0
1805,390,45,NY,250/500,500,1079.3568080056425,2000000,FEMALE,JD,Craft-repair,Exercise,wife,50102.381383891385,69296.36398817204,C,A,B,B,B,20267.924962950878,1
1806,383,36,IL,500/1000,500,1489.9202879660988,0,MALE,High School,Craft-repair,Chess,unmarried,5426.4983834261375,33975.80502163947,B,A,C,C,C,50862.808524751774,1
1807,169,50,TX,100/300,2000,908.1689684534269,0,MALE,PhD,Adm-clerical,Exercise,wife,99743.4866122577,94047.99500784102,C,B,C,A,A,5548.987049536126,0
1808,101,19,CA,250/500,500,1913.9511371942056,0,MALE,College,Adm-clerical,Camping,unmarried,94559.52495239984,62403.542834679174,A,B,A,A,A,50040.46159708574,1
1809,448,71,TX,100/300,1000,962.7147119207598,5000000,MALE,Masters,Prof-specialty,Exercise,own-child,7197.541770285343,12722.352285938221,B,A,B,C,C,74936.8327344948,0
1810,305,46,IL,100/300,1000,821.8697756293458,0,MALE,JD,Prof-specialty,Movies,wife,55769.78845733965,97506.98384979945,C,B,A,A,A,92313.62611962867,0
1811,121,35,NY,100/300,2000,1957.859560340592,0,FEMALE,PhD,Exec-managerial,Chess,husband,34783.128693630984,56889.964219727175,B,C,A,C,C,89575.8412017086,0
1812,45,63,CA,100/300,2000,843.2079948833123,0,FEMALE,JD,Prof-specialty,Chess,other-relative,42833.47177687702,69841.43745147457,A,A,B,A,B,64879.95741956073,1
1813,343,27,TX,250/500,1000,1305.0151825366079,2000000,FEMALE,High School,Adm-clerical,Exercise,husband,65168.0183287316,37223.20349715779,A,B,B,B,C,98247.81087791469,0
1814,41,73,FL,500/1000,2000,993.3781049743413,0,FEMALE,PhD,Adm-clerical,Camping,not-in-family,41971.25127564203,44227.87405023131,C,C,A,B,B,36965.402723742045,0
1815,91,55,CA,100/300,1000,616.2125526000136,0,MALE,JD,Adm-clerical,Exercise,not-in-family,49558.08414814039,73247.84391511118,A,B,B,B,B,69467.60893542273,0
1816,279,32,FL,500/1000,2000,1929.3688890761025,0,FEMALE,PhD,Exec-managerial,Reading,not-in-family,27306.2543726046,86534.30886716435,C,B,A,C,B,98927.1711709688,0
1817,332,39,FL,100/300,2000,1061.39443075677,0,MALE,PhD,Prof-specialty,Chess,wife,8237.755459063168,96047.0312117275,A,A,B,B,B,69628.39960591156,1
1818,229,44,FL,500/1000,500,1467.229022900974,1000000,FEMALE,PhD,Prof-specialty,Reading,wife,75516.39730772428,98998.6985192022,C,B,A,A,C,26279.888985681508,1
1819,137,44,FL,250/500,1000,1793.3791539755955,0,FEMALE,JD,Exec-managerial,Camping,unmarried,37838.60641290051,59524.875452096945,A,C,B,C,C,81364.38087503937,1
1820,281,39,CA,100/300,2000,1329.4765953534043,0,FEMALE,Masters,Exec-managerial,Camping,own-child,88659.8702416544,8745.025610843071,B,B,A,B,B,35354.8628227238,0
1821,381,38,FL,100/300,1000,1569.281350508407,0,MALE,Masters,Machine-op-inspct,Movies,husband,94498.07391050234,57843.37566333245,B,A,C,A,A,28561.845197678373,0
1822,374,48,CA,500/1000,2000,1676.9093297365816,5000000,MALE,JD,Exec-managerial,Exercise,wife,8834.079769544778,20442.03568636512,A,C,C,C,B,82829.01804753751,0
1823,385,51,NY,250/500,1000,1072.3166238978597,0,FEMALE,College,Prof-specialty,Exercise,other-relative,68436.5969388938,64833.871638344106,B,A,A,B,B,40410.1013057019,0
1824,224,23,TX,100/300,500,1443.164634558375,5000000,FEMALE,High School,Prof-specialty,Exercise,other-relative,82012.86753857174,33567.17281197398,B,A,A,C,B,64732.8557480006,0
1825,347,30,TX,500/1000,500,808.9375265345941,1000000,MALE,JD,Adm-clerical,Reading,own-child,64703.80710757755,52213.97656716794,C,A,A,C,A,86855.36101903602,0
1826,346,57,TX,250/500,500,583.0046972611473,0,FEMALE,College,Adm-clerical,Camping,not-in-family,32869.13031272814,66093.69442603843,A,B,B,A,A,15691.76151422746,1
1827,197,32,NY,250/500,1000,1980.088564152992,1000000,MALE,JD,Machine-op-inspct,Camping,husband,28452.30110980044,90831.4606382397,A,B,C,C,B,61686.96489309802,0
1828,188,44,TX,500/1000,1000,638.9070047509929,1000000,FEMALE,High School,Exec-managerial,Reading,unmarried,46225.143658116016,79273.04489138223,C,B,B,A,C,18387.744145295503,0
1829,441,48,NY,250/500,2000,1143.0835822848776,0,FEMALE,JD,Craft-repair,Exercise,unmarried,25897.902560255538,2113.5271732425244,B,C,A,C,A,60580.85098217368,0
1830,250,65,IL,100/300,500,601.1079512629865,1000000,FEMALE,PhD,Machine-op-inspct,Exercise,not-in-family,89572.79509078148,15300.430817381983,B,A,A,C,A,49321.14116729554,0
1831,50,59,CA,250/500,1000,1884.0493079625614,0,FEMALE,JD,Exec-managerial,Reading,unmarried,4903.55255764039,86874.705057244,C,C,A,A,B,87380.32723796039,0
1832,80,40,IL,250/500,1000,663.7867791829025,1000000,MALE,College,Prof-specialty,Movies,not-in-family,11267.433070291765,74322.36909590186,C,B,B,A,C,90133.49834225823,1
1833,255,63,NY,100/300,500,1679.7608796322086,0,FEMALE,JD,Machine-op-inspct,Movies,unmarried,60651.26546325446,14788.623108101296,B,C,A,C,C,77160.22241707913,0
1834,480,52,FL,100/300,1000,1573.6222111573502,0,FEMALE,Masters,Machine-op-inspct,Exercise,other-relative,65833.69937669965,58891.901324664665,A,A,A,B,C,63052.45197539386,0
1835,334,71,NY,250/500,2000,567.5629418112449,0,MALE,JD,Exec-managerial,Exercise,other-relative,73603.36173658895,58759.087827169235,C,C,C,C,A,28657.271758477367,0
1836,173,25,CA,500/1000,500,1581.903004416384,0,FEMALE,College,Prof-specialty,Reading,wife,27558.658150662195,77492.20132413735,A,C,B,C,A,49039.46138578299,0
1837,2,72,IL,100/300,500,1953.9652393656252,0,MALE,JD,Exec-managerial,Chess,wife,29443.070547454496,81341.53871010046,B,C,C,C,B,15880.817434654356,0
1838,329,50,NY,100/300,500,1281.5103668259007,0,FEMALE,Masters,Prof-specialty,Camping,not-in-family,41365.332240848205,67398.59270169976,B,B,C,A,B,1292.996279433754,0
1839,348,45,CA,500/1000,500,934.2531346195658,0,MALE,JD,Prof-specialty,Exercise,husband,23448.673752439554,71322.23662811716,C,B,C,A,A,56921.87485348909,0
1840,70,24,FL,100/300,1000,1317.459066077824,0,FEMALE,High School,Adm-clerical,Exercise,husband,37722.677977712105,66669.07160101722,B,A,C,A,C,26584.52582081921,0
1841,305,53,IL,500/1000,500,681.5129359116643,1000000,MALE,Masters,Craft-repair,Chess,own-child,69691.87927650192,15098.862070247487,A,A,C,A,C,28302.623979244054,1
1842,35,60,IL,100/300,2000,1933.9432967626835,0,MALE,High School,Adm-clerical,Movies,not-in-family,49860.750088206085,68456.42476684785,C,B,C,C,A,18240.97152340592,0
1843,179,30,TX,250/500,500,1047.9970724902305,1000000,MALE,Masters,Machine-op-inspct,Camping,other-relative,96660.99839007002,47112.428562526686,C,B,A,A,A,8213.078297195756,0
1844,43,59,IL,250/500,1000,1185.5041302817685,0,MALE,College,Machine-op-inspct,Chess,own-child,57959.51229610421,97779.84803020996,B,C,C,A,B,25251.594986652985,0
1845,85,48,TX,500/1000,2000,1102.0920065117912,0,MALE,JD,Exec-managerial,Reading,unmarried,32860.608769879604,70883.98344686833,A,C,C,A,C,23839.160871749536,0
1846,478,30,IL,250/500,2000,541.7794555690821,0,FEMALE,JD,Exec-managerial,Movies,wife,18180.628306322855,37413.22551911387,B,B,C,C,C,41562.077173091886,0
1847,486,52,IL,500/1000,2000,551.5301331786759,2000000,FEMALE,High School,Exec-managerial,Camping,wife,21986.50440465004,91005.17727148006,A,C,A,B,C,8080.260373833361,0
1848,269,73,NY,250/500,2000,1343.557339149584,0,FEMALE,Masters,Adm-clerical,Movies,own-child,1605.8526045226174,23037.96155266641,A,A,A,C,B,46674.61230164402,1
1849,193,67,FL,500/1000,500,1253.486755232755,1000000,MALE,College,Prof-specialty,Chess,own-child,44214.02576617935,46742.4721022909,C,B,A,A,A,5988.441201585719,0
1850,176,24,FL,500/1000,500,1979.7433117996472,1000000,MALE,Masters,Craft-repair,Camping,other-relative,96001.41775654868,6362.722727763803,B,C,C,C,B,19981.088631331208,0
1851,453,39,IL,250/500,2000,894.8527299192481,0,FEMALE,PhD,Machine-op-inspct,Exercise,unmarried,77730.3585738083,62871.21993301331,B,A,B,B,A,84404.87588381291,0
1852,82,57,IL,100/300,1000,1052.7164873104077,0,FEMALE,High School,Machine-op-inspct,Reading,not-in-family,30069.437307082204,55854.520708476586,C,B,B,C,A,6846.30793824159,0
1853,154,69,TX,100/300,1000,1981.793373209064,2000000,MALE,Masters,Exec-managerial,Movies,husband,79877.3417062511,50446.309648520604,B,B,A,B,B,10922.336141160366,1
1854,453,51,FL,500/1000,2000,571.8240128379907,1000000,MALE,High School,Adm-clerical,Reading,husband,93176.4377682112,20666.009411376974,A,B,B,A,A,58642.44046879596,0
1855,1,26,NY,500/1000,1000,1463.952603115876,2000000,MALE,PhD,Exec-managerial,Movies,own-child,67269.4630341775,49440.25046593653,A,C,A,A,A,26656.057996316835,0
1856,76,49,FL,250/500,2000,652.4685167509309,1000000,MALE,Masters,Adm-clerical,Movies,own-child,51180.49378532362,45917.45422816633,B,C,B,C,B,77453.06702435524,0
1857,46,52,CA,250/500,2000,1919.5981140034662,0,MALE,Masters,Prof-specialty,Movies,own-child,13586.818367294618,2184.3076633783376,C,B,A,A,A,43012.31447041495,1
1858,187,20,FL,250/500,500,932.1321311739916,0,MALE,High School,Exec-managerial,Reading,husband,7966.616216991062,16237.513509787626,A,B,B,A,A,57490.92682031717,0
1859,137,38,NY,500/1000,500,1721.1464634189053,0,MALE,PhD,Prof-specialty,Exercise,wife,21892.37789050168,90189.21637956802,B,C,A,A,B,11502.037522550554,0
1860,188,74,FL,250/500,2000,1866.8848041478598,0,FEMALE,College,Machine-op-inspct,Movies,wife,66332.43492428235,78894.66750373282,B,C,B,A,A,69892.26196050712,0
1861,295,30,NY,250/500,500,1770.5238678043047,1000000,FEMALE,JD,Machine-op-inspct,Chess,husband,15474.220178443655,11989.419028737237,A,C,C,B,C,94698.16296358511,0
1862,4,50,TX,250/500,1000,1335.3530597159165,0,FEMALE,High School,Machine-op-inspct,Chess,wife,53316.63412011183,97272.12226120828,A,B,B,A,B,96084.30414828005,1
1863,269,53,IL,500/1000,500,1960.124862521149,0,FEMALE,High School,Prof-specialty,Reading,other-relative,43659.9434308182,46530.907193883366,B,C,B,C,B,65109.11637577973,1
1864,222,27,TX,500/1000,2000,1514.908253485647,0,MALE,JD,Exec-managerial,Reading,not-in-family,62854.53101817642,75000.70203386138,A,B,A,C,B,8707.395815664306,0
1865,88,53,IL,250/500,2000,1679.2192011175537,5000000,MALE,Masters,Adm-clerical,Chess,own-child,5207.962746198913,54179.03782265041,C,B,C,B,B,85942.75061142878,0
1866,197,35,TX,500/1000,2000,866.1815962020228,0,MALE,High School,Adm-clerical,Exercise,not-in-family,98020.54072130941,76432.33026662587,A,B,C,C,A,99337.37765566265,1
1867,331,48,TX,100/300,1000,1127.5597736099767,0,FEMALE,College,Exec-managerial,Exercise,unmarried,68992.19890274615,66243.43231106363,C,A,A,B,C,13893.912294791866,0
1868,450,62,IL,500/1000,500,1397.2803095342265,0,FEMALE,PhD,Craft-repair,Camping,unmarried,72173.97119910308,6511.193166173712,C,B,B,B,C,82993.35688849079,0
1869,110,57,NY,250/500,500,718.7181074696417,0,MALE,Masters,Adm-clerical,Movies,wife,1623.0476529929595,91355.16497866309,A,B,C,B,B,15978.458873399404,0
1870,241,18,CA,250/500,500,1948.5928195034821,5000000,FEMALE,High School,Adm-clerical,Chess,husband,7946.371583955159,76843.446861503,C,B,A,A,B,45021.785963239636,0
1871,150,48,IL,500/1000,2000,664.5613918034362,0,MALE,College,Exec-managerial,Reading,not-in-family,68782.84063089071,22160.024414470627,B,C,C,C,B,92513.24718988613,1
1872,448,43,NY,250/500,1000,1599.2904911514709,0,MALE,JD,Exec-managerial,Chess,other-relative,10964.271427802752,22636.146107297693,B,C,A,A,B,93242.1215351382,0
1873,78,33,NY,100/300,2000,587.0268457820091,0,FEMALE,Masters,Exec-managerial,Chess,not-in-family,89535.94846159048,68666.21778284086,B,A,B,B,A,55486.11772037079,0
1874,240,55,NY,250/500,500,653.9604232499134,0,FEMALE,College,Craft-repair,Reading,unmarried,62145.88436721159,70093.09824273876,B,B,A,C,B,93671.00483906038,0
1875,487,72,FL,500/1000,1000,1435.0002268546027,0,MALE,High School,Prof-specialty,Chess,unmarried,7107.479665369676,8706.501004289868,B,C,C,A,C,4258.203626106018,0
1876,76,29,IL,500/1000,500,1178.7241159179375,0,FEMALE,JD,Machine-op-inspct,Exercise,wife,61362.61742559106,90503.62482551066,A,A,B,C,B,68774.1047391869,0
1877,421,65,IL,500/1000,2000,505.4658780171573,0,MALE,High School,Prof-specialty,Movies,husband,80273.5856810096,74693.47876058896,B,A,C,C,B,43111.798861916344,0
1878,141,60,TX,500/1000,2000,1090.4988799049468,0,MALE,PhD,Prof-specialty,Exercise,unmarried,80090.84919008004,98403.6524874413,A,B,B,C,C,55606.09605922635,0
1879,402,60,IL,250/500,1000,875.1352226903564,0,FEMALE,High School,Exec-managerial,Chess,other-relative,40114.87668206505,43272.444705407375,B,B,A,A,C,19756.771328697683,1
1880,136,68,NY,500/1000,1000,1807.3766174265568,0,FEMALE,JD,Exec-managerial,Exercise,own-child,46007.57875969064,8621.982414358132,B,C,A,B,A,20576.50054417454,0
1881,347,46,CA,500/1000,1000,1562.1322628464948,0,MALE,PhD,Exec-managerial,Camping,husband,73613.15732783587,90567.38715464396,C,B,A,B,C,73074.1472607678,1
1882,288,29,CA,100/300,500,1606.24970551721,0,FEMALE,PhD,Machine-op-inspct,Chess,not-in-family,87414.52111006464,81286.95331035987,C,C,A,B,B,76921.22620907264,0
1883,288,22,TX,250/500,500,1926.423739775293,1000000,FEMALE,Masters,Prof-specialty,Camping,own-child,79357.7657888022,22.24982015539556,B,B,C,B,C,64216.3319950058,1
1884,428,59,IL,100/300,1000,1564.7894310315676,0,FEMALE,High School,Machine-op-inspct,Exercise,not-in-family,59610.772532093026,53002.61986201963,C,C,A,A,B,34893.219083509684,1
1885,294,19,CA,250/500,2000,740.8572959658168,0,MALE,Masters,Adm-clerical,Reading,own-child,72491.041621564,747.5302956364449,C,A,A,C,A,70753.89410068253,0
1886,288,29,IL,500/1000,2000,1905.9680178772637,0,MALE,JD,Prof-specialty,Movies,husband,65234.91593182408,35150.19102379429,A,A,A,C,A,52036.919632132325,0
1887,3,31,TX,250/500,1000,669.6615297980793,1000000,MALE,Masters,Machine-op-inspct,Reading,other-relative,57715.4000002002,86944.64032610101,B,A,A,B,C,70256.38346881072,0
1888,337,64,IL,500/1000,2000,788.91214322321,0,FEMALE,Masters,Machine-op-inspct,Camping,not-in-family,91969.14764985013,67381.14210990196,A,A,B,C,A,21927.374204232976,0
1889,281,71,TX,500/1000,2000,927.7171264964333,0,MALE,JD,Craft-repair,Reading,other-relative,64789.941086765204,85061.68659669923,C,B,B,A,B,49443.150750763925,0
1890,24,47,FL,100/300,2000,762.6509399155684,0,FEMALE,PhD,Machine-op-inspct,Camping,not-in-family,38200.33264055078,55718.21779256967,C,A,C,B,A,13016.641961199854,0
1891,226,52,CA,250/500,1000,527.4819944654803,0,FEMALE,High School,Machine-op-inspct,Reading,wife,97435.24684131875,77416.15478735384,A,A,B,A,A,96253.83374034736,0
1892,245,64,TX,250/500,500,1188.7340596781564,0,MALE,Masters,Craft-repair,Movies,husband,94969.96694726672,48618.558116149616,A,C,C,A,A,99366.78408520698,0
1893,358,34,TX,500/1000,500,1531.9524603974457,0,MALE,College,Machine-op-inspct,Chess,husband,78054.0325453742,50278.81659171999,C,C,C,B,A,43211.21000807675,0
1894,209,20,TX,100/300,500,1131.8408529757676,0,FEMALE,PhD,Prof-specialty,Movies,not-in-family,3275.0662105870188,59799.087206242264,C,B,B,B,B,39930.231233047205,1
1895,416,26,TX,100/300,1000,852.1626814586955,0,FEMALE,Masters,Exec-managerial,Exercise,wife,72858.70120115709,14060.096190926375,B,B,C,A,B,43072.342550155816,0
1896,401,24,TX,500/1000,2000,1824.3556748689016,1000000,MALE,College,Prof-specialty,Exercise,other-relative,2992.2692336895375,64344.17888337684,C,C,C,A,B,19060.5268266394,0
1897,375,37,TX,100/300,500,1082.4511948408249,0,MALE,JD,Exec-managerial,Reading,not-in-family,7361.254408969342,85568.77796419109,A,C,A,C,B,21204.123873491964,0
1898,412,29,IL,100/300,2000,1758.3231582121198,0,MALE,Masters,Craft-repair,Movies,husband,35251.49113225337,15951.821953504874,A,B,A,B,A,97509.80513183455,0
1899,232,24,NY,100/300,2000,767.7478769255895,1000000,FEMALE,High School,Machine-op-inspct,Exercise,husband,31619.44484071948,37684.398241284,A,C,B,B,A,34237.00840438861,0
1900,391,46,TX,500/1000,1000,1000.0723419734013,0,MALE,PhD,Craft-repair,Chess,not-in-family,56378.94182773806,92030.25334286514,A,A,A,C,A,87095.49710160874,0
1901,432,71,NY,100/300,1000,1705.2647714283617,0,FEMALE,Masters,Craft-repair,Reading,own-child,24387.318397041614,31139.925433391312,C,B,C,C,C,1261.285072264793,0
1902,65,46,FL,500/1000,1000,545.6697155052262,2000000,FEMALE,High School,Craft-repair,Camping,own-child,19919.000138940766,87520.03407339314,A,C,C,C,A,59831.47733678405,0
1903,451,35,FL,500/1000,1000,1880.7347948668312,0,MALE,Masters,Prof-specialty,Reading,other-relative,66658.47381319475,64121.88929622715,C,B,B,A,C,23160.66115225497,0
1904,334,19,CA,500/1000,500,1094.8341856144311,0,MALE,College,Craft-repair,Movies,own-child,44337.60407129216,84343.73898019356,C,C,A,C,A,57218.886243691515,0
1905,199,65,TX,250/500,2000,1966.9728429990791,5000000,MALE,PhD,Machine-op-inspct,Movies,own-child,5296.58421348227,14274.44492709803,B,B,C,B,C,67165.16989347115,0
1906,93,28,CA,500/1000,500,1552.0398633567986,0,FEMALE,High School,Adm-clerical,Chess,other-relative,44239.29508300479,78702.16903331662,B,A,B,C,A,81409.1855058614,0
1907,302,43,CA,250/500,2000,1924.0889283436477,5000000,FEMALE,High School,Craft-repair,Reading,other-relative,75870.96946893026,2969.5619213495615,A,A,A,C,C,24903.623720311814,0
1908,120,44,CA,250/500,500,599.3153598269334,0,FEMALE,JD,Exec-managerial,Reading,wife,6665.405179242756,39457.48360820201,B,C,A,C,A,64065.47267291361,0
1909,166,36,CA,250/500,2000,1583.0213485903914,5000000,MALE,PhD,Machine-op-inspct,Movies,husband,91580.74378795414,27980.835771818245,B,A,B,B,B,908.732984154665,1
1910,215,55,IL,500/1000,1000,1813.1940651971777,0,FEMALE,Masters,Machine-op-inspct,Reading,husband,47646.44892044827,64115.30973886979,C,A,C,B,A,99925.75349972732,0
1911,360,37,TX,100/300,1000,1981.347074639481,0,FEMALE,College,Adm-clerical,Exercise,other-relative,51203.81352053044,76464.87217862958,C,C,C,C,B,42131.46703426596,0
1912,191,41,IL,250/500,2000,550.1060125135189,2000000,FEMALE,Masters,Machine-op-inspct,Exercise,other-relative,29944.185251403156,34508.55017012234,B,A,C,A,A,20247.665041235025,0
1913,243,56,CA,250/500,500,624.7143512274035,0,FEMALE,College,Machine-op-inspct,Reading,unmarried,64699.756330987904,83709.22095502344,B,C,A,A,B,64629.76790500678,0
1914,139,30,TX,100/300,2000,1597.5263960389195,0,MALE,JD,Craft-repair,Exercise,not-in-family,2145.0911908908133,55171.03998947967,B,C,C,A,C,53642.633856587956,1
1915,35,23,FL,250/500,1000,558.3888000507362,0,FEMALE,High School,Adm-clerical,Movies,not-in-family,73854.5965816839,75297.44063497108,B,A,C,A,C,816.4277013839117,0
1916,13,57,IL,250/500,1000,517.0531868301802,5000000,MALE,College,Craft-repair,Camping,not-in-family,9916.1482473471,72513.58187061781,B,B,B,A,B,40483.85788039025,0
1917,490,54,FL,250/500,1000,1317.607450889078,0,MALE,High School,Adm-clerical,Reading,own-child,44462.81666226618,13841.032813926213,B,B,A,B,B,82885.69377521025,1
1918,479,74,TX,500/1000,500,1294.1958334390263,0,MALE,High School,Adm-clerical,Chess,unmarried,14712.143324202576,73145.74422283455,A,C,A,B,C,26289.931797209916,0
1919,306,18,CA,250/500,2000,1420.251099816654,1000000,MALE,Masters,Craft-repair,Reading,husband,16949.856386156105,82630.32951954173,B,C,C,A,B,96026.87587268058,0
1920,182,69,TX,100/300,500,521.1247506166675,0,FEMALE,College,Machine-op-inspct,Movies,other-relative,46446.7008458811,3502.0465931544286,C,C,A,B,C,86524.6894831459,0
1921,333,19,CA,100/300,1000,1254.945028846267,0,MALE,College,Prof-specialty,Chess,wife,6533.048226189331,16238.537537796794,C,B,B,A,C,37399.69349770555,0
1922,383,55,FL,250/500,1000,930.0258201883122,0,FEMALE,High School,Craft-repair,Chess,not-in-family,14988.352914781388,52040.97096687844,A,A,C,C,B,40409.76850430205,0
1923,155,58,TX,500/1000,500,1634.0897943110958,0,FEMALE,College,Adm-clerical,Camping,husband,54363.426247989744,5883.637334737246,B,C,C,A,B,45516.83744221186,0
1924,42,47,TX,250/500,2000,1022.3086299810672,0,FEMALE,PhD,Craft-repair,Reading,other-relative,69606.94158114903,36609.426566263806,A,A,C,B,B,63896.56118515303,0
1925,147,41,TX,100/300,500,1034.8932186261986,5000000,MALE,JD,Machine-op-inspct,Reading,not-in-family,35942.04008713906,83938.68915247082,A,B,C,C,C,33114.34428894688,0
1926,396,58,IL,100/300,1000,1481.3505907402603,0,FEMALE,PhD,Prof-specialty,Chess,husband,86585.5497335707,10104.205159793988,B,A,B,A,A,605.3654033191854,0
1927,173,55,NY,100/300,2000,1490.9982128479091,5000000,MALE,Masters,Machine-op-inspct,Exercise,unmarried,16090.261647516025,13994.135095723093,C,C,B,C,C,43940.97918763114,0
1928,428,44,IL,500/1000,2000,587.4516193080457,0,FEMALE,Masters,Adm-clerical,Reading,other-relative,56058.67763379184,11924.030926909878,A,C,A,A,A,49730.01930589037,0
1929,80,47,FL,250/500,2000,1439.0067011516671,0,MALE,PhD,Adm-clerical,Reading,own-child,8930.41761656036,54487.80975891467,A,C,C,A,C,71079.10483026528,0
1930,29,26,CA,250/500,1000,1486.7784052186757,0,FEMALE,JD,Adm-clerical,Exercise,wife,16746.803761189265,30409.76880230877,A,C,B,B,B,2306.59265633002,0
1931,431,71,FL,500/1000,1000,1186.2854669027597,2000000,MALE,College,Adm-clerical,Camping,other-relative,90877.32838261075,81633.64215421687,A,A,B,C,C,63381.608055629134,0
1932,103,54,TX,250/500,1000,1741.7978283623736,0,FEMALE,JD,Prof-specialty,Reading,husband,99279.32733437109,58218.359197852245,A,C,B,C,B,8083.651668566574,0
1933,400,33,NY,250/500,1000,513.6501385769319,0,MALE,JD,Prof-specialty,Movies,not-in-family,99746.62126622735,67000.7348048515,C,B,B,C,A,52774.37993831533,1
1934,479,52,TX,100/300,500,1952.562108108378,0,FEMALE,College,Adm-clerical,Exercise,not-in-family,80043.85971081963,30755.78443465997,B,B,B,A,B,20509.782407907744,0
1935,299,45,IL,250/500,2000,1064.0374101312075,5000000,FEMALE,College,Craft-repair,Reading,other-relative,19961.339711113735,49178.93742333528,C,A,C,C,B,88004.64469133098,1
1936,123,29,CA,250/500,500,1393.54753892503,0,FEMALE,College,Exec-managerial,Exercise,own-child,28608.037428363354,37066.92810970423,C,C,A,A,B,42986.17338421264,0
1937,82,29,FL,100/300,1000,551.4880584626467,0,MALE,College,Craft-repair,Exercise,own-child,8902.814242577473,49726.506077502265,B,A,A,B,C,12893.3290459568,0
1938,72,68,IL,250/500,1000,1563.3504821072527,0,MALE,High School,Craft-repair,Camping,not-in-family,5404.966280330492,68826.73463612214,A,C,A,B,B,3240.977993164469,0
1939,170,74,NY,250/500,2000,1315.5510204797702,0,FEMALE,PhD,Adm-clerical,Camping,other-relative,73260.17991307641,45083.21367158239,B,B,B,A,C,85275.73294435235,0
1940,63,26,IL,250/500,2000,1940.5476927870197,0,FEMALE,High School,Prof-specialty,Chess,unmarried,54040.55411742734,6667.542806837756,A,A,C,B,A,93791.58121698475,0
1941,473,46,IL,500/1000,1000,1133.7960507363478,2000000,FEMALE,PhD,Prof-specialty,Reading,not-in-family,66059.8599759302,37086.29381381885,B,B,C,C,C,72765.2856375892,0
1942,123,68,NY,500/1000,1000,1582.8097310991443,0,FEMALE,PhD,Craft-repair,Camping,wife,58008.49504263601,88851.94989894552,C,A,C,A,A,66576.41196344528,0
1943,128,68,FL,500/1000,2000,611.3416771558782,0,FEMALE,PhD,Craft-repair,Reading,wife,1182.3526660813543,82319.87433765062,B,B,C,C,B,25234.502055403824,0
1944,304,38,CA,100/300,1000,596.7965978029094,2000000,MALE,JD,Craft-repair,Chess,own-child,31977.170718179783,83291.7231329583,C,B,B,A,B,72676.40080596425,0
1945,274,34,IL,100/300,500,1923.5115316858992,0,FEMALE,PhD,Adm-clerical,Camping,husband,69120.93000653763,18109.915009058474,B,C,C,B,A,15773.507958021852,1
1946,108,50,TX,250/500,500,879.956882263471,0,FEMALE,College,Machine-op-inspct,Camping,not-in-family,86119.29729773391,7937.081708873583,B,B,A,C,C,81625.49833138332,0
1947,267,51,FL,500/1000,2000,1868.5924762353998,0,MALE,JD,Exec-managerial,Chess,own-child,15438.749193685364,81327.3357063715,A,B,A,B,B,43992.51874230928,0
1948,118,43,FL,100/300,500,631.4349856045649,5000000,MALE,JD,Adm-clerical,Movies,not-in-family,11795.874691229268,66594.94458263021,B,A,C,B,C,87531.952608696,0
1949,235,71,NY,250/500,1000,1456.6088288324083,2000000,FEMALE,High School,Exec-managerial,Movies,unmarried,95888.52299118595,50826.861838586956,A,A,A,C,C,34633.75970688553,0
1950,27,35,FL,250/500,2000,1327.3756688330511,0,FEMALE,Masters,Machine-op-inspct,Chess,not-in-family,96724.6833762454,68716.30446315167,C,C,C,B,C,1629.4820584299805,1
1951,108,51,TX,100/300,1000,1949.267719487752,0,MALE,JD,Machine-op-inspct,Movies,own-child,75004.30377837761,93089.10110739601,A,A,A,B,A,81297.48076516167,1
1952,485,55,FL,250/500,1000,1106.019499864401,0,MALE,College,Adm-clerical,Movies,unmarried,5917.826312179608,12910.754873950715,A,A,A,C,A,88208.85459790767,0
1953,414,42,CA,500/1000,2000,572.6099834789563,0,MALE,JD,Prof-specialty,Movies,unmarried,63024.469603632286,16950.36848058231,A,A,B,C,C,2378.28130061962,0
1954,315,69,NY,250/500,1000,1211.1179610157385,0,MALE,High School,Prof-specialty,Movies,husband,12840.115424354193,58986.654345338895,B,A,C,A,A,26026.76720613053,0
1955,204,68,TX,100/300,500,1736.2782241417456,0,FEMALE,JD,Exec-managerial,Exercise,other-relative,84540.46101194009,70680.28042541695,B,A,B,C,C,32090.802934367548,0
1956,244,51,CA,500/1000,1000,578.6980893356946,2000000,MALE,Masters,Prof-specialty,Exercise,husband,30316.88643271736,64359.08567866373,C,C,C,A,C,60017.08378607761,0
1957,106,67,NY,500/1000,500,554.2922799961382,0,FEMALE,PhD,Craft-repair,Camping,husband,47508.97432847822,25394.40623836966,C,C,C,C,B,23993.56723050334,0
1958,499,65,NY,500/1000,1000,1732.6269132756834,0,MALE,JD,Craft-repair,Reading,not-in-family,18684.69013478948,62219.01220848265,C,A,A,C,A,92641.34112175339,0
1959,52,62,CA,100/300,2000,1735.962763665794,0,MALE,High School,Machine-op-inspct,Exercise,other-relative,72510.3810561351,56023.063282830735,C,B,B,C,A,96349.46075163475,1
1960,436,32,FL,100/300,1000,799.9684209126885,0,FEMALE,Masters,Adm-clerical,Reading,other-relative,50219.85636295694,2415.1108298724243,C,C,C,B,C,58744.26212038208,0
1961,10,19,TX,250/500,2000,1486.2142884245832,0,FEMALE,PhD,Prof-specialty,Chess,other-relative,70583.83704283205,62235.49933252906,C,A,C,A,C,98578.35603621833,0
1962,395,40,TX,250/500,2000,596.4079893047513,0,FEMALE,JD,Machine-op-inspct,Chess,husband,31971.673795277165,45112.57369540173,B,B,A,C,A,17481.359601779448,0
1963,214,62,IL,250/500,1000,1648.4157629753329,1000000,MALE,College,Craft-repair,Chess,own-child,37682.94316318015,85331.00713669589,B,B,C,C,B,11976.146266605518,0
1964,57,23,IL,250/500,500,957.7950163598898,0,MALE,JD,Prof-specialty,Reading,own-child,89650.52661197272,65533.39523384367,B,C,C,A,A,40872.48004714306,0
1965,117,56,NY,100/300,1000,845.7679418252502,1000000,FEMALE,College,Prof-specialty,Chess,husband,25425.563002086783,54673.997257074094,B,B,B,B,C,79670.79107300285,0
1966,46,36,IL,250/500,500,1516.4654889344768,0,MALE,High School,Adm-clerical,Camping,other-relative,90302.1668072427,89550.19111814568,C,B,B,C,B,59128.064182502945,0
1967,92,51,TX,100/300,1000,1867.3379138868054,0,MALE,PhD,Prof-specialty,Reading,husband,7576.230069047596,66385.59553125777,A,A,C,A,A,63178.11368921633,0
1968,62,54,TX,250/500,500,562.2574254817001,0,MALE,JD,Prof-specialty,Camping,own-child,15889.098074475494,25055.381308749445,B,A,B,C,C,95897.8465845658,0
1969,392,63,IL,500/1000,2000,715.6049804390759,1000000,FEMALE,PhD,Adm-clerical,Camping,other-relative,66315.14206974096,46757.66463393606,B,A,B,C,C,60002.09407397501,0
1970,13,40,IL,250/500,500,883.5938179178061,1000000,FEMALE,College,Exec-managerial,Movies,husband,99417.81281195034,67244.33876912878,C,A,C,B,B,43644.96116572265,0
1971,479,32,NY,250/500,2000,1891.6956278180269,0,FEMALE,Masters,Prof-specialty,Camping,own-child,93381.2753603428,82069.57848617069,C,A,C,B,B,78589.77833814167,0
1972,450,19,TX,100/300,2000,1815.7387364310289,2000000,MALE,High School,Adm-clerical,Exercise,other-relative,50841.28273747772,28335.183498681505,B,A,A,A,C,76607.98666016995,0
1973,383,55,FL,250/500,1000,1860.75866017694,0,MALE,JD,Machine-op-inspct,Camping,other-relative,52782.29034833214,72650.23702362059,C,B,B,C,A,94724.74275747107,0
1974,6,42,TX,100/300,2000,1067.5584826331606,2000000,FEMALE,Masters,Machine-op-inspct,Chess,wife,57343.024574099974,68279.96121046891,C,A,B,B,A,61615.54475042799,0
1975,389,61,NY,100/300,2000,847.4460835266935,0,MALE,High School,Craft-repair,Movies,other-relative,79226.803227136,14715.01994158585,C,B,A,C,B,1973.8706539958935,1
1976,418,25,CA,250/500,1000,787.491576286142,0,FEMALE,College,Adm-clerical,Reading,own-child,55081.45079724376,15290.660956435675,C,A,C,A,B,33713.92725892779,0
1977,218,28,IL,100/300,500,1822.9296435416593,2000000,FEMALE,High School,Prof-specialty,Camping,own-child,11776.894115932046,50169.89686506206,C,C,B,A,A,42435.30749763022,0
1978,438,46,CA,250/500,1000,846.8337837807409,0,FEMALE,PhD,Machine-op-inspct,Movies,unmarried,83827.36141623593,41114.94223611313,B,B,C,A,A,72713.77274879956,0
1979,411,22,IL,100/300,500,1296.2585702037766,1000000,MALE,College,Prof-specialty,Camping,not-in-family,88532.57493755239,13357.943833133511,C,A,A,B,C,59676.29122522803,0
1980,278,54,IL,100/300,500,997.6089246179448,0,FEMALE,High School,Adm-clerical,Camping,own-child,91799.30611015954,8765.746163515309,A,B,A,A,C,63722.181681630005,1
1981,393,37,FL,500/1000,1000,1248.403157464726,5000000,MALE,PhD,Machine-op-inspct,Chess,own-child,42061.75619941108,89762.66651464422,A,B,C,B,A,26864.597295055108,0
1982,336,29,FL,500/1000,2000,1018.650527561304,5000000,FEMALE,PhD,Craft-repair,Exercise,own-child,22127.241287483444,19154.94740868714,C,A,A,B,C,83013.97709636984,0
1983,309,33,IL,100/300,500,939.4230740995445,0,MALE,JD,Machine-op-inspct,Movies,other-relative,11940.34443718609,36757.04770961299,A,A,B,B,C,32343.159441934098,0
1984,61,38,TX,100/300,2000,1140.9845019187633,0,FEMALE,JD,Craft-repair,Movies,unmarried,52462.86610998162,46615.47781408234,A,B,A,B,A,71724.12150387141,0
1985,270,54,NY,100/300,500,999.3883050790348,0,MALE,High School,Adm-clerical,Camping,not-in-family,27744.68841474744,8302.83462181235,C,A,B,A,A,26592.658113286438,1
1986,397,72,NY,100/300,1000,1759.5369568642966,0,MALE,PhD,Exec-managerial,Movies,unmarried,42728.72572265224,13818.350144905822,B,C,B,B,C,63447.95481620159,1
1987,266,67,IL,250/500,500,1370.9849155223837,0,FEMALE,Masters,Adm-clerical,Reading,husband,9900.120188126304,52543.092276468225,B,B,C,A,C,51077.49177769277,1
1988,310,38,NY,250/500,2000,764.2505413091652,0,MALE,PhD,Craft-repair,Reading,husband,19923.124408246495,69938.38819685132,B,C,C,B,B,13333.164575745635,0
1989,92,45,NY,250/500,2000,853.9185494695282,0,MALE,College,Prof-specialty,Camping,unmarried,43841.50948317742,84448.08202129882,C,B,B,C,C,30770.80627773484,0
1990,401,51,TX,500/1000,2000,580.3302464836237,0,MALE,High School,Machine-op-inspct,Movies,unmarried,17857.15223920088,86250.7937241333,A,C,B,B,A,54363.5645556921,0
1991,25,70,TX,250/500,1000,949.5329502008251,0,MALE,High School,Machine-op-inspct,Camping,other-relative,22520.17163414505,54502.86774261469,B,B,A,C,C,44187.18039001139,0
1992,46,25,IL,100/300,1000,1504.2772368112078,1000000,MALE,JD,Craft-repair,Reading,own-child,1992.911869361058,28679.92247684641,A,B,B,A,B,40679.991605811374,0
1993,498,63,NY,500/1000,2000,774.4375548628454,0,MALE,PhD,Machine-op-inspct,Movies,not-in-family,7305.8941203421155,57956.43149805033,C,A,B,C,B,72508.38031869706,0
1994,216,48,IL,100/300,1000,648.8035353131793,2000000,MALE,JD,Craft-repair,Exercise,unmarried,11642.638624057134,62299.3469443874,B,B,B,A,A,71797.85319151513,1
1995,423,38,TX,250/500,1000,981.5230790869236,0,MALE,PhD,Prof-specialty,Camping,not-in-family,65657.85708302197,28690.686980170776,B,C,B,A,B,99307.88825299422,0
1996,426,20,NY,500/1000,1000,1418.783350235732,0,MALE,High School,Exec-managerial,Reading,not-in-family,14999.835499657998,66722.11601745873,A,B,B,C,A,12680.147191642636,0
1997,448,64,TX,100/300,1000,1209.1700686610886,0,FEMALE,College,Adm-clerical,Reading,wife,88059.56054642188,17418.280434791777,A,B,A,C,A,25206.2270651068,0
1998,258,38,CA,100/300,1000,998.2853922072475,1000000,FEMALE,College,Prof-specialty,Exercise,other-relative,78538.98813492579,29581.36080348901,B,A,A,B,C,29198.10290245299,1
1999,274,46,NY,100/300,1000,1824.4276369007107,1000000,FEMALE,College,Prof-specialty,Camping,husband,81729.83017245146,93006.77792607246,B,A,A,A,B,31257.205667929138,1
2000,394,49,CA,250/500,1000,1202.8365462684046,0,MALE,High School,Machine-op-inspct,Chess,other-relative,35212.512513921414,51002.898982656465,A,C,C,A,B,33457.157860357045,1
