claim_id,months_as_customer,age,policy_state,policy_csl,policy_deductable,policy_annual_premium,umbrella_limit,insured_sex,insured_education_level,insured_occupation,insured_hobbies,insured_relationship,capital-gains,capital-loss,destination_risk,trip_duration_days,incident_category,travel_insurance_type,booking_lead_time_days,total_claim_amount,fraud
1,41,62,TX,500/1000,2000,782.490981605007,0,MALE,JD,Exec-managerial,Chess,husband,48068.12714276487,42941.41637091755,A,A,A,C,A,6545.568920884633,0
2,102,19,CA,250/500,1000,855.1078377600467,0,FEMALE,College,Machine-op-inspct,Chess,unmarried,26151.737368536855,54235.72446187908,C,B,A,B,B,3556.4872042734864,0
3,449,68,TX,100/300,2000,1733.7988577234598,0,MALE,High School,Prof-specialty,Movies,unmarried,65680.3529305622,52093.51696081511,B,B,A,C,B,347.17913240918983,0
4,419,65,CA,500/1000,1000,1694.5481748316386,2000000,MALE,College,Machine-op-inspct,Reading,wife,34335.68791233255,69959.93441690227,C,B,A,C,B,6817.309854143172,0
5,250,62,NY,100/300,1000,1260.801316607733,0,FEMALE,High School,Prof-specialty,Camping,other-relative,70748.30089825501,85404.58260683033,C,A,C,C,B,3509.9860265992425,1
6,207,61,TX,500/1000,2000,1725.1582106804071,0,MALE,High School,Exec-managerial,Reading,unmarried,81086.3550356325,87107.26926772935,B,A,B,A,B,2583.5336054917784,0
7,30,22,FL,250/500,1000,1981.6517479750964,0,FEMALE,JD,Machine-op-inspct,Movies,husband,49428.25599384611,30176.003236817673,A,C,B,C,C,6104.2640786631455,0
8,189,52,FL,100/300,1000,719.9497076378652,0,MALE,Masters,Exec-managerial,Chess,wife,67679.36693558136,62867.77822543235,B,B,B,C,A,8831.740695121247,0
9,171,68,CA,250/500,500,940.7909053479544,0,MALE,College,Craft-repair,Camping,husband,91555.03750141346,96491.60117974339,B,B,A,A,B,4859.135003241144,0
10,348,74,NY,250/500,2000,1628.0653720011508,1000000,MALE,PhD,Craft-repair,Camping,not-in-family,86910.6503993879,55727.54248425274,B,B,B,C,C,8655.258495276292,0
11,355,45,FL,100/300,500,1631.0740354749546,0,FEMALE,Masters,Prof-specialty,Reading,own-child,37590.638375822746,63831.7066117351,A,C,C,B,A,9196.59363701773,0
12,462,18,FL,100/300,2000,1041.8806469781503,0,FEMALE,PhD,Machine-op-inspct,Exercise,husband,80895.30675045624,82292.00397042993,A,C,C,B,C,9416.321689662613,0
13,217,34,CA,100/300,2000,906.9558650983201,0,MALE,High School,Adm-clerical,Camping,other-relative,51661.86398447411,12938.375507708832,A,C,A,A,A,3966.790936200599,0
14,289,39,IL,250/500,500,642.0932713875268,0,MALE,JD,Adm-clerical,Chess,unmarried,27875.137177455457,17280.184727200744,A,A,B,A,C,5606.930474477588,1
15,307,65,TX,250/500,2000,765.3376570699083,5000000,MALE,Masters,Exec-managerial,Movies,own-child,38428.967282215985,90196.2846091952,C,A,C,B,B,313.40147305071343,0
16,297,19,TX,100/300,1000,1818.2136396603596,0,FEMALE,Masters,Machine-op-inspct,Exercise,own-child,57674.38441614656,94466.058137785,A,C,C,A,C,7583.303818998688,0
17,115,72,NY,250/500,500,1465.430182753793,5000000,FEMALE,High School,Prof-specialty,Camping,not-in-family,61867.17342092527,24262.08941711985,B,A,A,C,B,8919.303377218916,1
18,405,18,TX,100/300,1000,1576.2341233854622,1000000,FEMALE,PhD,Craft-repair,Exercise,not-in-family,89400.96866483233,7873.2713192321,A,C,C,C,C,2517.1269201971213,0
19,454,54,NY,250/500,2000,657.6493652398779,0,MALE,PhD,Adm-clerical,Reading,unmarried,7204.197854532346,80319.72595109709,A,B,C,C,C,9888.928042727579,0
20,324,46,TX,100/300,500,1416.6383581450505,0,FEMALE,JD,Machine-op-inspct,Movies,own-child,34708.387019548114,22979.031333950606,B,C,B,B,C,923.4028443646833,0
21,57,33,TX,250/500,500,1778.5912306414662,0,FEMALE,PhD,Exec-managerial,Reading,husband,23500.794110419087,66663.20165193953,C,C,A,B,B,2954.9049838585597,0
22,296,64,IL,500/1000,2000,535.2190227834692,0,MALE,PhD,Exec-managerial,Reading,wife,10224.815845189849,14338.327768543191,A,B,A,C,B,7102.693033122507,0
23,442,41,FL,100/300,2000,721.0939822481316,0,FEMALE,Masters,Exec-managerial,Reading,not-in-family,16866.409748730493,38028.34919560226,A,B,C,B,B,5983.721997389176,0
24,306,62,TX,100/300,1000,519.623039060234,0,MALE,Masters,Craft-repair,Reading,other-relative,33372.24810423192,48746.234869550586,B,C,C,B,C,9769.68853221393,0
25,93,74,FL,100/300,500,1705.994895066244,0,FEMALE,College,Craft-repair,Movies,other-relative,61294.581788006086,35879.36653780951,C,B,A,A,C,7817.046378827059,0
26,352,68,CA,100/300,500,724.497297031425,0,FEMALE,High School,Adm-clerical,Movies,own-child,73198.47040721685,62119.67925256292,C,C,B,B,B,2855.313685653583,0
27,236,51,NY,100/300,2000,671.9732118992177,1000000,FEMALE,High School,Machine-op-inspct,Movies,own-child,49687.62897710856,85725.90128877143,C,B,C,C,B,5758.354117794133,1
28,180,61,IL,250/500,1000,704.9910649128037,0,MALE,PhD,Prof-specialty,Reading,not-in-family,8955.77564050939,56384.78956434759,B,C,A,B,A,9849.22696311744,0
29,468,64,IL,250/500,1000,1138.0010555440772,0,MALE,JD,Craft-repair,Reading,not-in-family,77240.94532033571,55074.95222570094,C,A,A,C,A,6910.44014839704,0
30,208,24,NY,500/1000,1000,1848.5248040778579,0,FEMALE,JD,Machine-op-inspct,Exercise,not-in-family,51610.680075805234,49630.24451294632,A,A,C,B,B,3147.475631223094,0
31,93,68,FL,500/1000,1000,846.0538167585966,1000000,MALE,High School,Machine-op-inspct,Exercise,not-in-family,77264.26870284083,96007.35640262485,A,A,B,C,C,2277.0533187309734,1
32,371,68,TX,500/1000,1000,1037.0001169757816,2000000,MALE,College,Adm-clerical,Movies,not-in-family,25279.624986594583,1963.674732352072,C,C,C,B,B,5437.760189752308,0
33,1,35,IL,500/1000,2000,851.0986738115243,2000000,FEMALE,Masters,Craft-repair,Exercise,other-relative,27236.056538024433,10705.965289636055,C,B,B,B,B,4321.896452038649,0
34,153,28,TX,250/500,1000,1233.1345598051237,0,MALE,College,Machine-op-inspct,Movies,not-in-family,20861.345158474687,41942.08510341259,A,B,B,B,B,5925.752010846115,1
35,90,40,TX,250/500,2000,1281.223064724666,0,MALE,College,Machine-op-inspct,Reading,wife,20021.96269287364,84045.45182624519,A,A,A,B,A,1680.9071694888855,0
36,194,74,TX,500/1000,2000,670.5614748842892,1000000,MALE,PhD,Prof-specialty,Reading,husband,49002.7405620902,93139.3942053147,B,B,A,C,C,4625.765608318756,0
37,120,61,NY,500/1000,1000,1990.8498006260572,1000000,FEMALE,Masters,Prof-specialty,Camping,wife,53882.764049047626,94651.2173217788,C,C,B,C,B,197.8479579298036,0
38,47,30,FL,250/500,2000,1933.639176047337,0,MALE,JD,Exec-managerial,Camping,wife,15906.665816136623,23682.53800371766,B,C,B,C,B,2040.4528649079348,0
39,371,31,CA,100/300,500,1071.7285448882405,0,MALE,Masters,Exec-managerial,Movies,husband,99502.69819560704,42006.01615044147,B,A,C,A,A,4123.392758877499,0
40,386,35,IL,250/500,1000,1589.7549909710558,0,MALE,JD,Machine-op-inspct,Movies,other-relative,48231.175511982816,66814.8450573995,B,C,B,A,B,9953.77565113816,1
41,56,19,CA,100/300,2000,1673.4289295694775,0,FEMALE,High School,Machine-op-inspct,Camping,own-child,35340.38888725095,84724.39687312226,B,B,C,B,C,1050.9614308423072,0
42,296,62,NY,100/300,500,1809.1196503731053,0,FEMALE,High School,Adm-clerical,Chess,husband,85001.72040836539,67146.46570165045,B,B,A,B,B,107.37681906121601,0
43,228,65,TX,250/500,500,1027.4796043916633,0,FEMALE,JD,Prof-specialty,Exercise,other-relative,81427.7122517687,90108.10481470202,B,A,A,B,B,3101.3067173921636,1
44,88,19,TX,250/500,2000,1901.2597668986598,2000000,MALE,College,Prof-specialty,Camping,other-relative,23389.279302864365,21302.449086051332,A,B,C,A,A,4163.969948219257,0
45,273,21,TX,250/500,1000,818.5444179384492,0,MALE,Masters,Adm-clerical,Exercise,own-child,84299.07027947062,55078.289860324956,B,C,A,B,A,6371.124679244968,0
46,78,34,CA,500/1000,500,1960.7651019296954,1000000,FEMALE,PhD,Machine-op-inspct,Chess,other-relative,28341.177434839814,49697.23884156201,C,C,B,C,C,7456.267360348429,0
47,100,31,TX,500/1000,1000,1015.8023563606398,0,FEMALE,Masters,Exec-managerial,Exercise,unmarried,6764.5108221275,85722.4881643255,A,A,C,C,A,3809.0118708403666,1
48,254,39,NY,250/500,500,649.9648105434783,1000000,MALE,Masters,Adm-clerical,Chess,own-child,3354.621549544168,12274.21452009142,A,A,C,A,A,8930.706809921736,0
49,352,33,IL,250/500,500,653.5054772238492,1000000,FEMALE,PhD,Craft-repair,Exercise,own-child,52070.284983373786,59584.789761569,B,B,A,C,C,2126.3508174171748,0
50,242,26,IL,250/500,500,1599.4889264189924,0,MALE,College,Exec-managerial,Exercise,husband,33954.44906660361,67561.73371261716,C,B,C,B,A,7588.760910024826,0
51,496,32,IL,500/1000,2000,930.2438658632591,0,MALE,PhD,Machine-op-inspct,Camping,wife,76397.92569053547,15656.517136647419,A,B,C,C,B,6120.79429496421,1
52,171,50,TX,100/300,1000,635.2054312500948,0,FEMALE,Masters,Adm-clerical,Camping,wife,53580.63352113479,76194.01975724447,C,B,B,A,A,6938.680549171403,0
53,311,20,NY,250/500,500,672.2001639705733,1000000,FEMALE,PhD,Machine-op-inspct,Movies,own-child,77893.33907392532,61196.95269995969,B,A,A,B,C,241.17656684422266,0
54,303,21,NY,500/1000,2000,1874.3340732834329,0,FEMALE,College,Adm-clerical,Movies,unmarried,68698.57999004594,17968.457748286037,A,B,B,A,A,9286.840909383547,0
55,16,52,TX,250/500,2000,764.3040554950421,1000000,MALE,High School,Machine-op-inspct,Movies,wife,98569.1779241282,90482.82480918159,A,C,A,C,A,1396.8897719953934,0
56,103,50,FL,250/500,1000,1265.7063714335168,2000000,MALE,High School,Craft-repair,Movies,other-relative,48153.34377798225,84825.79029868069,A,A,B,B,B,1180.750647826752,0
57,202,59,IL,500/1000,500,1927.9888045583232,1000000,MALE,High School,Adm-clerical,Reading,own-child,33855.28156231128,4591.141261084641,C,B,A,B,C,5891.817711799801,0
58,69,27,CA,500/1000,2000,1433.183321912973,2000000,FEMALE,Masters,Adm-clerical,Camping,unmarried,18226.106291688782,20754.912368717716,C,C,B,B,C,5620.049050248228,0
59,53,67,IL,100/300,1000,1983.411773694237,0,MALE,PhD,Machine-op-inspct,Camping,husband,65781.21730110276,38101.562070592576,B,A,B,B,A,2640.072832379829,0
60,499,28,TX,500/1000,2000,1024.0990355924837,0,FEMALE,High School,Adm-clerical,Reading,husband,53916.23229344021,53473.33299234696,A,C,C,C,C,2819.3269397444583,0
61,14,32,NY,100/300,1000,1752.742953738511,0,MALE,Masters,Prof-specialty,Exercise,not-in-family,70767.3112616592,55650.92698961394,A,B,B,B,C,6375.271675041412,0
62,104,53,CA,100/300,500,901.384144846139,0,MALE,JD,Adm-clerical,Exercise,husband,78269.57119903738,14386.851047892556,C,C,B,C,C,1548.8143561322674,0
63,175,64,CA,100/300,500,1110.2904582826095,0,MALE,High School,Machine-op-inspct,Camping,wife,65158.29773516823,11106.33246484306,A,B,C,A,C,2033.4686551582201,0
64,196,35,NY,100/300,500,923.9780606213699,0,MALE,High School,Prof-specialty,Chess,other-relative,81843.34588839828,93257.80626046639,B,A,C,B,B,2756.3924849364594,0
65,417,35,IL,500/1000,2000,823.2021420947691,0,FEMALE,JD,Adm-clerical,Exercise,unmarried,21218.18875619491,73780.26738375977,A,B,A,A,C,9986.895546520616,0
66,102,45,TX,250/500,1000,1068.844758685023,5000000,MALE,JD,Prof-specialty,Chess,wife,90077.11545908323,12311.47912344458,A,C,A,C,B,7718.159598631325,0
67,203,26,NY,100/300,1000,815.2426283273733,0,MALE,JD,Exec-managerial,Camping,not-in-family,23916.328464829894,88837.6213875657,C,C,B,A,A,123.06407529939733,0
68,42,48,TX,250/500,1000,1851.2537027628075,1000000,FEMALE,High School,Prof-specialty,Exercise,wife,33235.329076134934,25831.57395722393,A,A,B,B,C,891.0117778900322,0
69,176,67,CA,250/500,2000,1117.1953695486634,0,FEMALE,Masters,Craft-repair,Chess,own-child,12556.760634699936,38392.213728010625,B,B,C,B,A,1517.9786956613423,0
70,487,67,IL,250/500,2000,1238.3841631869195,0,MALE,PhD,Prof-specialty,Camping,unmarried,17670.996411516528,64188.54404925604,C,B,A,B,A,5670.642045052545,1
71,96,34,TX,100/300,1000,1596.3912372472573,0,FEMALE,JD,Craft-repair,Chess,wife,70468.5851371943,64777.15327218676,C,A,A,A,C,4714.089069952749,0
72,107,38,CA,100/300,1000,1769.615111053662,0,FEMALE,JD,Adm-clerical,Camping,not-in-family,14687.02683244364,50947.41039265209,B,A,A,C,A,5184.043436510648,0
73,325,67,TX,250/500,1000,1662.2912181807012,0,MALE,PhD,Adm-clerical,Camping,husband,98750.00614718659,13314.70650681944,B,A,B,C,C,3243.7176502622697,0
74,336,34,NY,100/300,500,1427.2278217196967,0,MALE,Masters,Machine-op-inspct,Movies,own-child,94323.17565961623,30728.935642911005,A,A,A,B,C,1617.029732753945,0
75,473,19,TX,500/1000,1000,532.4367059272829,0,MALE,Masters,Machine-op-inspct,Movies,husband,6842.297021243582,48121.81050012183,C,A,B,B,A,3267.2520021039954,0
76,63,68,FL,500/1000,500,548.7901673937865,0,MALE,JD,Adm-clerical,Camping,not-in-family,78936.77714012824,91420.29947542975,A,C,C,C,C,8697.57735887152,0
77,405,66,NY,100/300,2000,791.5973273223349,0,FEMALE,JD,Exec-managerial,Camping,wife,37806.74974192066,35197.4416879772,B,A,C,B,B,5088.025068635831,0
78,188,28,CA,250/500,500,1915.1276486463598,0,MALE,College,Machine-op-inspct,Camping,own-child,80719.12940009811,79804.96346309052,B,A,B,B,B,5252.695629905868,1
79,383,40,CA,100/300,2000,1117.988020083409,0,MALE,JD,Craft-repair,Reading,husband,6629.564435659663,938.2473223695231,C,C,C,C,C,6701.174235058249,0
80,89,37,TX,500/1000,2000,1108.7001101583753,0,MALE,PhD,Craft-repair,Camping,unmarried,62431.98260753671,31572.93297800534,C,B,B,A,B,634.8145200945524,0
81,169,65,TX,250/500,500,1320.8822930757858,0,MALE,Masters,Prof-specialty,Reading,not-in-family,71712.11048259545,25144.54136204979,C,C,C,B,C,2447.2013702965123,0
82,34,53,CA,250/500,1000,1267.0706296589656,1000000,MALE,College,Adm-clerical,Exercise,not-in-family,84670.58645541647,85997.04002397426,B,B,C,C,A,1191.0304638821976,0
83,76,36,CA,500/1000,1000,1374.1790109654855,0,FEMALE,College,Exec-managerial,Chess,not-in-family,88862.5341153374,20273.70861806519,C,A,B,B,C,2932.0684460202583,0
84,231,29,IL,100/300,500,1247.4349218183863,2000000,FEMALE,High School,Machine-op-inspct,Camping,husband,1106.9746642356492,89656.16624607105,C,C,B,C,C,291.0510180056453,0
85,436,21,CA,100/300,2000,942.7662302743729,2000000,FEMALE,College,Prof-specialty,Movies,wife,74720.02526154154,52593.28156944451,A,B,A,C,B,9402.269551153775,0
86,432,36,TX,250/500,2000,610.8481720004919,0,MALE,High School,Exec-managerial,Exercise,wife,14645.769650535245,82268.63047597057,C,C,B,B,A,9711.501476253661,0
87,196,39,TX,250/500,2000,1443.8116706927713,0,MALE,High School,Exec-managerial,Movies,other-relative,53485.66596354706,34831.85822995572,B,C,B,A,B,7797.436912608979,0
88,405,33,CA,500/1000,1000,803.3898306897056,0,MALE,College,Machine-op-inspct,Chess,not-in-family,37124.25526100114,31188.31409459786,A,A,B,C,C,6642.911385407151,0
89,358,29,CA,100/300,500,1403.3616317423016,0,MALE,College,Exec-managerial,Exercise,not-in-family,22405.505061577267,11616.995121251139,A,C,C,C,B,3840.6934090581035,0
90,290,52,FL,500/1000,2000,1518.6696170379323,2000000,MALE,College,Craft-repair,Movies,own-child,30309.349833969278,63139.20407833038,B,C,C,C,C,3488.314663012657,0
91,69,61,IL,100/300,1000,1050.5853907644844,0,MALE,High School,Machine-op-inspct,Exercise,wife,26085.861445811854,15689.414953316771,B,A,A,B,B,8583.23020459452,0
92,109,60,IL,100/300,1000,1384.4921419578654,2000000,MALE,PhD,Craft-repair,Exercise,unmarried,22683.329680074803,65124.64528945083,B,C,C,B,A,1410.040709693138,1
93,328,57,IL,100/300,500,773.8375911221183,1000000,MALE,College,Machine-op-inspct,Camping,own-child,65121.01225369509,6655.501856043656,A,C,B,C,C,7602.2794715547625,0
94,342,36,NY,100/300,1000,730.7158036014654,0,FEMALE,JD,Craft-repair,Movies,other-relative,34583.33934498712,14599.374287064304,B,C,C,A,B,9128.733381445416,0
95,48,63,NY,100/300,500,697.780120412786,2000000,MALE,Masters,Machine-op-inspct,Movies,own-child,89403.26086048088,95905.04600620875,C,B,B,A,C,1301.4417685562803,0
96,488,51,NY,100/300,500,560.7489711191223,2000000,MALE,High School,Adm-clerical,Movies,wife,54027.87424668115,73697.8315622266,B,A,C,B,B,1032.5416219038668,0
97,364,58,CA,500/1000,500,1396.8217482450023,0,FEMALE,Masters,Craft-repair,Exercise,husband,51828.15168341264,11284.998160550442,B,A,B,B,A,9124.683311106784,1
98,92,67,CA,100/300,2000,828.6781409128934,1000000,FEMALE,JD,Craft-repair,Reading,own-child,92420.75620478393,38898.630299899516,C,B,C,A,C,6060.111862128023,0
99,303,50,FL,100/300,500,602.9405200728436,2000000,MALE,College,Adm-clerical,Chess,not-in-family,87784.45377231222,13670.660711290782,A,B,B,A,C,7588.782246262465,0
100,394,24,FL,100/300,500,1549.2028848192874,0,FEMALE,Masters,Prof-specialty,Movies,not-in-family,2855.642102939704,48270.45807699558,B,B,C,C,A,6245.708108308347,0
101,292,49,IL,500/1000,500,717.9210595775736,0,MALE,High School,Exec-managerial,Exercise,not-in-family,60873.88587161777,93699.9167992291,A,A,A,C,C,8515.497974530865,0
102,304,73,IL,100/300,1000,1404.8155538783612,0,MALE,PhD,Machine-op-inspct,Reading,other-relative,60708.883935635284,32977.407415791386,A,A,B,A,B,9824.266769623006,0
103,377,56,NY,250/500,500,1332.035236099148,0,MALE,Masters,Exec-managerial,Camping,wife,92433.67266320284,76658.65861806029,B,A,C,C,C,5429.854770456227,1
104,399,60,NY,250/500,2000,1627.2821903539755,0,MALE,College,Exec-managerial,Exercise,wife,71335.34313392219,11895.128113694896,B,B,A,C,C,8661.966940114899,0
105,374,19,CA,100/300,500,1677.7982707424515,0,MALE,High School,Adm-clerical,Exercise,unmarried,44752.47214763525,34320.46438070541,C,C,C,A,C,7614.424135089657,0
106,452,35,CA,250/500,1000,1146.8506382284966,0,MALE,Masters,Craft-repair,Movies,unmarried,5400.880571991252,28988.42323726508,B,A,C,C,A,8937.878754137788,0
107,18,31,CA,100/300,1000,1299.1759002635895,2000000,MALE,PhD,Adm-clerical,Reading,wife,8579.404217285002,18697.367053503476,B,B,B,A,C,7979.2438615508945,1
108,220,21,TX,250/500,500,983.0227688799207,0,FEMALE,College,Adm-clerical,Movies,other-relative,46612.50131325193,28546.940276837875,C,C,B,B,B,232.17641130861446,0
109,285,35,NY,500/1000,500,556.4933324597479,0,MALE,College,Adm-clerical,Reading,husband,98352.36346620289,78902.85826815781,C,B,B,C,C,9386.687116098745,0
110,329,36,NY,250/500,1000,516.8345745588081,0,FEMALE,High School,Exec-managerial,Movies,other-relative,99133.54672267076,55531.50466958166,C,C,C,A,A,6976.547394113214,0
111,158,73,IL,100/300,500,1697.6263733799904,2000000,MALE,JD,Machine-op-inspct,Reading,unmarried,47743.71960301653,75117.6262607625,A,B,B,A,B,509.89837571278144,0
112,459,51,NY,250/500,500,700.2102563743708,0,FEMALE,College,Exec-managerial,Movies,unmarried,88400.60673956011,45052.924896756675,C,B,A,A,C,965.8648212287974,0
113,274,32,NY,100/300,1000,1440.5097879182013,0,FEMALE,PhD,Adm-clerical,Exercise,not-in-family,21254.56026420943,33972.40891160393,B,C,A,B,B,3033.7088552053947,1
114,220,29,TX,500/1000,1000,975.2782574703209,0,FEMALE,High School,Exec-managerial,Camping,own-child,31342.541231781295,80841.00231265169,B,B,B,C,C,9528.266910891856,1
115,340,60,FL,100/300,2000,1367.6160116747365,0,MALE,PhD,Adm-clerical,Reading,wife,38189.51647291399,69120.39369771429,B,A,A,C,B,2404.074758925328,1
116,454,37,NY,100/300,2000,691.0398937739604,1000000,FEMALE,College,Exec-managerial,Chess,not-in-family,69902.87451253454,48927.948851618865,C,B,B,A,B,7015.368493499483,0
117,89,44,TX,100/300,500,1331.61325740068,0,FEMALE,JD,Exec-managerial,Camping,wife,82430.05855847929,81741.8825592495,B,C,A,B,A,1474.4123627138079,0
118,5,40,TX,500/1000,1000,543.4771641462985,0,FEMALE,PhD,Adm-clerical,Chess,other-relative,39205.21732125047,9637.622444999915,A,A,C,B,C,953.6008778854412,1
119,44,46,TX,100/300,500,1366.6714956847381,1000000,FEMALE,PhD,Adm-clerical,Chess,own-child,46594.462226083,15811.793644637584,A,B,A,C,C,5745.790702890761,0
120,61,43,IL,100/300,1000,1001.0390397967842,0,FEMALE,Masters,Exec-managerial,Reading,husband,7444.883009223402,70718.99886965855,B,A,B,A,C,4699.675131456667,1
121,221,19,CA,100/300,500,887.974994076151,0,MALE,College,Adm-clerical,Camping,wife,27837.053118232645,45678.86935963141,A,A,A,C,A,8451.953600340523,1
122,340,20,NY,500/1000,1000,1428.940139690243,5000000,MALE,Masters,Prof-specialty,Movies,other-relative,80482.12704658545,91005.47928020036,B,C,C,A,B,8278.826134401612,0
123,18,38,TX,100/300,2000,1628.4732962100497,0,FEMALE,High School,Prof-specialty,Movies,wife,4153.317702030934,71599.23197810345,C,B,C,C,C,9870.718509236205,0
124,28,54,IL,500/1000,2000,1527.6681877526246,0,FEMALE,Masters,Adm-clerical,Movies,wife,75523.2654906972,273.93725172786264,C,B,A,C,A,8074.115308068915,0
125,339,72,NY,500/1000,2000,1852.1431389534644,0,MALE,Masters,Machine-op-inspct,Movies,husband,50734.63107465031,80766.62208567621,B,A,A,C,B,9043.259264153114,0
126,47,36,TX,500/1000,2000,588.9975351728214,1000000,MALE,PhD,Craft-repair,Chess,husband,27062.61200207578,54865.764255983486,A,C,B,A,C,5810.679290691019,0
127,362,53,NY,100/300,1000,1032.01223014374,0,FEMALE,Masters,Prof-specialty,Reading,other-relative,46778.39604639633,65112.798843917255,A,B,A,C,B,7653.023185989066,0
128,41,73,TX,500/1000,500,1917.2352739805583,0,MALE,College,Exec-managerial,Exercise,other-relative,45093.233348209316,95800.24011210522,B,A,B,A,A,4951.72782510329,0
129,462,67,NY,250/500,500,1305.5754548902314,0,MALE,JD,Prof-specialty,Movies,not-in-family,97566.9127064298,94588.19807751644,C,C,A,C,C,3484.269636478519,0
130,379,46,NY,250/500,1000,1994.5220235091342,1000000,MALE,JD,Machine-op-inspct,Exercise,other-relative,70332.78504482488,38421.04970265697,B,B,A,A,B,4212.015509298453,0
131,70,62,CA,250/500,2000,1717.6583447249072,1000000,FEMALE,PhD,Adm-clerical,Movies,other-relative,41290.36979857657,33723.407041502585,C,A,C,C,C,2401.9478434826483,0
132,193,19,NY,500/1000,1000,979.9410731869602,0,MALE,College,Exec-managerial,Exercise,not-in-family,93417.76826631011,27802.72351595359,B,B,C,C,A,8628.377009333368,1
133,248,31,FL,500/1000,2000,1428.7520566230567,1000000,FEMALE,Masters,Exec-managerial,Chess,unmarried,91932.36684235769,54762.39071947671,A,B,A,C,B,4247.266469161887,1
134,305,40,NY,100/300,500,602.0715478061773,1000000,MALE,PhD,Exec-managerial,Movies,unmarried,51134.89433098618,51857.2274048723,B,A,B,B,B,3563.2607137349796,0
135,378,67,CA,500/1000,2000,959.7580469860322,0,FEMALE,PhD,Prof-specialty,Reading,other-relative,93856.34175415784,76408.15808772831,B,B,C,A,A,9510.649954535635,0
136,376,68,CA,100/300,1000,1836.9851829160086,2000000,MALE,PhD,Machine-op-inspct,Exercise,own-child,61453.32233537245,57902.87612715046,A,C,A,B,C,1407.1560866037535,0
137,446,18,FL,100/300,2000,1730.2990322590151,0,MALE,PhD,Adm-clerical,Reading,wife,72821.6567307421,74658.9011483072,A,B,B,B,B,4319.7950339270865,0
138,317,20,CA,100/300,1000,1929.0320939999958,0,FEMALE,High School,Exec-managerial,Exercise,husband,46634.39222077891,13623.608851103352,A,C,B,A,C,9645.112508197502,0
139,239,68,NY,100/300,1000,1565.070800625855,2000000,MALE,PhD,Exec-managerial,Camping,own-child,62430.28681758289,49645.55595306318,A,C,C,B,C,3935.7166983315647,0
140,126,33,CA,250/500,2000,1841.4023323984113,0,FEMALE,High School,Adm-clerical,Movies,wife,39314.33875124271,40245.62387508889,A,B,A,A,A,7831.771528535558,0
141,35,52,IL,500/1000,1000,1022.2271148698871,0,FEMALE,JD,Machine-op-inspct,Movies,unmarried,15590.872879779705,27657.16730616784,A,C,A,C,B,6801.3846230900435,1
142,393,50,TX,250/500,1000,710.3667221488586,1000000,MALE,College,Prof-specialty,Chess,unmarried,35554.17072426489,78874.59753477563,A,A,B,B,A,4212.964429767322,1
143,356,58,TX,250/500,500,1531.02736587102,1000000,MALE,Masters,Adm-clerical,Exercise,not-in-family,39282.26821996699,85720.64928846645,A,C,A,C,C,9175.692858208558,0
144,437,56,FL,500/1000,500,1261.101513543039,0,FEMALE,High School,Adm-clerical,Movies,wife,77478.72464336857,40606.59928757223,A,A,A,B,A,8094.686483696751,0
145,170,54,FL,100/300,2000,1752.982477874853,0,MALE,JD,Exec-managerial,Reading,not-in-family,40161.11756804872,67146.40456351374,B,C,C,C,C,251.732348813507,0
146,15,35,NY,250/500,1000,1086.3990880497008,2000000,FEMALE,High School,Craft-repair,Reading,husband,47332.57133879795,18578.197024618094,B,B,B,C,A,3515.5813877032174,0
147,328,45,IL,100/300,1000,1596.951783408249,0,FEMALE,College,Exec-managerial,Movies,husband,76033.72519987136,56630.17324101947,A,C,C,C,B,2407.682869478073,0
148,48,61,NY,250/500,500,1984.2245306017537,1000000,FEMALE,High School,Prof-specialty,Exercise,wife,53550.40193532683,38762.267545846706,C,B,C,C,C,1745.7115409847222,0
149,203,42,IL,250/500,500,554.5543759544385,0,MALE,High School,Prof-specialty,Exercise,own-child,34429.94399654028,59902.88569678551,A,C,C,B,A,2540.1726071952903,1
150,429,43,NY,100/300,500,1747.968653146889,0,MALE,Masters,Machine-op-inspct,Camping,not-in-family,735.7488024732905,1872.628897322548,A,C,B,A,C,4371.171825049756,0
151,347,57,TX,500/1000,2000,1679.9089680691209,0,MALE,Masters,Adm-clerical,Camping,own-child,74644.04135683175,39409.720009744335,C,A,A,B,C,3247.9190611903573,0
152,142,67,TX,250/500,1000,783.0231413257118,0,FEMALE,High School,Adm-clerical,Exercise,other-relative,92138.95951669253,52385.099133488846,B,A,A,A,C,9260.187259306482,0
153,4,59,CA,100/300,1000,869.2778226848764,1000000,MALE,Masters,Adm-clerical,Reading,unmarried,544.476667279381,97350.83308818724,B,C,B,C,A,628.2740379411105,0
154,196,41,IL,250/500,2000,1997.7598032465648,0,FEMALE,PhD,Prof-specialty,Reading,other-relative,66692.252755579,98092.69193737599,B,B,C,A,A,3332.093916211504,0
155,123,47,CA,500/1000,500,1412.8423444549835,0,FEMALE,High School,Prof-specialty,Movies,other-relative,51299.74965479468,50464.54012581367,C,A,B,C,A,4682.978019827032,0
156,195,51,NY,250/500,500,594.4287344774918,2000000,FEMALE,PhD,Adm-clerical,Reading,not-in-family,82988.9864090857,17903.67510802526,A,A,A,A,A,1746.6167270867425,1
157,438,73,NY,500/1000,500,508.1199094643729,0,FEMALE,Masters,Craft-repair,Exercise,husband,16729.72849604981,30353.407612141036,B,C,A,C,B,1923.3160712652443,0
158,135,49,IL,100/300,500,1851.227877347391,1000000,MALE,High School,Exec-managerial,Camping,wife,35293.04255310562,35571.30295185416,A,B,A,B,A,1140.966054598976,1
159,245,64,IL,100/300,2000,938.4521392767467,0,MALE,College,Craft-repair,Exercise,wife,9403.111155281807,22518.527538958144,B,A,A,B,C,8012.400362651911,0
160,441,36,TX,100/300,500,1234.3779780101236,1000000,MALE,High School,Machine-op-inspct,Chess,husband,27125.762597610836,74638.53632526052,A,C,C,B,A,244.1998820855814,0
161,53,60,NY,500/1000,2000,955.8070629458418,0,MALE,JD,Adm-clerical,Chess,other-relative,47981.63459222499,5525.550921563716,C,B,B,C,C,7905.182369452536,0
162,4,19,FL,100/300,500,1198.528638902028,0,MALE,Masters,Craft-repair,Chess,not-in-family,91826.40818998794,45234.408493274306,B,B,C,B,A,6728.163400480526,0
163,466,54,IL,500/1000,500,1322.3129406682729,1000000,MALE,PhD,Exec-managerial,Chess,husband,20840.86040215445,93327.58508711129,C,B,B,C,C,7042.088790261956,0
164,171,31,TX,500/1000,500,1644.2072150228908,1000000,MALE,JD,Machine-op-inspct,Camping,husband,69004.94376481659,77208.53556932842,B,A,C,B,A,7694.638904233584,0
165,218,26,FL,500/1000,500,1061.6851589643043,0,FEMALE,JD,Adm-clerical,Movies,unmarried,70729.29557262703,23251.759833964792,C,C,B,C,C,951.8076899087528,1
166,262,46,NY,250/500,1000,1500.845536913594,0,FEMALE,Masters,Machine-op-inspct,Movies,other-relative,12014.257445433352,5905.899163698303,A,A,C,A,B,1567.484157406011,0
167,247,36,TX,100/300,500,794.8223377198935,2000000,MALE,College,Machine-op-inspct,Reading,other-relative,97532.96675117115,77459.04175110236,C,B,B,A,C,5572.3024447019625,0
168,261,35,TX,500/1000,500,837.8837322841173,0,FEMALE,College,Craft-repair,Chess,own-child,17111.877685443855,12263.605243208409,A,A,C,A,A,1546.4679276235618,0
169,55,60,NY,100/300,1000,1624.1741532039232,1000000,MALE,PhD,Machine-op-inspct,Chess,not-in-family,5642.666237403681,348.75184035373377,C,B,A,B,C,3582.6062824829123,0
170,146,56,FL,500/1000,500,1996.1598605502936,0,MALE,College,Exec-managerial,Reading,other-relative,96758.61974928348,4148.697234092858,A,A,A,A,C,6398.381299284407,0
171,376,71,FL,500/1000,1000,960.7703655810817,5000000,FEMALE,College,Exec-managerial,Exercise,unmarried,37623.41598221621,61808.99119712634,C,C,C,A,C,401.9731652571632,0
172,293,67,IL,100/300,1000,871.975423948853,0,MALE,College,Exec-managerial,Chess,own-child,28736.196783277766,12893.0354171919,C,C,A,B,C,5414.141171171051,1
173,352,61,IL,250/500,1000,1435.4578893525982,0,MALE,Masters,Prof-specialty,Camping,unmarried,29173.87114122646,20505.063599617068,B,B,A,B,C,3486.796057266056,0
174,480,63,CA,500/1000,500,1440.3847247461918,0,MALE,JD,Machine-op-inspct,Reading,other-relative,1453.9114597481805,4046.9126458990922,C,A,A,C,B,6350.362331527198,0
175,445,46,FL,500/1000,2000,1826.5153660316914,1000000,MALE,High School,Machine-op-inspct,Movies,wife,67168.26983647078,54151.885741032456,B,C,A,C,A,5817.034479916817,0
176,324,37,CA,250/500,500,860.8352682294856,0,FEMALE,High School,Prof-specialty,Camping,not-in-family,76124.3417810438,8508.238932847622,B,B,A,C,B,4183.54697624139,0
177,335,63,CA,500/1000,2000,1589.5736207786101,0,FEMALE,College,Prof-specialty,Camping,husband,44438.80558599201,23295.9938256296,C,A,C,A,A,4374.1018773098385,0
178,302,34,FL,250/500,1000,1037.3354179622183,0,MALE,College,Prof-specialty,Chess,husband,21433.140544874863,47939.37538924449,C,B,A,C,B,4398.798547239082,0
179,393,55,IL,100/300,2000,1313.6005267594105,0,FEMALE,JD,Exec-managerial,Reading,husband,45106.39698601312,1921.0880732599244,B,C,A,C,B,7513.60570266541,1
180,50,66,CA,100/300,2000,1038.9121387244327,0,MALE,PhD,Adm-clerical,Movies,wife,94193.16115927117,51443.17958788023,A,A,C,A,A,1170.6021476273252,1
181,6,42,TX,100/300,1000,1572.4786725646359,0,FEMALE,College,Prof-specialty,Movies,other-relative,16144.901757881958,16428.892693398622,C,C,C,B,C,3917.0884272911517,0
182,15,60,TX,500/1000,2000,1540.3901860826625,0,FEMALE,High School,Machine-op-inspct,Exercise,own-child,6738.223168530655,60543.92239183828,B,C,A,C,C,4965.918947073128,1
183,29,24,FL,250/500,1000,1566.2351221912716,0,FEMALE,College,Machine-op-inspct,Reading,unmarried,35731.52077171474,25774.287338651102,C,A,B,A,A,1102.670268310495,0
184,61,61,NY,250/500,2000,799.0461264274497,0,MALE,High School,Adm-clerical,Camping,husband,90632.20577375525,81602.57837816062,C,B,C,A,A,1606.1692646800848,1
185,164,66,TX,250/500,1000,997.2265398619111,0,MALE,College,Machine-op-inspct,Chess,husband,37069.29712945396,68364.03217815024,B,C,B,C,B,8702.210305631865,0
186,141,49,FL,500/1000,1000,1781.5161035268418,0,MALE,Masters,Exec-managerial,Camping,other-relative,72336.80771702304,56120.681538308134,A,A,B,C,A,4972.776862552712,0
187,431,73,NY,100/300,500,908.4264479124427,0,FEMALE,College,Adm-clerical,Reading,husband,3771.89140914046,63766.09550741328,C,B,B,C,A,6531.50627888752,0
188,359,31,FL,500/1000,1000,1501.754467255979,1000000,FEMALE,College,Craft-repair,Exercise,other-relative,33860.7241078516,99898.48436899092,A,B,C,C,C,1813.2890262578976,0
189,272,53,NY,250/500,500,1401.8419002679425,5000000,FEMALE,High School,Adm-clerical,Movies,own-child,58567.278539526334,40088.256279562585,A,C,A,A,A,6533.74771316376,1
190,391,28,IL,250/500,1000,1464.5411014532638,0,MALE,JD,Prof-specialty,Chess,wife,51758.38565314983,34627.40843537382,A,A,A,C,A,249.8417828968071,0
191,396,59,IL,500/1000,1000,1977.700867252412,0,FEMALE,Masters,Exec-managerial,Movies,not-in-family,55278.902400671446,56089.04561773267,B,A,A,B,C,3677.5829642078193,0
192,156,50,TX,250/500,500,1389.5778890483,0,FEMALE,Masters,Exec-managerial,Exercise,unmarried,42319.271152489855,7356.207099649925,C,A,B,B,C,8532.21477238279,0
193,322,67,FL,250/500,500,1759.8806663500989,1000000,FEMALE,JD,Prof-specialty,Camping,not-in-family,61452.20409594968,7152.056979619181,C,C,B,A,C,1624.6515154912277,0
194,199,33,NY,100/300,2000,1502.4873846237904,0,FEMALE,Masters,Adm-clerical,Movies,other-relative,82642.79047885678,61027.84537847682,C,B,C,B,A,203.83740270828193,1
195,479,20,TX,250/500,500,934.4408721032496,1000000,MALE,PhD,Machine-op-inspct,Reading,other-relative,8102.439896411517,72791.0591907836,C,C,A,C,B,2931.462362823421,0
196,388,44,TX,100/300,500,677.7980702988303,0,FEMALE,PhD,Machine-op-inspct,Reading,husband,38835.72049120497,74749.28526957735,A,A,A,A,B,492.35526815366944,0
197,74,59,FL,500/1000,1000,1020.5601765180832,0,FEMALE,College,Adm-clerical,Exercise,unmarried,72148.53743943034,67432.26864292871,A,C,A,B,C,4141.898888977294,1
198,445,64,FL,250/500,2000,508.66837778072994,0,FEMALE,PhD,Craft-repair,Movies,unmarried,79088.89935489933,74892.59210504987,C,B,A,B,C,4530.306077362066,0
199,163,27,IL,250/500,1000,1589.2300646104993,0,MALE,JD,Craft-repair,Camping,husband,62311.78410159559,35995.19827428874,C,C,C,C,B,7815.759233229421,0
200,418,24,TX,250/500,2000,628.1146282713188,5000000,FEMALE,JD,Adm-clerical,Chess,husband,39293.383832141626,77138.77652697777,C,B,B,C,A,8896.521542569571,1
201,220,64,CA,500/1000,500,1614.4623105904511,1000000,MALE,College,Adm-clerical,Chess,husband,26439.27831444167,22186.44920990902,B,C,A,A,B,2120.784774906887,0
202,433,37,TX,250/500,500,1557.899723370393,1000000,MALE,High School,Adm-clerical,Camping,own-child,49320.71365020933,31687.811693370637,C,C,A,C,B,8498.434183653102,1
203,4,22,FL,500/1000,2000,1127.592733363273,0,FEMALE,High School,Adm-clerical,Movies,unmarried,34460.350559300234,3587.898268706524,A,B,B,B,B,3354.1097698163207,0
204,268,37,FL,100/300,500,1997.006831053597,0,MALE,High School,Machine-op-inspct,Chess,other-relative,67497.96484274128,88556.7875407053,A,B,C,C,A,4457.1373448856075,0
205,23,27,CA,250/500,1000,897.3853039548303,0,FEMALE,Masters,Craft-repair,Exercise,unmarried,71402.69930408378,68948.1661816167,B,B,B,B,B,3101.523972984992,0
206,82,22,TX,250/500,1000,1920.4558262912497,1000000,MALE,High School,Prof-specialty,Chess,own-child,53009.12797061843,92474.74670983398,C,C,B,C,A,6042.180723735391,1
207,489,55,IL,500/1000,2000,1263.8508532946241,2000000,MALE,PhD,Craft-repair,Chess,other-relative,80724.9326806501,32369.561106174682,B,A,B,C,B,8457.842612358922,0
208,344,21,TX,500/1000,1000,1685.8586371320703,0,FEMALE,College,Exec-managerial,Chess,not-in-family,12301.688768687813,87805.35556770032,B,A,A,C,B,3081.3405939641184,0
209,350,73,IL,250/500,1000,1089.4381062222283,0,FEMALE,JD,Exec-managerial,Exercise,not-in-family,88623.06270398463,55840.585621644146,B,A,B,B,B,2384.0555126058434,0
210,280,34,FL,250/500,1000,545.1275721411498,0,FEMALE,JD,Exec-managerial,Reading,unmarried,12646.932455190396,80000.80963845029,A,A,C,C,B,3065.753467657319,0
211,392,59,TX,500/1000,2000,1957.7311151754602,0,FEMALE,College,Exec-managerial,Exercise,wife,68381.54242497426,52089.84834860245,A,C,B,C,B,5276.811807645127,0
212,279,46,CA,250/500,2000,818.4402105757949,0,FEMALE,JD,Machine-op-inspct,Exercise,unmarried,40078.667951469084,2052.2152269737635,C,B,B,C,C,9127.873794447496,1
213,357,50,IL,500/1000,2000,1175.351701926851,0,FEMALE,Masters,Machine-op-inspct,Reading,not-in-family,44643.25183102157,49556.767468752136,A,C,A,B,B,6784.862131461648,0
214,283,43,IL,100/300,2000,1923.830143990659,0,MALE,College,Machine-op-inspct,Movies,wife,92474.05441409224,76136.62730799228,A,C,B,B,B,807.0236821110283,0
215,437,70,TX,500/1000,2000,1260.5377631683234,0,MALE,JD,Craft-repair,Camping,other-relative,53246.51057822437,96966.9427335969,C,C,A,B,A,897.9627099735942,0
216,453,67,FL,250/500,1000,1802.853267732707,0,FEMALE,JD,Prof-specialty,Exercise,other-relative,15662.594421918508,61429.10610396998,C,C,A,B,B,8825.681307461506,0
217,85,34,FL,250/500,500,995.5471448432409,0,MALE,High School,Exec-managerial,Exercise,not-in-family,70853.81710035953,70660.98418138313,C,B,A,A,B,8326.263153225631,1
218,273,62,TX,250/500,2000,1747.7723167611698,0,MALE,High School,Adm-clerical,Camping,other-relative,87905.54565201189,90702.73601866297,B,A,B,B,A,9442.053261588046,0
219,180,63,CA,500/1000,1000,1922.789765307494,0,MALE,Masters,Adm-clerical,Exercise,unmarried,92504.27178916715,77106.52928125631,B,C,C,B,C,3391.81142878829,0
220,200,63,IL,100/300,2000,1300.7658340749376,0,FEMALE,College,Prof-specialty,Camping,unmarried,40223.41031319995,83520.85090496854,C,B,C,B,B,4967.591623580366,0
221,59,47,NY,250/500,2000,1836.1969765439221,1000000,MALE,College,Machine-op-inspct,Chess,husband,81320.99119993128,72156.82334867517,C,B,C,B,C,7035.418550152853,0
222,196,22,CA,500/1000,500,1036.7842156783022,0,MALE,Masters,Exec-managerial,Exercise,other-relative,72982.42693983424,54067.41058042445,A,B,B,C,A,3229.021326803856,1
223,416,26,NY,100/300,2000,1797.13395685548,0,MALE,College,Adm-clerical,Chess,not-in-family,89815.31542097451,70736.19857648434,C,A,A,A,B,2680.183513036217,0
224,392,33,FL,250/500,2000,905.2597742028754,0,MALE,Masters,Prof-specialty,Exercise,other-relative,74236.29471165914,13854.376778713651,C,C,A,C,A,2015.3035843715677,0
225,434,57,CA,100/300,1000,992.3033405599135,0,FEMALE,PhD,Exec-managerial,Chess,own-child,84725.41659083862,11104.780491480582,A,C,A,B,B,8602.285599925439,1
226,82,55,NY,100/300,500,860.1112791078178,2000000,MALE,PhD,Machine-op-inspct,Reading,other-relative,41655.39987411686,39033.05708697697,A,A,B,C,A,7794.226329098423,1
227,302,39,CA,500/1000,1000,1425.20403657846,0,MALE,JD,Prof-specialty,Reading,own-child,48482.265222738155,13017.435869082705,A,B,B,A,C,4725.2634333166025,0
228,52,30,FL,100/300,2000,1577.191816854255,0,FEMALE,High School,Exec-managerial,Camping,husband,20694.864496619724,40950.625240758396,A,B,C,A,B,8869.35181533711,0
229,324,57,FL,100/300,500,1345.1505560233663,0,FEMALE,College,Exec-managerial,Exercise,not-in-family,64736.43374442963,90493.74973103362,C,A,C,A,C,9863.903468832237,0
230,433,19,IL,250/500,1000,552.2089273907319,0,MALE,PhD,Exec-managerial,Exercise,not-in-family,11573.118491011048,78453.97018999176,B,A,C,A,B,1269.060330577657,1
231,188,70,NY,100/300,2000,1870.1452492120368,0,FEMALE,JD,Exec-managerial,Chess,unmarried,27756.60396297457,27684.689727492194,A,A,C,B,C,3276.3892695719474,0
232,389,30,IL,500/1000,500,1837.9712995834125,0,MALE,Masters,Exec-managerial,Camping,wife,71700.20024481125,92916.08783243783,B,B,A,A,B,8635.09474177485,0
233,476,38,FL,100/300,1000,1126.3076880873011,5000000,MALE,College,Adm-clerical,Exercise,other-relative,90474.74398373772,6978.573846677361,A,C,C,B,B,6631.198107079501,0
234,296,66,CA,500/1000,500,1284.2031490843133,5000000,FEMALE,JD,Exec-managerial,Camping,husband,80064.57517177482,51426.57189372784,A,B,B,A,A,6037.717616516734,0
235,61,56,TX,250/500,1000,863.2972520330288,0,FEMALE,JD,Prof-specialty,Exercise,not-in-family,57300.61112205861,16242.1385156018,A,C,A,A,B,5590.398004078907,0
236,156,39,CA,250/500,500,1200.3958776120612,0,MALE,Masters,Machine-op-inspct,Movies,unmarried,93198.56786787369,33437.60878158143,C,A,A,A,B,4683.3693861711145,0
237,242,59,NY,250/500,500,1533.4888712922948,0,MALE,High School,Craft-repair,Exercise,husband,63647.249070723214,37991.49152913163,C,A,A,A,A,7326.011288797613,0
238,180,42,CA,250/500,2000,1386.8464302624539,5000000,FEMALE,PhD,Adm-clerical,Reading,husband,21477.20133721478,42677.11570800888,A,A,A,A,B,541.4039920818977,0
239,33,72,CA,100/300,2000,1863.2133522659724,0,FEMALE,Masters,Adm-clerical,Exercise,other-relative,43225.94446446124,68724.09679005732,B,B,A,A,A,5825.026593269897,0
240,149,70,FL,100/300,2000,512.0333262480708,0,FEMALE,JD,Craft-repair,Camping,other-relative,86739.62656346154,66157.67012326168,A,B,A,B,B,6451.482927217057,0
241,123,20,NY,250/500,500,1966.844899336177,0,FEMALE,High School,Adm-clerical,Camping,own-child,92488.1879690606,53361.46065403137,C,A,A,C,B,3723.326387670083,0
242,82,68,TX,100/300,500,1374.583066041489,0,FEMALE,JD,Prof-specialty,Movies,wife,91177.75955410923,26863.66006525891,A,B,B,C,C,5028.072182752132,0
243,475,41,FL,500/1000,2000,1033.7030224400928,1000000,FEMALE,College,Prof-specialty,Reading,own-child,4195.291732795825,35707.77666569151,A,C,C,C,C,1740.059383524762,1
244,37,35,FL,500/1000,500,607.4484975631872,1000000,MALE,College,Adm-clerical,Chess,not-in-family,64434.670644315884,19114.46413942173,A,A,A,C,A,8057.896633311846,0
245,386,44,CA,250/500,2000,1951.5133662241474,1000000,FEMALE,High School,Exec-managerial,Exercise,not-in-family,49831.53193472143,6440.219461420004,A,C,C,C,C,5637.172095311621,0
246,436,54,CA,100/300,1000,1775.110687347203,0,MALE,JD,Exec-managerial,Exercise,other-relative,44439.24129947747,35348.46760636307,B,A,A,C,A,5587.4418945390735,0
247,431,56,FL,100/300,2000,1274.486217909042,0,MALE,PhD,Machine-op-inspct,Chess,own-child,7558.740498682803,56823.78190797741,B,A,A,C,B,9025.374962311342,0
248,409,53,IL,100/300,2000,1626.3348162410653,0,FEMALE,College,Craft-repair,Movies,own-child,38213.72441357732,52492.22203177,B,B,B,B,C,4403.413385725238,1
249,281,65,NY,250/500,500,1863.623275584114,0,FEMALE,PhD,Craft-repair,Movies,unmarried,46539.88577622219,64803.32787312766,C,B,B,A,C,4899.074224666902,0
250,196,43,TX,500/1000,1000,1323.793648924791,0,MALE,PhD,Craft-repair,Exercise,husband,30239.665992035138,27376.52796370986,B,B,B,B,B,4726.0000060263665,1
251,155,66,FL,100/300,500,1161.121966261014,1000000,FEMALE,PhD,Exec-managerial,Reading,not-in-family,77879.03357236754,46398.498474494176,C,A,C,C,A,2555.6766321849555,0
252,403,48,TX,500/1000,1000,601.8144699335638,0,FEMALE,High School,Machine-op-inspct,Exercise,own-child,20544.76382424808,96561.03913673085,B,B,C,A,B,2520.049096879427,0
253,435,33,IL,500/1000,1000,1616.8339736423754,0,FEMALE,JD,Machine-op-inspct,Camping,other-relative,37417.07985631203,35112.5207240196,B,A,C,B,A,7569.002620097669,0
254,420,27,IL,250/500,2000,1482.849760744,1000000,FEMALE,High School,Prof-specialty,Chess,husband,51478.24455680039,43812.65554070112,C,A,A,B,A,961.7406663450529,0
255,424,73,CA,250/500,2000,1537.9422231450683,0,FEMALE,Masters,Exec-managerial,Reading,unmarried,53584.57202966431,8408.6038690659,C,B,A,A,A,7672.692712581815,1
256,440,18,TX,250/500,500,1394.6684250973972,0,MALE,College,Adm-clerical,Reading,own-child,15232.519044283665,14085.898943374998,A,C,A,C,B,4656.996102411767,0
257,393,74,FL,250/500,500,1069.7251788765439,0,MALE,PhD,Machine-op-inspct,Movies,unmarried,6865.298328611824,64236.341839237706,B,C,C,C,A,318.0609616873281,0
258,95,26,IL,100/300,500,1776.6637202796874,0,MALE,JD,Adm-clerical,Camping,other-relative,87784.79629464858,95137.69218369864,C,A,A,A,A,2230.6178161667835,1
259,467,54,TX,250/500,2000,1547.133621939249,2000000,MALE,PhD,Prof-specialty,Movies,own-child,12389.961391723447,93254.23967411101,B,C,A,C,B,8553.656326798879,0
260,333,31,FL,500/1000,1000,1082.3099290131904,0,MALE,High School,Adm-clerical,Exercise,husband,64552.042025897106,55843.71144936292,B,B,C,A,C,8185.24666906405,0
261,316,46,FL,500/1000,500,1689.8985662725136,0,FEMALE,JD,Machine-op-inspct,Camping,unmarried,71727.89532351265,48496.115994039945,A,C,B,C,B,318.2643530269178,0
262,187,19,FL,100/300,500,1973.5027846583077,0,FEMALE,Masters,Exec-managerial,Exercise,other-relative,78963.56490041448,97064.50679401316,A,A,B,B,A,9529.312985869801,1
263,220,20,TX,100/300,2000,1113.5626781644137,0,MALE,High School,Exec-managerial,Exercise,wife,9330.226702225464,55566.66717565213,A,A,A,B,C,1666.3720582823569,0
264,94,67,FL,100/300,1000,1992.7285965123924,1000000,FEMALE,JD,Machine-op-inspct,Exercise,wife,29859.89662952948,93260.13098781028,A,B,B,A,B,8327.414583531126,0
265,102,44,TX,250/500,1000,1529.3829842107734,1000000,MALE,College,Craft-repair,Movies,own-child,19689.11385814126,82301.79222661909,A,A,B,B,C,8634.075118174207,0
266,347,23,FL,500/1000,2000,1074.842715239297,0,MALE,High School,Prof-specialty,Movies,wife,4779.169860337862,51762.70305955095,A,C,B,B,B,6670.950018444144,0
267,438,54,TX,100/300,2000,1527.6884312005966,0,FEMALE,JD,Craft-repair,Chess,unmarried,62430.61894314189,23112.47205814424,A,A,C,C,A,3638.3734470832474,0
268,480,46,IL,500/1000,1000,1016.7634079058147,0,FEMALE,JD,Machine-op-inspct,Camping,own-child,15050.246665998267,51130.70519586682,B,C,C,B,C,4164.9152366402095,0
269,494,62,TX,500/1000,500,1245.2403253685425,0,MALE,Masters,Adm-clerical,Reading,other-relative,18855.44941951831,73304.55107034124,C,C,B,B,C,5791.510797346902,0
270,258,30,IL,100/300,2000,1906.378893417102,0,MALE,JD,Craft-repair,Movies,own-child,43151.87240057933,73792.19112217562,A,C,C,B,B,8515.490302304472,0
271,191,33,FL,250/500,2000,1078.6787086290683,0,MALE,JD,Adm-clerical,Movies,husband,11782.005879027101,84719.20029926069,C,C,B,B,A,9337.502914183362,0
272,69,70,IL,500/1000,1000,1782.9809288629967,1000000,FEMALE,PhD,Adm-clerical,Camping,other-relative,62981.17867498541,46904.28833361455,C,C,C,B,A,9735.921248501363,0
273,330,65,FL,500/1000,2000,583.0990887503315,2000000,MALE,Masters,Prof-specialty,Exercise,unmarried,78003.36405946553,50114.627779713424,C,B,C,A,A,1933.8392254722644,0
274,496,18,IL,250/500,2000,899.6127192229096,0,FEMALE,High School,Machine-op-inspct,Chess,other-relative,60662.86637593119,3190.224402424313,C,C,C,B,A,5955.305451493341,0
275,252,41,CA,250/500,500,1080.7109705850967,0,MALE,Masters,Machine-op-inspct,Camping,not-in-family,42271.728731734525,42414.26737539853,A,C,B,C,A,104.58636608982333,0
276,25,60,NY,100/300,1000,1596.694929100487,0,MALE,Masters,Machine-op-inspct,Exercise,unmarried,83070.30453273228,81168.24037846325,C,B,C,A,B,9585.056580165121,0
277,16,45,FL,250/500,500,1853.4667363414103,0,FEMALE,College,Adm-clerical,Exercise,unmarried,81233.94988044353,61294.28314003199,B,A,C,C,A,8352.612460416341,1
278,408,28,TX,500/1000,1000,1253.5477046907363,0,FEMALE,JD,Craft-repair,Movies,unmarried,90963.44946701877,3485.7895767012146,A,B,A,C,A,402.7356535637321,0
279,318,40,NY,100/300,2000,1774.368452143661,0,FEMALE,PhD,Machine-op-inspct,Exercise,unmarried,90526.98452269338,26194.01370774477,A,B,C,B,B,4473.267100897487,0
280,154,47,IL,250/500,2000,1385.106284084174,1000000,MALE,JD,Machine-op-inspct,Reading,wife,80928.79638958034,67020.18454301772,B,B,A,A,A,347.2499542319672,0
281,140,64,FL,250/500,500,1387.0072339203061,1000000,FEMALE,High School,Machine-op-inspct,Exercise,not-in-family,56516.6428274832,69175.58593823566,A,B,A,B,B,9552.94018174951,0
282,13,32,NY,100/300,500,1910.0466537943967,0,MALE,College,Craft-repair,Chess,other-relative,1577.1343693577244,69882.39257618434,A,A,B,C,C,548.9862262673716,0
283,127,40,TX,500/1000,500,903.0845167649265,0,FEMALE,JD,Prof-specialty,Movies,other-relative,72582.72464231277,38144.38912395692,C,A,A,C,A,9770.40442910345,0
284,78,71,IL,250/500,1000,1662.2492773013562,0,FEMALE,Masters,Prof-specialty,Chess,husband,48274.22076442869,59421.217792376934,B,B,A,B,C,6863.362413524872,0
285,19,73,NY,500/1000,500,735.8328690356253,1000000,MALE,JD,Machine-op-inspct,Camping,own-child,8560.356860035046,54017.60582495334,C,A,C,C,A,5359.626814969003,0
286,48,31,NY,100/300,1000,1857.6775641819702,1000000,MALE,JD,Machine-op-inspct,Camping,not-in-family,72956.3328038516,85468.13618730295,A,C,B,C,B,1889.2948766577765,0
287,87,34,IL,500/1000,2000,1338.822793607822,2000000,MALE,Masters,Adm-clerical,Movies,other-relative,41002.78056480616,13379.448362507828,B,C,C,B,C,6038.646947486533,0
288,231,63,FL,500/1000,1000,1012.6557517421874,0,FEMALE,High School,Adm-clerical,Camping,unmarried,36024.44821215042,19334.46451735411,A,A,B,A,C,9508.144230199561,0
289,170,56,NY,100/300,1000,554.8772808606046,0,FEMALE,JD,Exec-managerial,Camping,not-in-family,80794.07271701963,91071.43453539332,B,A,C,C,C,7315.868670782531,0
290,498,32,TX,500/1000,2000,1247.502489599709,0,MALE,PhD,Adm-clerical,Chess,husband,29232.784507546083,30299.494780841374,A,B,B,A,A,5860.577630947911,1
291,72,27,IL,250/500,2000,1992.741734986474,0,MALE,High School,Craft-repair,Movies,other-relative,26941.896784488872,78009.60082626305,B,C,C,B,B,3775.8471734865134,0
292,52,49,CA,500/1000,2000,503.4055661282221,1000000,FEMALE,Masters,Prof-specialty,Movies,unmarried,23694.529825980913,90978.48443783005,C,C,C,B,A,6910.303726769029,0
293,217,40,IL,100/300,2000,1401.9668967858536,0,FEMALE,JD,Adm-clerical,Reading,husband,25274.07427867715,47185.336124013964,B,B,C,B,A,9440.158456712938,0
294,85,55,CA,100/300,500,539.2598850534813,0,FEMALE,PhD,Prof-specialty,Exercise,wife,56317.793451278056,38984.423243446654,A,B,B,C,B,7985.168567862576,0
295,339,60,FL,500/1000,2000,1629.8412188725572,0,FEMALE,College,Craft-repair,Chess,own-child,81185.44884146804,37943.41096933271,B,C,C,B,A,8508.455665195414,0
296,204,29,IL,500/1000,1000,845.019786055607,0,MALE,Masters,Machine-op-inspct,Exercise,wife,96018.22228716272,51018.195066319924,C,B,C,C,C,9428.569226719143,0
297,383,26,NY,100/300,1000,690.2579860886925,0,MALE,PhD,Prof-specialty,Camping,unmarried,840.3249162095339,32815.55128007225,B,A,A,B,B,3707.1384007678143,1
298,262,61,NY,100/300,2000,658.2084455439035,2000000,FEMALE,High School,Exec-managerial,Camping,not-in-family,22404.541853361527,88345.40411046887,C,A,B,C,A,2829.7685722067285,0
299,98,44,NY,250/500,1000,1634.8880168279568,0,FEMALE,PhD,Prof-specialty,Movies,other-relative,46582.80372798107,48075.00057091233,C,C,B,A,C,9985.180605538535,1
300,22,38,IL,250/500,1000,523.6879632506856,0,FEMALE,PhD,Prof-specialty,Reading,wife,98879.09742563026,2457.7194377142564,A,C,C,C,C,300.77524500204765,0
301,318,61,NY,250/500,500,1129.1689913035377,0,MALE,PhD,Craft-repair,Movies,other-relative,86406.21475021074,32412.78268536615,A,B,B,C,A,737.2006281208697,0
302,482,70,CA,250/500,500,1076.4190112489507,0,MALE,College,Machine-op-inspct,Camping,husband,31697.286427768468,33059.3536317779,B,C,B,C,C,5214.308467642044,0
303,280,63,TX,250/500,1000,1340.6729761549955,0,MALE,College,Adm-clerical,Reading,own-child,34096.41937235277,76237.79745261966,C,B,B,B,B,150.74561271523766,1
304,129,42,NY,250/500,2000,1973.5992443568182,0,MALE,High School,Machine-op-inspct,Movies,wife,2712.839418363122,79199.66986888477,C,B,C,C,B,2312.935354521981,0
305,225,27,FL,500/1000,2000,938.0069433219941,0,MALE,PhD,Craft-repair,Reading,not-in-family,72772.62558787492,86315.01555088836,A,C,C,A,B,4198.76163576785,0
306,473,31,TX,250/500,500,1753.9738927457256,0,MALE,Masters,Machine-op-inspct,Reading,wife,76894.32809961685,92094.56913457462,A,A,C,C,B,7323.741617610143,0
307,347,30,CA,250/500,1000,1928.7737570463769,0,FEMALE,JD,Exec-managerial,Camping,other-relative,23434.836207431432,82543.33010706728,C,C,C,B,B,8246.97099806373,0
308,444,64,NY,100/300,2000,723.3531121576291,0,MALE,High School,Exec-managerial,Movies,other-relative,82497.32644232576,28127.361664353855,A,C,A,A,C,3368.6475383002576,0
309,278,38,TX,100/300,2000,1340.1102291316479,1000000,MALE,High School,Craft-repair,Chess,unmarried,51314.3087631569,37014.164142920024,B,B,C,A,A,666.0531910591628,0
310,493,65,NY,100/300,2000,857.8400193025825,0,MALE,PhD,Machine-op-inspct,Reading,own-child,46605.7454499448,56460.20452874713,A,B,A,C,C,4941.252041537873,0
311,118,61,FL,100/300,1000,1772.8250743473104,1000000,FEMALE,JD,Exec-managerial,Reading,wife,41788.57306939502,6861.4139693430225,B,A,C,C,C,2004.8431005572572,0
312,30,71,IL,250/500,500,1564.7639007087246,0,MALE,PhD,Adm-clerical,Camping,not-in-family,59430.480882256685,76231.78816020957,A,A,B,C,B,394.0520264720415,0
313,268,20,NY,250/500,2000,1621.3254273935918,0,FEMALE,JD,Machine-op-inspct,Reading,not-in-family,55841.507215513244,47816.395578789736,B,C,A,C,C,2846.9478766027414,0
314,309,32,CA,100/300,1000,1568.2455382796334,5000000,MALE,PhD,Craft-repair,Movies,husband,72384.21897373885,92544.24760822467,C,C,B,B,A,4260.888826049608,0
315,466,23,NY,250/500,1000,1887.5638789325767,1000000,FEMALE,Masters,Craft-repair,Chess,unmarried,47648.6158491335,70690.86445727623,A,A,B,A,A,2376.921035141481,0
316,294,21,CA,100/300,1000,1480.0640887290951,0,MALE,College,Exec-managerial,Chess,husband,23596.00399889592,71283.19041844114,B,A,A,C,A,4158.4628576158,0
317,499,32,NY,500/1000,1000,1824.1420039388654,0,MALE,High School,Adm-clerical,Exercise,husband,14256.82255066374,18133.10623443516,B,B,B,C,C,1072.357678139544,0
318,231,25,IL,500/1000,500,1418.093023399646,2000000,MALE,PhD,Adm-clerical,Exercise,not-in-family,19695.055489715764,95828.03601717904,A,B,A,C,B,8623.859222641398,0
319,10,33,FL,500/1000,1000,940.0758224117054,0,MALE,College,Adm-clerical,Reading,husband,34452.97648705944,97143.77058664037,A,C,B,C,A,6282.130130330325,1
320,491,50,FL,100/300,500,798.7102112947166,0,MALE,PhD,Adm-clerical,Camping,not-in-family,93907.6717755715,59008.06216691639,C,C,C,A,A,2304.431019589684,1
321,65,28,IL,500/1000,500,990.3100929044505,2000000,FEMALE,High School,Machine-op-inspct,Reading,wife,69691.39706601572,20320.726672949375,C,A,B,B,B,5876.1488952847885,0
322,477,33,IL,100/300,1000,1466.9365566731067,0,FEMALE,College,Adm-clerical,Chess,husband,42174.805816698215,8239.070861913566,B,B,B,A,B,5289.903055999912,0
323,116,36,IL,100/300,1000,781.6030642548438,0,MALE,JD,Adm-clerical,Camping,other-relative,15705.621619999554,77724.18972455697,A,B,B,A,A,6462.623319444513,0
324,285,36,TX,250/500,500,1940.7847921023158,1000000,MALE,College,Prof-specialty,Chess,unmarried,73347.39734156287,63160.59952081819,B,C,C,A,A,6906.968693654489,0
325,64,65,TX,100/300,2000,1834.2182133916149,0,MALE,PhD,Adm-clerical,Exercise,own-child,42510.18938150398,15781.38245841354,B,B,B,B,A,6471.151842831492,1
326,138,20,IL,500/1000,500,1542.4934721276245,2000000,MALE,High School,Craft-repair,Reading,husband,76963.76663696936,80545.57707313371,A,B,A,A,A,614.8466560903178,0
327,72,30,NY,500/1000,1000,1967.8687350224086,0,FEMALE,Masters,Adm-clerical,Chess,wife,82027.78964346982,17574.214695154744,B,B,A,A,A,4761.124669344228,0
328,179,58,NY,500/1000,2000,734.6814538838014,0,MALE,High School,Craft-repair,Camping,wife,58640.62166682534,18948.64137013145,B,A,B,B,B,7951.95700840986,0
329,350,24,CA,100/300,2000,1393.6472848098595,0,FEMALE,College,Adm-clerical,Chess,husband,81381.59176940838,56825.31806753399,A,B,A,C,B,7031.668855671857,0
330,57,22,FL,250/500,2000,1111.4133588626814,1000000,FEMALE,High School,Exec-managerial,Chess,own-child,57936.57811394726,49914.864742647645,B,A,A,B,C,7991.670754287124,0
331,348,24,CA,250/500,500,1489.4683228513936,0,MALE,High School,Adm-clerical,Chess,wife,50601.70339711101,62541.5017854078,B,C,A,C,A,6500.686043326062,0
332,13,59,FL,250/500,1000,1836.0175960432746,0,FEMALE,Masters,Machine-op-inspct,Chess,husband,76698.7644657464,52444.98888164572,A,A,C,B,C,7026.519365033913,0
333,205,66,NY,500/1000,500,1229.9431167555745,0,MALE,College,Exec-managerial,Chess,husband,41655.91948306101,83163.95594924879,B,C,B,C,A,7152.845338322494,1
334,447,32,NY,100/300,1000,694.5536916785179,0,MALE,High School,Prof-specialty,Movies,other-relative,62080.55328322762,459.32105794735946,B,C,B,A,C,2870.6197404187997,1
335,8,45,TX,250/500,2000,746.3495235782601,0,MALE,PhD,Prof-specialty,Camping,wife,38449.24567619967,39209.208672723275,A,A,A,B,C,6091.417127083897,0
336,303,32,IL,100/300,500,1414.977698530493,0,MALE,High School,Adm-clerical,Exercise,husband,93708.07903337506,81989.21407985456,C,B,C,A,A,460.01406134366,0
337,128,18,IL,250/500,500,761.9057038722049,0,FEMALE,High School,Craft-repair,Movies,own-child,70649.8536444591,54832.71093185732,C,B,C,A,B,7448.245135542704,0
338,39,36,CA,250/500,1000,872.1159253286323,1000000,MALE,College,Craft-repair,Chess,other-relative,87130.52782378887,98858.83920679403,A,C,C,A,B,4252.895366769122,0
339,253,48,TX,250/500,2000,1438.3491496417814,2000000,MALE,High School,Exec-managerial,Reading,other-relative,52678.70375850133,97972.87573357896,B,C,C,B,B,9507.258767411702,0
340,313,53,IL,100/300,2000,548.6741367930066,0,FEMALE,JD,Prof-specialty,Reading,not-in-family,88667.68426130096,95909.81830461945,C,C,B,C,B,5122.676739028104,0
341,445,50,TX,250/500,1000,1758.955394327868,0,MALE,JD,Prof-specialty,Exercise,own-child,55236.151972671556,98016.00330558213,B,B,B,B,A,3792.890954883923,0
342,473,62,TX,100/300,500,1895.016937199504,0,FEMALE,College,Prof-specialty,Movies,not-in-family,75483.76153910949,53702.446261665915,A,A,C,A,C,931.2248898087505,0
343,470,30,FL,250/500,2000,1406.6746575756652,0,FEMALE,College,Craft-repair,Movies,other-relative,74554.79054744635,50362.98519144236,B,B,B,C,C,4849.837964911883,0
344,325,30,CA,100/300,2000,1602.2808565493706,2000000,FEMALE,High School,Exec-managerial,Exercise,own-child,8786.070851403992,51539.85225952871,A,A,B,C,B,2185.0009481758493,0
345,474,64,IL,500/1000,500,1004.7123387742089,0,MALE,College,Machine-op-inspct,Movies,not-in-family,36794.20666739145,656.758338435337,A,C,B,A,B,3192.3764177868748,0
346,468,26,NY,250/500,2000,1546.0540959035475,0,FEMALE,Masters,Exec-managerial,Exercise,not-in-family,98979.49904354906,21538.72208958515,A,B,B,A,A,9488.714624565886,0
347,185,55,NY,250/500,2000,923.6870331924295,0,FEMALE,PhD,Craft-repair,Camping,wife,21411.069378995497,18535.393176136917,A,A,C,B,B,2807.5756160603655,1
348,164,57,NY,100/300,1000,801.1030935805179,0,FEMALE,JD,Exec-managerial,Exercise,other-relative,35808.23134257654,13229.603874588269,A,A,B,A,A,3069.3139907285363,0
349,302,25,FL,500/1000,1000,1917.142051372041,0,MALE,PhD,Exec-managerial,Camping,unmarried,97775.9964387959,24720.60732648412,C,B,A,B,C,4877.186377381021,1
350,289,46,NY,500/1000,2000,1799.6317312041306,0,FEMALE,High School,Adm-clerical,Movies,wife,33112.534851951445,98858.0103534255,C,C,B,B,B,7364.421648751206,1
351,18,66,TX,250/500,500,1471.301608870088,2000000,MALE,JD,Exec-managerial,Camping,other-relative,82444.14806406366,279.08319208233,C,A,B,B,B,3344.3354062657577,0
352,320,23,CA,500/1000,1000,868.8093077033096,1000000,FEMALE,College,Machine-op-inspct,Exercise,wife,43432.77747347657,47779.860799082766,B,A,A,B,A,2009.3868872778567,0
353,496,38,FL,250/500,1000,1631.0530504871308,0,FEMALE,PhD,Adm-clerical,Reading,wife,93434.87897770906,83481.24030439815,C,B,B,A,B,6591.96438795408,0
354,483,27,NY,250/500,1000,1885.1603166967645,0,FEMALE,PhD,Machine-op-inspct,Chess,own-child,59918.615515771104,36851.27057005607,C,A,B,A,A,597.6624924409539,0
355,442,57,IL,250/500,500,1338.9412873731728,1000000,MALE,Masters,Craft-repair,Exercise,unmarried,97181.94780439395,30692.81763283651,A,B,B,C,C,6379.666685606286,0
356,337,39,FL,250/500,1000,1892.8082394022204,0,MALE,PhD,Craft-repair,Chess,husband,11071.961613181136,45572.2458292773,C,B,A,C,B,7892.254180932791,0
357,1,54,IL,100/300,500,1444.3537699556646,0,MALE,High School,Craft-repair,Camping,husband,27074.24434312192,80630.79124091397,B,B,C,A,C,6457.978572600328,0
358,402,68,IL,100/300,1000,1886.4359926996988,0,FEMALE,JD,Prof-specialty,Reading,own-child,59821.60459834581,27284.688961967495,C,A,B,B,A,4515.251263192254,0
359,463,25,TX,250/500,2000,1173.8481895883433,0,FEMALE,Masters,Adm-clerical,Exercise,own-child,11320.90433608719,88264.50041950439,C,C,C,B,B,7204.31564900704,1
360,358,23,TX,250/500,500,1316.5564298095167,0,MALE,College,Adm-clerical,Camping,own-child,74152.84591560758,26480.852010950894,C,C,B,A,C,284.2871552157901,0
361,110,65,CA,250/500,2000,1979.7323008910355,0,MALE,Masters,Adm-clerical,Movies,not-in-family,93220.31355489357,38140.52475329355,C,C,B,C,B,5722.330802530418,0
362,226,61,FL,100/300,2000,1433.3886445270548,0,FEMALE,JD,Exec-managerial,Movies,not-in-family,63770.307908387025,39373.69104165456,A,B,B,C,C,5358.1451600328855,0
363,474,45,NY,100/300,1000,1248.3849712058545,1000000,FEMALE,High School,Machine-op-inspct,Exercise,unmarried,70082.75136002483,65949.60753012933,B,A,A,C,C,9852.106333667758,0
364,100,38,FL,100/300,500,547.3745473828754,2000000,MALE,JD,Adm-clerical,Movies,unmarried,15687.061675796298,12163.938251272555,C,B,A,A,A,7376.284036539049,0
365,46,72,CA,500/1000,500,1139.3767684346233,0,MALE,Masters,Prof-specialty,Movies,husband,63886.07941440632,27064.634805848385,C,A,B,C,B,3780.064047830012,0
366,410,43,IL,100/300,1000,540.7030344440525,0,FEMALE,High School,Machine-op-inspct,Camping,wife,43477.33429395218,12326.263705657748,A,C,C,C,C,4726.484377607947,0
367,263,37,TX,250/500,1000,664.531491633696,0,FEMALE,JD,Prof-specialty,Chess,wife,75411.76886579482,13918.602109295842,B,B,A,B,A,1029.340004659144,0
368,370,49,CA,500/1000,500,948.265841346469,0,MALE,JD,Exec-managerial,Camping,unmarried,30611.825544208405,44144.778134405235,C,B,A,A,C,1701.724964188857,0
369,98,66,CA,250/500,1000,764.4649980434776,1000000,FEMALE,PhD,Exec-managerial,Camping,unmarried,66458.6167278178,61774.71336766279,C,B,B,B,C,7316.148244840557,0
370,224,49,CA,100/300,500,1114.3047805552128,0,MALE,College,Craft-repair,Reading,wife,7725.659085815894,59479.084258717805,B,B,C,A,B,7473.5771693037295,0
371,110,20,FL,500/1000,2000,1473.9106623520138,0,FEMALE,High School,Machine-op-inspct,Reading,other-relative,31056.983296822615,74408.28916374448,B,B,C,C,A,3170.3396069145515,0
372,118,50,FL,500/1000,1000,949.579796425737,0,MALE,Masters,Prof-specialty,Exercise,wife,59931.17748897987,65021.211391822464,C,B,A,B,A,6456.656484216441,0
373,83,54,TX,500/1000,2000,1237.1014004522494,0,MALE,College,Exec-managerial,Reading,husband,57120.02145885486,79325.26354991525,A,B,B,A,B,5745.247983015612,0
374,67,34,NY,500/1000,2000,1789.316041514585,0,FEMALE,PhD,Adm-clerical,Chess,own-child,58259.07862910324,89300.27547812492,C,C,A,B,C,2397.6094623127924,0
375,112,29,FL,500/1000,500,1817.8258402767187,0,FEMALE,Masters,Machine-op-inspct,Exercise,own-child,46559.26221363207,59056.14653885697,A,C,A,C,A,7159.8618467409315,0
376,498,65,TX,250/500,500,1522.165857689006,0,MALE,College,Craft-repair,Movies,own-child,60488.43974384078,96466.46587564005,A,B,C,A,B,3900.1051589742747,0
377,229,33,FL,100/300,500,1514.907966462477,0,FEMALE,High School,Machine-op-inspct,Movies,husband,28050.251024192352,25264.527590579688,A,C,A,A,C,3987.1182189403567,0
378,247,64,FL,500/1000,1000,1286.9824889611614,1000000,FEMALE,High School,Exec-managerial,Camping,husband,44669.189606942775,75635.4014650326,C,A,B,A,A,6362.0468961433935,0
379,420,71,CA,500/1000,2000,1687.91749345146,0,FEMALE,PhD,Prof-specialty,Camping,husband,15806.521598403844,68019.78408319228,B,B,B,C,A,2557.4189288646703,0
380,109,33,NY,500/1000,2000,919.5750406588611,0,FEMALE,Masters,Machine-op-inspct,Exercise,wife,35456.24605463622,59619.87307891297,C,B,A,A,B,7603.7924528474705,0
381,205,62,IL,500/1000,2000,1949.3828452409114,0,FEMALE,College,Exec-managerial,Exercise,not-in-family,65931.35254925308,12010.660002456063,A,A,A,A,C,290.41896739220977,0
382,406,28,FL,250/500,1000,865.4940888975889,0,FEMALE,PhD,Exec-managerial,Camping,unmarried,56555.89098193473,38800.21129788994,B,B,A,C,A,2087.0290308751755,0
383,68,25,IL,250/500,1000,1679.105051819308,0,FEMALE,JD,Prof-specialty,Camping,unmarried,3594.0077356574893,62990.69875117896,B,B,B,B,B,7821.652684760816,0
384,437,69,IL,250/500,1000,1688.1305907312826,0,MALE,Masters,Adm-clerical,Exercise,not-in-family,70662.65564938069,79494.12382066806,A,A,C,B,A,8810.03713195169,0
385,13,35,CA,250/500,500,1709.501904523518,0,FEMALE,PhD,Craft-repair,Chess,other-relative,59667.89566314764,1870.5333936917978,A,A,B,B,C,6261.819535237952,0
386,43,71,TX,250/500,500,1388.3692806392378,0,FEMALE,Masters,Machine-op-inspct,Reading,other-relative,39022.99378768893,21744.205913133243,A,C,A,A,C,8790.089438385648,0
387,283,28,NY,500/1000,500,547.5231868854955,2000000,FEMALE,JD,Prof-specialty,Reading,husband,59868.071544821796,90515.37771764188,C,C,C,A,B,1439.0223144293682,0
388,205,41,TX,250/500,2000,1513.552282272476,0,MALE,JD,Exec-managerial,Movies,own-child,5964.562151470176,3300.765101312764,A,C,A,C,A,6518.757622482067,0
389,352,68,NY,250/500,2000,960.3278307861028,0,MALE,College,Exec-managerial,Exercise,unmarried,75291.07827345234,12658.224689504637,A,A,A,C,B,6779.61679406395,0
390,82,66,FL,500/1000,1000,1991.1349164182586,5000000,MALE,PhD,Machine-op-inspct,Exercise,not-in-family,60754.890519260596,77354.04689725631,C,C,B,B,B,8456.291332510837,1
391,261,45,CA,100/300,2000,925.2405135231847,1000000,MALE,High School,Machine-op-inspct,Chess,other-relative,24167.126184839104,58376.949387402565,C,B,B,B,A,2383.0656861445186,0
392,142,48,FL,100/300,500,982.6617415214025,2000000,MALE,PhD,Machine-op-inspct,Reading,unmarried,2301.292643782138,96627.6377622785,C,C,C,C,C,998.9568030154811,1
393,168,72,FL,500/1000,1000,910.8715370305474,0,FEMALE,High School,Craft-repair,Chess,wife,63743.16427233957,92077.52015005067,C,C,C,A,A,2379.7864196881364,0
394,83,50,IL,500/1000,2000,1484.2902652151456,0,MALE,High School,Adm-clerical,Chess,unmarried,86942.37836695541,70079.11345435819,C,C,C,B,C,6085.969999131611,0
395,369,51,CA,100/300,1000,1006.3036495723154,0,FEMALE,PhD,Adm-clerical,Reading,unmarried,11446.224595199306,13226.026268454594,C,C,A,A,B,9566.275372267153,0
396,195,49,TX,500/1000,2000,1579.919510837358,0,MALE,College,Adm-clerical,Reading,own-child,89657.27632569175,28501.818390599874,A,B,C,B,A,3615.8118649796666,0
397,77,72,NY,500/1000,500,1016.8088231889514,1000000,MALE,High School,Craft-repair,Chess,wife,83700.90222725393,38185.94304390327,A,A,B,C,C,3952.0143805726734,0
398,239,63,FL,250/500,1000,1900.2318470861596,0,MALE,College,Machine-op-inspct,Camping,other-relative,47515.30171674257,19074.487711084486,A,B,A,B,C,5692.389582218314,0
399,292,74,NY,250/500,2000,889.3103239166421,1000000,FEMALE,College,Craft-repair,Camping,own-child,38670.48197302866,90450.47297208614,B,B,C,B,C,5041.200390306193,1
400,213,60,NY,250/500,1000,937.4849298778188,0,MALE,JD,Adm-clerical,Movies,wife,23513.953684651446,35051.851980229396,C,B,B,C,C,1517.879820223523,1
401,56,68,CA,100/300,500,1143.6322041946341,0,MALE,College,Exec-managerial,Reading,wife,6086.555655942949,43992.021914773075,B,A,C,A,A,4245.800585449351,0
402,72,55,NY,500/1000,1000,1936.590135166325,1000000,MALE,Masters,Prof-specialty,Exercise,own-child,27436.292130374062,51979.78199699061,B,A,B,A,A,9267.830928390696,0
403,448,37,NY,500/1000,1000,686.8134218552401,0,MALE,JD,Craft-repair,Chess,own-child,81945.26515170009,97910.42008566318,C,B,A,A,A,2693.570668867079,1
404,132,56,IL,100/300,500,1239.0863836537715,0,FEMALE,PhD,Machine-op-inspct,Camping,not-in-family,48178.52488372485,51016.23066115011,A,B,B,C,A,8357.014178226453,0
405,217,45,IL,500/1000,2000,1218.1987619903061,0,MALE,JD,Prof-specialty,Camping,husband,4400.232902690537,45084.444063254334,B,B,A,A,B,3559.8740521908344,0
406,285,66,FL,100/300,1000,1607.5970626054732,0,FEMALE,High School,Adm-clerical,Reading,unmarried,52002.7206258814,877.9135529144555,A,C,A,C,C,7981.797746712662,0
407,448,49,TX,250/500,1000,999.310282127537,0,MALE,Masters,Prof-specialty,Chess,not-in-family,73235.26072165248,8715.547902672526,A,C,B,C,A,6849.443650193554,0
408,465,74,NY,100/300,500,993.0883609189997,0,FEMALE,High School,Machine-op-inspct,Movies,not-in-family,75387.27690332549,76258.76014885769,C,C,A,B,A,6635.719415087523,0
409,225,54,TX,100/300,2000,1205.5316896500149,2000000,FEMALE,PhD,Prof-specialty,Exercise,own-child,85139.93639674944,22207.932198460854,C,A,C,C,A,2182.0096121137076,1
410,274,38,IL,100/300,1000,1258.6147369111713,0,FEMALE,PhD,Craft-repair,Camping,husband,72008.82178626588,54235.41832953419,B,A,C,A,B,937.9705370763415,0
411,155,56,NY,100/300,1000,829.5637533242311,0,MALE,High School,Craft-repair,Exercise,husband,789.1717666409947,10702.177234498322,B,B,A,A,A,7448.941466550686,0
412,279,49,TX,500/1000,500,1394.1587379968519,1000000,MALE,High School,Exec-managerial,Exercise,unmarried,41728.73479638853,88362.84164797478,B,A,A,B,A,9499.5711282506,1
413,199,32,NY,100/300,1000,628.7829598897911,0,MALE,PhD,Adm-clerical,Movies,other-relative,33541.8236029979,37150.95705855644,B,B,C,A,C,6470.659648403356,1
414,240,43,CA,500/1000,1000,1221.1114768160974,0,FEMALE,Masters,Prof-specialty,Exercise,other-relative,45533.98301299225,9190.003597925523,A,A,B,C,A,9528.59327194205,0
415,138,24,CA,250/500,500,1036.3894485972623,0,FEMALE,JD,Adm-clerical,Reading,not-in-family,79273.12649379151,16794.33654007756,A,A,A,B,B,407.2751432166825,1
416,137,41,CA,250/500,500,1744.9790631205585,0,FEMALE,PhD,Prof-specialty,Movies,unmarried,3824.637480861315,28643.439596333963,C,A,C,C,B,7284.447745678747,0
417,308,61,IL,500/1000,1000,865.2592255285375,2000000,MALE,JD,Machine-op-inspct,Chess,husband,67168.30122647014,19451.53595697169,B,C,A,A,A,5408.093929673205,0
418,389,52,FL,500/1000,1000,1644.876415566873,0,FEMALE,Masters,Craft-repair,Exercise,not-in-family,40630.41941512842,74013.53561345169,C,A,B,C,A,5840.90758248822,0
419,319,45,TX,500/1000,500,1214.0287971742741,0,FEMALE,PhD,Machine-op-inspct,Movies,other-relative,99846.66335136308,41829.86224850571,C,C,B,C,C,2432.7618733681725,0
420,270,51,NY,250/500,1000,1849.5274893461897,1000000,MALE,JD,Machine-op-inspct,Reading,other-relative,29162.689472283222,70051.55689388985,B,B,A,C,B,7161.318795157441,1
421,281,48,CA,250/500,2000,1177.327165256583,2000000,FEMALE,College,Adm-clerical,Reading,not-in-family,48978.89403003579,12192.26583253098,B,A,C,B,B,4639.253673706007,0
422,352,49,NY,100/300,500,1611.9625577357356,0,FEMALE,JD,Machine-op-inspct,Exercise,wife,94724.38199009051,36970.788365558474,C,C,A,B,B,8572.386983095783,1
423,77,73,TX,100/300,500,571.2372064781749,0,FEMALE,PhD,Machine-op-inspct,Exercise,wife,16551.358130408968,62987.39095462874,A,A,B,A,B,4807.313147363526,0
424,148,47,CA,100/300,1000,1591.7364385137607,0,FEMALE,PhD,Exec-managerial,Chess,other-relative,57564.19591112954,15789.669087905533,A,A,A,A,A,6622.355009405959,0
425,315,37,CA,100/300,2000,1611.1724018923562,0,MALE,High School,Adm-clerical,Reading,own-child,62426.8574763194,54138.066531544624,A,C,C,A,B,1980.4402194518775,0
426,226,66,IL,500/1000,1000,773.8112421092637,0,MALE,PhD,Machine-op-inspct,Chess,unmarried,61905.70298512938,11421.377744534322,C,A,B,B,C,8773.378921310268,1
427,364,35,TX,250/500,1000,992.5879335598154,1000000,FEMALE,PhD,Adm-clerical,Movies,husband,76269.82102993166,24716.396612060897,C,A,C,B,B,3822.8436454032767,0
428,286,35,NY,100/300,1000,1244.0532542230767,0,FEMALE,JD,Prof-specialty,Movies,other-relative,13555.123254600232,69564.06057449632,C,A,A,B,C,9839.07483095759,0
429,97,71,NY,100/300,2000,1807.4301925352636,0,FEMALE,College,Prof-specialty,Exercise,other-relative,71340.6533091784,8941.418918627298,B,B,C,B,B,4369.615293122708,0
430,10,40,CA,250/500,2000,914.6829038370481,2000000,MALE,College,Machine-op-inspct,Chess,unmarried,16198.495244637945,17539.029060450805,A,B,C,B,A,3159.2781774993873,0
431,340,42,NY,100/300,2000,1344.5165383767276,0,MALE,JD,Adm-clerical,Camping,not-in-family,43305.577036552604,84435.5752235496,C,B,C,A,A,7075.400280538542,0
432,8,36,TX,500/1000,500,981.2995807320108,2000000,FEMALE,High School,Machine-op-inspct,Camping,husband,91231.63770214975,94303.98207546757,A,A,A,A,B,1395.0475260224284,0
433,390,44,IL,100/300,1000,912.9787015467434,0,MALE,Masters,Adm-clerical,Reading,husband,15958.994294369177,99806.02289536472,C,B,A,B,B,1944.5819921004042,0
434,292,30,FL,100/300,1000,1582.4580898407598,0,FEMALE,High School,Adm-clerical,Camping,husband,70339.12491890904,77475.35902449225,A,B,B,B,C,414.5255596505092,0
435,154,44,CA,250/500,500,1193.2643102611044,0,MALE,PhD,Machine-op-inspct,Exercise,other-relative,64250.83832553508,60659.5828748964,A,C,A,B,A,1519.9625031661576,0
436,387,38,IL,100/300,1000,1203.9486789449447,0,MALE,PhD,Exec-managerial,Exercise,not-in-family,72764.02566183965,38145.94722224875,A,B,B,B,A,6680.587496088254,1
437,125,42,IL,500/1000,1000,1313.0346884299802,0,MALE,PhD,Exec-managerial,Reading,husband,90707.87323703941,59455.664041292664,B,B,C,C,B,5640.0964362023815,0
438,205,40,TX,100/300,500,1625.2060280979447,0,MALE,Masters,Prof-specialty,Camping,other-relative,80715.77168116531,22304.089512906277,C,A,A,C,C,9252.331059176995,0
439,228,39,CA,500/1000,500,1274.4084174251134,0,FEMALE,PhD,Exec-managerial,Chess,husband,54426.98952642421,56977.1595157207,A,B,B,C,B,7806.5257086205465,0
440,50,57,IL,250/500,500,809.9546603095177,0,FEMALE,College,Craft-repair,Chess,husband,20651.744797017214,19134.29522480746,C,B,B,B,C,8473.433054080273,0
441,306,39,TX,100/300,2000,1592.0891268950027,0,MALE,Masters,Prof-specialty,Chess,unmarried,14960.245882762158,23409.793197743,C,B,C,A,B,4946.362555333521,0
442,88,24,IL,100/300,1000,1923.7144472757582,1000000,FEMALE,PhD,Machine-op-inspct,Exercise,other-relative,6363.1436043109725,81760.93277043178,B,C,A,C,A,1605.7563571468793,1
443,121,62,TX,100/300,1000,1428.950017189668,0,MALE,JD,Adm-clerical,Camping,wife,48664.883069509146,38283.053158296876,A,A,B,B,B,6418.872758389293,1
444,277,66,NY,500/1000,500,1923.6102426202826,0,MALE,Masters,Machine-op-inspct,Movies,not-in-family,86886.06181615833,27548.656356203915,A,C,A,C,C,9067.305657530618,0
445,262,33,CA,100/300,500,1247.2771377567362,2000000,FEMALE,College,Exec-managerial,Chess,wife,21714.333863931468,87264.96318692072,C,C,C,B,B,6808.233005312734,0
446,134,70,IL,500/1000,2000,986.4294913691078,0,MALE,Masters,Adm-clerical,Camping,wife,90314.29167699713,87836.16218436927,C,B,C,B,B,9568.596193680462,0
447,303,73,CA,250/500,500,570.9495729596451,1000000,FEMALE,High School,Prof-specialty,Exercise,husband,15436.213691698209,28863.615154147672,B,B,C,A,B,7490.561497485522,0
448,262,25,TX,250/500,1000,1774.6313117357415,2000000,MALE,College,Prof-specialty,Camping,other-relative,88953.21395472033,3806.2190960420626,A,A,B,A,B,1943.5751695571357,0
449,131,32,FL,100/300,500,787.9015446404703,2000000,FEMALE,JD,Machine-op-inspct,Movies,husband,69705.629550312,21674.24939613428,C,B,B,B,B,9137.358060097375,0
450,407,39,CA,100/300,1000,1052.8966311862087,0,FEMALE,JD,Prof-specialty,Movies,wife,26564.969522784977,22609.80439317074,B,B,B,C,A,8070.030341036045,0
451,306,38,CA,100/300,2000,1612.742380043702,0,MALE,Masters,Exec-managerial,Reading,not-in-family,97948.80095058026,49034.762196681455,B,A,B,B,B,3819.584627270891,0
452,329,48,TX,500/1000,2000,1351.0582198757666,0,MALE,High School,Exec-managerial,Exercise,wife,44363.10195863925,47655.03384084358,A,C,C,A,C,1747.9641993450743,0
453,146,73,FL,100/300,2000,1344.036573446222,0,MALE,College,Machine-op-inspct,Camping,other-relative,18146.318565991358,43500.782292854055,C,B,C,C,C,5974.661131107189,0
454,139,52,TX,500/1000,1000,784.631482622161,2000000,MALE,High School,Craft-repair,Chess,unmarried,68513.77430674805,7117.427146502264,C,A,C,C,B,2156.908792689486,0
455,188,42,CA,100/300,1000,1861.459954153012,1000000,FEMALE,PhD,Adm-clerical,Camping,not-in-family,16438.74331813685,67322.05660725587,B,C,B,B,C,9127.833755024507,0
456,111,44,NY,500/1000,500,607.5056479130867,1000000,FEMALE,College,Machine-op-inspct,Movies,wife,89065.34026824792,12794.938288300684,B,A,B,B,B,6000.6049776966,0
457,476,27,IL,500/1000,500,885.6111600741458,0,FEMALE,High School,Adm-clerical,Reading,not-in-family,92328.4277412985,74827.40937935168,A,C,B,B,C,338.3909558698675,1
458,387,47,FL,250/500,2000,691.6117077953246,0,MALE,College,Prof-specialty,Movies,unmarried,7101.40017071016,16455.5661948141,A,B,B,A,C,4665.306495947216,1
459,47,39,TX,500/1000,500,505.1334143763893,0,MALE,College,Prof-specialty,Exercise,unmarried,48061.678939639074,58515.101090225704,A,A,C,A,B,7899.626467927587,0
460,485,61,TX,100/300,1000,758.1950434172657,1000000,FEMALE,PhD,Craft-repair,Exercise,unmarried,6398.018710352682,84084.32343667709,A,C,A,C,C,5442.087600260653,0
461,369,45,IL,500/1000,1000,1018.501149180792,0,MALE,JD,Craft-repair,Chess,wife,37066.97390610593,19903.117600405516,B,B,A,B,A,5450.426140992801,0
462,317,60,CA,250/500,500,695.5710663464804,0,MALE,Masters,Exec-managerial,Movies,husband,70793.83570244799,75681.97808923233,A,A,B,B,C,7263.035631399485,0
463,216,53,IL,100/300,500,996.5322285632897,0,FEMALE,Masters,Prof-specialty,Camping,not-in-family,36718.49563489128,25398.932690370955,C,A,A,B,A,5607.169690401903,0
464,31,59,CA,500/1000,500,1683.5524072117016,2000000,MALE,PhD,Prof-specialty,Exercise,not-in-family,93185.16953233162,66082.40614119275,A,C,C,B,C,6443.3634989993225,0
465,43,69,CA,250/500,1000,795.478373476247,0,FEMALE,Masters,Machine-op-inspct,Reading,unmarried,23416.832153008992,93410.35862239708,A,C,C,A,C,683.6637129965535,0
466,483,42,NY,500/1000,1000,546.8857722992634,0,MALE,PhD,Adm-clerical,Chess,not-in-family,18035.320745334215,30735.54293320886,B,C,B,A,B,6373.226871336222,1
467,41,58,NY,250/500,500,1801.470629531232,0,MALE,Masters,Prof-specialty,Camping,not-in-family,65319.708145655706,82344.66191046244,B,B,C,B,C,2342.8678658809004,1
468,43,54,TX,500/1000,500,920.0966846221123,0,MALE,High School,Machine-op-inspct,Camping,own-child,91505.54172754538,13045.422342479906,A,A,B,B,A,7898.459394720468,0
469,448,49,IL,250/500,2000,661.4044714424393,0,FEMALE,College,Exec-managerial,Reading,wife,984.5809794031046,69935.089580511,B,C,C,C,C,4435.228606797634,0
470,430,47,TX,100/300,1000,1140.5151525506553,0,MALE,High School,Prof-specialty,Camping,husband,80952.00870457431,23187.15875465053,A,C,A,B,A,2233.1774844223523,0
471,262,67,IL,250/500,2000,919.9850357588701,0,FEMALE,Masters,Exec-managerial,Chess,other-relative,52976.44116108237,30847.436092009295,A,C,A,C,C,719.5695340924309,0
472,62,70,TX,500/1000,1000,1332.752561583513,1000000,MALE,JD,Exec-managerial,Movies,unmarried,6915.545740571405,31371.754163236386,B,B,A,B,C,2721.6373926394117,0
473,33,59,FL,500/1000,1000,1902.1396190330115,0,FEMALE,JD,Exec-managerial,Exercise,husband,66148.29332696385,71451.38601612419,C,A,A,B,B,8664.074572951677,0
474,46,47,FL,250/500,1000,761.1038279108918,0,FEMALE,High School,Adm-clerical,Chess,wife,42005.50232947845,66167.37217925572,A,C,B,A,B,6656.124399552482,1
475,467,51,NY,500/1000,500,1899.030839044707,0,MALE,College,Adm-clerical,Chess,not-in-family,42084.53930188056,16425.480030556882,B,B,C,A,C,4582.350567662061,1
476,346,26,FL,250/500,2000,1700.1091237396608,2000000,MALE,PhD,Craft-repair,Exercise,not-in-family,8818.266784813488,84336.4150964382,C,C,A,C,A,3385.655275261836,0
477,152,19,TX,100/300,2000,1457.3349180947896,5000000,MALE,High School,Machine-op-inspct,Camping,own-child,68293.84511989394,30811.937776967447,B,A,C,C,B,3316.543329165413,0
478,226,34,IL,100/300,500,1275.255225713423,0,FEMALE,JD,Exec-managerial,Movies,other-relative,10882.608411847683,30269.809361987864,C,B,A,C,B,4143.16809151985,0
479,480,70,CA,100/300,1000,1328.573842836402,0,FEMALE,PhD,Machine-op-inspct,Exercise,own-child,48499.58585532984,17835.891459714403,B,C,B,B,C,329.3448541732206,0
480,323,35,TX,250/500,500,951.2852609096017,5000000,MALE,College,Prof-specialty,Chess,husband,83080.42787951349,17956.729372473423,A,C,A,A,B,6487.126445466944,0
481,167,23,CA,100/300,500,1353.14016523858,0,MALE,College,Machine-op-inspct,Reading,wife,74470.72482867193,52100.9471354392,A,A,B,A,C,3519.8485043012893,0
482,137,28,CA,100/300,500,1234.4928869691016,0,FEMALE,High School,Prof-specialty,Reading,wife,20975.806122638653,37300.30423388201,B,B,C,C,C,5560.803773175019,0
483,355,33,IL,100/300,2000,1176.766123147238,0,FEMALE,PhD,Adm-clerical,Chess,own-child,82059.4160092357,41300.09918517058,B,C,A,A,A,5107.813536406342,0
484,73,37,CA,250/500,2000,595.0381434625941,2000000,FEMALE,Masters,Machine-op-inspct,Reading,not-in-family,88119.1335943921,39036.575707363416,B,A,B,C,C,3932.198444072447,1
485,389,60,TX,250/500,500,1425.7098903883305,1000000,MALE,Masters,Prof-specialty,Chess,husband,73986.50882975584,68509.70798245756,A,A,C,C,A,6492.634016041003,0
486,112,59,FL,500/1000,500,735.3581475631054,0,MALE,College,Craft-repair,Reading,wife,99505.70477255886,8296.44023735734,B,B,B,B,A,9061.514659733186,0
487,374,38,CA,500/1000,2000,1197.3482303078308,0,FEMALE,PhD,Exec-managerial,Exercise,wife,7708.6293822533735,30574.597066742946,C,C,A,C,B,9541.67460117625,1
488,356,43,FL,500/1000,500,934.4286524282063,0,MALE,College,Adm-clerical,Exercise,husband,7382.485096168778,95897.06202931707,C,B,B,C,C,2581.911556811475,0
489,287,25,FL,250/500,2000,1848.986432683918,1000000,MALE,Masters,Machine-op-inspct,Exercise,not-in-family,62702.792857031556,48120.867240543106,B,C,A,B,C,8392.526254096076,0
490,362,60,NY,100/300,2000,1503.4217676066473,1000000,MALE,College,Adm-clerical,Camping,husband,32936.684304490926,13054.633089657085,A,A,B,A,C,431.1483981567634,1
491,214,56,IL,500/1000,2000,912.7220592439058,0,FEMALE,Masters,Exec-managerial,Camping,wife,43925.77905911822,50175.30669427873,C,C,B,C,B,2901.2937943733837,0
492,120,72,TX,250/500,1000,1886.3386680077651,1000000,MALE,College,Craft-repair,Camping,unmarried,73562.6499791833,83752.79742844858,C,C,B,C,B,2652.5539764205,0
493,30,53,IL,250/500,2000,1342.6147647724943,2000000,FEMALE,JD,Craft-repair,Reading,other-relative,90440.93064333538,36087.16816754187,C,A,B,C,C,2013.2002701847127,0
494,409,74,CA,250/500,2000,1135.6410245720842,1000000,FEMALE,College,Machine-op-inspct,Movies,own-child,23800.169285228225,54234.02639558767,B,B,C,A,A,1971.387846742781,0
495,170,26,TX,500/1000,500,773.1622323693493,0,MALE,JD,Machine-op-inspct,Reading,not-in-family,17614.1699653515,91455.21282501497,C,A,A,B,A,2715.985839252034,1
496,280,29,TX,500/1000,2000,989.563348965978,2000000,MALE,Masters,Adm-clerical,Chess,wife,75106.36228342689,55587.207087639734,C,B,B,B,C,7111.16172721691,0
497,198,67,IL,500/1000,2000,562.2918898306231,0,MALE,PhD,Craft-repair,Camping,unmarried,84932.9880687151,65778.34359935428,C,B,A,B,C,4122.030768771969,0
498,66,22,FL,250/500,1000,1156.8852440739633,2000000,MALE,PhD,Exec-managerial,Camping,unmarried,77391.16886474474,2155.577414597332,A,B,C,B,C,8998.10560166219,1
499,132,46,CA,500/1000,500,803.4825947762836,0,MALE,High School,Prof-specialty,Exercise,husband,12783.798738395746,80409.88125832869,A,B,B,C,B,8202.145601021934,0
500,232,21,IL,250/500,500,959.7312506027656,1000000,FEMALE,Masters,Prof-specialty,Exercise,other-relative,75911.01940683958,83058.07600127342,A,C,A,B,C,2520.494709116094,0
501,364,29,CA,250/500,2000,1797.0561508983574,1000000,MALE,Masters,Prof-specialty,Reading,wife,43874.51448009602,59634.51761246279,B,A,B,C,B,8571.087174970593,0
502,353,56,TX,100/300,2000,1007.1646462714541,0,MALE,JD,Exec-managerial,Exercise,own-child,60917.51867058626,9139.354611916606,B,B,B,A,B,8652.866083898289,1
503,479,36,IL,250/500,2000,1715.3309691978855,5000000,FEMALE,High School,Prof-specialty,Movies,own-child,40226.36990196539,97463.32017174397,C,B,B,C,A,5293.294825918729,0
504,230,35,IL,100/300,1000,1804.5627204513985,0,MALE,PhD,Adm-clerical,Movies,unmarried,1345.2148500665674,68423.97874045804,B,B,B,A,B,1970.6889094440821,0
505,43,74,NY,100/300,2000,1134.8150536260396,0,FEMALE,PhD,Prof-specialty,Chess,unmarried,99625.76927852162,44359.09051326606,B,B,A,A,A,5215.054675963568,0
506,70,52,NY,500/1000,2000,1956.0168981707734,0,FEMALE,Masters,Exec-managerial,Chess,unmarried,17584.297022013983,87588.35833791236,B,B,C,B,B,354.9861087123512,1
507,192,64,CA,500/1000,2000,1113.8205831133332,0,FEMALE,College,Craft-repair,Movies,wife,67328.47771848956,40754.962982488185,C,B,A,B,C,220.34760082367734,0
508,380,31,IL,250/500,500,1721.4343960429198,0,FEMALE,JD,Prof-specialty,Reading,own-child,22163.893761803,64194.85665206887,A,C,C,A,C,5099.1401474503555,0
509,228,54,IL,500/1000,2000,1928.9415254436176,0,MALE,College,Prof-specialty,Reading,unmarried,3709.1321695067236,22403.92220849313,A,C,B,C,A,9158.472450560988,1
510,189,51,FL,100/300,500,513.3359806572196,0,FEMALE,College,Prof-specialty,Chess,own-child,98882.14167418893,89295.95369534355,C,C,C,B,C,1430.5590980436305,0
511,171,20,NY,250/500,2000,1033.2642595529287,1000000,FEMALE,Masters,Prof-specialty,Chess,own-child,645.0219285988435,52912.640417426635,C,B,A,C,B,3736.5346963428897,0
512,345,69,FL,100/300,500,1654.268053915828,2000000,MALE,College,Craft-repair,Movies,own-child,61765.5288798072,23645.079690682836,C,B,C,C,B,4946.851944495898,0
513,327,64,NY,500/1000,1000,1744.7253914449934,0,FEMALE,High School,Adm-clerical,Reading,other-relative,73991.94045547272,8596.304590752236,C,B,B,C,A,5360.134951885105,0
514,48,40,TX,250/500,1000,1778.941934680782,0,FEMALE,High School,Craft-repair,Reading,wife,56567.95831649272,89892.3575959461,C,A,A,B,A,8208.522886161463,1
515,273,30,IL,500/1000,1000,1641.3610349419291,0,FEMALE,JD,Prof-specialty,Camping,wife,76855.18797736657,19737.451997875032,B,B,C,A,B,1692.2442438904854,1
516,413,50,TX,500/1000,2000,991.4414645062443,0,FEMALE,High School,Prof-specialty,Reading,wife,17063.696400961093,98988.98332238932,C,B,C,A,B,334.50492547697434,0
517,138,73,CA,500/1000,2000,1704.7196422831946,1000000,MALE,High School,Exec-managerial,Camping,wife,2381.0940128504376,14268.820695079665,B,B,C,A,C,7318.154742611562,0
518,355,26,NY,500/1000,1000,1348.4498600824595,5000000,FEMALE,Masters,Craft-repair,Reading,wife,53489.25533476122,46078.17155574731,A,B,C,A,B,8517.94475868821,0
519,270,63,CA,250/500,2000,794.4957956878546,0,FEMALE,JD,Machine-op-inspct,Exercise,husband,43390.85538116523,53015.32118394049,C,B,B,C,C,4086.8892987595605,0
520,209,68,TX,250/500,1000,800.272881156619,0,MALE,College,Exec-managerial,Reading,other-relative,76684.54603276214,24634.22845274641,A,C,A,B,A,9569.059745510936,0
521,124,56,CA,500/1000,1000,832.6601817996262,1000000,FEMALE,JD,Prof-specialty,Camping,not-in-family,6083.111500655103,99334.80237158554,C,C,C,A,C,5324.608473498176,0
522,365,71,TX,100/300,1000,750.1647874687769,0,MALE,PhD,Adm-clerical,Camping,other-relative,5359.469441192399,57749.76126224693,B,C,B,C,A,6903.010518372532,0
523,251,36,FL,250/500,2000,951.2057210211523,0,FEMALE,High School,Exec-managerial,Reading,unmarried,33594.2867778166,57126.91211071232,C,C,A,C,C,5035.712309660813,0
524,304,36,IL,500/1000,500,1604.7791495053605,0,FEMALE,High School,Exec-managerial,Exercise,husband,79074.78324835334,87390.40177801896,C,B,B,B,A,2198.52313659417,0
525,334,36,FL,250/500,2000,1891.9339064016137,0,FEMALE,PhD,Craft-repair,Camping,not-in-family,46870.93559499113,58155.54477671666,C,A,B,C,B,3320.2241231884564,0
526,416,58,TX,500/1000,2000,866.0936859904609,1000000,FEMALE,Masters,Exec-managerial,Chess,husband,78697.75051877726,47729.075635446105,B,B,A,C,A,9566.71383313339,0
527,177,27,TX,500/1000,2000,1376.2106706877935,0,FEMALE,JD,Exec-managerial,Chess,other-relative,63925.048328041536,47625.69953616045,C,B,A,A,C,5309.0761170550895,0
528,141,26,CA,100/300,1000,626.0251233511747,2000000,MALE,JD,Machine-op-inspct,Camping,wife,42893.791977464,71457.81380167343,B,C,A,B,C,9514.321998078402,1
529,28,64,CA,100/300,500,1328.8299902275799,0,FEMALE,PhD,Machine-op-inspct,Camping,unmarried,83477.72041432507,34923.83932477965,C,A,C,B,C,3511.4928673397344,1
530,303,43,NY,250/500,2000,1703.6459330920302,0,MALE,PhD,Adm-clerical,Camping,not-in-family,66606.46986321725,51061.994571396965,B,B,C,C,A,9907.867621841457,0
531,92,63,IL,250/500,1000,1460.0883108066064,1000000,MALE,College,Adm-clerical,Camping,not-in-family,42014.548095649196,32323.141855097037,C,C,C,A,A,6530.75182057023,0
532,361,43,IL,100/300,500,1336.7369683376953,2000000,MALE,Masters,Craft-repair,Camping,own-child,11163.40706190474,89356.89148489936,B,B,B,B,B,8118.151931013313,0
533,482,64,FL,500/1000,500,1527.2300332812183,0,FEMALE,JD,Prof-specialty,Reading,husband,36626.93437318806,20538.653404698103,B,C,A,A,C,1220.8949736691354,0
534,461,55,CA,500/1000,2000,1021.7005089851816,0,FEMALE,PhD,Craft-repair,Reading,husband,5877.682185651767,57595.18963093243,C,A,B,A,B,8847.573474109848,0
535,186,19,IL,250/500,1000,1417.3574432815765,0,FEMALE,Masters,Craft-repair,Movies,wife,48329.27453951523,32064.096681765397,B,A,A,C,A,301.3475232190556,0
536,125,21,FL,500/1000,500,589.5547340515982,0,MALE,College,Exec-managerial,Movies,husband,5481.984413452113,55296.446162363,C,A,B,B,A,749.4682882898086,0
537,401,59,CA,500/1000,2000,923.5259897892655,0,MALE,College,Adm-clerical,Camping,other-relative,77039.59712508664,52116.5971369853,C,A,C,C,B,3636.6834735665548,0
538,62,72,TX,100/300,2000,743.9922681416194,5000000,FEMALE,Masters,Exec-managerial,Camping,husband,35605.776009023815,46312.495267637976,C,B,B,A,B,3076.1065657927156,0
539,492,71,CA,250/500,500,1672.5959660534168,0,MALE,Masters,Prof-specialty,Exercise,own-child,60974.65153694206,45164.903831431206,C,B,B,C,C,1906.5626602944117,0
540,280,49,FL,250/500,1000,672.4797163648981,0,MALE,PhD,Adm-clerical,Reading,own-child,30491.498167086596,44100.34910737165,C,C,B,A,A,7820.618257640208,1
541,383,23,TX,100/300,500,1559.1435632106936,2000000,FEMALE,PhD,Craft-repair,Exercise,not-in-family,88227.47347176027,41109.68227779876,A,A,C,A,B,4184.223149346411,0
542,13,73,FL,250/500,1000,1063.771743066991,0,MALE,JD,Machine-op-inspct,Camping,other-relative,49153.0796678331,14232.567544755126,C,B,B,C,B,8906.002028053446,0
543,120,64,NY,500/1000,500,1158.1705055683726,0,MALE,High School,Adm-clerical,Reading,unmarried,74779.48550839839,92766.5243526377,A,A,C,A,B,390.6045683485382,1
544,317,27,TX,250/500,2000,1520.9634035721347,2000000,FEMALE,PhD,Exec-managerial,Movies,not-in-family,66027.83933937513,97705.66795292441,B,B,C,B,A,3476.402810855221,1
545,292,39,IL,100/300,500,1732.3324216620185,0,MALE,College,Exec-managerial,Movies,not-in-family,70113.57702317083,46264.0821031174,B,A,C,B,A,1912.7886008067169,0
546,235,40,NY,100/300,2000,1063.580826813274,0,MALE,College,Machine-op-inspct,Chess,not-in-family,51664.16330108773,44429.59304041325,A,B,B,A,C,4444.4063283898995,0
547,227,40,IL,500/1000,2000,717.7630065538033,0,FEMALE,College,Machine-op-inspct,Exercise,wife,99861.72084426488,40251.07431740046,C,C,C,A,A,9962.850266153908,0
548,253,24,FL,500/1000,1000,1414.9257963375344,0,FEMALE,Masters,Craft-repair,Movies,unmarried,10115.00440370664,21822.130790869363,A,C,A,A,A,8838.812020114468,1
549,415,34,CA,250/500,1000,1917.5351078573758,1000000,MALE,College,Adm-clerical,Reading,other-relative,50809.380522976564,7622.1978255700205,A,C,A,A,C,6461.956244789453,0
550,110,33,CA,500/1000,500,787.9484382641821,0,MALE,Masters,Exec-managerial,Camping,unmarried,36596.770707268086,2326.1102496674566,C,C,A,C,A,2162.0765242357816,0
551,315,49,CA,500/1000,2000,1219.8931165115227,1000000,MALE,JD,Craft-repair,Camping,husband,35947.9671426048,56396.370681592125,C,A,A,A,C,6461.1782353123035,0
552,182,73,TX,100/300,2000,580.1739782877193,0,FEMALE,JD,Exec-managerial,Chess,not-in-family,75428.50327642095,70851.42269146773,A,B,B,C,B,2313.8284599073613,1
553,49,56,IL,100/300,2000,843.9489553080243,5000000,FEMALE,JD,Exec-managerial,Reading,own-child,738.1242091004215,9211.27369516399,A,C,A,C,A,735.6641935900734,0
554,442,47,TX,500/1000,1000,1366.6846088357952,1000000,FEMALE,JD,Craft-repair,Reading,not-in-family,38500.380732836726,48855.347860427726,B,A,B,B,A,6962.986926417063,0
555,135,66,CA,100/300,1000,1482.3747313933795,0,MALE,College,Prof-specialty,Reading,wife,41049.290159946664,17013.49751303397,B,C,B,A,C,7864.495171918758,1
556,281,62,IL,250/500,500,812.7499036000675,0,FEMALE,PhD,Machine-op-inspct,Camping,other-relative,50634.341900638115,15542.11528036996,A,C,A,A,A,2814.051045833877,0
557,259,45,CA,250/500,2000,1836.689815541472,2000000,FEMALE,JD,Prof-specialty,Exercise,not-in-family,39473.08508951245,73483.20377069984,B,A,C,C,B,1816.7118355266653,0
558,443,47,FL,250/500,500,1611.3185292149622,0,FEMALE,PhD,Machine-op-inspct,Movies,husband,29371.83286830348,92188.69495301736,C,C,A,B,C,8103.983034195516,0
559,268,22,IL,100/300,500,1459.2394785101683,0,MALE,JD,Adm-clerical,Movies,unmarried,55034.34751566442,90619.67826370658,A,B,B,C,B,1400.2425813663679,0
560,280,45,IL,500/1000,1000,735.3353503648058,0,FEMALE,Masters,Adm-clerical,Chess,wife,90771.61651285176,28375.287639762635,C,A,B,B,B,9679.48877533498,1
561,188,72,FL,500/1000,2000,1151.2360328309428,0,MALE,College,Prof-specialty,Camping,own-child,32724.253965658136,25867.75765617202,C,B,B,A,C,233.55876633034475,0
562,233,72,IL,500/1000,2000,1728.1528939195714,1000000,MALE,JD,Machine-op-inspct,Exercise,unmarried,10562.555051386902,50772.057047411625,B,B,B,A,B,5804.903721311619,0
563,25,51,FL,100/300,2000,1481.0475763297584,0,MALE,PhD,Craft-repair,Camping,wife,50002.68697287207,96871.02548651648,B,B,B,B,B,5885.161427165349,0
564,249,57,IL,500/1000,1000,504.54780012936516,0,MALE,High School,Prof-specialty,Exercise,not-in-family,84305.57546695542,4389.975009628566,A,C,B,C,B,4992.488714556439,0
565,347,50,CA,250/500,2000,861.1794954550642,0,FEMALE,Masters,Craft-repair,Movies,husband,13750.733492365274,93266.33570099379,B,A,B,B,C,7578.44478343425,0
566,306,52,TX,500/1000,2000,1604.4141990249452,5000000,MALE,PhD,Machine-op-inspct,Chess,own-child,84883.55648653925,14987.893746021897,A,C,B,A,C,6171.271942345367,0
567,143,36,NY,500/1000,500,1088.270076384479,0,FEMALE,JD,Machine-op-inspct,Chess,unmarried,71277.49238495929,34583.042176007984,A,A,C,B,C,9697.922994758112,0
568,382,49,CA,500/1000,1000,1169.4792702410177,0,FEMALE,JD,Machine-op-inspct,Chess,unmarried,55898.75065615764,27745.129829894842,A,C,B,C,B,816.2048663319289,1
569,136,64,NY,100/300,2000,1145.0482400512242,0,MALE,PhD,Adm-clerical,Chess,other-relative,44749.70310928551,68902.25994685492,A,A,B,C,B,4070.59581601418,0
570,370,41,NY,500/1000,2000,1599.6568960916923,2000000,MALE,JD,Craft-repair,Movies,not-in-family,41945.94169948704,73879.72281126975,A,B,A,B,A,4963.5215904894,0
571,299,48,IL,100/300,1000,1058.5905972411506,1000000,FEMALE,JD,Exec-managerial,Camping,other-relative,72581.6885528218,76108.15388578747,C,A,C,B,A,7019.375497056327,0
572,414,30,IL,250/500,1000,1593.684683518938,1000000,MALE,PhD,Craft-repair,Camping,not-in-family,47444.485434929105,7820.718796598836,A,A,A,B,C,608.6237282997295,0
573,482,36,CA,100/300,2000,1865.9969248826228,0,MALE,PhD,Machine-op-inspct,Reading,husband,65405.364639619525,8107.668913247779,B,B,B,C,C,7989.812293283451,0
574,406,50,FL,500/1000,500,709.3167054536995,1000000,MALE,College,Machine-op-inspct,Chess,not-in-family,3699.8307488145033,90432.46253676768,A,B,A,A,A,1320.3439331195675,0
575,36,42,TX,500/1000,2000,1966.7978421547307,0,FEMALE,High School,Prof-specialty,Chess,other-relative,94037.79232952936,79521.14780928569,C,C,B,A,C,117.71095255038708,1
576,436,19,TX,500/1000,1000,1006.2513154801081,0,FEMALE,PhD,Adm-clerical,Movies,other-relative,45162.27878846055,91802.10639588347,A,B,C,B,C,4679.856162895817,0
577,258,34,NY,250/500,2000,1919.4081839229607,0,MALE,PhD,Machine-op-inspct,Movies,wife,91396.62254009285,69222.93825597299,B,A,A,C,A,2177.1188232600853,0
578,100,49,NY,250/500,1000,1221.9588507894962,0,MALE,College,Craft-repair,Chess,husband,63030.02828697384,5787.267831823661,C,B,A,C,A,9542.538067990967,0
579,22,73,IL,250/500,1000,1443.367265538037,0,MALE,JD,Adm-clerical,Reading,husband,66106.71573231152,68682.13536885985,A,B,B,B,A,6785.351090403596,1
580,298,61,CA,250/500,2000,1684.154271908828,0,FEMALE,High School,Machine-op-inspct,Camping,not-in-family,19615.10964688492,90342.43846005204,C,A,C,C,A,8304.383669901154,0
581,198,39,FL,250/500,1000,807.4832775785459,1000000,FEMALE,Masters,Machine-op-inspct,Movies,wife,7098.501092540199,33193.36310602859,A,A,B,A,B,9330.244333552013,0
582,321,55,CA,500/1000,500,1025.7418929661812,0,MALE,PhD,Machine-op-inspct,Camping,other-relative,21717.742499543358,10752.590481628276,C,C,A,B,A,984.0609130244341,0
583,58,60,FL,100/300,1000,982.3647054340012,0,FEMALE,High School,Exec-managerial,Exercise,unmarried,53505.887290352264,8191.149909213169,B,A,C,B,C,5910.927973408871,0
584,465,63,NY,500/1000,2000,1750.3008379841006,0,FEMALE,Masters,Adm-clerical,Exercise,own-child,3569.815606240556,11135.084179372901,B,C,C,B,B,4864.443240186516,0
585,482,47,CA,100/300,1000,542.9433544032548,0,MALE,High School,Prof-specialty,Exercise,husband,87800.66568834643,9369.340902894373,A,C,C,B,C,7042.2608171198835,0
586,233,26,NY,100/300,2000,935.6716544671893,0,FEMALE,College,Adm-clerical,Reading,own-child,42386.34624085404,58990.1454464309,A,A,C,B,B,6857.325215931369,0
587,447,52,CA,500/1000,2000,1133.8468027399608,0,MALE,Masters,Craft-repair,Camping,wife,48461.50653445855,23474.315119477884,A,B,B,A,C,8787.460856753918,0
588,255,68,CA,100/300,1000,525.4742547741603,0,MALE,Masters,Exec-managerial,Camping,other-relative,14380.286016101329,4158.7611691756065,B,B,C,C,A,4398.247833284161,0
589,143,63,FL,100/300,1000,1013.0755637835921,0,MALE,High School,Machine-op-inspct,Movies,other-relative,85887.12281732376,91016.1903676538,C,A,B,C,A,1395.5153675270572,1
590,18,62,CA,250/500,500,1072.1906720164986,0,MALE,PhD,Machine-op-inspct,Exercise,own-child,65970.42471452244,68199.48217289125,B,C,B,B,B,7669.552862266897,1
591,421,64,NY,500/1000,500,698.2344307431822,0,MALE,Masters,Adm-clerical,Reading,own-child,8869.548862446964,87843.67216582976,A,C,C,C,B,805.7728441093869,0
592,1,43,FL,100/300,2000,1864.8754338534243,0,FEMALE,PhD,Adm-clerical,Movies,other-relative,18537.224963102817,49073.19678126213,C,A,C,A,A,3470.274859805557,0
593,230,68,NY,250/500,2000,1780.1992913958102,0,FEMALE,College,Adm-clerical,Reading,other-relative,4972.694017631996,87905.68003626462,B,A,A,A,C,8665.466637243015,0
594,22,57,TX,250/500,2000,1313.1104393893102,1000000,MALE,College,Prof-specialty,Camping,husband,61509.996152734304,71203.04984784072,C,B,A,B,C,9954.504367200583,0
595,436,60,TX,500/1000,500,1976.5100760229755,2000000,MALE,Masters,Machine-op-inspct,Exercise,wife,12385.384719960324,74793.48093899139,B,A,B,B,C,5162.953942414278,0
596,1,40,IL,100/300,2000,1755.4745591563428,2000000,MALE,PhD,Prof-specialty,Movies,husband,48458.978480023296,34522.15831797324,A,B,B,A,B,7754.859083546381,0
597,349,55,CA,250/500,500,581.6341452580916,2000000,FEMALE,College,Exec-managerial,Camping,own-child,70763.83813259657,36687.93167456299,A,C,A,A,B,473.8046201181982,0
598,312,73,NY,250/500,2000,720.9823604273065,0,MALE,College,Prof-specialty,Chess,other-relative,52673.670460333866,93751.33536746426,C,A,A,C,A,8767.537301420316,0
599,342,30,TX,250/500,1000,820.5684830187392,2000000,FEMALE,High School,Exec-managerial,Movies,own-child,47001.94204721864,51304.9651264241,A,B,C,C,B,2504.9666828743398,0
600,101,56,FL,250/500,2000,729.7938810119579,0,FEMALE,High School,Craft-repair,Chess,own-child,9740.612406799875,97672.17419472996,B,B,C,A,C,1039.0469897256999,0
601,416,34,CA,100/300,1000,1411.1616612428077,0,MALE,Masters,Exec-managerial,Movies,own-child,51568.252958081765,43646.989973997705,B,B,B,A,B,2462.1943395707867,0
602,127,26,FL,500/1000,1000,1552.4729548054331,0,MALE,High School,Craft-repair,Camping,wife,7191.5425171688585,90743.64222478445,C,A,C,A,B,6430.443380171009,0
603,301,62,IL,100/300,500,1852.0093924064347,0,MALE,Masters,Adm-clerical,Chess,husband,1388.416632890388,14618.862338946836,B,C,C,C,A,7908.607280799755,1
604,96,27,CA,100/300,500,1713.211006289012,0,MALE,JD,Craft-repair,Camping,husband,84996.14061317903,20746.101034942487,C,C,A,A,B,3124.771872051742,1
605,49,39,FL,250/500,500,736.9865049621048,0,FEMALE,High School,Craft-repair,Camping,husband,92982.91663478181,69944.77707408184,A,C,A,B,C,2002.0772184013872,0
606,347,68,IL,100/300,500,550.2970690256534,0,FEMALE,JD,Exec-managerial,Camping,husband,224.49386517630066,87023.93107106049,C,A,C,A,C,8789.340689587516,0
607,85,48,TX,250/500,2000,1169.6611216929032,1000000,FEMALE,High School,Prof-specialty,Chess,wife,64348.11455554018,49570.00566817608,C,B,A,B,C,6181.957740513126,0
608,445,29,FL,500/1000,500,1960.5830527623116,2000000,FEMALE,High School,Craft-repair,Movies,other-relative,23178.804235242613,65620.53615321284,A,C,A,A,C,6867.699281130848,0
609,406,36,IL,100/300,1000,1186.5708112978427,0,FEMALE,Masters,Adm-clerical,Exercise,husband,46435.41168829914,57668.38785259585,B,B,A,B,C,346.29230953721833,0
610,475,55,IL,250/500,1000,1224.6460744334809,2000000,FEMALE,JD,Adm-clerical,Movies,wife,51003.06719946522,25661.206803348312,B,C,B,C,A,7488.326892173066,0
611,122,31,TX,500/1000,500,1510.3013233130619,1000000,MALE,High School,Craft-repair,Camping,own-child,50362.10211083751,86378.90073759398,B,B,B,B,A,2665.758643817815,1
612,159,68,IL,500/1000,1000,538.3837532481516,1000000,FEMALE,PhD,Prof-specialty,Exercise,unmarried,64069.240307986984,83540.67015791632,C,A,B,A,C,7036.986754525916,0
613,45,55,NY,500/1000,500,1684.2930021648622,0,MALE,PhD,Craft-repair,Exercise,unmarried,20360.530784824627,39510.18048181806,A,B,A,B,B,8578.10932813834,1
614,150,51,FL,100/300,2000,1711.3397630596985,0,MALE,High School,Prof-specialty,Exercise,wife,75123.31469443778,1598.5827026278155,A,B,B,C,B,541.1934586176841,0
615,222,60,FL,250/500,1000,1024.5722821860168,0,MALE,High School,Craft-repair,Movies,wife,22166.83139816231,23780.57028941004,B,B,C,C,B,1575.5870319586522,0
616,140,63,IL,500/1000,2000,1072.685169837298,2000000,MALE,High School,Machine-op-inspct,Camping,not-in-family,89471.51466791045,860.8515433628505,B,B,B,C,B,2692.0679803449466,0
617,267,28,NY,100/300,2000,735.4956857459242,0,MALE,JD,Exec-managerial,Camping,other-relative,7574.149628587368,97352.5319374391,B,A,C,A,B,2258.8757860722635,0
618,107,55,FL,250/500,500,578.7972427040211,0,FEMALE,Masters,Adm-clerical,Exercise,unmarried,7436.8056645979,80557.05057285975,C,C,C,B,B,9143.741051960114,0
619,215,29,FL,500/1000,1000,1934.0846469102921,0,MALE,JD,Machine-op-inspct,Movies,other-relative,8800.218356989975,78577.63042269595,B,C,A,B,C,6312.389067254816,0
620,146,39,FL,250/500,1000,700.809293528665,0,MALE,PhD,Exec-managerial,Chess,own-child,66546.4570440898,81346.54457456448,A,B,C,B,B,9869.915265992518,0
621,2,52,TX,250/500,1000,1910.077793597261,2000000,FEMALE,Masters,Prof-specialty,Chess,own-child,10482.299306555176,36699.20843655854,A,B,B,C,C,242.38174537234795,1
622,479,55,FL,100/300,1000,1447.8020076952148,1000000,MALE,High School,Machine-op-inspct,Reading,husband,19082.468658793827,9104.459507884654,B,A,A,B,A,2016.3935753056303,0
623,219,37,IL,100/300,1000,1980.528787319641,0,FEMALE,Masters,Exec-managerial,Exercise,husband,32661.940022734725,63079.42251400015,B,A,C,C,B,8405.880692161554,0
624,17,53,FL,500/1000,1000,1177.436407724329,0,FEMALE,Masters,Craft-repair,Movies,not-in-family,66077.04743842183,65920.92188288916,B,B,C,A,A,5547.582251065961,0
625,259,47,IL,100/300,500,1722.2793836728965,0,MALE,PhD,Exec-managerial,Movies,wife,62116.57487994298,48745.4029326205,B,C,C,B,B,5107.213506845233,0
626,398,53,FL,100/300,500,881.5391253619271,0,FEMALE,College,Prof-specialty,Chess,husband,87906.97670264424,99313.15131690746,C,A,B,B,C,8498.869422952737,0
627,399,69,CA,250/500,1000,602.4626173785485,0,FEMALE,High School,Adm-clerical,Chess,other-relative,14177.014464733806,49723.30462531441,A,A,C,C,B,9159.138571387495,0
628,282,19,CA,500/1000,500,1534.366706213865,0,MALE,JD,Prof-specialty,Camping,other-relative,16606.973273593805,39734.58519311932,A,A,A,C,C,4679.909075527739,0
629,242,62,FL,100/300,500,1839.889817435517,0,FEMALE,JD,Prof-specialty,Exercise,husband,23550.851012104533,21716.171280445105,C,A,A,A,B,2448.981248593899,1
630,231,64,CA,500/1000,2000,596.7962702485839,0,FEMALE,Masters,Craft-repair,Chess,unmarried,30383.699663993426,35749.40423727564,A,C,B,A,A,1028.9117477699433,0
631,149,26,CA,250/500,500,1277.8478482380153,0,MALE,PhD,Machine-op-inspct,Reading,wife,71032.20902761006,60153.828228743056,C,A,C,B,C,8125.295759384211,0
632,221,55,IL,250/500,1000,1504.5769167314302,0,MALE,JD,Machine-op-inspct,Movies,unmarried,51730.26480475955,23782.2814712916,A,A,B,A,C,4340.438899441229,0
633,444,50,CA,250/500,2000,1558.0871723987727,0,MALE,PhD,Machine-op-inspct,Camping,other-relative,53499.45611788074,40419.595097205405,B,A,A,B,C,1135.5421456683387,0
634,405,50,IL,100/300,500,573.3040194012316,1000000,FEMALE,Masters,Craft-repair,Movies,other-relative,28874.672545237034,25670.552263370926,B,B,C,C,B,2487.2224171272037,0
635,348,57,IL,100/300,1000,1798.502145507951,0,FEMALE,High School,Craft-repair,Chess,unmarried,74142.68393712894,93414.01597977745,C,B,A,A,A,6303.154717828219,0
636,444,67,IL,500/1000,1000,985.4326856662053,1000000,FEMALE,Masters,Craft-repair,Movies,wife,46255.10218446026,86547.17830832636,C,B,A,B,B,5307.752816136466,1
637,74,48,NY,500/1000,1000,942.6975585697423,0,FEMALE,PhD,Exec-managerial,Camping,own-child,46908.75632238917,12076.819490348968,A,C,C,C,C,9619.990973620996,0
638,483,42,TX,250/500,500,598.5661354356224,0,MALE,PhD,Exec-managerial,Exercise,husband,23989.903298670222,91403.39896981245,C,B,C,C,C,4969.496402513378,0
639,310,74,IL,500/1000,500,1383.9323687801984,1000000,FEMALE,PhD,Craft-repair,Reading,not-in-family,28897.521495901292,67960.30204983774,B,B,C,C,A,1133.3840769101844,0
640,367,32,TX,500/1000,500,1115.8374293465486,0,MALE,PhD,Adm-clerical,Camping,wife,53282.187723509036,51691.400947507835,A,A,C,A,C,4416.226231738797,1
641,47,26,FL,500/1000,1000,1922.0692060230956,0,FEMALE,JD,Exec-managerial,Chess,other-relative,6147.931082635638,5846.316203715652,C,C,A,B,C,1400.3303037900396,0
642,51,65,NY,100/300,2000,671.4287260474192,0,MALE,College,Machine-op-inspct,Reading,own-child,93999.79629059324,47355.412932268846,B,C,A,A,A,2749.657157962657,0
643,206,47,NY,250/500,500,896.6455279480208,0,MALE,Masters,Machine-op-inspct,Exercise,husband,54395.17799529454,59928.26977278473,C,B,C,B,C,6567.034744435877,0
644,241,23,IL,100/300,1000,885.4727216931003,0,FEMALE,College,Machine-op-inspct,Camping,husband,63653.38379034597,80040.16893655685,C,C,C,A,C,7794.756286249322,0
645,320,27,NY,500/1000,1000,1915.1160324079174,0,FEMALE,Masters,Machine-op-inspct,Exercise,wife,2766.3604636681384,3104.569933440393,C,A,B,A,C,4581.601576594428,0
646,3,44,IL,500/1000,500,727.4748526102259,5000000,FEMALE,High School,Exec-managerial,Chess,husband,4205.790379388696,48840.79287523997,C,C,B,C,C,9312.789540093516,0
647,253,39,IL,500/1000,2000,1982.5321379297422,1000000,MALE,Masters,Exec-managerial,Chess,other-relative,96218.98906652785,66636.11775411479,C,B,A,B,A,5272.3643686669175,0
648,57,65,IL,500/1000,1000,1860.9358199186113,0,MALE,PhD,Craft-repair,Exercise,not-in-family,15744.584463311596,61716.998229514116,C,A,B,B,A,1757.8993097006712,1
649,235,49,CA,250/500,1000,1781.4573652174076,2000000,FEMALE,College,Prof-specialty,Exercise,not-in-family,16139.816030543452,38699.43583106822,C,A,A,B,C,4318.095666788332,0
650,381,62,FL,100/300,1000,1392.3451579148814,2000000,FEMALE,High School,Craft-repair,Movies,wife,88321.67243418188,67399.09307401403,B,C,A,B,C,4485.955381742271,0
651,363,21,CA,100/300,1000,1972.428417976012,0,MALE,Masters,Adm-clerical,Movies,own-child,79654.46536911756,85176.14631361052,B,C,C,A,B,2887.0389453141274,0
652,219,61,FL,500/1000,500,936.3706744482771,0,FEMALE,JD,Exec-managerial,Chess,not-in-family,65481.12331500905,4199.060806657362,C,B,C,B,A,4945.315355284483,0
653,48,27,NY,500/1000,1000,1011.6492277402119,0,MALE,Masters,Adm-clerical,Movies,unmarried,70027.48260602975,14432.825583251075,C,C,B,C,C,6564.847030724102,0
654,439,59,CA,100/300,1000,1568.839590418456,0,MALE,JD,Machine-op-inspct,Camping,husband,2201.424069102387,83805.9385978148,B,A,C,A,A,6596.001911692393,1
655,86,71,FL,250/500,2000,1518.541005240539,0,MALE,College,Craft-repair,Exercise,husband,68328.8964894729,32903.36496640747,B,A,A,C,B,822.2182612850876,0
656,80,54,FL,250/500,2000,1753.495798113687,0,FEMALE,PhD,Machine-op-inspct,Chess,wife,22832.091500914154,38387.44553441867,B,C,C,A,A,5254.844268664225,0
657,358,36,CA,500/1000,500,1618.527559927835,0,MALE,PhD,Prof-specialty,Reading,wife,22664.6334710619,68945.75942596214,C,A,A,A,C,596.9298168077975,0
658,15,48,CA,500/1000,500,1503.8171712397834,0,FEMALE,College,Adm-clerical,Exercise,wife,43468.252028236966,99074.45123413453,C,B,C,B,A,2055.056362445178,0
659,343,46,IL,500/1000,500,1708.4630052324012,0,MALE,High School,Exec-managerial,Camping,other-relative,42177.41371886743,73215.08587516565,B,A,A,A,B,5584.6777605637435,0
660,172,43,TX,100/300,500,1980.022327687754,0,FEMALE,College,Adm-clerical,Movies,not-in-family,52998.97747427978,36030.90215348812,A,C,A,B,A,5214.743071958702,1
661,46,56,TX,500/1000,500,1417.1614259941493,0,FEMALE,PhD,Machine-op-inspct,Camping,not-in-family,72848.6749430378,43064.90223043218,B,B,B,B,A,8128.4531363938195,0
662,317,71,IL,500/1000,2000,1279.4803278075194,0,MALE,PhD,Prof-specialty,Camping,wife,89915.65917350473,65598.47071880732,B,A,A,C,C,4036.604705779067,0
663,276,53,NY,500/1000,2000,727.26642256484,0,MALE,JD,Exec-managerial,Exercise,husband,45170.198708862474,50378.215472243624,C,C,C,A,A,7334.656200871121,0
664,150,29,CA,250/500,2000,1093.8356694726845,0,FEMALE,College,Craft-repair,Movies,not-in-family,59516.883336262916,46791.54944057634,A,A,C,C,B,2739.1137512332566,0
665,19,48,FL,100/300,1000,1328.7469438465287,0,MALE,JD,Machine-op-inspct,Chess,wife,49436.071349343736,51947.78496251835,B,B,A,B,B,1789.2948666452164,0
666,95,25,NY,250/500,500,570.8556833615762,1000000,MALE,JD,Exec-managerial,Exercise,unmarried,247.1238574606627,68244.6465780194,C,C,B,A,B,7447.153198465331,0
667,236,31,TX,100/300,2000,1949.3227253658229,1000000,MALE,Masters,Craft-repair,Exercise,own-child,82629.70370722207,40287.305911780546,C,B,C,C,C,3531.521244417196,0
668,494,38,FL,500/1000,2000,626.2948827886019,0,MALE,PhD,Machine-op-inspct,Movies,unmarried,73580.0911576354,16915.244305747434,B,B,A,C,B,9083.337016897543,0
669,196,56,TX,500/1000,1000,1996.3258735483428,0,MALE,College,Machine-op-inspct,Exercise,other-relative,95955.64661960308,58580.26647466387,A,B,A,B,A,6095.717823704299,0
670,380,58,CA,500/1000,500,869.1784741570982,0,MALE,College,Exec-managerial,Movies,wife,37237.71303592863,35687.93655802928,A,A,A,C,B,9104.861911799753,0
671,415,29,CA,500/1000,2000,1584.0297181714739,0,FEMALE,JD,Adm-clerical,Movies,wife,82013.25298571725,49260.43667422465,C,B,B,C,C,6996.627796051106,0
672,205,64,FL,250/500,1000,1223.7788431196882,0,FEMALE,College,Exec-managerial,Exercise,not-in-family,72766.04957492187,98166.49850769927,C,C,C,B,B,9712.02898775639,0
673,274,70,TX,100/300,2000,582.8838096805255,2000000,FEMALE,JD,Prof-specialty,Exercise,unmarried,11675.186499775891,22402.02002567471,B,B,C,C,A,3476.8823256098763,0
674,23,66,TX,250/500,2000,830.1957235905029,5000000,MALE,Masters,Prof-specialty,Exercise,wife,97020.66351664742,58998.147200055784,B,C,B,B,B,9119.163870887649,0
675,483,63,FL,250/500,1000,1944.7166705610825,0,MALE,JD,Craft-repair,Chess,not-in-family,15323.129305660399,81749.60289603985,A,B,B,B,A,7224.70661496609,0
676,218,56,FL,500/1000,1000,1283.69397192535,0,FEMALE,Masters,Craft-repair,Camping,unmarried,83047.25433263798,38454.65971324361,C,A,B,B,C,2974.705705796829,0
677,488,62,FL,100/300,500,1733.1618247660554,0,FEMALE,PhD,Craft-repair,Movies,other-relative,47369.10151655468,64801.03746505302,C,B,C,C,A,1021.4887399474816,0
678,252,50,CA,250/500,2000,1855.8345257808496,1000000,MALE,Masters,Adm-clerical,Movies,not-in-family,60065.75598319218,30702.64172542331,C,A,B,B,A,8532.219965566905,0
679,232,29,TX,100/300,1000,531.3324210802446,0,MALE,High School,Machine-op-inspct,Exercise,husband,51583.53768969049,20619.397241830906,B,C,C,B,B,6588.268696669523,0
680,138,33,CA,250/500,2000,1582.7289369554221,0,FEMALE,College,Exec-managerial,Chess,own-child,6706.771341556139,44241.50232954626,C,A,A,C,C,4582.548125202839,0
681,144,38,IL,250/500,1000,1131.6847692717063,0,FEMALE,JD,Machine-op-inspct,Chess,wife,94728.49585191152,77111.65440405293,B,B,A,A,B,7010.304350261507,0
682,413,74,NY,250/500,2000,662.0521101975871,0,MALE,JD,Craft-repair,Camping,other-relative,87327.12154014765,56024.36540640467,A,C,C,A,B,2983.6068872196493,0
683,173,62,IL,250/500,500,1182.9884216541448,0,MALE,JD,Machine-op-inspct,Chess,unmarried,58656.23282890987,83659.24522575934,B,C,A,C,B,4451.073182848862,0
684,418,68,NY,250/500,1000,1917.4011559507333,2000000,FEMALE,Masters,Machine-op-inspct,Chess,other-relative,49027.10917278287,29363.745575170098,C,C,C,C,A,7863.44292084376,0
685,398,40,TX,100/300,2000,1209.3413711934727,0,MALE,High School,Prof-specialty,Camping,husband,33268.76242457146,82392.92662296994,A,C,A,C,A,8023.377646717658,0
686,88,32,CA,500/1000,2000,849.4050892265111,0,FEMALE,PhD,Exec-managerial,Movies,wife,17479.566390679156,93639.90428293815,B,C,C,B,B,5219.680111348492,0
687,229,33,CA,250/500,2000,1217.7401184883997,0,MALE,PhD,Machine-op-inspct,Camping,unmarried,78255.53864328549,37781.846489122116,A,A,B,B,B,1648.8100950736355,0
688,70,34,IL,250/500,1000,1191.2977334556986,0,MALE,PhD,Machine-op-inspct,Exercise,other-relative,51676.00428002488,92616.61465438278,A,B,B,B,B,3702.615519397212,0
689,385,47,NY,100/300,500,947.1184667290504,0,MALE,PhD,Adm-clerical,Reading,unmarried,67847.54179614894,88208.30957475085,A,A,C,C,B,7651.195116432149,0
690,366,71,TX,250/500,500,1257.3691418938329,0,MALE,JD,Prof-specialty,Camping,wife,29512.30464302773,7860.706386488736,A,C,C,C,B,535.6418246266159,0
691,258,37,FL,250/500,500,1325.6891717920585,0,FEMALE,PhD,Craft-repair,Exercise,wife,89136.21126297361,69656.31790421518,C,C,B,A,B,6828.233096419396,0
692,304,18,IL,100/300,2000,893.0544693434936,0,FEMALE,PhD,Adm-clerical,Chess,unmarried,97813.51452152805,81046.34653041943,C,A,B,A,A,7985.797441425985,0
693,178,30,CA,100/300,1000,1988.8848283567174,0,FEMALE,College,Prof-specialty,Movies,other-relative,66099.36187157338,37915.030083487596,C,C,A,B,C,5548.661006505214,0
694,33,27,TX,250/500,2000,1052.5479436094158,0,MALE,High School,Exec-managerial,Exercise,own-child,85427.39654363127,34675.3695261445,A,B,A,C,B,3049.6456787241377,0
695,70,54,NY,500/1000,1000,1568.2486028183118,0,FEMALE,PhD,Adm-clerical,Chess,other-relative,23425.504587512103,87301.54547831323,B,B,B,A,B,6234.733858846325,1
696,339,18,CA,250/500,500,1884.5612949095485,0,FEMALE,High School,Adm-clerical,Camping,wife,97224.05364656006,43975.65544321627,A,A,A,C,C,5847.547787930691,0
697,305,31,FL,500/1000,500,740.784266509594,5000000,FEMALE,Masters,Adm-clerical,Camping,wife,22724.342565254163,67818.00865979907,B,B,C,C,A,8824.111075016704,0
698,128,31,FL,100/300,500,732.9213313847983,0,MALE,College,Exec-managerial,Exercise,not-in-family,22852.116055878625,47662.55219736705,C,B,A,C,A,7949.441500969505,0
699,221,27,IL,100/300,1000,1095.8028098611005,0,MALE,High School,Machine-op-inspct,Chess,wife,92048.3754641534,32216.74783600875,C,B,A,B,B,4821.212068532905,0
700,320,55,IL,100/300,2000,1730.7484714908383,0,MALE,PhD,Craft-repair,Movies,other-relative,28522.194437548897,82718.42581058946,C,C,C,C,C,6956.834033422258,0
701,156,24,IL,100/300,500,1458.2254214547233,0,FEMALE,JD,Machine-op-inspct,Camping,unmarried,36389.010561593415,48934.90323915978,B,C,B,B,A,1705.2112813419674,0
702,388,44,IL,100/300,1000,1178.960684360226,0,FEMALE,College,Craft-repair,Reading,own-child,85329.9490541477,26212.896286415144,C,B,C,C,C,5660.9572801185595,1
703,450,72,FL,500/1000,2000,1153.4365068405064,0,MALE,PhD,Prof-specialty,Camping,own-child,85751.12169562551,96971.57358906642,C,B,C,B,B,574.918578002319,0
704,443,64,TX,500/1000,1000,1385.8219972029592,0,FEMALE,Masters,Adm-clerical,Chess,other-relative,8347.93807497094,14783.494483435921,A,C,B,C,A,3483.243229163063,0
705,157,19,TX,100/300,1000,889.9039847846664,0,FEMALE,College,Exec-managerial,Camping,wife,31983.11546810312,12988.4637074846,B,A,A,C,B,1740.9364866800984,0
706,448,21,FL,250/500,2000,1741.166848858908,5000000,FEMALE,Masters,Adm-clerical,Reading,husband,24118.98065026047,90141.9968226016,C,B,C,A,B,2078.7406106265917,0
707,234,57,NY,500/1000,2000,975.4984491758513,2000000,MALE,High School,Craft-repair,Reading,unmarried,89819.01405040135,90279.67913930971,B,B,C,C,A,7354.460222410518,0
708,330,74,IL,500/1000,1000,1382.4189546442415,0,FEMALE,College,Adm-clerical,Exercise,husband,29622.844280575224,76179.19905796454,A,B,A,B,C,3791.8404452561244,0
709,144,34,IL,100/300,500,562.9468629747911,0,FEMALE,PhD,Adm-clerical,Exercise,unmarried,23755.169210370164,15096.045548069036,A,C,B,C,A,924.8148521135842,0
710,245,37,CA,500/1000,2000,1066.1557858397541,0,FEMALE,High School,Exec-managerial,Exercise,own-child,29409.94932722898,75162.63499383217,A,C,C,B,C,9660.742411125719,0
711,294,24,FL,250/500,2000,1527.2831350826186,0,MALE,PhD,Adm-clerical,Camping,wife,87581.97604961782,17138.599264083532,B,B,B,C,A,7563.8461414721405,0
712,122,71,CA,500/1000,1000,654.2388454254899,1000000,MALE,PhD,Exec-managerial,Movies,husband,19055.728084277667,5962.338800935551,B,A,C,A,A,9938.787127483489,0
713,54,68,CA,250/500,1000,1658.2638946883228,0,FEMALE,PhD,Adm-clerical,Movies,own-child,18453.38848395505,31801.029523302983,B,C,C,C,A,1434.0236511257824,0
714,84,23,IL,100/300,1000,873.518946878425,0,FEMALE,Masters,Machine-op-inspct,Movies,unmarried,83783.60089227263,71001.37166512312,C,A,C,C,A,9603.724890758755,0
715,377,25,CA,500/1000,2000,1850.5192104852688,0,MALE,JD,Prof-specialty,Camping,husband,17193.60997298798,32721.1662799723,B,A,B,B,A,701.800038954922,0
716,347,27,TX,250/500,2000,1087.5712995677547,0,MALE,PhD,Adm-clerical,Movies,not-in-family,50273.69775422045,71654.32105724905,C,A,C,C,A,3891.246114426007,0
717,3,42,TX,500/1000,500,1656.5897064786238,0,FEMALE,PhD,Prof-specialty,Movies,wife,48341.451495923946,93611.9034054426,C,C,B,A,A,6133.50237387703,0
718,381,21,TX,500/1000,500,1396.3508427697602,0,MALE,Masters,Exec-managerial,Reading,not-in-family,1096.2947552384471,58322.74836040501,A,A,C,A,C,4973.142371833139,1
719,39,33,TX,250/500,2000,1127.3804187041728,0,MALE,High School,Adm-clerical,Reading,not-in-family,60833.66506600262,3632.315938482189,A,A,B,A,C,4432.748759370926,1
720,202,25,TX,500/1000,2000,1139.4380745889887,0,FEMALE,PhD,Craft-repair,Chess,unmarried,67177.7307349642,4205.979490278244,B,A,A,B,A,5340.8207112767395,0
721,179,66,TX,500/1000,1000,552.1054588562906,0,MALE,High School,Craft-repair,Reading,husband,20216.39253780647,16017.94954211061,A,A,B,C,C,2630.4470400361856,0
722,193,67,CA,100/300,500,1545.2614884381435,0,MALE,Masters,Craft-repair,Camping,husband,57749.015884293905,67082.02163228823,B,B,C,B,A,100.04730823071516,0
723,229,54,TX,500/1000,1000,1755.3527331028617,0,FEMALE,Masters,Prof-specialty,Movies,other-relative,14406.308813117808,30895.92991658483,C,A,C,A,A,1547.6024675244284,0
724,120,41,IL,250/500,2000,819.6977369256873,0,MALE,College,Machine-op-inspct,Chess,other-relative,74078.26032711005,37137.664798084734,B,C,A,B,C,1355.9631642308823,1
725,182,73,NY,250/500,2000,1729.3830742797384,0,FEMALE,College,Machine-op-inspct,Exercise,not-in-family,53569.937028002634,35285.51707096064,B,A,A,A,B,3038.0037870099886,0
726,456,35,TX,250/500,500,1619.8376499012886,1000000,MALE,JD,Adm-clerical,Camping,husband,41094.16377387026,36557.509840755265,B,C,B,C,B,5010.930491657383,0
727,486,21,FL,100/300,1000,1822.2256217360884,1000000,MALE,College,Machine-op-inspct,Camping,husband,96151.86670031244,61807.69102862681,C,A,C,B,B,8430.850431499855,0
728,78,40,CA,500/1000,1000,1866.487669939354,0,FEMALE,College,Adm-clerical,Camping,wife,95316.39864589917,58376.41409223156,B,C,B,C,C,6446.607002920666,0
729,100,40,TX,100/300,1000,880.7572317892211,0,FEMALE,High School,Adm-clerical,Reading,wife,3806.2380384047524,86810.75534413761,A,C,C,C,B,7243.282810024901,0
730,51,22,NY,100/300,1000,716.6788182154572,0,MALE,College,Exec-managerial,Reading,not-in-family,29851.100351500747,98721.6272238475,C,B,A,C,A,4922.116348114584,0
731,395,72,NY,100/300,500,1822.4298049579647,0,MALE,JD,Prof-specialty,Reading,wife,24021.031752450785,84030.04097445085,A,C,A,C,C,4238.67645958899,1
732,380,66,TX,500/1000,1000,1687.805276988807,1000000,MALE,College,Adm-clerical,Exercise,not-in-family,95316.14806241258,77298.19755445732,C,A,C,C,A,5375.814434508651,0
733,228,29,IL,100/300,1000,539.7115431767098,0,MALE,JD,Craft-repair,Chess,unmarried,18397.2687253411,37083.46757369905,C,B,C,B,A,2452.9276650195607,0
734,133,18,IL,100/300,1000,1605.3228966436016,0,MALE,JD,Exec-managerial,Chess,unmarried,5472.29709274607,91482.64676584423,A,A,B,A,A,7828.649662722051,0
735,367,23,TX,500/1000,500,1004.8999881243797,2000000,MALE,PhD,Exec-managerial,Reading,unmarried,20193.11169453797,36471.47765511394,B,A,C,A,C,7614.414224577742,0
736,248,41,FL,500/1000,500,1143.0448122379166,0,MALE,JD,Exec-managerial,Reading,own-child,75230.7467684188,6366.647348321974,A,A,C,A,B,7945.438240376205,0
737,60,32,CA,250/500,500,1405.8928833347136,0,FEMALE,High School,Machine-op-inspct,Exercise,unmarried,51402.78711525213,50815.20838726282,A,C,A,A,A,3568.309336573508,0
738,296,62,TX,250/500,2000,1933.000521278117,0,MALE,PhD,Machine-op-inspct,Movies,wife,96728.03368872179,26379.073486977744,B,A,C,B,A,3637.5710655743283,0
739,444,30,IL,100/300,500,658.8776843470691,0,MALE,Masters,Adm-clerical,Chess,unmarried,81174.4816904804,48469.60033622722,B,B,B,C,C,1304.2196144414295,0
740,459,29,IL,500/1000,500,518.5088549676506,1000000,MALE,High School,Prof-specialty,Camping,wife,19715.003958559453,68095.162963204,B,C,C,A,B,5939.944175544154,0
741,437,45,FL,250/500,2000,1481.8794068785037,2000000,MALE,High School,Prof-specialty,Movies,wife,37766.1543882792,86245.79776728843,B,C,B,A,B,4990.378482278597,0
742,117,31,IL,100/300,1000,505.9596527329152,1000000,MALE,JD,Adm-clerical,Chess,other-relative,81501.91873632654,25096.004465788334,B,A,C,C,C,1481.5570717673902,0
743,43,55,CA,250/500,500,1990.524282589168,0,FEMALE,JD,Adm-clerical,Exercise,wife,73595.35276292176,92067.97959564079,B,C,B,C,C,2117.4438648061328,0
744,416,34,FL,100/300,500,604.3500786319568,0,MALE,Masters,Adm-clerical,Chess,husband,33037.07468996962,99228.30180366467,C,B,C,A,A,1379.6864349645662,0
745,300,65,NY,250/500,2000,1210.1559855521818,2000000,FEMALE,High School,Prof-specialty,Movies,husband,58980.70022668388,20129.15263667694,A,B,C,C,C,6343.960635694594,1
746,413,28,FL,250/500,2000,1217.4776949578222,1000000,MALE,PhD,Machine-op-inspct,Camping,husband,58453.210082882135,34705.96306300269,B,A,A,C,C,1925.2817296897224,0
747,490,53,IL,100/300,500,888.2213094895067,2000000,MALE,High School,Craft-repair,Movies,unmarried,87860.97070676977,71540.6306722758,C,B,B,C,A,6531.738477417919,0
748,211,45,NY,500/1000,500,590.7731705181425,2000000,FEMALE,Masters,Exec-managerial,Movies,wife,2104.5342637829312,37012.72318308053,B,A,C,B,C,4928.901957014279,0
749,265,70,IL,500/1000,2000,1623.2425893733136,0,FEMALE,High School,Craft-repair,Reading,own-child,25892.322242538747,22094.539237418565,C,C,C,B,C,2215.5628450270565,0
750,203,60,TX,500/1000,500,1814.3594057524226,0,MALE,College,Craft-repair,Chess,not-in-family,71118.98874999318,40354.336895446504,A,C,C,A,B,373.67134314183335,0
751,7,42,IL,250/500,1000,975.4289216781978,0,FEMALE,High School,Adm-clerical,Reading,wife,64753.33364423024,70451.4600645799,B,C,A,A,C,1077.909571647991,0
752,127,29,FL,250/500,500,1762.518621842211,2000000,MALE,JD,Prof-specialty,Exercise,own-child,34146.51120641401,1698.200881187284,C,A,C,B,B,3416.4505068904887,1
753,278,54,CA,100/300,1000,1866.8819921709144,0,FEMALE,PhD,Craft-repair,Exercise,unmarried,85909.7018316992,66923.47909861534,A,A,A,A,A,6004.4212237526135,0
754,387,66,IL,500/1000,2000,1968.143558618813,0,FEMALE,High School,Prof-specialty,Chess,other-relative,73501.05682418018,90066.76603513732,C,B,A,C,C,967.2285022991302,0
755,436,37,FL,500/1000,1000,1549.0344502314192,2000000,FEMALE,High School,Adm-clerical,Reading,other-relative,59900.74533557571,98776.08404198095,B,B,C,A,B,5208.073232178662,0
756,476,45,TX,500/1000,500,1148.5968773056065,2000000,FEMALE,JD,Craft-repair,Reading,wife,24545.506353721947,25419.997704971465,B,A,B,C,C,7356.306697797191,0
757,493,74,TX,100/300,1000,1768.5879486731842,1000000,FEMALE,Masters,Craft-repair,Reading,unmarried,29785.51112606651,74529.12598786126,B,C,B,A,A,8772.595098927335,1
758,160,33,CA,500/1000,500,1183.9118762405242,0,FEMALE,Masters,Exec-managerial,Movies,wife,64611.405240665656,16723.08231215097,B,C,A,A,C,8336.308601409855,0
759,195,73,CA,250/500,2000,1673.2247144880694,0,MALE,College,Adm-clerical,Reading,own-child,96497.25141165758,23287.001542267426,C,C,A,A,C,1458.338971837905,0
760,142,25,CA,100/300,2000,1868.6080337707735,0,MALE,JD,Prof-specialty,Movies,wife,85342.00057560144,66001.56459072199,A,B,C,C,B,9908.523849824333,0
761,246,26,IL,250/500,2000,1462.7239016535332,2000000,FEMALE,Masters,Adm-clerical,Reading,other-relative,20899.85022973808,81847.7875228897,B,C,A,A,A,9853.368695196403,0
762,11,45,TX,250/500,1000,1581.0207274645409,0,MALE,Masters,Adm-clerical,Chess,husband,74785.20905319645,9415.682842251672,A,C,C,B,A,5680.373549256905,0
763,275,20,FL,250/500,500,1625.2049638387136,1000000,FEMALE,JD,Craft-repair,Reading,unmarried,93677.24458098835,38450.110703245286,C,A,A,A,B,5921.898607446035,0
764,189,62,CA,250/500,1000,1726.0466245615332,2000000,MALE,JD,Machine-op-inspct,Chess,own-child,9839.132639870773,86651.87225120582,A,A,A,B,A,2796.0066818412834,0
765,113,55,NY,100/300,500,1014.4037396756474,0,FEMALE,JD,Adm-clerical,Camping,husband,67989.52546019827,75349.67737885776,B,A,A,C,C,2796.2309541849504,0
766,495,63,FL,100/300,2000,1858.5941361965524,2000000,FEMALE,College,Exec-managerial,Movies,other-relative,8478.843749492804,5141.041884495868,C,C,B,C,B,2387.320731150171,0
767,97,58,NY,250/500,500,1839.4835917133325,0,FEMALE,High School,Craft-repair,Camping,other-relative,469.846545310193,40738.96963209648,B,A,A,B,A,4902.916271493079,1
768,471,52,TX,100/300,500,1641.87608294969,0,MALE,PhD,Prof-specialty,Chess,not-in-family,97540.88015012976,40363.55307457283,B,A,B,A,A,8552.804191413272,0
769,463,56,CA,500/1000,1000,515.6468075002277,0,FEMALE,High School,Craft-repair,Exercise,wife,20938.111937509384,65601.47687882684,A,B,C,B,A,4618.547500996341,0
770,34,61,NY,250/500,500,1407.8590204168486,0,MALE,JD,Adm-clerical,Chess,not-in-family,79944.4253476081,9151.113630765605,B,B,A,C,C,5352.468871746496,0
771,286,33,FL,100/300,2000,1773.0165310102827,1000000,FEMALE,PhD,Craft-repair,Exercise,unmarried,55813.57730310018,36325.467101981136,B,C,A,C,C,9319.150171351566,0
772,362,22,TX,500/1000,2000,1755.7431958852305,0,MALE,JD,Craft-repair,Camping,wife,62985.82413352152,90576.42783324863,A,B,B,A,B,3252.191477502277,0
773,55,22,TX,250/500,1000,1787.3092984166822,0,MALE,Masters,Machine-op-inspct,Exercise,unmarried,15150.164975370584,7998.172388597913,C,A,A,B,A,7872.62576348865,0
774,326,52,TX,100/300,1000,1858.158720509275,0,FEMALE,Masters,Machine-op-inspct,Exercise,unmarried,75701.31787704442,12459.280451024568,C,B,C,C,A,4827.7974477333355,0
775,42,59,FL,500/1000,500,1858.9567994362164,0,MALE,JD,Machine-op-inspct,Movies,other-relative,33839.34281417626,59740.44157356291,C,A,C,C,B,6672.906884079744,0
776,205,43,TX,250/500,1000,1805.264705149593,0,FEMALE,High School,Craft-repair,Movies,husband,60322.60289729785,36494.33727466276,A,B,B,B,B,1818.7016964301704,1
777,108,26,TX,500/1000,2000,673.1070814729078,0,FEMALE,Masters,Machine-op-inspct,Chess,wife,39875.451746644554,1518.5022948418282,C,C,C,C,A,3610.294922836747,0
778,319,63,NY,100/300,500,960.355048612128,0,MALE,PhD,Adm-clerical,Camping,not-in-family,17931.29877385079,24576.25641056602,C,A,B,C,B,7558.9769565861825,0
779,251,47,TX,100/300,2000,544.624212824465,0,FEMALE,PhD,Exec-managerial,Exercise,unmarried,13566.279814059113,56127.765158286245,A,B,B,C,B,4895.312893529899,0
780,415,53,CA,500/1000,1000,1063.3741455431682,0,FEMALE,JD,Craft-repair,Reading,other-relative,39285.29025706732,83006.7739004647,C,A,A,C,C,3259.021844265569,0
781,154,44,NY,500/1000,500,1667.2760291749923,0,FEMALE,JD,Machine-op-inspct,Movies,own-child,739.9001828719109,64764.237451300534,A,A,A,B,C,7055.90076632426,0
782,278,18,CA,250/500,500,861.5507737692783,0,MALE,High School,Exec-managerial,Camping,other-relative,96390.11693523379,545.9388581086189,C,C,C,C,B,5076.983513622957,0
783,88,65,TX,250/500,2000,854.5666237193514,0,MALE,Masters,Adm-clerical,Exercise,wife,28662.593355977628,21375.644440325526,C,B,B,A,C,6106.790115843682,0
784,376,62,NY,100/300,2000,570.9668606656724,0,FEMALE,College,Craft-repair,Chess,own-child,67552.1204594296,14410.096977720677,B,B,B,C,A,7553.296614659419,0
785,108,74,CA,500/1000,1000,1384.1355123552976,2000000,MALE,Masters,Exec-managerial,Reading,husband,57224.150258538495,45772.3542823347,B,B,C,C,C,2378.164750255684,0
786,43,43,FL,100/300,500,1552.9215803837956,0,FEMALE,Masters,Adm-clerical,Movies,not-in-family,73082.07716465424,30854.99725089944,A,A,A,C,C,4543.725744954867,0
787,223,27,FL,250/500,1000,573.3197028509935,1000000,MALE,Masters,Exec-managerial,Movies,other-relative,82865.66158158444,55634.95548778854,C,B,B,B,A,9251.322072996776,0
788,290,21,NY,250/500,1000,1091.6857856679082,1000000,FEMALE,JD,Craft-repair,Reading,wife,87635.45612174009,19652.103932880204,C,A,A,A,B,7313.913124314042,0
789,293,65,CA,250/500,500,1416.6711105712143,2000000,MALE,JD,Exec-managerial,Exercise,not-in-family,67046.82449179684,69911.19091581456,C,A,A,B,C,1217.8846882359042,0
790,456,21,NY,100/300,2000,1854.0649240759722,0,MALE,Masters,Exec-managerial,Chess,unmarried,38805.73909534698,41722.80708676078,B,A,A,C,B,973.3389991155724,0
791,176,21,NY,250/500,500,723.3355784599626,1000000,FEMALE,JD,Exec-managerial,Chess,wife,49393.67082358979,35674.321068637706,B,C,C,B,B,7509.548292073036,1
792,84,55,TX,100/300,1000,1561.530829112709,1000000,FEMALE,High School,Craft-repair,Movies,not-in-family,36677.324302251625,68627.49655723514,B,C,A,A,A,6471.5040555544165,0
793,126,26,NY,250/500,2000,888.7327775860149,2000000,FEMALE,PhD,Exec-managerial,Movies,other-relative,95035.88741211707,69665.7839664674,C,A,A,B,C,6816.749378988672,1
794,433,51,TX,100/300,1000,1346.2062411495638,0,FEMALE,PhD,Exec-managerial,Exercise,wife,32039.60580135825,9974.850325079055,C,A,A,A,A,5191.864122898797,0
795,237,22,TX,250/500,2000,1509.3441582030828,0,FEMALE,PhD,Exec-managerial,Exercise,other-relative,26473.40246811667,88161.22777167991,A,B,A,B,A,7024.298203099955,0
796,3,48,IL,100/300,2000,511.0769484014233,0,FEMALE,High School,Machine-op-inspct,Reading,husband,54862.652088778304,66918.57526663545,B,B,C,B,C,9191.908357765398,0
797,209,53,NY,100/300,500,737.2196132810851,0,FEMALE,Masters,Exec-managerial,Reading,husband,9534.23764003244,33627.64348445694,B,B,C,A,B,4324.562654764595,0
798,489,50,FL,250/500,1000,1549.5328388748121,0,FEMALE,College,Machine-op-inspct,Movies,not-in-family,88449.77472825194,49475.39082338832,B,B,B,B,C,9989.301540732142,0
799,79,30,IL,100/300,2000,794.4502533990953,0,FEMALE,JD,Exec-managerial,Movies,other-relative,98583.1625574737,18546.853051117196,B,A,A,C,C,5127.611790266186,0
800,139,28,FL,500/1000,1000,1719.5226919816128,0,FEMALE,College,Adm-clerical,Exercise,own-child,34839.9709432104,15635.496088930768,C,B,A,B,B,2423.5501825439087,0
801,178,54,IL,250/500,500,1571.9100551577578,1000000,FEMALE,Masters,Machine-op-inspct,Movies,husband,11587.450414086852,89832.64604846625,B,A,A,B,A,7530.827853046332,0
802,117,52,TX,100/300,500,1768.406219386916,0,FEMALE,High School,Exec-managerial,Movies,unmarried,27747.011430280476,57195.211894335844,B,C,B,A,A,6696.53132897163,1
803,139,57,FL,100/300,1000,1574.7561697795286,1000000,FEMALE,Masters,Exec-managerial,Exercise,not-in-family,41885.420119154216,66573.821518622,A,C,B,B,C,4591.514887534457,0
804,446,67,CA,500/1000,500,1528.1355402552758,0,MALE,Masters,Craft-repair,Exercise,wife,83865.90743480547,82818.70584017201,C,B,A,C,A,7690.470599228581,0
805,107,66,IL,250/500,1000,1758.2823864935356,1000000,FEMALE,JD,Machine-op-inspct,Movies,own-child,96770.02308760787,80105.2852188186,B,A,B,C,B,9296.603862328951,0
806,216,64,TX,500/1000,2000,1130.0854262552546,0,MALE,High School,Machine-op-inspct,Reading,wife,71970.23483334934,11307.091559311011,B,C,C,C,C,729.4470894564215,0
807,120,35,TX,100/300,2000,1837.78795513413,0,FEMALE,PhD,Adm-clerical,Camping,not-in-family,93247.17315761722,77459.4394681804,C,C,C,B,B,8749.41887514299,0
808,30,72,NY,250/500,2000,1979.5685295851574,0,FEMALE,PhD,Craft-repair,Camping,unmarried,18095.590596951184,33889.86675974064,A,C,A,A,C,4554.865974492175,1
809,365,47,TX,250/500,500,1639.8699196297337,0,FEMALE,College,Craft-repair,Camping,own-child,92908.69342476658,45152.06322847223,A,C,C,A,C,5243.437302673595,0
810,172,56,CA,500/1000,2000,868.4453237832347,0,FEMALE,JD,Craft-repair,Exercise,husband,57878.78131205898,2167.5698842807847,A,C,C,A,C,459.01481691568426,0
811,326,30,NY,100/300,2000,1141.6662776514117,0,MALE,High School,Exec-managerial,Exercise,other-relative,44898.5205138519,47736.18672556808,B,A,C,A,C,2181.9398652571635,0
812,22,22,FL,100/300,2000,1121.296940159043,0,FEMALE,High School,Adm-clerical,Movies,own-child,45384.718828278004,29816.44396720553,C,C,C,B,A,7054.044597187647,0
813,424,59,TX,500/1000,2000,1287.9974493237205,0,FEMALE,PhD,Exec-managerial,Exercise,own-child,95294.44495665809,48091.32769486742,C,B,B,B,A,4125.606561895122,0
814,160,74,IL,500/1000,500,1523.627455023423,1000000,FEMALE,PhD,Prof-specialty,Movies,other-relative,36542.62162933615,87447.96462137334,C,C,A,C,B,3545.518786944539,0
815,166,23,FL,500/1000,2000,516.488651199532,0,FEMALE,High School,Adm-clerical,Chess,wife,15545.314632362672,75171.921121448,B,C,B,B,B,837.3974896060503,1
816,200,65,NY,500/1000,2000,817.6207939647526,1000000,FEMALE,JD,Craft-repair,Reading,own-child,59189.852660018325,42300.31524635842,B,B,B,B,A,7299.051787641008,0
817,57,23,IL,250/500,2000,1454.725919845951,0,MALE,College,Exec-managerial,Movies,wife,11093.360385313888,29480.806385814474,B,A,C,B,B,1639.931724767758,0
818,447,62,FL,250/500,2000,1015.3651854805757,0,FEMALE,High School,Machine-op-inspct,Chess,unmarried,71234.90413823901,25924.08411360897,B,C,A,A,B,3928.726482912053,0
819,299,20,NY,250/500,2000,841.8047102693855,2000000,MALE,High School,Machine-op-inspct,Exercise,other-relative,76.41913590488159,62550.86100265046,A,A,C,B,C,2326.2804333939566,0
820,183,67,TX,250/500,2000,1567.4678822604671,0,FEMALE,PhD,Adm-clerical,Camping,other-relative,40844.571072295555,35749.77655616825,C,B,B,A,A,6236.005906819557,0
821,163,46,NY,500/1000,500,1745.0248925074798,1000000,FEMALE,High School,Craft-repair,Chess,own-child,79978.60292967586,48254.3892189748,A,B,C,B,A,5252.679505049888,0
822,119,74,IL,100/300,1000,1867.6254325426282,1000000,FEMALE,High School,Machine-op-inspct,Chess,not-in-family,40902.88984253091,28591.02257702083,B,B,B,B,B,2154.820791594795,0
823,144,38,IL,500/1000,2000,1836.0019345886533,5000000,MALE,JD,Craft-repair,Exercise,unmarried,76565.16261580531,53421.71732089444,B,B,A,A,C,1344.3607054253948,1
824,75,62,NY,500/1000,500,1562.8526876192818,0,MALE,High School,Adm-clerical,Camping,own-child,70367.81932674657,2646.815069378039,B,B,A,B,C,4981.282768392199,1
825,316,25,IL,500/1000,2000,1921.7024852675127,0,MALE,High School,Adm-clerical,Reading,unmarried,66976.3273123704,39454.15750894529,A,C,B,C,A,5161.546011873797,0
826,228,45,IL,100/300,2000,1875.1525705761433,0,FEMALE,JD,Craft-repair,Exercise,not-in-family,41394.52936493584,81777.54696435567,A,B,B,B,B,1479.3500755756193,0
827,169,66,CA,100/300,2000,804.2417470983834,0,FEMALE,PhD,Machine-op-inspct,Chess,unmarried,91841.368259982,20461.547812361703,C,A,B,C,C,4500.288187416485,0
828,374,29,IL,100/300,2000,816.8520748723915,1000000,MALE,JD,Machine-op-inspct,Camping,wife,36008.67458569861,42139.43700730073,C,B,C,B,C,9897.480804823877,0
829,493,59,TX,500/1000,1000,1184.3885655210888,0,FEMALE,JD,Exec-managerial,Reading,husband,38154.614647970586,45861.62952093391,C,B,C,A,B,3770.48788443651,0
830,97,65,NY,250/500,500,999.4457409433292,0,MALE,College,Adm-clerical,Movies,wife,69749.81225567292,97018.95097352799,B,C,C,C,C,6938.195176736049,0
831,431,55,TX,100/300,500,1951.5526411220048,0,FEMALE,PhD,Exec-managerial,Movies,own-child,74638.79528948499,83206.19030302532,B,A,A,B,B,1882.159896432691,0
832,7,30,CA,250/500,2000,1596.793003883458,0,MALE,PhD,Exec-managerial,Reading,husband,31464.60350793564,51717.18659428431,C,C,A,A,B,8887.813693180155,0
833,311,48,NY,250/500,500,1076.5458177885882,0,MALE,High School,Machine-op-inspct,Camping,other-relative,79622.18773862364,20198.381043528123,C,C,C,A,A,3635.0006098489403,0
834,251,50,NY,500/1000,2000,829.6272571847597,0,FEMALE,College,Prof-specialty,Reading,unmarried,82685.24333523653,55669.68740857564,B,C,A,C,B,2497.9873601994054,1
835,337,49,FL,500/1000,2000,1665.368581666407,0,FEMALE,JD,Prof-specialty,Chess,not-in-family,4542.678767881647,59621.699007759074,A,A,A,A,B,6082.11314421783,0
836,339,44,CA,250/500,1000,1499.107112544428,0,FEMALE,College,Exec-managerial,Camping,other-relative,46961.785772527895,47073.5380244645,B,C,C,B,B,6116.314490859085,0
837,202,35,TX,100/300,2000,1458.9455661627148,5000000,FEMALE,Masters,Craft-repair,Camping,unmarried,65959.91911069523,29357.42493727459,A,B,C,C,A,2933.2084025033646,0
838,344,32,IL,500/1000,500,1824.8863882784292,0,FEMALE,Masters,Adm-clerical,Chess,other-relative,25056.565754175343,80935.00279647156,A,A,A,B,C,4120.144642889589,0
839,172,21,TX,250/500,1000,887.4774460528613,2000000,FEMALE,JD,Craft-repair,Movies,other-relative,66217.19022420711,33912.4022518513,B,B,C,C,A,3250.151821294611,1
840,146,66,NY,500/1000,1000,722.1149221645469,0,MALE,Masters,Prof-specialty,Exercise,other-relative,17700.239976784484,39983.1998301703,A,C,B,A,A,8907.825251187372,0
841,125,62,TX,100/300,2000,1811.0288168221534,0,FEMALE,JD,Adm-clerical,Camping,husband,1035.0410817909994,33519.136757740176,B,B,B,C,B,6077.274233670228,0
842,208,63,FL,500/1000,2000,545.4160101005228,0,FEMALE,JD,Adm-clerical,Chess,unmarried,58088.42685341312,90739.52336046282,A,C,B,A,C,8544.316504546076,0
843,406,69,FL,250/500,2000,1984.6815845460785,0,MALE,JD,Craft-repair,Camping,unmarried,6675.465427015603,63126.75477917037,B,A,B,C,A,4776.005007067957,0
844,286,74,NY,500/1000,2000,878.6375791129414,0,MALE,PhD,Exec-managerial,Reading,not-in-family,45183.175053130486,6338.037096528815,A,B,C,C,C,255.19019366948694,0
845,172,67,IL,100/300,500,1294.8860570562852,0,FEMALE,PhD,Adm-clerical,Chess,other-relative,43409.23817659932,23482.59026201307,B,C,C,B,A,2014.9048978452877,1
846,130,64,IL,100/300,500,1859.8708099697014,0,MALE,JD,Craft-repair,Chess,unmarried,95209.82517383965,70367.10699105902,C,A,A,B,C,7720.324777723972,0
847,459,73,CA,500/1000,500,1092.1166302745883,1000000,MALE,PhD,Adm-clerical,Reading,wife,12071.3099730131,49051.07595758682,C,B,A,C,C,1902.7016428679558,0
848,271,60,IL,100/300,2000,923.9999056408637,0,FEMALE,PhD,Adm-clerical,Camping,husband,50054.11882075008,52558.791907949235,A,C,C,A,A,8601.605440578249,0
849,202,59,NY,100/300,500,532.823339059786,2000000,MALE,PhD,Exec-managerial,Camping,not-in-family,78557.76749272512,18135.574717555093,C,C,A,A,B,3061.411804184644,0
850,168,28,NY,100/300,1000,1847.627081686351,0,FEMALE,College,Adm-clerical,Camping,husband,10571.42901539655,84229.86690122179,A,A,A,B,A,2008.2083954306981,0
851,478,36,FL,100/300,1000,1341.3139765572348,1000000,MALE,Masters,Exec-managerial,Movies,wife,64132.2208029424,74798.93605095583,A,B,B,B,A,1409.947877275677,0
852,498,46,TX,100/300,1000,694.4720703357757,0,FEMALE,High School,Machine-op-inspct,Camping,husband,95915.69173714446,50405.54065633499,C,C,C,A,A,6520.727908214604,0
853,90,32,FL,100/300,1000,1703.4748555343454,0,MALE,College,Machine-op-inspct,Movies,wife,1487.6783967829099,35043.77474184931,A,B,C,C,A,8720.047875236165,1
854,364,50,FL,250/500,500,964.7588383159841,2000000,FEMALE,College,Adm-clerical,Movies,wife,46784.096763779315,58977.29638742365,A,A,B,B,B,5778.220133235642,0
855,464,58,CA,250/500,2000,510.95016139195343,0,MALE,JD,Craft-repair,Camping,own-child,85493.30188391589,11620.90963455078,A,B,C,C,A,4736.579741354883,0
856,91,49,TX,100/300,1000,1133.732158555965,0,FEMALE,High School,Craft-repair,Reading,wife,18287.08790666991,46183.26138415912,C,A,A,B,A,4491.724226028415,0
857,1,38,TX,250/500,2000,1663.86404419376,0,MALE,JD,Prof-specialty,Chess,not-in-family,61442.8000030217,9434.266546896575,C,C,B,C,C,4317.0711470872475,0
858,293,73,NY,100/300,500,1710.7461174032107,1000000,FEMALE,College,Prof-specialty,Reading,husband,56531.5493074693,92552.09608206442,A,A,C,B,C,9247.951058619085,0
859,63,72,TX,100/300,1000,1215.7758742826786,0,MALE,JD,Prof-specialty,Reading,husband,68893.18089794552,26069.299114477573,C,A,B,C,C,9984.597941505073,0
860,17,18,TX,500/1000,500,1903.1071307010343,2000000,FEMALE,JD,Craft-repair,Chess,other-relative,72874.60813877237,38054.607544271115,C,A,C,C,B,6663.046828967296,0
861,484,70,IL,500/1000,500,1996.6044737989737,0,MALE,PhD,Adm-clerical,Exercise,unmarried,59745.63708491806,58308.4021305374,B,B,B,C,A,6911.160726292507,0
862,204,74,TX,250/500,500,634.5537361542616,2000000,FEMALE,College,Craft-repair,Exercise,own-child,76971.50175711053,23318.09315288439,B,A,C,B,C,9518.532559530417,0
863,335,31,IL,250/500,2000,560.1159033778555,0,FEMALE,College,Adm-clerical,Camping,not-in-family,22933.75385577047,30152.11055520176,B,B,B,A,B,102.46816102310173,0
864,365,34,FL,100/300,1000,1298.2528502419843,0,MALE,PhD,Exec-managerial,Reading,wife,87362.88148497186,90082.50601351987,A,C,B,B,A,2252.319583999687,1
865,130,43,TX,100/300,500,1386.6440574229714,0,FEMALE,PhD,Craft-repair,Chess,not-in-family,91210.005465546,83263.63331283395,C,C,C,A,B,8699.331392552102,1
866,141,23,TX,500/1000,1000,559.5685136213639,0,MALE,College,Craft-repair,Reading,not-in-family,22785.3228359197,19693.873371780803,B,C,B,C,B,7012.485451287725,0
867,20,65,NY,250/500,1000,1055.6065331233774,0,FEMALE,JD,Prof-specialty,Reading,own-child,99015.38597319469,40719.17133154018,C,A,A,B,B,663.5567412885565,0
868,43,24,CA,250/500,500,1532.2234007305203,0,FEMALE,College,Craft-repair,Reading,unmarried,78571.11959503364,46681.703694275035,A,C,B,B,A,871.5582488549803,0
869,63,70,NY,250/500,2000,1029.904178797895,0,FEMALE,PhD,Machine-op-inspct,Chess,own-child,10019.675078601253,66985.44286093558,A,C,A,A,B,3964.3699984263217,1
870,175,74,CA,100/300,1000,1028.9700855939873,0,MALE,High School,Prof-specialty,Movies,not-in-family,38669.4732687537,74773.1556729471,C,B,B,C,B,9010.389871639547,0
871,471,33,NY,500/1000,500,1725.499715543789,0,FEMALE,PhD,Exec-managerial,Reading,own-child,749.559925607235,92634.45578273805,C,C,C,A,B,6399.831879754563,0
872,195,34,FL,250/500,1000,555.6936963289144,2000000,MALE,Masters,Exec-managerial,Reading,unmarried,45225.46732894747,53735.75348544759,B,B,C,A,C,9042.841322705704,0
873,61,67,FL,100/300,500,1786.9215092736276,0,FEMALE,Masters,Exec-managerial,Reading,other-relative,68792.8225427113,73652.51841275058,A,C,B,C,B,4160.884211929579,0
874,304,51,TX,250/500,2000,563.360775619917,2000000,MALE,College,Craft-repair,Movies,unmarried,36301.98113408919,86188.16642779784,A,B,C,B,C,842.5269236896007,0
875,365,74,IL,500/1000,500,519.0094419727812,0,MALE,Masters,Machine-op-inspct,Reading,unmarried,15952.485602690713,85459.95973194747,B,A,A,B,B,3020.9922697648653,0
876,361,66,NY,500/1000,2000,1119.7839692793573,0,FEMALE,Masters,Prof-specialty,Exercise,unmarried,95763.66143021952,88566.83200225815,C,C,C,A,B,7724.003719240214,0
877,33,63,FL,500/1000,1000,508.086136215069,1000000,FEMALE,High School,Prof-specialty,Exercise,own-child,15272.404637299574,32198.88571197771,B,B,A,C,C,5287.837958659441,0
878,97,58,CA,500/1000,1000,727.938289075558,0,MALE,JD,Prof-specialty,Chess,wife,97270.67135169022,65682.10071960068,A,C,B,C,C,7680.700351136806,0
879,326,41,CA,500/1000,500,1021.8536634426421,2000000,MALE,JD,Machine-op-inspct,Camping,not-in-family,66962.91245024299,68703.09199606685,B,A,C,B,B,6040.165689008505,1
880,55,54,CA,500/1000,1000,1022.8209413192258,0,MALE,JD,Prof-specialty,Camping,husband,13740.206938731902,23075.89956469174,C,A,C,C,A,8564.120181174829,0
881,309,27,TX,100/300,500,689.1926526138167,2000000,MALE,College,Craft-repair,Reading,wife,84128.06497452497,92789.11285154198,A,A,C,A,C,1936.766677140045,0
882,68,72,FL,500/1000,1000,1629.1548038528308,0,MALE,High School,Exec-managerial,Exercise,wife,87772.57696884006,70334.85644773266,C,A,A,A,A,3129.91994082626,0
883,99,44,IL,500/1000,500,1265.0365702650329,0,FEMALE,College,Machine-op-inspct,Movies,own-child,14926.569465744933,15847.601357685315,B,A,C,B,C,7993.402647108997,1
884,183,40,IL,100/300,2000,1588.4291011133867,0,MALE,High School,Adm-clerical,Exercise,not-in-family,58222.93138166079,10220.706907044942,A,C,A,A,C,3857.6288222075536,0
885,211,19,FL,500/1000,500,1122.8275622896526,1000000,MALE,JD,Machine-op-inspct,Exercise,own-child,88459.15935167146,70709.59972843558,A,C,C,B,B,3597.164587541395,0
886,39,26,FL,500/1000,500,576.9566479011834,0,MALE,High School,Machine-op-inspct,Reading,unmarried,77257.42803336334,54404.81634021671,A,A,C,A,B,6426.912447956839,0
887,131,54,TX,100/300,2000,1878.6397046352185,0,FEMALE,Masters,Machine-op-inspct,Camping,unmarried,20657.98340048516,77033.2066836156,C,B,B,B,B,5671.112478680305,0
888,445,71,NY,250/500,500,702.1885099649055,2000000,MALE,JD,Adm-clerical,Reading,own-child,9687.238850473157,31811.194602721338,A,B,B,B,C,2262.7452540300233,0
889,406,66,CA,100/300,2000,714.3237659187477,0,MALE,PhD,Craft-repair,Camping,other-relative,58168.31436288574,27800.33666061852,C,C,A,C,B,2578.64288133002,0
890,96,21,TX,500/1000,500,939.6289709053416,5000000,FEMALE,High School,Machine-op-inspct,Camping,own-child,48173.27172193001,22543.72906318811,C,A,A,B,B,4836.066138170524,0
891,323,48,FL,500/1000,500,1298.5309652750757,0,FEMALE,Masters,Machine-op-inspct,Reading,wife,96895.46643775591,6314.563933385853,B,B,C,C,A,5278.165709701465,0
892,273,49,FL,100/300,500,966.8361809123799,0,FEMALE,PhD,Craft-repair,Reading,unmarried,43094.901102095064,20718.802021853357,A,B,C,C,B,6309.974415454312,0
893,451,38,TX,100/300,500,1456.439286849616,5000000,FEMALE,PhD,Prof-specialty,Camping,own-child,14384.798735228609,63560.98821746212,B,C,C,A,A,8026.577377175437,0
894,114,38,IL,100/300,1000,1320.835455110983,0,MALE,JD,Craft-repair,Camping,not-in-family,37943.031696194616,28253.27445692286,A,B,A,A,B,9377.74516221578,0
895,168,29,NY,250/500,500,1478.8609537618631,0,MALE,Masters,Machine-op-inspct,Chess,wife,4836.026056950104,31699.442626774344,A,C,A,A,B,7392.4058952128125,0
896,226,73,TX,500/1000,500,639.9073419641996,1000000,FEMALE,PhD,Prof-specialty,Camping,own-child,47201.25026903454,20113.53304065758,A,B,C,C,A,7723.31601446866,1
897,350,32,FL,500/1000,2000,1901.8690095420309,0,MALE,PhD,Exec-managerial,Reading,wife,98910.73363839524,48125.22302725641,B,A,B,A,C,9129.37814499008,0
898,468,32,TX,500/1000,1000,1069.8970015722612,0,MALE,PhD,Exec-managerial,Reading,unmarried,69692.48507069102,52875.66048742513,A,B,C,B,B,3001.9338840202404,0
899,219,35,FL,100/300,1000,1574.0016229380306,0,MALE,JD,Craft-repair,Chess,unmarried,38272.85451857132,97484.44627332997,A,C,C,B,C,5594.427015022337,0
900,454,37,NY,500/1000,500,564.8603985905663,0,FEMALE,High School,Exec-managerial,Camping,own-child,90555.2939354541,49011.000387883505,B,B,C,B,B,9011.723067454603,0
901,53,43,IL,500/1000,2000,1742.3334089019354,0,FEMALE,JD,Craft-repair,Exercise,other-relative,29806.74736424097,70183.98504657423,A,B,B,C,C,6151.054256615318,1
902,45,66,FL,500/1000,1000,1380.1986042815852,0,MALE,JD,Craft-repair,Movies,wife,50894.08105742892,51289.83334199666,A,C,A,C,C,7002.634316219452,0
903,48,61,CA,500/1000,2000,550.1786691156043,1000000,MALE,College,Prof-specialty,Movies,other-relative,82127.4765533588,89893.49325049267,C,B,A,C,C,2447.1429185186385,0
904,461,41,FL,500/1000,2000,565.276171870249,2000000,MALE,High School,Prof-specialty,Reading,own-child,69719.38502169999,33234.561776793955,B,B,A,B,C,347.697719125343,0
905,384,68,CA,500/1000,500,988.372640039807,0,FEMALE,College,Prof-specialty,Movies,not-in-family,5092.1196443347135,68972.2938347064,A,B,A,B,C,555.1427672879377,0
906,387,38,NY,500/1000,2000,859.9371978586591,1000000,MALE,High School,Machine-op-inspct,Chess,own-child,89042.59946833031,30583.807080992243,C,C,B,B,C,925.958876803441,0
907,347,31,FL,500/1000,500,1965.1559958369749,2000000,MALE,JD,Craft-repair,Exercise,other-relative,62693.924008184375,81554.2944800508,B,B,B,B,C,6128.004316994832,1
908,63,69,FL,500/1000,2000,1339.0226589345689,1000000,FEMALE,PhD,Craft-repair,Camping,not-in-family,98764.88608438811,30023.951132427785,B,A,B,A,A,2919.282687006314,1
909,288,67,TX,250/500,1000,1001.8370608555483,0,MALE,College,Machine-op-inspct,Exercise,own-child,90667.52047265042,18371.681310756117,A,C,B,A,A,3126.15081372897,1
910,287,19,IL,100/300,500,1635.0742271838599,0,MALE,PhD,Prof-specialty,Movies,own-child,46416.33076761006,92776.83218083135,C,A,A,B,B,3551.2478758352363,0
911,180,69,IL,500/1000,2000,1334.93164476155,0,FEMALE,JD,Machine-op-inspct,Movies,wife,76555.17574057638,89749.10101896594,A,A,A,C,B,3435.6436571265353,0
912,99,38,CA,500/1000,2000,1104.882276702,0,FEMALE,High School,Craft-repair,Exercise,not-in-family,75349.00560476296,65643.61210679654,C,C,A,B,A,9380.419732565948,0
913,488,48,FL,250/500,1000,652.1839349446668,0,FEMALE,High School,Machine-op-inspct,Movies,other-relative,3796.7698546915176,24120.687090828385,C,A,C,B,C,3783.1838351229735,1
914,472,20,CA,100/300,2000,610.4455646447966,0,FEMALE,Masters,Prof-specialty,Exercise,own-child,52561.098826224326,31330.38230438018,A,A,C,A,A,5117.20599497422,0
915,21,37,CA,500/1000,500,657.6410151667354,0,MALE,High School,Craft-repair,Movies,unmarried,43414.10802162276,71859.47696316356,C,A,A,B,C,6452.422081490321,1
916,4,39,IL,250/500,1000,941.9728722254038,0,FEMALE,High School,Exec-managerial,Chess,other-relative,24508.415293985232,14367.41135210855,B,C,A,B,C,9817.761664716836,0
917,397,64,CA,500/1000,1000,1907.1581519381652,0,MALE,JD,Prof-specialty,Chess,not-in-family,5385.4073841707595,35539.83789964276,A,B,A,C,A,7385.7831683606755,0
918,152,28,TX,250/500,2000,987.0012737409332,0,MALE,High School,Craft-repair,Exercise,not-in-family,61789.69630972144,99294.83011925116,C,A,C,A,B,6034.560187042878,0
919,244,38,FL,100/300,2000,620.2898764419457,0,FEMALE,JD,Prof-specialty,Reading,not-in-family,42311.22653626859,65153.54734697748,A,C,A,C,B,3120.5724813750044,0
920,388,34,NY,250/500,500,1592.224686186718,0,MALE,Masters,Adm-clerical,Chess,not-in-family,2221.2955943743505,8997.099187213907,C,A,A,A,C,8891.19538202826,0
921,185,25,TX,100/300,500,1698.5685379453068,0,FEMALE,Masters,Machine-op-inspct,Chess,wife,98265.80099281388,84596.90610335834,C,A,C,A,B,7395.8561648312025,0
922,196,51,CA,100/300,2000,954.9103938711532,0,FEMALE,High School,Adm-clerical,Exercise,husband,99534.11261767522,2481.080993242224,C,A,C,B,B,1349.0169706502309,0
923,498,18,CA,500/1000,2000,1638.7048539744094,0,FEMALE,College,Exec-managerial,Chess,other-relative,91731.74998533183,97189.65365857133,C,A,A,A,C,7190.066779052938,0
924,3,31,TX,500/1000,500,672.9300279013967,0,FEMALE,College,Machine-op-inspct,Chess,wife,30913.365771057743,97258.28371566132,C,A,B,B,A,570.4446310072212,1
925,251,70,CA,500/1000,1000,1473.8822765128273,0,MALE,PhD,Craft-repair,Camping,husband,68566.79803902238,32889.66312205057,A,C,A,B,A,8439.605423706857,0
926,119,21,FL,100/300,500,1469.294129473812,1000000,MALE,PhD,Machine-op-inspct,Chess,other-relative,80138.844163356,55078.74969470444,A,C,B,B,C,8117.6480162759935,1
927,41,63,NY,250/500,1000,1381.6611337748402,1000000,FEMALE,Masters,Prof-specialty,Camping,other-relative,15691.732543230619,9050.334163819318,C,B,A,C,C,7869.2843821888455,0
928,139,20,CA,250/500,2000,727.2480590564577,0,MALE,JD,Craft-repair,Camping,not-in-family,48427.521325815425,32207.40671436161,B,C,A,B,C,5772.560911187258,0
929,165,58,FL,250/500,1000,1269.3734950334951,0,FEMALE,PhD,Craft-repair,Movies,husband,73770.94642115169,64661.14012613909,C,C,C,A,A,1430.5459965039113,0
930,106,41,IL,100/300,1000,889.7232100797612,1000000,MALE,PhD,Adm-clerical,Movies,other-relative,29817.548778175063,56191.509410361854,A,C,A,B,A,9558.95846908462,1
931,287,62,NY,500/1000,1000,1051.0071521945995,0,FEMALE,PhD,Machine-op-inspct,Exercise,own-child,9789.238074329232,3115.3557075039193,A,A,B,A,B,4794.5211605099785,0
932,356,70,IL,500/1000,1000,1798.4404344615853,0,FEMALE,Masters,Craft-repair,Chess,other-relative,55027.8320957816,22545.514580396462,A,C,C,B,B,4974.905446339018,0
933,36,27,CA,100/300,1000,863.1517083666733,1000000,MALE,JD,Exec-managerial,Camping,other-relative,41084.574089303846,97338.89991643917,B,C,A,B,B,6220.838803151821,0
934,250,43,IL,500/1000,2000,871.8907378627612,0,FEMALE,JD,Craft-repair,Movies,wife,45148.882400875314,77341.96738423528,B,C,C,C,C,3600.9551131687517,0
935,123,48,IL,100/300,2000,1155.2391868695747,1000000,FEMALE,Masters,Exec-managerial,Movies,other-relative,82768.76028039402,74050.30705910746,B,C,C,C,B,6664.158396920997,1
936,335,60,FL,250/500,500,871.5763456873576,5000000,MALE,College,Adm-clerical,Camping,wife,40590.953978758225,44223.292841157636,A,B,B,C,C,6826.435761553462,0
937,69,59,TX,100/300,1000,1442.63861557779,0,MALE,PhD,Machine-op-inspct,Reading,wife,58367.58976838004,15116.94801426392,A,B,C,C,C,9488.827723101633,0
938,250,57,FL,100/300,500,1237.7757575275682,0,FEMALE,Masters,Adm-clerical,Camping,unmarried,87864.3041549418,78239.0397273419,A,B,B,C,C,1706.2016040165063,1
939,232,70,FL,100/300,2000,1664.4959713444666,0,FEMALE,College,Exec-managerial,Movies,unmarried,64482.255585144696,15301.73982683174,A,B,C,C,A,5272.973639572257,0
940,293,68,IL,250/500,500,1747.3143430022146,0,MALE,College,Craft-repair,Reading,other-relative,73197.76057767148,89592.8600246172,C,A,C,A,C,5967.459850172237,1
941,367,58,CA,500/1000,500,1305.417992075441,0,FEMALE,College,Exec-managerial,Chess,not-in-family,64366.09584598144,5674.957330095643,B,A,B,C,C,7237.638538183004,0
942,277,27,TX,500/1000,2000,1118.339444153187,0,MALE,College,Exec-managerial,Camping,unmarried,38414.55064675877,72950.76551129733,C,C,C,C,A,590.6185910731217,0
943,148,30,IL,500/1000,500,1409.1345513371875,0,FEMALE,PhD,Prof-specialty,Movies,own-child,11109.895706177731,35425.11192629011,B,A,B,A,C,1816.1213728588004,0
944,94,25,NY,500/1000,2000,1275.1659873560272,0,MALE,College,Adm-clerical,Reading,husband,38527.91289807144,57047.098355916045,C,B,B,A,A,583.5204997988099,1
945,468,45,CA,100/300,1000,1055.1988019030555,0,MALE,Masters,Prof-specialty,Chess,own-child,60659.40187656903,10642.241165272171,C,A,A,A,B,5121.54591896932,0
946,325,64,TX,250/500,1000,1149.2040672568837,1000000,FEMALE,JD,Craft-repair,Chess,wife,2875.4930353023565,5765.343462529127,C,C,A,B,A,8565.640498678495,0
947,44,64,IL,100/300,1000,1766.882820815606,0,MALE,JD,Machine-op-inspct,Exercise,unmarried,80763.19970800618,88012.31374147467,A,C,B,A,B,6542.0798290318635,0
948,69,45,NY,100/300,1000,1462.6495021927053,0,MALE,College,Exec-managerial,Movies,husband,88806.85168738404,97112.24678638479,C,A,A,A,A,5384.956398395508,0
949,214,54,IL,100/300,2000,1459.9691650231678,2000000,MALE,College,Adm-clerical,Movies,not-in-family,3140.095696653622,80263.96604499794,A,A,C,A,B,202.1630817086087,0
950,115,31,CA,250/500,1000,1575.4900426135189,0,FEMALE,High School,Machine-op-inspct,Chess,husband,55594.78994848915,54757.789236135504,A,B,C,A,A,1400.0319725951897,0
951,271,40,CA,100/300,2000,1992.2447746765372,0,FEMALE,College,Prof-specialty,Chess,other-relative,94334.10367240451,51409.80047770434,C,A,C,A,C,5968.350898917274,0
952,60,38,CA,500/1000,2000,1275.2994647639657,0,MALE,Masters,Prof-specialty,Exercise,unmarried,47125.86819895659,94204.06926589886,A,C,C,B,B,2493.499851487041,0
953,406,61,FL,250/500,1000,1417.031468189526,1000000,MALE,JD,Craft-repair,Camping,other-relative,87442.89033662835,18020.031065129693,C,B,C,A,C,9806.546787975776,0
954,108,50,CA,250/500,500,1208.3982391163004,0,FEMALE,High School,Craft-repair,Reading,own-child,19581.187184909064,84773.42546976716,B,A,A,C,A,4073.5181151560223,0
955,47,68,TX,500/1000,2000,1016.4237414371413,5000000,MALE,College,Prof-specialty,Movies,other-relative,8456.779572523908,95695.25384107495,B,C,A,A,A,3028.6207103227416,0
956,251,46,IL,100/300,1000,1528.3042198180758,0,MALE,JD,Machine-op-inspct,Reading,husband,84933.73504767258,54538.52490652349,A,B,C,C,C,5511.059230079422,0
957,53,72,CA,100/300,2000,1537.2973009567659,0,FEMALE,PhD,Machine-op-inspct,Chess,wife,47268.875280486565,19639.270214696524,C,C,A,C,A,1274.1444130590614,0
958,372,33,IL,250/500,2000,1372.6531897234945,0,FEMALE,College,Adm-clerical,Exercise,not-in-family,33634.138637733646,44153.008913592326,A,A,A,B,A,5257.10526059762,1
959,139,27,FL,500/1000,2000,615.003627454511,0,MALE,JD,Exec-managerial,Exercise,unmarried,55002.61319017864,58067.90729228576,C,A,B,B,B,8881.011200611574,0
960,394,62,FL,100/300,1000,521.7195435765639,2000000,MALE,JD,Craft-repair,Movies,unmarried,73210.00122455091,25809.6388077492,C,C,B,C,A,2425.223910855994,0
961,114,35,TX,250/500,500,1714.0509610308388,0,FEMALE,PhD,Craft-repair,Exercise,own-child,48492.33462295015,91419.34357951803,A,A,B,C,C,2452.478666051462,0
962,386,42,CA,250/500,2000,664.1248638490098,0,FEMALE,JD,Exec-managerial,Exercise,own-child,34835.350165587166,55681.49059568851,A,A,B,B,B,511.01350757291766,1
963,97,37,TX,100/300,500,1075.6986893781286,0,FEMALE,Masters,Adm-clerical,Movies,unmarried,90061.08276615794,23895.564909634548,A,B,B,C,C,8919.589848801903,1
964,128,36,IL,100/300,2000,840.982891619376,0,FEMALE,Masters,Machine-op-inspct,Exercise,husband,62216.04381841068,31957.68101834334,C,C,B,A,B,7868.768291586382,0
965,108,21,IL,500/1000,500,1714.337961201199,1000000,MALE,PhD,Machine-op-inspct,Camping,not-in-family,61690.72437843643,64620.14635760211,A,A,A,B,A,4250.915569791611,0
966,194,22,FL,500/1000,500,729.2516894114594,2000000,FEMALE,JD,Machine-op-inspct,Chess,not-in-family,59407.84787152923,88787.89339861312,A,A,A,A,A,5047.896184036475,0
967,151,55,FL,250/500,500,1134.43605280492,1000000,FEMALE,PhD,Craft-repair,Reading,other-relative,35314.91461996675,34997.01895821914,C,A,A,C,B,1369.9653485090394,0
968,37,21,FL,100/300,1000,1890.2485567564186,0,MALE,JD,Machine-op-inspct,Movies,unmarried,95478.12146054729,4654.192724423445,C,A,B,C,B,7583.280404057657,0
969,161,72,IL,500/1000,1000,1914.006658192383,2000000,FEMALE,Masters,Craft-repair,Exercise,unmarried,94955.12269056252,14916.383762764874,B,C,C,C,B,1224.687825008395,0
970,266,53,TX,500/1000,500,1344.9210704767686,0,MALE,High School,Exec-managerial,Chess,own-child,70800.92316149508,36.2920819690693,A,B,A,A,B,5024.19587789659,0
971,391,23,TX,100/300,2000,1571.33248577191,1000000,FEMALE,Masters,Prof-specialty,Reading,not-in-family,39687.16775902579,76282.59852120731,B,C,C,C,B,329.9304294254448,0
972,456,28,IL,100/300,500,573.4493752494316,0,FEMALE,JD,Craft-repair,Chess,other-relative,28368.241279500784,24810.371952419584,C,C,C,C,A,3930.0195509479,0
973,347,70,CA,100/300,500,710.461380587109,0,FEMALE,Masters,Exec-managerial,Exercise,unmarried,96596.95386035358,76245.87673423202,B,A,C,A,B,3774.498628478867,0
974,459,26,TX,100/300,1000,713.0793575784784,0,FEMALE,JD,Adm-clerical,Chess,unmarried,38106.54577756716,91725.01277429108,A,C,C,B,C,1007.1388374588622,0
975,257,19,TX,100/300,2000,1736.817982027052,2000000,FEMALE,PhD,Adm-clerical,Camping,own-child,33971.23474532854,24006.850326216023,A,A,A,B,A,2747.99144123875,1
976,177,62,CA,500/1000,500,1710.3702169870076,0,FEMALE,College,Machine-op-inspct,Exercise,not-in-family,94564.70019804669,80974.57994365763,B,C,B,C,B,3560.159507771113,1
977,264,26,FL,250/500,1000,1147.3049551718032,2000000,FEMALE,High School,Exec-managerial,Chess,own-child,26994.635039271063,39033.45565915721,A,A,A,C,C,350.633377376519,0
978,406,26,IL,500/1000,500,1334.0348283260369,1000000,MALE,JD,Adm-clerical,Movies,own-child,28772.85545534751,63913.26720380853,A,B,C,A,A,2097.570454064188,0
979,227,26,IL,250/500,500,1066.9465691304224,0,MALE,PhD,Prof-specialty,Movies,husband,40295.12658457355,76278.7021231906,A,A,B,B,C,7866.024185254865,0
980,317,44,FL,500/1000,1000,1273.5500083754198,0,FEMALE,High School,Exec-managerial,Exercise,husband,94658.3207819763,46208.2090821722,C,B,A,C,A,7066.589921473593,0
981,267,58,NY,250/500,2000,542.8880943193434,1000000,FEMALE,Masters,Exec-managerial,Chess,not-in-family,16176.126342311636,17434.073768624938,A,C,A,A,B,3916.8072741913193,0
982,300,66,TX,500/1000,500,1361.200742188762,0,FEMALE,PhD,Craft-repair,Movies,unmarried,61656.99011151707,906.4482866532719,C,C,B,A,B,6539.618465178716,0
983,99,62,TX,100/300,1000,1338.3815608677362,0,MALE,High School,Exec-managerial,Camping,other-relative,63067.90186436062,911.9220505671377,C,A,C,A,A,8738.43323014804,1
984,187,41,TX,100/300,500,1060.7895876888722,0,FEMALE,JD,Adm-clerical,Chess,wife,72939.66805912898,50948.38283282478,C,A,B,A,A,7540.483111152405,0
985,270,26,TX,100/300,2000,1706.3780291212126,5000000,MALE,High School,Prof-specialty,Exercise,husband,27379.464336917892,85720.80795005817,B,A,B,A,B,5106.920483419283,0
986,304,71,IL,100/300,500,1418.8222157201008,0,MALE,College,Exec-managerial,Camping,unmarried,29941.322116842595,49611.58486974929,A,B,C,B,C,9502.12317221552,0
987,167,41,NY,500/1000,1000,1198.8938227049393,0,MALE,PhD,Craft-repair,Movies,husband,24485.76825266685,26037.227216361127,B,B,C,A,C,4586.796278777573,0
988,58,56,CA,250/500,2000,1043.7457835868174,0,MALE,College,Prof-specialty,Chess,own-child,48643.76870118015,13934.269527672926,C,B,B,A,C,6906.252813772541,0
989,167,43,IL,100/300,500,917.7021352521547,0,FEMALE,High School,Prof-specialty,Reading,husband,43846.67712097994,32929.2171087574,C,A,C,A,C,6096.32859166115,0
990,221,62,IL,250/500,500,1700.1056942970797,1000000,MALE,JD,Prof-specialty,Reading,unmarried,63202.551685674924,89354.56486035217,A,A,B,B,C,3882.3565054252117,0
991,168,29,IL,100/300,1000,1377.311418988505,0,MALE,PhD,Adm-clerical,Movies,other-relative,71243.52447270216,48448.81128119271,C,C,C,A,C,7392.883081693366,0
992,466,65,FL,100/300,2000,757.3953574889943,0,MALE,College,Exec-managerial,Exercise,other-relative,81128.39018593238,12391.270895352924,A,B,C,B,B,6649.358336312128,0
993,376,59,CA,500/1000,1000,812.1974866119219,0,MALE,JD,Prof-specialty,Camping,other-relative,45163.91961455749,23799.352130250805,B,A,C,C,C,201.57853762453146,1
994,105,18,FL,100/300,500,1421.1376061661158,0,MALE,JD,Craft-repair,Reading,unmarried,62131.42266197925,99603.4431033709,C,C,B,C,C,518.9040184907672,1
995,42,18,NY,500/1000,500,677.1716353799156,0,FEMALE,JD,Adm-clerical,Movies,other-relative,22211.577997678833,53561.84116036338,C,A,A,B,C,8871.71493191638,0
996,173,62,FL,100/300,2000,1486.77735891545,2000000,FEMALE,PhD,Prof-specialty,Camping,wife,69422.47442256798,10025.057295047402,B,B,A,C,B,373.50345310372893,0
997,162,42,TX,100/300,500,1999.643313337708,0,MALE,JD,Machine-op-inspct,Exercise,not-in-family,98452.12523912365,35028.00533070646,B,B,B,C,A,3791.8216426617773,0
998,329,53,CA,100/300,2000,1989.0040688607305,0,MALE,College,Adm-clerical,Reading,not-in-family,83213.67015767582,4134.440012537199,C,A,C,A,B,3891.385641316499,0
999,184,40,IL,100/300,1000,1929.281653074314,0,MALE,JD,Adm-clerical,Camping,husband,37258.03867492902,3474.5598248487663,A,B,B,C,C,1272.0749113254703,1
1000,193,44,CA,100/300,1000,760.9049225218093,2000000,FEMALE,JD,Craft-repair,Reading,unmarried,48561.92893248111,80929.35698499935,C,A,B,C,B,5343.224084782427,0
1001,409,57,CA,500/1000,2000,1106.474449611374,1000000,FEMALE,JD,Machine-op-inspct,Exercise,not-in-family,12531.550077954545,3633.249766165336,A,B,C,C,B,1920.647797541165,0
1002,177,35,CA,500/1000,500,1461.934864114152,0,MALE,College,Adm-clerical,Camping,husband,49137.55652463248,81704.99025507065,C,C,C,C,B,5198.7418320590905,0
1003,472,25,FL,250/500,1000,1466.4308719372764,5000000,MALE,JD,Adm-clerical,Chess,husband,47967.207891446116,1394.9175617703147,A,C,A,B,B,4366.104831171792,1
1004,423,39,NY,500/1000,500,944.3578121467675,1000000,FEMALE,High School,Exec-managerial,Chess,husband,43293.24971504354,66678.68252644122,B,A,B,B,A,3160.9403610613995,1
1005,162,35,CA,500/1000,2000,506.3023274665265,1000000,FEMALE,PhD,Exec-managerial,Reading,unmarried,40822.85633815554,80598.6584462447,A,A,A,A,A,3278.3770212584363,0
1006,167,43,CA,100/300,500,980.271032362821,0,FEMALE,PhD,Machine-op-inspct,Movies,not-in-family,1158.9702608530984,26428.938963782435,A,C,B,C,C,1003.9094258490412,1
1007,467,64,IL,100/300,1000,1594.7846622766804,2000000,FEMALE,Masters,Prof-specialty,Exercise,own-child,10533.321849351807,30197.361118521003,B,C,A,B,A,9018.78010933022,0
1008,413,46,IL,500/1000,1000,1139.63475131372,0,FEMALE,JD,Machine-op-inspct,Reading,other-relative,21957.822546164683,94642.75321683129,B,B,A,A,A,4086.799980826399,0
1009,7,59,CA,250/500,1000,1681.3131047625977,0,MALE,Masters,Exec-managerial,Exercise,other-relative,38796.7916191987,25280.048891762774,A,C,B,C,A,9108.555469470672,0
1010,68,39,TX,500/1000,1000,1993.6872005851096,0,FEMALE,College,Machine-op-inspct,Chess,not-in-family,64206.150780994954,14367.50889357673,B,C,B,B,C,1577.3967402535811,0
1011,65,74,FL,250/500,500,1271.1511046249223,5000000,FEMALE,High School,Craft-repair,Reading,husband,10615.37121388002,19874.630226508227,B,C,C,A,C,3636.213494243594,0
1012,265,32,TX,100/300,1000,1322.387962983611,5000000,FEMALE,High School,Adm-clerical,Reading,not-in-family,78630.46552882002,13660.349274980776,A,A,B,C,B,9337.091502641815,0
1013,312,21,IL,500/1000,1000,1887.7312594394584,0,FEMALE,High School,Prof-specialty,Chess,wife,45471.7971880666,6368.410872304297,C,B,B,A,B,8347.098046695062,1
1014,432,49,CA,250/500,500,1811.2245446023135,5000000,FEMALE,JD,Craft-repair,Movies,own-child,10991.563849938879,78279.19098688877,A,C,A,C,C,7583.760049935449,1
1015,167,28,IL,250/500,500,644.3164186222459,2000000,MALE,PhD,Exec-managerial,Reading,husband,72862.33537927929,20940.18622568038,B,B,B,A,C,3477.473874503051,0
1016,0,24,CA,250/500,2000,818.0453345233053,0,FEMALE,PhD,Exec-managerial,Camping,wife,150.04982058288707,73562.26535844791,A,B,A,B,B,471.8391430912389,0
1017,120,72,FL,100/300,2000,631.4087871246428,1000000,FEMALE,College,Exec-managerial,Movies,wife,84686.5557732469,2411.499176858345,C,B,C,B,B,2369.214848358179,1
1018,455,23,NY,500/1000,1000,607.5590133698041,2000000,MALE,College,Prof-specialty,Exercise,husband,88774.92817549479,20984.978710158164,A,B,A,A,A,9131.440587135161,0
1019,346,26,TX,100/300,2000,1416.555412470961,0,MALE,Masters,Craft-repair,Chess,own-child,65096.03536655918,18716.712254287027,B,A,A,B,B,6456.824178985115,0
1020,322,33,TX,250/500,2000,589.3752886146818,1000000,MALE,JD,Exec-managerial,Movies,not-in-family,84466.1554469026,11514.925687886423,B,A,A,C,C,413.2302064423382,0
1021,174,36,TX,100/300,500,1303.7361590629953,0,MALE,PhD,Adm-clerical,Camping,own-child,36789.470717433745,74786.18398451265,A,B,B,A,C,1493.7700498670085,0
1022,452,23,FL,500/1000,1000,1617.0153764834592,2000000,MALE,High School,Machine-op-inspct,Camping,husband,90746.97825527,70955.89700430333,B,A,B,C,C,6212.1216079478245,0
1023,83,57,IL,500/1000,500,1190.9971284563658,1000000,MALE,PhD,Prof-specialty,Reading,own-child,13606.930337372503,82661.0463251757,B,A,A,A,A,3816.9098915529835,0
1024,343,74,NY,500/1000,500,1736.9364296704837,0,FEMALE,JD,Prof-specialty,Camping,wife,42747.11436898591,64522.4133527896,A,A,B,C,C,9169.309807265265,0
1025,79,24,FL,100/300,2000,1824.3664699637802,0,MALE,High School,Machine-op-inspct,Camping,husband,37713.47825168637,55143.13407323487,A,A,B,C,B,2216.811338859887,0
1026,197,57,IL,250/500,2000,538.8692341885354,0,FEMALE,Masters,Exec-managerial,Exercise,not-in-family,85627.1083406279,95587.32266536118,B,C,C,C,A,1963.060654496804,0
1027,359,56,FL,100/300,1000,670.1143571893698,0,FEMALE,High School,Prof-specialty,Exercise,wife,4448.649105255397,42390.89299576757,C,A,A,A,B,3918.9678222781185,1
1028,57,70,TX,500/1000,2000,1866.5465382672746,0,FEMALE,PhD,Adm-clerical,Camping,own-child,47512.49285357231,73185.38765852527,C,A,B,A,A,8548.32256515133,1
1029,152,52,IL,100/300,2000,1483.608219211454,0,FEMALE,JD,Machine-op-inspct,Reading,not-in-family,56052.1143745681,19645.350192615464,B,C,C,A,C,3133.5460529614616,0
1030,233,73,FL,500/1000,2000,1640.4797132124934,0,FEMALE,College,Craft-repair,Camping,husband,62307.675444880806,79645.8981677713,B,B,C,A,A,2450.614805446249,0
1031,477,23,TX,250/500,2000,1308.2327070715974,0,FEMALE,JD,Exec-managerial,Chess,unmarried,30181.692965373997,71696.44733119059,B,B,B,B,A,6933.994684986508,0
1032,174,48,FL,100/300,1000,1259.709085825243,0,FEMALE,Masters,Prof-specialty,Movies,unmarried,95457.04202609803,31778.704549281923,C,C,B,C,B,437.5246109615711,0
1033,169,53,FL,500/1000,500,1038.6515060600755,1000000,FEMALE,High School,Craft-repair,Chess,wife,91810.35647679027,96161.12017362558,B,C,C,B,B,4442.446362402453,0
1034,113,57,CA,250/500,1000,1790.2408530422813,2000000,FEMALE,College,Machine-op-inspct,Exercise,other-relative,46842.75799744678,87751.68341130458,A,A,C,B,B,9854.695771945462,1
1035,91,22,NY,250/500,2000,1671.876487803659,0,FEMALE,College,Machine-op-inspct,Exercise,not-in-family,87117.89573150697,78179.40418617806,A,C,A,C,A,3325.3291270517216,1
1036,491,29,CA,250/500,1000,758.302655510145,1000000,MALE,High School,Prof-specialty,Chess,own-child,38971.56217854445,50571.04679420762,A,B,A,B,A,6013.867243558133,0
1037,123,60,IL,250/500,1000,777.460835789411,0,MALE,JD,Adm-clerical,Exercise,wife,9730.645622128042,55950.67206927134,C,C,A,C,B,4748.415941171109,0
1038,426,24,FL,100/300,1000,854.8091194435302,0,FEMALE,High School,Adm-clerical,Reading,not-in-family,17053.91304684026,84432.31661413528,A,C,B,A,B,8900.59674434742,0
1039,353,38,TX,500/1000,500,1998.0116084854592,0,MALE,JD,Prof-specialty,Movies,husband,77504.11415777415,61311.49319415239,C,B,B,A,C,583.3396630691147,1
1040,294,35,TX,500/1000,2000,1317.7921046645001,1000000,MALE,College,Adm-clerical,Chess,wife,26429.890946025804,50526.00347391972,B,A,B,C,C,7877.110150185122,0
1041,407,61,TX,250/500,1000,1264.7209537608765,0,MALE,JD,Exec-managerial,Camping,wife,85969.5463694503,32755.18200990747,C,C,B,A,B,4256.668257100093,0
1042,469,31,CA,500/1000,2000,1710.6091602575598,0,FEMALE,High School,Exec-managerial,Movies,other-relative,89987.57475035157,50491.486642639094,B,A,B,C,B,289.46768863751026,0
1043,64,21,IL,100/300,2000,1039.6912052848143,0,FEMALE,PhD,Craft-repair,Chess,wife,21680.18390543054,1090.0095959562207,C,B,B,B,A,6120.984756059695,0
1044,206,57,NY,250/500,500,1157.7912980625065,0,FEMALE,Masters,Prof-specialty,Camping,other-relative,803.1185139749431,87386.51991500064,B,B,A,A,C,6174.021463686573,0
1045,312,42,FL,250/500,500,1212.4323564378356,0,MALE,JD,Prof-specialty,Movies,not-in-family,40442.70573774839,65628.6997664344,A,C,C,C,C,6053.620902093356,0
1046,495,42,IL,500/1000,1000,1438.3998962577675,0,FEMALE,JD,Machine-op-inspct,Reading,not-in-family,794.78004804997,72179.93128967342,B,A,C,C,B,8191.711063044156,0
1047,418,72,IL,500/1000,500,681.0446418091392,0,MALE,Masters,Adm-clerical,Reading,not-in-family,24954.14375272681,47992.74670683703,B,C,C,A,C,4456.796744638659,1
1048,42,50,NY,100/300,2000,837.4266583971846,0,FEMALE,JD,Adm-clerical,Chess,unmarried,50107.97960769596,96820.72780610525,A,A,A,A,C,6414.225080865521,1
1049,423,32,CA,500/1000,2000,1539.6528094139424,5000000,FEMALE,Masters,Exec-managerial,Reading,other-relative,45469.59233315727,71095.6855813507,C,B,C,A,A,326.1235952282474,0
1050,461,48,IL,500/1000,500,584.7187372087039,1000000,FEMALE,JD,Craft-repair,Exercise,unmarried,63585.588091133584,98714.7117407019,C,B,B,C,A,7448.034592211662,1
1051,460,72,CA,500/1000,1000,1276.3385028232142,0,MALE,JD,Craft-repair,Movies,not-in-family,2862.417896859759,99028.50896252549,A,B,B,C,B,619.1920374400099,0
1052,166,63,IL,500/1000,1000,1672.3991361754693,0,FEMALE,PhD,Machine-op-inspct,Exercise,not-in-family,47318.269577496416,50162.099262171345,B,C,A,B,B,8685.619861659805,0
1053,262,59,CA,100/300,1000,616.497936953736,2000000,FEMALE,Masters,Adm-clerical,Exercise,husband,41674.29488090539,87433.8254463841,B,B,B,A,C,6439.020899336863,0
1054,15,55,FL,100/300,2000,1916.5365509987635,0,MALE,College,Exec-managerial,Reading,own-child,24179.815916815096,51584.955015226966,B,B,C,B,C,4219.272196924694,0
1055,45,34,TX,250/500,2000,888.7944497847028,0,FEMALE,College,Prof-specialty,Movies,other-relative,68737.31766697703,21293.411965049403,C,A,B,C,C,6790.489698886275,0
1056,492,37,NY,500/1000,2000,1028.6688103718902,0,MALE,High School,Adm-clerical,Camping,unmarried,32612.945091714995,3243.6643588708016,C,A,B,C,B,2307.321322855118,0
1057,235,64,IL,100/300,1000,1035.8830484546838,0,FEMALE,Masters,Adm-clerical,Movies,husband,49564.122234171125,35769.24635495756,B,C,C,A,C,5428.055576527022,0
1058,434,22,CA,250/500,2000,919.7859945702087,0,FEMALE,JD,Machine-op-inspct,Reading,wife,19314.142187693793,71104.28429937635,B,A,B,B,A,7348.0804614012395,0
1059,366,46,IL,500/1000,1000,1424.961407311531,0,FEMALE,College,Craft-repair,Camping,other-relative,17922.304559438206,20350.831110437794,B,C,B,B,B,951.4223155102342,0
1060,10,55,IL,250/500,2000,1594.7269010197883,0,FEMALE,High School,Machine-op-inspct,Chess,wife,56977.77392157803,58966.031138808496,C,A,A,A,B,892.350392471668,0
1061,460,74,CA,100/300,1000,1490.53924549768,0,MALE,PhD,Adm-clerical,Chess,not-in-family,8990.975876991202,41191.23307655635,A,B,B,C,A,8975.868360575909,0
1062,163,21,CA,100/300,2000,1376.769849845342,0,MALE,High School,Prof-specialty,Reading,other-relative,92600.21929133878,77927.51502558503,C,A,A,B,B,8500.747675342684,0
1063,237,55,FL,250/500,1000,999.0625231285569,5000000,MALE,JD,Exec-managerial,Exercise,wife,97382.75826066932,86999.65962332222,B,A,B,C,C,3436.9191351033473,0
1064,222,53,FL,500/1000,2000,740.3901952741801,1000000,FEMALE,High School,Craft-repair,Exercise,own-child,13604.393369505075,52793.35573889883,A,C,A,B,B,6856.670310735508,0
1065,462,20,FL,250/500,1000,872.5230230235782,0,FEMALE,College,Adm-clerical,Chess,own-child,17423.018177244187,59550.71854469318,C,A,C,A,C,6049.433157000198,0
1066,358,59,NY,500/1000,2000,737.8813610346931,0,FEMALE,JD,Prof-specialty,Camping,unmarried,51513.69093107887,8507.19946496301,C,B,A,C,C,7234.625383611814,0
1067,285,24,CA,500/1000,1000,717.1864256155461,2000000,MALE,PhD,Adm-clerical,Movies,not-in-family,27260.87241472679,72425.60053190295,B,A,A,B,B,3180.806083975225,0
1068,409,71,FL,250/500,2000,734.1995706515719,0,MALE,College,Craft-repair,Movies,other-relative,26069.987758533007,5161.533813109431,A,C,C,B,C,4699.55712091689,0
1069,104,51,TX,250/500,1000,1228.7152780620104,0,MALE,PhD,Prof-specialty,Exercise,wife,68046.96252845475,52557.1053014547,A,B,A,A,B,2982.5292540341425,0
1070,33,19,CA,250/500,1000,1635.193290617117,0,MALE,JD,Craft-repair,Reading,wife,77443.54091822226,14335.117343929305,B,B,C,A,C,7862.364993499772,0
1071,287,40,IL,100/300,1000,1443.246637977868,0,FEMALE,PhD,Prof-specialty,Exercise,unmarried,49038.56778484932,34495.38484805055,A,B,C,A,C,2267.5979313158796,0
1072,134,73,IL,500/1000,500,1990.7620679864756,0,FEMALE,High School,Prof-specialty,Reading,unmarried,25738.901654265235,52092.26174580036,C,A,C,C,A,9028.177108239544,0
1073,78,35,NY,100/300,1000,1195.8837003045812,5000000,MALE,High School,Adm-clerical,Camping,husband,90021.23788501168,80621.23438047952,A,C,C,B,A,8583.373502641141,0
1074,455,48,TX,100/300,500,746.8752279699343,1000000,FEMALE,High School,Exec-managerial,Reading,own-child,70238.13869849504,126.33700436067707,A,A,C,C,C,7443.701328997698,0
1075,234,29,TX,500/1000,1000,711.7695442190636,0,FEMALE,PhD,Adm-clerical,Reading,wife,66669.56898269178,22721.930866210416,C,A,B,B,C,9715.343656228975,0
1076,309,64,IL,500/1000,1000,532.8076419515604,0,FEMALE,JD,Exec-managerial,Camping,unmarried,63017.76451989881,67575.58786365991,C,A,A,C,A,5451.121860118137,1
1077,375,30,IL,100/300,2000,1410.1610644473362,0,FEMALE,High School,Exec-managerial,Camping,husband,88896.41690365796,22344.24760585617,C,A,B,C,B,3233.6612178035057,0
1078,369,60,TX,500/1000,500,546.832179477037,0,FEMALE,JD,Prof-specialty,Exercise,wife,17976.852636843767,11233.185736020856,B,C,C,C,A,7009.756362821163,0
1079,93,23,IL,100/300,1000,1867.6780920137257,0,FEMALE,College,Exec-managerial,Exercise,not-in-family,60260.35061150482,58375.99056828891,C,A,C,C,A,9883.619461128854,0
1080,364,23,FL,250/500,2000,1677.2629330394414,0,MALE,College,Machine-op-inspct,Camping,other-relative,50673.67693326621,19315.66781971725,B,A,C,C,B,5270.0572349729055,0
1081,292,47,IL,500/1000,500,1886.5438618571343,0,MALE,JD,Exec-managerial,Exercise,wife,49802.06750044335,17897.267995407507,A,C,B,B,C,2946.4362803294666,0
1082,207,49,NY,250/500,500,1288.4771102034856,0,MALE,College,Adm-clerical,Reading,husband,12366.052318209853,51329.07337713454,C,B,B,B,B,1421.728297404927,0
1083,7,45,IL,100/300,1000,1487.2971407904402,0,FEMALE,Masters,Adm-clerical,Reading,husband,17626.898757561026,54446.379637300655,A,A,C,B,B,8158.118637297246,0
1084,217,69,FL,250/500,2000,658.6777498340128,1000000,MALE,Masters,Prof-specialty,Reading,own-child,54363.539810857095,52450.749921137874,B,B,B,A,A,3284.7354324172943,0
1085,53,44,NY,250/500,2000,559.9396521287965,1000000,MALE,Masters,Machine-op-inspct,Camping,wife,26341.093549091154,83865.10760194017,A,B,B,A,B,7476.652072678897,0
1086,9,57,FL,100/300,500,1895.6101201241056,0,FEMALE,JD,Craft-repair,Exercise,other-relative,94610.94403270245,6830.39097549254,B,C,A,A,C,9439.307716267202,0
1087,420,50,CA,100/300,2000,684.5548850121977,0,FEMALE,College,Craft-repair,Chess,other-relative,19648.871985729565,13116.129970768197,A,A,B,C,C,444.7018807850306,1
1088,139,59,NY,500/1000,1000,698.5131503194953,0,MALE,PhD,Craft-repair,Chess,not-in-family,55232.85071130196,29102.350630654317,A,C,B,B,B,1075.411325961203,0
1089,127,34,IL,250/500,1000,1539.6909388442311,1000000,FEMALE,JD,Prof-specialty,Camping,other-relative,42051.80157617725,41731.00548269231,B,B,B,A,A,1452.7219192637274,0
1090,131,30,IL,100/300,500,1181.6411841105987,0,FEMALE,College,Prof-specialty,Chess,not-in-family,56121.56533853189,6987.990071222683,C,C,A,B,A,6246.705343046489,0
1091,218,33,TX,100/300,500,1727.754353476447,0,MALE,College,Craft-repair,Reading,husband,48144.23314147882,17069.38326763563,A,B,A,B,A,9652.2304232616,0
1092,494,43,FL,100/300,2000,1039.2475738386638,1000000,FEMALE,JD,Adm-clerical,Camping,own-child,25557.334559144918,70450.76845278442,C,C,B,A,B,4028.694167168805,0
1093,48,44,NY,500/1000,1000,803.4970486328752,0,MALE,PhD,Exec-managerial,Exercise,own-child,94887.34393310215,45307.12166096764,C,C,B,A,B,6035.954031389215,1
1094,300,74,NY,500/1000,500,1326.8683972904255,2000000,FEMALE,High School,Prof-specialty,Chess,wife,12450.236742282317,93600.96991356945,B,B,A,B,C,6161.2188194993,0
1095,289,45,TX,100/300,2000,1600.77803311856,5000000,MALE,Masters,Adm-clerical,Camping,other-relative,10372.374797805007,34301.305063216205,A,C,C,B,A,6484.979377750491,0
1096,120,42,CA,250/500,1000,770.1953428873176,0,FEMALE,PhD,Prof-specialty,Chess,own-child,94987.72311181108,96178.10821283118,C,C,A,A,C,5752.923140795728,0
1097,398,73,TX,500/1000,1000,1883.5171870122988,0,MALE,JD,Exec-managerial,Chess,husband,42615.305964529085,57819.05090929091,B,B,C,C,C,9763.91057211634,0
1098,269,63,FL,100/300,500,790.4999701093413,0,MALE,High School,Craft-repair,Camping,other-relative,44313.964951177586,24934.982335880108,B,A,A,B,C,2785.3760837889254,1
1099,418,66,FL,500/1000,2000,1932.4058683462104,0,MALE,High School,Exec-managerial,Reading,unmarried,23333.569200844195,1725.9192897476794,C,A,B,A,A,1155.9177660922396,0
1100,15,40,NY,100/300,500,717.676206488903,0,FEMALE,Masters,Exec-managerial,Movies,husband,52168.39724468842,95981.33286476927,C,C,B,B,A,2280.2960272001314,1
1101,126,68,CA,250/500,1000,692.8230674037529,0,MALE,Masters,Prof-specialty,Reading,unmarried,22759.723938688825,67973.60283073862,C,B,B,A,A,3627.527508471007,0
1102,14,39,NY,250/500,1000,778.4054381499063,5000000,FEMALE,College,Adm-clerical,Reading,husband,94959.03926185453,62280.9331562069,B,C,C,A,C,7873.653165758879,0
1103,322,63,IL,500/1000,2000,1056.7987856725258,1000000,MALE,College,Exec-managerial,Chess,husband,9988.383499544474,30154.86550339477,A,B,C,A,B,7083.981958284629,1
1104,344,32,FL,250/500,1000,1230.6501976352245,0,FEMALE,College,Adm-clerical,Chess,own-child,35693.35156669634,49803.915267991775,C,B,A,C,C,4841.3711941674,0
1105,452,53,CA,250/500,2000,1434.728406029551,0,FEMALE,Masters,Machine-op-inspct,Camping,wife,51043.170189787765,581.8209557128529,C,A,C,B,B,7825.794977594704,0
1106,426,24,TX,250/500,1000,961.7168994713271,0,MALE,Masters,Exec-managerial,Reading,unmarried,86724.15102295422,54336.68501095854,A,A,B,A,A,1992.383326880422,0
1107,325,39,CA,100/300,500,1227.2701514654773,1000000,MALE,PhD,Craft-repair,Chess,unmarried,3519.4205007863297,25034.013407691913,A,C,C,A,A,9724.474655895998,0
1108,427,47,IL,100/300,1000,711.0026388369602,0,MALE,College,Craft-repair,Reading,wife,55801.87420232682,62911.09963705156,A,C,B,A,C,3365.5419802877104,0
1109,281,27,TX,250/500,500,1431.5589524335296,0,FEMALE,High School,Machine-op-inspct,Camping,other-relative,13050.88686011876,2307.6504281225875,C,B,A,A,B,5855.394513165108,1
1110,72,42,NY,500/1000,500,1929.9341389632946,0,FEMALE,PhD,Machine-op-inspct,Movies,other-relative,9425.23432662118,94308.15576479798,C,A,C,B,A,680.8985338695036,0
1111,88,62,IL,250/500,1000,1079.7869514240765,0,MALE,JD,Machine-op-inspct,Movies,own-child,94204.24670936218,78345.87440330439,A,B,B,C,C,2906.8472908121453,1
1112,423,36,NY,250/500,500,1351.3652020146965,0,FEMALE,College,Machine-op-inspct,Camping,wife,2903.0387527572475,97558.8589096823,C,C,B,A,C,1330.054516260418,1
1113,459,52,NY,250/500,1000,1669.786014006763,0,MALE,High School,Prof-specialty,Camping,unmarried,26430.953504861744,21497.812563624273,A,C,B,A,B,6270.391640552038,0
1114,86,18,FL,100/300,1000,1760.908120328905,0,FEMALE,PhD,Exec-managerial,Movies,own-child,93891.55813169286,28016.972369499304,A,C,A,A,A,1570.6956430317,0
1115,230,49,TX,100/300,500,1212.7680457232016,0,MALE,High School,Adm-clerical,Exercise,other-relative,37489.98478393253,28221.58378166747,B,B,C,A,C,2990.3020744394626,0
1116,479,66,FL,100/300,500,1876.444806634238,0,MALE,College,Adm-clerical,Camping,unmarried,36790.1520819648,7194.722981085511,C,B,C,B,C,4586.259133936686,1
1117,455,73,IL,250/500,500,1495.0382974897184,0,MALE,High School,Machine-op-inspct,Exercise,own-child,30932.235647151807,75606.34370405198,A,B,C,B,B,9041.284796732465,0
1118,109,48,IL,250/500,500,1051.1768312788954,0,MALE,College,Craft-repair,Movies,unmarried,25116.308817424517,29118.46803537901,A,C,B,A,C,831.2986067847529,0
1119,430,50,TX,100/300,1000,1544.309635621946,1000000,MALE,High School,Exec-managerial,Camping,own-child,18901.14697442574,44208.72203036309,C,A,A,B,B,5258.844549792283,1
1120,30,61,IL,500/1000,2000,1785.722885137158,0,MALE,JD,Prof-specialty,Reading,other-relative,23990.344682410436,53756.812101678355,A,C,C,B,B,6893.529515742062,0
1121,386,66,TX,250/500,1000,1515.226872341625,0,MALE,PhD,Craft-repair,Camping,wife,3208.1972857956885,64410.042691695766,C,C,C,C,C,8443.7882057227,1
1122,221,32,NY,500/1000,2000,1555.9763966497756,0,FEMALE,College,Adm-clerical,Exercise,unmarried,35398.86134394496,51239.00888073557,B,C,A,C,C,2701.854942555236,0
1123,418,57,FL,250/500,500,1130.440137183683,0,FEMALE,PhD,Adm-clerical,Reading,husband,4923.684240261128,10560.956101399088,B,B,A,A,C,364.9218653714221,0
1124,498,60,IL,500/1000,500,1865.4256509506806,0,MALE,College,Exec-managerial,Camping,own-child,61786.280723194875,55957.01104090033,A,B,C,A,B,946.5082273248481,1
1125,240,56,TX,500/1000,500,792.4469281247982,2000000,FEMALE,High School,Exec-managerial,Chess,husband,79589.50318660116,5376.624168167188,C,C,C,C,C,5207.689354766705,0
1126,177,29,NY,250/500,1000,1741.7466314432695,1000000,MALE,JD,Prof-specialty,Chess,husband,15588.54395290522,24541.3678355761,C,C,C,A,B,9430.911699634396,0
1127,456,37,TX,250/500,500,1434.9930453468482,0,FEMALE,High School,Machine-op-inspct,Camping,own-child,80341.18022470482,77522.56395436938,A,C,B,B,C,6059.355426407376,0
1128,349,70,CA,250/500,1000,970.0142386763739,0,MALE,JD,Prof-specialty,Movies,husband,5314.420220871352,35412.898996706776,C,C,C,A,A,6429.59432707812,0
1129,333,18,IL,100/300,500,1119.4198839881874,2000000,MALE,High School,Adm-clerical,Exercise,husband,42588.48523939035,82124.66337894915,C,C,B,A,B,7357.846219463937,0
1130,407,24,CA,500/1000,500,1465.165380655434,2000000,FEMALE,PhD,Adm-clerical,Movies,other-relative,84404.89286026069,32501.046225530572,A,B,A,C,B,3276.412596175555,0
1131,200,26,NY,250/500,500,1162.0219945499432,0,MALE,College,Prof-specialty,Movies,other-relative,70428.18891361305,6445.665485665475,C,C,C,A,A,4624.782211566374,0
1132,379,72,CA,500/1000,500,1097.7846985551473,1000000,FEMALE,College,Craft-repair,Movies,other-relative,39724.375031465686,35247.347281945695,B,A,B,C,B,2269.6943888126334,0
1133,21,39,NY,500/1000,1000,767.4093770428367,0,MALE,JD,Machine-op-inspct,Reading,unmarried,71192.51893856899,57833.45503587851,B,A,B,C,B,6389.889403121689,1
1134,163,64,TX,500/1000,2000,1919.8289169210982,0,MALE,PhD,Machine-op-inspct,Camping,other-relative,8835.612958480133,53930.688753370094,B,A,B,C,A,9403.251044329016,0
1135,94,63,IL,500/1000,1000,1481.5093212492097,0,MALE,Masters,Exec-managerial,Exercise,unmarried,19002.32869616154,85062.50033354072,C,A,B,A,B,2892.1332519004964,1
1136,347,64,IL,250/500,2000,1903.1790800955757,0,MALE,Masters,Machine-op-inspct,Chess,own-child,75908.76618695311,69090.7090151308,B,B,C,C,C,8341.21422554627,0
1137,289,51,TX,500/1000,1000,1143.2545766112216,2000000,MALE,Masters,Exec-managerial,Reading,unmarried,48164.3010721091,43768.19122490019,A,A,C,C,A,8981.40336857441,1
1138,495,64,CA,250/500,2000,1905.8976250193418,1000000,FEMALE,Masters,Machine-op-inspct,Chess,other-relative,32691.007555755292,76401.80526112799,B,B,B,B,C,8691.184645680092,0
1139,420,48,FL,250/500,500,1228.2544903286991,0,FEMALE,High School,Machine-op-inspct,Exercise,not-in-family,8627.133650637108,16098.521643444641,C,B,A,B,B,1996.1947339580568,0
1140,483,26,FL,500/1000,2000,1636.9235467351486,0,MALE,JD,Adm-clerical,Reading,not-in-family,38925.599895810934,50811.85447536264,C,A,B,B,B,5040.416219554529,0
1141,162,21,TX,500/1000,2000,1061.1300010312978,0,MALE,College,Machine-op-inspct,Chess,unmarried,30806.268115501756,19640.36538062428,C,C,C,A,B,2742.1204490505584,0
1142,128,32,CA,500/1000,2000,1846.3679533699749,2000000,MALE,JD,Adm-clerical,Reading,husband,13336.767788032355,68990.7392146634,B,C,B,C,B,4418.965086231324,1
1143,236,30,FL,250/500,500,1296.3590625356785,0,FEMALE,Masters,Exec-managerial,Camping,other-relative,51569.167672716845,32223.224769760105,A,B,A,C,B,7670.789336328505,1
1144,331,29,IL,100/300,2000,794.9612842112651,0,MALE,Masters,Prof-specialty,Exercise,own-child,14980.07202488396,79204.72900267837,C,B,A,A,C,3302.811579696209,0
1145,52,51,FL,100/300,500,1156.1030145696345,0,FEMALE,PhD,Craft-repair,Exercise,husband,88945.97221061865,24210.397663811455,C,B,A,B,A,8637.668192719315,0
1146,3,58,NY,250/500,2000,881.9015866555428,0,MALE,JD,Prof-specialty,Exercise,other-relative,99488.00081248417,90699.3015801214,A,A,C,B,A,1801.5736981403686,1
1147,128,26,IL,250/500,1000,1602.843308994222,1000000,MALE,PhD,Adm-clerical,Movies,unmarried,15490.339201249992,58068.069054305626,B,B,A,B,B,2448.9611294678907,0
1148,302,48,CA,250/500,1000,578.3192041124158,0,FEMALE,PhD,Adm-clerical,Movies,husband,13245.195107935193,56757.892045453016,B,A,C,C,C,5671.6963773300695,0
1149,294,71,CA,100/300,2000,817.9261501930432,0,FEMALE,College,Machine-op-inspct,Chess,own-child,48292.242185139956,99265.07374081333,B,C,A,A,A,2305.2944740304724,0
1150,447,57,NY,250/500,2000,917.1994895568779,0,MALE,PhD,Adm-clerical,Exercise,wife,97871.76768129958,20512.24954047871,C,C,C,C,B,1432.0961982964163,0
1151,32,38,CA,100/300,500,1891.2199781687725,1000000,FEMALE,Masters,Exec-managerial,Exercise,other-relative,44643.96324846656,23939.798085734543,C,A,C,C,C,4430.655346199957,1
1152,154,53,NY,100/300,1000,932.4834948016984,0,MALE,Masters,Adm-clerical,Reading,own-child,40624.06003003307,84782.14315318123,B,B,C,C,A,3163.6336035613217,0
1153,345,27,CA,100/300,1000,1112.1263614114907,0,FEMALE,High School,Prof-specialty,Movies,unmarried,95529.30413961994,67590.11230174641,B,C,B,C,A,4316.519763057924,0
1154,413,18,FL,500/1000,2000,1990.2146819312081,0,FEMALE,Masters,Machine-op-inspct,Reading,not-in-family,45368.71266296856,65701.44265348373,A,A,C,B,A,1348.4411804063814,0
1155,490,37,IL,250/500,2000,1824.3745836400608,0,FEMALE,JD,Exec-managerial,Movies,wife,79813.51775679404,85483.54581429217,C,B,C,B,A,7742.885428055766,0
1156,297,36,IL,250/500,2000,1750.6896033830312,0,FEMALE,JD,Exec-managerial,Reading,husband,43632.28755023662,93471.9827906869,B,C,A,C,A,8975.280981144137,0
1157,453,30,IL,100/300,500,722.1326386546496,0,FEMALE,Masters,Craft-repair,Reading,own-child,70074.43578128207,58804.461889561964,A,C,A,A,C,2896.476112084203,0
1158,211,34,NY,500/1000,2000,895.9991993428673,0,FEMALE,JD,Exec-managerial,Camping,husband,91976.22964707359,25091.572756727543,C,A,A,C,B,7135.989646237361,1
1159,469,46,CA,100/300,2000,614.5438122168813,0,FEMALE,Masters,Machine-op-inspct,Reading,husband,64902.74081267212,26819.530985904505,C,B,C,C,C,6758.67432756137,0
1160,185,22,FL,100/300,2000,1456.8895418614927,0,FEMALE,College,Craft-repair,Camping,own-child,97037.84596746278,87619.17412258835,B,A,B,C,A,8589.033748943824,0
1161,230,69,FL,100/300,500,1499.355839190208,5000000,FEMALE,JD,Machine-op-inspct,Exercise,not-in-family,73354.10693467052,14747.474984900133,A,A,B,A,C,9126.403352875312,0
1162,376,32,NY,250/500,2000,1984.57807554464,0,MALE,High School,Craft-repair,Reading,husband,6316.316969628244,41804.70694265715,A,A,A,C,C,2201.132940764739,0
1163,325,33,CA,500/1000,500,1265.950278182791,2000000,FEMALE,High School,Craft-repair,Camping,not-in-family,3942.118996809385,16041.965690332283,B,B,C,A,B,8447.159621260515,0
1164,249,45,NY,250/500,500,751.965576268477,0,MALE,College,Craft-repair,Reading,not-in-family,14392.973078678939,68436.5994877916,C,C,C,A,B,1543.8781207523277,1
1165,263,51,IL,100/300,2000,615.993338006952,0,MALE,High School,Machine-op-inspct,Camping,not-in-family,14341.409755606372,66538.12637865609,A,C,C,A,C,1391.9238616922487,0
1166,425,31,IL,100/300,1000,719.2235585897432,1000000,FEMALE,PhD,Machine-op-inspct,Camping,unmarried,2786.12314397868,89869.4785477622,B,B,A,C,B,6553.742180435727,0
1167,18,27,FL,500/1000,1000,1131.901615264229,0,MALE,Masters,Craft-repair,Reading,unmarried,37445.86071424644,39068.14807190674,C,C,A,A,B,3745.3237108815706,0
1168,19,39,FL,100/300,2000,1485.546537511968,2000000,MALE,PhD,Machine-op-inspct,Movies,other-relative,99268.74521704734,22983.94757861031,B,B,A,C,B,2723.9563513724897,0
1169,65,36,NY,250/500,500,1084.8144152454856,0,FEMALE,PhD,Adm-clerical,Camping,wife,58376.82405484329,36407.84957172494,B,B,B,A,B,7403.230173003369,0
1170,382,22,CA,500/1000,1000,1463.4356586072897,2000000,MALE,PhD,Adm-clerical,Camping,wife,73943.81644289801,69725.71356805137,A,C,B,B,C,9666.887347879661,0
1171,110,24,NY,500/1000,1000,900.0024198614933,2000000,MALE,College,Prof-specialty,Movies,wife,45268.74718965315,9630.726063199201,A,B,C,C,A,3046.5868904287454,1
1172,59,29,CA,100/300,2000,669.5622661011301,0,MALE,Masters,Adm-clerical,Reading,unmarried,17628.86956368853,8353.771087787676,B,B,B,B,C,9532.789573927172,1
1173,422,23,FL,100/300,1000,883.0628026937754,1000000,MALE,Masters,Craft-repair,Exercise,not-in-family,35120.37679763841,94711.38715608451,A,B,A,A,C,2735.8541119227407,0
1174,441,40,NY,500/1000,2000,865.0829898788686,0,FEMALE,College,Prof-specialty,Exercise,other-relative,22316.303206888344,8607.745108082443,A,C,B,C,A,6652.914702208662,0
1175,499,71,NY,100/300,2000,711.9465074832945,0,FEMALE,High School,Machine-op-inspct,Movies,wife,55189.26543004159,96288.5918245872,B,A,C,B,C,7853.311185033808,0
1176,124,68,FL,500/1000,2000,998.8148751117319,1000000,FEMALE,College,Prof-specialty,Exercise,other-relative,46722.049124978104,72504.30651664358,B,C,A,A,C,2453.7647159625913,0
1177,304,24,IL,250/500,500,1568.665370260699,0,MALE,High School,Craft-repair,Camping,wife,85319.45466558303,48276.198593393296,B,C,B,B,A,3076.42288921261,0
1178,178,44,IL,250/500,1000,1067.9687349769888,0,FEMALE,PhD,Craft-repair,Reading,not-in-family,21158.084053160375,6251.794806535116,B,C,B,A,A,9788.601297570649,1
1179,488,27,NY,250/500,2000,1714.1849212488464,0,MALE,College,Exec-managerial,Exercise,wife,57300.87775940391,42894.893662495735,C,B,A,A,A,3133.1312284774945,0
1180,282,33,TX,500/1000,2000,1702.2901702345628,0,MALE,College,Adm-clerical,Exercise,husband,2081.2040659228705,89700.8110552746,B,B,B,C,B,4091.2108523244933,0
1181,390,66,NY,500/1000,500,1666.9618192482467,0,MALE,Masters,Adm-clerical,Chess,wife,79879.87813010445,63495.10131649346,B,B,C,A,A,7375.674661768897,0
1182,121,59,CA,500/1000,2000,1482.486029482508,0,MALE,JD,Prof-specialty,Reading,not-in-family,55991.52645894925,33166.30973584081,B,B,C,A,A,6637.55722444261,0
1183,307,68,CA,100/300,2000,1426.6604774369805,0,MALE,JD,Prof-specialty,Chess,own-child,6399.173403646608,48677.66322113252,A,A,B,A,A,8726.964806882976,0
1184,322,64,NY,250/500,1000,713.8358232526582,2000000,FEMALE,High School,Adm-clerical,Chess,own-child,81574.05526247888,60828.96425707651,A,B,C,C,B,5235.078312285614,0
1185,285,61,NY,100/300,2000,864.6458055417768,0,FEMALE,College,Craft-repair,Camping,own-child,6223.594436672109,24010.733733945122,A,B,B,B,B,3333.3858416182998,0
1186,25,34,TX,500/1000,1000,1154.2448218513246,0,FEMALE,PhD,Machine-op-inspct,Reading,own-child,43080.23174904687,75029.65075666016,B,B,A,C,A,8378.487836624126,0
1187,386,18,FL,500/1000,500,1146.874247920181,1000000,FEMALE,College,Craft-repair,Exercise,wife,86576.2642190833,66071.59857671095,B,C,C,B,A,5040.146910849371,0
1188,377,36,TX,500/1000,2000,1412.8810128008843,2000000,FEMALE,College,Machine-op-inspct,Camping,husband,5846.806010179673,65384.85256369053,C,B,C,C,B,5253.36567227228,0
1189,298,43,TX,500/1000,2000,851.5584717804252,0,MALE,Masters,Exec-managerial,Movies,not-in-family,25366.968007879797,76570.73034157098,B,C,B,A,C,9199.413103819697,0
1190,163,70,FL,100/300,2000,887.2515399824072,5000000,FEMALE,PhD,Prof-specialty,Exercise,other-relative,30812.08982760395,73605.47102716315,C,C,A,A,A,3889.2543181755427,0
1191,411,57,CA,250/500,1000,693.9584200347772,1000000,FEMALE,PhD,Exec-managerial,Reading,own-child,55178.07449945168,52416.170435944354,A,A,B,A,C,7864.571726894602,0
1192,296,21,FL,250/500,1000,1595.8462967403898,0,MALE,JD,Craft-repair,Movies,own-child,49071.21212031564,86182.83315036738,C,A,B,B,A,9909.545773043928,1
1193,69,29,FL,500/1000,1000,1629.3872469698579,0,FEMALE,PhD,Prof-specialty,Movies,not-in-family,84487.01786907215,49327.113345222286,A,B,C,B,A,5228.151530851479,0
1194,428,50,TX,250/500,1000,1919.859043002223,1000000,FEMALE,JD,Exec-managerial,Reading,wife,89658.43760058521,33361.295303532235,A,C,B,A,C,4694.105198062672,1
1195,380,38,FL,250/500,1000,598.3380434510284,0,MALE,PhD,Machine-op-inspct,Chess,unmarried,34885.31389489371,28564.773814377608,C,B,B,A,B,2174.3607059813903,0
1196,1,57,TX,250/500,1000,1017.767520328717,0,FEMALE,College,Exec-managerial,Movies,other-relative,89999.45192319548,12203.660826076512,C,C,A,A,A,3949.2494228378673,0
1197,282,45,NY,100/300,500,1275.0614621732193,0,MALE,High School,Exec-managerial,Chess,not-in-family,39267.434146246385,74001.72649142976,B,A,B,A,C,2125.892016514048,0
1198,312,71,NY,100/300,1000,1874.4500208576787,0,FEMALE,PhD,Craft-repair,Movies,husband,77985.34240605992,3297.0898912581424,C,B,B,A,A,4472.499501160416,0
1199,465,47,TX,500/1000,2000,829.9240776472543,0,MALE,JD,Prof-specialty,Chess,wife,58425.072401742305,80711.02747516465,B,C,A,A,C,4305.950231065031,0
1200,179,56,NY,500/1000,1000,1773.9421876866313,0,FEMALE,High School,Prof-specialty,Reading,husband,81379.66709145518,85250.99783101065,B,A,C,A,C,6452.92404019334,0
1201,260,20,CA,500/1000,1000,1876.1029269014061,0,MALE,PhD,Exec-managerial,Exercise,husband,60845.77502690891,62602.30650477046,C,B,C,B,A,6628.5666857452525,0
1202,307,59,TX,100/300,2000,1653.8149319353856,0,MALE,High School,Exec-managerial,Camping,not-in-family,79667.6269188898,25130.96447467226,C,C,A,C,A,9590.659351672368,0
1203,193,18,FL,250/500,2000,647.6361130827314,1000000,FEMALE,High School,Craft-repair,Reading,husband,58068.15532628154,20087.09296176493,A,A,A,B,B,3248.0691307712236,0
1204,287,19,TX,250/500,2000,1797.2178989206427,0,FEMALE,Masters,Machine-op-inspct,Exercise,own-child,11724.377832957356,7332.02083149368,A,C,B,B,C,937.8989584975718,0
1205,446,54,NY,250/500,500,1756.9471374434302,0,FEMALE,PhD,Craft-repair,Chess,unmarried,78885.43727572504,90115.88627256014,B,A,C,A,C,8431.05574169869,0
1206,257,71,IL,250/500,2000,908.9132824509495,0,FEMALE,Masters,Machine-op-inspct,Chess,husband,69297.21067274915,49843.514459467166,B,A,A,C,B,427.9482245229926,1
1207,56,68,TX,100/300,1000,1321.5307284796445,0,FEMALE,JD,Exec-managerial,Movies,other-relative,77677.14739746937,38140.10984302385,A,B,B,B,A,1052.742350015014,1
1208,56,70,TX,250/500,500,1788.6899916106665,2000000,FEMALE,Masters,Exec-managerial,Camping,husband,9649.21701614989,99191.53976677399,B,A,C,B,B,3665.5884264657807,0
1209,382,48,TX,250/500,2000,695.2357400358588,1000000,FEMALE,Masters,Prof-specialty,Movies,other-relative,68973.6102064356,7987.193529392378,A,A,C,C,B,4243.75454561626,0
1210,341,28,CA,500/1000,500,1469.4498157329178,0,MALE,College,Exec-managerial,Camping,own-child,77510.49458655457,78368.50244883374,B,B,A,C,B,6755.148213920183,0
1211,394,29,IL,500/1000,500,1285.9288053604732,0,FEMALE,PhD,Adm-clerical,Chess,not-in-family,36975.632156558204,86361.85264345257,A,C,A,B,A,8263.394911247171,0
1212,226,73,FL,500/1000,2000,1196.3894522225066,0,MALE,College,Craft-repair,Reading,wife,95247.10153716161,79748.36751117258,A,A,C,A,B,9327.925696193908,0
1213,68,72,TX,500/1000,2000,597.5853285925588,0,FEMALE,JD,Craft-repair,Exercise,wife,67752.43426528305,86943.07811348622,C,B,B,C,B,235.71044590332104,0
1214,49,19,FL,250/500,500,1451.3734989703635,0,FEMALE,High School,Exec-managerial,Reading,wife,5926.617395740796,30621.357312194497,B,B,B,B,C,2317.0207104450405,0
1215,483,37,IL,100/300,2000,952.5531918696759,0,FEMALE,JD,Machine-op-inspct,Movies,wife,66796.76544279582,95250.2086010525,C,C,A,B,B,2980.122337144241,0
1216,25,55,FL,500/1000,500,1690.8072537265894,5000000,FEMALE,Masters,Craft-repair,Chess,wife,1441.4953131487885,87982.85832663694,C,C,C,A,A,6928.495972369148,0
1217,352,66,IL,100/300,1000,1998.4351804329096,0,MALE,PhD,Adm-clerical,Reading,unmarried,16580.62351560994,65052.107206292276,C,A,C,C,B,9582.759490851757,0
1218,417,29,FL,500/1000,500,1718.9019636804449,0,MALE,College,Adm-clerical,Exercise,own-child,38681.716976344214,90812.99572515268,B,B,A,B,A,587.2479411913974,1
1219,57,64,CA,100/300,2000,788.9493124641488,0,MALE,Masters,Craft-repair,Movies,wife,32998.52372981235,82970.13966263071,C,A,B,A,C,505.85572491201026,0
1220,257,61,TX,500/1000,500,979.9683429635595,0,MALE,High School,Adm-clerical,Exercise,wife,72112.8824198012,81832.09932991768,A,A,B,C,C,9282.670714933238,0
1221,353,73,FL,500/1000,1000,1801.0724037169632,1000000,FEMALE,High School,Craft-repair,Movies,unmarried,30051.82533762949,8970.749043936288,A,B,A,B,B,7721.405492132207,0
1222,237,30,CA,250/500,500,592.457163479609,0,FEMALE,High School,Craft-repair,Camping,unmarried,77875.0841947593,52597.89354607934,B,B,B,C,A,7315.956805553015,0
1223,458,65,CA,250/500,2000,721.3279108207078,2000000,FEMALE,JD,Craft-repair,Chess,wife,27474.115984533975,34347.31080802552,C,C,C,B,B,9724.486237156998,0
1224,130,72,CA,500/1000,1000,1732.6701899806103,1000000,MALE,High School,Prof-specialty,Camping,unmarried,55138.6891890344,18455.503728945212,C,A,C,C,C,2364.311857672705,0
1225,398,47,NY,250/500,1000,504.2677958977198,0,FEMALE,PhD,Exec-managerial,Movies,unmarried,63380.38668506753,61937.12938478415,C,A,A,C,B,8018.862544831119,0
1226,15,22,IL,100/300,2000,1001.5698751164191,0,MALE,JD,Adm-clerical,Reading,unmarried,93797.17907948726,65672.83061958903,A,B,C,A,B,2410.90222158434,0
1227,69,47,CA,250/500,2000,1669.46719072937,0,FEMALE,Masters,Adm-clerical,Reading,wife,2854.216886485761,33175.533630937316,A,C,A,A,A,2494.206170164206,0
1228,204,39,NY,500/1000,1000,639.7499605964387,0,MALE,Masters,Adm-clerical,Chess,other-relative,30983.61013422618,58713.083212700636,C,C,A,B,C,4819.4139244236385,0
1229,196,71,FL,500/1000,1000,1146.4729750941692,2000000,FEMALE,Masters,Craft-repair,Exercise,husband,20299.70655551926,81252.95357790939,B,B,C,A,A,6434.085531114836,1
1230,58,70,FL,250/500,500,1253.9117856820326,0,FEMALE,High School,Craft-repair,Reading,unmarried,69196.27323418343,71004.54294790045,C,C,B,C,B,2701.8563322151954,0
1231,0,20,CA,100/300,500,1431.7960060160954,1000000,FEMALE,College,Exec-managerial,Chess,husband,46980.13016693343,29410.087844999678,B,B,C,B,C,5315.917049928788,0
1232,356,53,NY,100/300,1000,1532.990174584792,2000000,MALE,JD,Prof-specialty,Movies,husband,53706.1813933852,99850.64788215033,C,B,C,A,C,1460.902353665734,1
1233,77,18,IL,250/500,1000,702.2468250768185,1000000,FEMALE,JD,Craft-repair,Exercise,unmarried,7993.417625675903,87335.60880722823,A,B,B,B,B,9327.814372036646,0
1234,224,19,FL,250/500,2000,1011.9017930952425,0,FEMALE,PhD,Craft-repair,Chess,husband,56272.003317366085,76556.0247361338,B,B,C,C,B,7259.078624629642,0
1235,429,32,FL,100/300,2000,602.9358422740182,0,MALE,Masters,Machine-op-inspct,Movies,wife,30101.077703036262,98384.64938825037,A,B,B,B,A,9825.32002699335,0
1236,102,33,TX,250/500,2000,1911.462231818084,0,MALE,High School,Adm-clerical,Movies,wife,77400.04400731108,83943.39562165047,C,A,C,A,B,2480.8867822596153,0
1237,222,62,IL,100/300,1000,1221.7741768178885,0,FEMALE,High School,Craft-repair,Exercise,husband,36300.17067318805,76904.50766705956,A,A,A,A,B,1481.5198236249348,0
1238,321,48,FL,100/300,2000,986.7177228882543,2000000,FEMALE,High School,Adm-clerical,Exercise,unmarried,3694.1124697673745,84874.3722080544,C,A,B,A,C,1194.2221817462903,1
1239,369,50,CA,100/300,500,1773.991944639162,0,MALE,High School,Exec-managerial,Reading,wife,6456.717315552763,10156.984966318827,A,B,B,A,C,9666.804616117985,0
1240,82,61,IL,500/1000,1000,1452.5575206155304,0,MALE,High School,Exec-managerial,Reading,unmarried,30639.73036083507,57889.6552301305,A,B,A,C,C,281.5249376791644,0
1241,230,24,FL,250/500,500,1171.2669003651686,5000000,FEMALE,Masters,Prof-specialty,Chess,other-relative,32706.077388477006,30817.41581751507,C,A,C,A,B,141.27050534327222,0
1242,385,31,IL,500/1000,2000,1391.0924946508876,0,FEMALE,Masters,Exec-managerial,Camping,husband,68364.48108409811,48405.75526801639,A,B,A,B,B,7191.825287207427,0
1243,242,37,CA,500/1000,2000,1793.4612620834769,0,FEMALE,JD,Prof-specialty,Chess,own-child,29315.76787215978,87195.3694749986,C,C,C,C,C,9816.326828438157,1
1244,396,27,CA,500/1000,1000,1534.064015952349,0,FEMALE,PhD,Prof-specialty,Chess,own-child,76790.78221259711,31945.36344465512,A,A,A,B,A,5865.390496085664,1
1245,217,63,TX,250/500,2000,1769.2157396904172,1000000,MALE,High School,Prof-specialty,Chess,wife,55391.9332934377,9377.012587518508,B,B,C,B,C,6247.746094342791,0
1246,478,18,IL,100/300,1000,1049.2888170900437,0,FEMALE,College,Craft-repair,Reading,own-child,30458.448093789346,5901.473153195769,B,B,B,A,B,6170.226776849485,0
1247,475,60,FL,500/1000,1000,1448.677337840071,0,MALE,JD,Prof-specialty,Reading,own-child,25615.782286772228,31394.7650525212,A,A,A,A,C,2706.529098458306,0
1248,398,27,IL,250/500,2000,653.9797232188248,0,MALE,PhD,Machine-op-inspct,Reading,husband,32354.642788506015,25268.679775012824,A,B,B,B,C,2682.6126794658653,0
1249,327,53,NY,100/300,1000,750.6939783020478,0,FEMALE,JD,Craft-repair,Exercise,wife,31049.99605598331,1504.005547726228,C,A,A,B,C,1130.4028420408022,1
1250,236,50,FL,250/500,500,1097.7783037667791,0,MALE,Masters,Machine-op-inspct,Camping,husband,59006.6735694391,34203.70011162684,B,A,B,B,B,4743.174162965637,0
1251,64,66,FL,500/1000,1000,1920.2634328103518,1000000,FEMALE,JD,Machine-op-inspct,Camping,husband,78407.24653026226,58285.808604701364,B,C,B,B,C,1912.6448417408146,0
1252,357,38,TX,250/500,500,1761.774576244065,0,MALE,Masters,Craft-repair,Reading,other-relative,22278.149251850642,45075.64748042705,A,C,B,B,B,3178.333754895436,0
1253,45,42,NY,250/500,2000,974.137825620857,0,MALE,High School,Exec-managerial,Camping,wife,78445.22390189678,2962.967100677483,C,A,A,B,C,4791.724568088498,0
1254,499,73,CA,100/300,1000,614.2120814459096,0,FEMALE,Masters,Machine-op-inspct,Reading,wife,3650.7458960008953,15844.02002953279,C,B,A,A,B,8016.042647655551,1
1255,91,47,NY,250/500,500,854.0115466452514,2000000,FEMALE,Masters,Machine-op-inspct,Camping,unmarried,31532.23531445609,38168.41795938685,C,B,A,A,A,7473.728297596965,0
1256,223,34,FL,250/500,2000,812.9308709268428,2000000,MALE,College,Prof-specialty,Chess,unmarried,34693.7392708652,81484.81074146848,C,A,B,C,C,7653.043476656154,0
1257,50,60,NY,500/1000,1000,551.1397930170807,1000000,FEMALE,College,Prof-specialty,Camping,wife,4363.321990028057,53323.258791441505,B,B,B,C,A,293.65170235972533,1
1258,370,55,FL,500/1000,1000,1712.1170242673588,1000000,FEMALE,JD,Machine-op-inspct,Camping,unmarried,54036.5955007749,56622.01649697437,B,B,C,A,C,8466.726893765876,0
1259,93,32,FL,100/300,2000,1780.1477587916922,2000000,FEMALE,High School,Prof-specialty,Movies,other-relative,5350.050152366215,47512.575289630746,A,A,C,A,C,2338.1040841544022,0
1260,366,52,CA,250/500,500,1066.0801712332334,0,FEMALE,High School,Prof-specialty,Movies,unmarried,65152.14586979081,88050.13470779362,A,C,B,C,C,2878.603761251402,0
1261,160,26,IL,500/1000,2000,719.2752745444026,0,FEMALE,Masters,Adm-clerical,Movies,wife,65465.40040182983,77435.17912014478,C,A,C,A,B,7312.430066900012,1
1262,368,73,TX,100/300,500,663.3711263012647,0,FEMALE,JD,Prof-specialty,Chess,not-in-family,17982.85678669026,74947.17658297282,C,C,C,A,C,5653.131259439739,0
1263,164,72,TX,250/500,2000,697.5875157331932,0,FEMALE,JD,Exec-managerial,Exercise,wife,8022.59764945098,97287.71599816404,B,C,B,C,C,2574.2225129564354,1
1264,466,74,TX,500/1000,1000,693.0257453298659,1000000,MALE,High School,Exec-managerial,Camping,unmarried,8717.49793110166,2056.7278137381572,A,C,A,C,A,7453.450664964854,0
1265,71,61,NY,500/1000,500,585.0863867329354,2000000,FEMALE,JD,Prof-specialty,Chess,wife,26675.442493125312,57199.84370428366,B,C,B,C,A,5695.627627476867,1
1266,402,55,FL,500/1000,500,1901.2833380474776,0,MALE,PhD,Exec-managerial,Exercise,husband,78492.02482686518,19678.91858155876,C,B,C,A,B,9501.753387065952,0
1267,254,32,TX,100/300,1000,886.8888624058552,1000000,FEMALE,PhD,Prof-specialty,Reading,unmarried,58055.230602192176,99331.24953410975,C,B,C,A,B,3587.8303626615625,0
1268,289,53,IL,500/1000,2000,664.0626728548363,0,FEMALE,JD,Craft-repair,Chess,wife,59148.30237754798,27099.319147509592,B,B,B,B,B,9035.791353860102,0
1269,182,66,FL,500/1000,2000,1593.705771926871,1000000,MALE,College,Adm-clerical,Movies,other-relative,48992.103768515095,11777.0391259716,A,B,C,A,A,8330.381628937314,0
1270,28,29,IL,100/300,2000,1862.53841349054,1000000,FEMALE,JD,Machine-op-inspct,Reading,own-child,60498.42282144994,3475.8849609610065,C,B,A,B,B,757.807880058424,0
1271,442,70,IL,100/300,1000,1704.9296290376096,0,MALE,PhD,Adm-clerical,Movies,not-in-family,95288.7722554,64907.842921247386,B,C,C,C,B,1328.852112173109,0
1272,381,28,FL,500/1000,1000,1779.39729997506,0,MALE,JD,Prof-specialty,Camping,not-in-family,85706.55404380808,2367.9386782763268,A,C,A,B,B,1657.9137572266545,0
1273,386,67,NY,250/500,500,1320.9955547600348,0,FEMALE,College,Prof-specialty,Movies,husband,3585.1327053616824,3653.085586127669,A,C,A,B,C,3158.138324644505,1
1274,484,64,CA,500/1000,1000,1145.0391184569348,1000000,MALE,JD,Prof-specialty,Movies,not-in-family,37880.30492134878,27201.87404017421,B,A,C,A,C,7276.239225313533,1
1275,427,57,CA,250/500,1000,1644.1831393062432,2000000,FEMALE,Masters,Craft-repair,Exercise,husband,76794.0041466326,72089.06530239954,A,B,C,A,B,7749.813935139464,0
1276,344,71,IL,250/500,500,1878.1688627611584,0,MALE,JD,Exec-managerial,Chess,husband,96883.91203262568,64434.74360237138,B,B,C,A,A,7972.623866147261,0
1277,44,63,IL,250/500,500,763.0012712800997,2000000,FEMALE,College,Craft-repair,Reading,other-relative,18446.726901669263,33403.87495860095,A,B,B,B,A,9542.176544831826,0
1278,313,62,IL,500/1000,1000,598.9739505624595,0,FEMALE,PhD,Prof-specialty,Exercise,own-child,62156.39123684602,26022.883627522497,C,C,C,C,A,5275.071462947219,0
1279,295,63,CA,500/1000,2000,1091.8224413140372,5000000,MALE,JD,Adm-clerical,Camping,other-relative,89801.28518174979,88127.91062049015,C,A,A,A,A,2041.2936773728204,0
1280,123,51,IL,500/1000,2000,1309.6454416082888,0,FEMALE,PhD,Exec-managerial,Camping,husband,37513.66631338081,43071.83604607091,C,B,B,A,B,8182.7616041587235,1
1281,264,28,FL,500/1000,2000,952.8789067894345,0,MALE,PhD,Machine-op-inspct,Exercise,wife,37234.35955089368,16374.380843934943,C,B,B,C,A,2510.716737505078,0
1282,199,32,NY,250/500,1000,1454.963332078851,1000000,FEMALE,PhD,Adm-clerical,Camping,unmarried,10221.24713235043,32301.05057824986,C,C,C,A,B,4233.1088438903425,0
1283,298,38,FL,250/500,1000,506.45968213445946,0,MALE,JD,Prof-specialty,Reading,husband,34175.02351236255,34358.35639198156,A,B,A,B,C,226.61358172999002,0
1284,454,42,NY,250/500,500,582.7243050210141,0,FEMALE,PhD,Craft-repair,Chess,husband,93544.60869433644,52380.10407512075,A,A,C,B,B,7150.912984530594,0
1285,237,73,NY,250/500,2000,1694.3635843377588,0,MALE,PhD,Adm-clerical,Reading,other-relative,81268.41597648099,63265.01259534029,B,C,C,B,B,8319.30585613249,1
1286,12,20,IL,250/500,1000,803.7671673463944,1000000,FEMALE,High School,Craft-repair,Chess,not-in-family,23377.50744172842,50478.76647375491,C,B,B,C,B,247.9410117493053,0
1287,238,41,CA,500/1000,1000,1788.5210127480752,0,FEMALE,College,Craft-repair,Movies,own-child,96169.79285994062,14805.360377756704,B,A,C,C,C,2890.487317932073,0
1288,498,46,NY,250/500,2000,1983.193592073467,0,MALE,High School,Machine-op-inspct,Camping,own-child,10508.73601288781,70265.26894875911,A,B,A,A,C,5183.4049921437845,0
1289,96,50,IL,100/300,1000,1600.0521430364731,0,MALE,JD,Exec-managerial,Chess,other-relative,99325.68844054219,6905.84605187331,B,B,A,C,C,1573.5025340314012,0
1290,360,44,FL,500/1000,1000,1751.5551317077907,2000000,FEMALE,College,Machine-op-inspct,Camping,other-relative,46168.799163460186,55832.26975107557,B,B,C,C,C,1065.1534983668894,1
1291,159,74,FL,100/300,500,1203.1758038835696,0,MALE,JD,Exec-managerial,Movies,own-child,23332.301676640443,40937.239724113875,A,A,C,A,A,5538.6744368839,0
1292,404,30,FL,100/300,1000,967.647080250177,0,MALE,College,Adm-clerical,Chess,unmarried,19268.9302311305,19304.023207850074,B,A,C,B,A,8699.47752178192,0
1293,84,18,NY,100/300,1000,1468.134134482573,0,FEMALE,JD,Exec-managerial,Reading,other-relative,73191.20089601338,72830.5484903261,C,A,A,A,C,7581.763261350504,1
1294,434,66,TX,500/1000,500,753.9089745841718,1000000,MALE,Masters,Adm-clerical,Chess,other-relative,61354.19569071683,36750.27084459054,B,C,A,B,B,4007.272084993429,0
1295,479,71,TX,250/500,2000,778.7727782306702,0,FEMALE,High School,Prof-specialty,Exercise,husband,96684.16495521684,48779.56260204193,B,B,C,A,C,2642.7266466334104,0
1296,15,33,CA,250/500,500,1626.7367097416566,0,FEMALE,Masters,Craft-repair,Chess,unmarried,93628.4658483231,69999.88486564043,C,C,B,C,C,8906.415218992473,0
1297,175,18,CA,250/500,500,761.8750617779888,0,MALE,High School,Prof-specialty,Reading,husband,83642.4462905733,83036.84938797403,B,C,B,C,A,7775.844932319962,0
1298,303,29,IL,250/500,500,1982.8379837321424,0,FEMALE,JD,Machine-op-inspct,Movies,own-child,26327.413523943265,16664.331135157718,A,B,A,C,B,8108.23684884384,0
1299,56,35,NY,100/300,500,1632.0888687939894,1000000,FEMALE,High School,Exec-managerial,Exercise,unmarried,82132.29254266962,39362.610413154616,C,C,B,A,B,9180.618269309722,1
1300,324,38,CA,250/500,2000,1870.2437579207738,0,FEMALE,JD,Exec-managerial,Chess,husband,73035.3932952015,7875.470681626606,C,A,A,A,A,8957.431620340725,0
1301,227,43,NY,100/300,1000,1227.6951215553136,0,FEMALE,JD,Machine-op-inspct,Camping,wife,89569.02920030053,6572.739841564157,B,B,C,A,C,4273.662501910037,0
1302,278,37,CA,250/500,1000,1258.328152785051,0,MALE,JD,Craft-repair,Reading,husband,46429.626271973626,53596.31455779442,A,B,C,C,B,7734.053943823198,0
1303,84,71,FL,100/300,2000,1735.157125345106,0,MALE,JD,Prof-specialty,Chess,wife,22613.50143986387,59395.23898901026,C,B,A,C,A,9276.897979953077,0
1304,182,29,IL,500/1000,1000,1327.0394355496883,0,FEMALE,JD,Prof-specialty,Camping,unmarried,84803.21901978491,16357.30990451162,B,C,A,B,A,900.2638988184297,1
1305,279,21,FL,500/1000,2000,545.3792812117816,0,FEMALE,JD,Craft-repair,Chess,not-in-family,61391.852793246624,15084.573013250658,B,C,A,C,B,7708.708069951766,0
1306,453,18,IL,250/500,500,1117.1199966620648,0,MALE,Masters,Craft-repair,Movies,other-relative,48149.37401185041,65791.96428552408,B,A,A,A,A,6670.566338740422,0
1307,3,19,TX,500/1000,1000,1524.6389872718953,1000000,MALE,JD,Prof-specialty,Camping,wife,62606.960549273506,83444.5220289605,B,A,B,B,B,5592.148800094809,0
1308,265,42,CA,100/300,500,938.4072955337633,0,FEMALE,High School,Prof-specialty,Exercise,unmarried,89797.19766893265,98727.20766436744,A,C,A,C,A,6361.784620865537,0
1309,139,22,IL,500/1000,500,545.5150478619187,0,MALE,JD,Craft-repair,Reading,not-in-family,13106.860536988284,28391.430758422397,A,A,B,A,B,9767.618768389724,0
1310,41,43,TX,250/500,2000,1502.1327881879224,5000000,MALE,JD,Exec-managerial,Movies,own-child,19926.94999540635,91393.71189629045,A,A,B,C,B,8777.44984603759,0
1311,29,46,CA,250/500,1000,1704.382318837056,0,FEMALE,JD,Exec-managerial,Chess,own-child,12060.720836196992,73357.44308561628,B,A,B,C,B,9840.97968009991,0
1312,256,48,NY,100/300,1000,1031.657095796807,0,FEMALE,High School,Exec-managerial,Reading,not-in-family,59311.146975078824,2755.3080869842206,A,C,A,C,C,7402.103518173175,0
1313,146,36,TX,250/500,500,825.7648510024724,1000000,MALE,PhD,Exec-managerial,Exercise,wife,17580.424412842123,29202.544751978297,A,C,A,C,A,197.0603064903201,0
1314,240,19,IL,250/500,1000,1935.6521456962678,0,MALE,High School,Machine-op-inspct,Movies,wife,6873.847960034917,44599.777663813686,B,B,C,B,B,3500.396995204572,0
1315,164,37,CA,500/1000,2000,1389.4969913263135,0,FEMALE,JD,Prof-specialty,Reading,wife,60185.1224209348,33982.3662366977,A,C,C,C,B,956.9438731320157,0
1316,149,22,TX,250/500,500,668.2768534117956,2000000,FEMALE,College,Exec-managerial,Chess,other-relative,26826.85036093758,90514.44611459259,C,C,C,A,A,4998.476461413839,0
1317,382,35,FL,500/1000,1000,1113.1310602357948,2000000,FEMALE,College,Machine-op-inspct,Chess,own-child,60798.17526791957,92480.45064799943,A,C,B,A,B,2274.9947663547446,0
1318,1,29,IL,100/300,500,1162.0190745696593,0,FEMALE,JD,Machine-op-inspct,Camping,not-in-family,60600.66034747292,34244.505603147554,A,B,B,B,B,2783.4696406577195,0
1319,321,66,FL,100/300,2000,1107.5288540857994,0,FEMALE,College,Machine-op-inspct,Chess,unmarried,27388.983718904292,39912.88771536888,A,B,A,B,A,1164.8378165637553,0
1320,294,24,FL,500/1000,2000,686.0856842604408,0,FEMALE,Masters,Craft-repair,Reading,husband,86769.35704884278,77689.47671081901,C,A,C,C,B,6528.540887766348,1
1321,105,73,FL,500/1000,2000,1893.8489789323144,0,FEMALE,College,Prof-specialty,Reading,own-child,61978.15252011176,15825.558433396014,C,A,A,C,A,9191.007224158671,0
1322,210,33,IL,250/500,1000,1842.2201397905683,0,MALE,JD,Craft-repair,Chess,not-in-family,60825.6256418445,12479.090514777557,C,C,C,B,C,6726.34493038517,0
1323,102,21,IL,100/300,500,1788.238482427492,0,FEMALE,PhD,Prof-specialty,Reading,unmarried,88248.00252845579,74424.37301093197,C,C,C,B,A,6612.063501319324,0
1324,134,18,TX,250/500,2000,1721.603666496041,0,FEMALE,College,Prof-specialty,Reading,wife,92957.77714185524,52661.45356394829,C,B,B,A,B,9187.241648178288,0
1325,350,52,IL,100/300,500,1336.272988840294,1000000,MALE,College,Craft-repair,Movies,not-in-family,82153.36293733533,18338.14146799084,C,A,A,A,A,3864.452040212196,0
1326,17,32,NY,250/500,1000,1403.708346723125,2000000,FEMALE,PhD,Exec-managerial,Exercise,wife,57521.43713130893,85990.40485805737,B,C,C,A,B,8953.555234088712,0
1327,0,69,CA,500/1000,2000,1682.1191242749076,0,FEMALE,College,Machine-op-inspct,Chess,own-child,53563.26349302691,41692.8680482515,A,B,B,A,A,7050.396391045197,0
1328,64,30,IL,100/300,2000,817.9475367781062,0,MALE,College,Adm-clerical,Reading,not-in-family,32409.78131175496,61658.76507290429,C,B,A,C,C,907.0095209986546,0
1329,81,18,NY,100/300,1000,1196.19972415122,0,FEMALE,JD,Craft-repair,Reading,not-in-family,14279.215702195024,98403.01611130786,B,B,B,B,B,7106.851327943269,0
1330,165,41,NY,250/500,2000,1071.0624891291686,2000000,MALE,PhD,Machine-op-inspct,Movies,own-child,76994.6380345085,94813.20030189859,C,A,C,A,B,1030.7249891322556,0
1331,66,26,NY,100/300,2000,1273.6012137101234,1000000,FEMALE,Masters,Machine-op-inspct,Movies,own-child,85151.286324698,10933.83113748253,B,B,B,A,B,7150.149380628124,1
1332,17,61,FL,500/1000,2000,1186.9439737460236,0,FEMALE,College,Exec-managerial,Camping,own-child,38659.78215660216,74832.34998354023,C,C,C,B,A,2519.955701895485,0
1333,405,33,TX,250/500,2000,841.0017621155484,0,FEMALE,Masters,Prof-specialty,Exercise,not-in-family,87784.37552444107,76924.86560198311,B,B,B,C,A,156.7185999614198,0
1334,391,53,CA,250/500,1000,1822.5297972620835,0,FEMALE,College,Adm-clerical,Camping,not-in-family,71594.16097053513,83354.6791804301,A,B,B,B,A,5993.806566856178,0
1335,252,62,IL,100/300,500,1309.9739331726646,0,MALE,High School,Machine-op-inspct,Chess,wife,90875.67983862845,91158.58134039842,A,A,B,A,A,6961.341794026485,0
1336,293,18,FL,500/1000,500,1689.2693591470759,0,FEMALE,PhD,Exec-managerial,Camping,wife,83678.87876544477,78639.21120411105,C,A,B,C,A,9264.09675358677,0
1337,73,52,CA,250/500,2000,920.1340194837192,0,FEMALE,Masters,Machine-op-inspct,Reading,unmarried,2831.6180616665742,50471.13265114608,C,B,A,C,C,318.1875834943288,0
1338,130,35,TX,100/300,2000,1541.55483035316,2000000,MALE,PhD,Adm-clerical,Camping,wife,25665.332270275598,48386.28104032983,C,A,A,A,C,9891.321420779883,0
1339,491,54,IL,250/500,500,991.2968837380629,0,FEMALE,High School,Machine-op-inspct,Camping,other-relative,65098.4379349724,76974.7857398074,B,C,A,C,B,7676.036242858898,0
1340,16,50,CA,500/1000,1000,852.8397831567993,1000000,FEMALE,High School,Exec-managerial,Exercise,wife,81675.97298696835,55975.95104988291,A,B,C,B,C,9505.767109644981,0
1341,6,32,TX,100/300,2000,1340.9975835238822,0,FEMALE,JD,Exec-managerial,Chess,husband,86490.69031310389,4163.650094966864,A,B,B,B,A,2655.238077626504,1
1342,228,46,IL,500/1000,2000,948.0466829167526,2000000,FEMALE,JD,Craft-repair,Reading,unmarried,76028.67745892263,17610.346236206387,C,C,A,A,A,5021.088846229986,0
1343,253,21,NY,100/300,500,1106.7003935226885,0,MALE,Masters,Prof-specialty,Movies,wife,10821.84613397379,12429.690451474107,B,A,A,A,A,5596.100041937138,1
1344,469,27,CA,100/300,2000,1427.0419007702458,0,FEMALE,PhD,Prof-specialty,Movies,own-child,5602.547304121741,11301.831232542148,B,A,B,C,A,6469.4014785629715,0
1345,238,59,NY,100/300,500,1558.2292943343482,0,FEMALE,High School,Exec-managerial,Chess,own-child,63526.96653023213,40651.642877300685,C,A,B,C,C,5762.442470507884,0
1346,104,32,TX,500/1000,1000,789.178991407194,2000000,MALE,College,Exec-managerial,Camping,other-relative,30375.86156373998,12650.753586796936,A,A,B,C,C,6153.609237992259,1
1347,394,71,TX,100/300,500,1636.7331105259293,0,MALE,College,Exec-managerial,Movies,wife,85282.32252084531,43901.49999649667,A,B,C,B,C,9781.39271169598,0
1348,47,62,IL,500/1000,500,884.2567373852542,1000000,FEMALE,PhD,Machine-op-inspct,Reading,husband,73125.26477376043,91974.59148516018,B,B,A,C,B,1281.9821765588479,0
1349,18,44,CA,250/500,500,1470.4785921566972,5000000,FEMALE,PhD,Exec-managerial,Reading,own-child,95891.35269270343,40956.64922880633,B,B,B,C,A,3580.629247475354,0
1350,156,52,CA,500/1000,500,1961.4453463670563,0,MALE,College,Adm-clerical,Exercise,unmarried,16177.432224795562,49823.34952646102,B,B,A,C,A,6919.533306480508,0
1351,411,70,FL,500/1000,2000,516.926539886192,5000000,FEMALE,Masters,Exec-managerial,Camping,unmarried,99005.46226090488,8555.494484292203,C,B,B,A,B,8287.45176915359,1
1352,155,27,FL,100/300,2000,947.2320582241342,0,FEMALE,Masters,Craft-repair,Camping,other-relative,44554.46105203778,90267.44407731477,C,A,B,B,B,6978.801504154111,1
1353,188,31,IL,250/500,1000,1082.2396296245308,0,MALE,High School,Craft-repair,Chess,husband,33563.74354930014,80571.481605001,C,C,B,B,C,6882.384588979906,0
1354,35,37,CA,250/500,1000,1382.4617431236527,0,MALE,High School,Exec-managerial,Movies,unmarried,61159.76556122157,45205.53819307912,C,B,C,C,A,8130.405899486684,0
1355,151,53,CA,100/300,500,1303.4730385193059,0,FEMALE,Masters,Exec-managerial,Movies,wife,87171.06771386616,52323.61521112612,C,A,C,A,B,9301.954612900188,0
1356,363,45,IL,250/500,1000,1573.1160615369024,0,MALE,High School,Exec-managerial,Exercise,other-relative,96053.6979219044,93183.87598912917,B,C,A,B,A,5425.479392786314,1
1357,438,73,CA,100/300,2000,1432.8071360538656,0,MALE,PhD,Craft-repair,Movies,unmarried,53857.05886062028,42416.67959705153,C,C,A,A,C,2169.0434215147784,1
1358,74,31,FL,250/500,2000,1375.0855261889164,0,MALE,Masters,Craft-repair,Reading,wife,41508.563023013834,12188.79949815096,B,A,A,A,C,8732.584425645191,0
1359,158,53,CA,500/1000,1000,1027.4822528934535,0,FEMALE,High School,Prof-specialty,Chess,unmarried,31422.210660448214,59185.07303791621,B,A,B,B,C,9292.089349783819,1
1360,120,34,NY,250/500,500,805.084772520944,1000000,MALE,High School,Machine-op-inspct,Movies,unmarried,49443.446550108114,33078.04784808415,B,C,B,B,B,9293.049769113004,0
1361,263,66,CA,250/500,500,1030.6912951932977,0,FEMALE,PhD,Adm-clerical,Reading,wife,76862.8284532147,34144.777557381276,C,A,C,C,C,6748.295800879988,0
1362,47,39,TX,250/500,1000,517.8160060036844,1000000,FEMALE,Masters,Prof-specialty,Camping,unmarried,3543.7715975428996,91104.5422201558,C,C,C,C,C,6683.101835158142,0
1363,401,35,TX,100/300,1000,803.2698675155309,0,FEMALE,PhD,Exec-managerial,Movies,wife,74798.72876686174,66844.55217061771,C,B,B,B,A,1700.3986492356905,1
1364,223,26,TX,100/300,2000,995.1756449992793,1000000,FEMALE,JD,Craft-repair,Exercise,not-in-family,13836.516761172279,71682.43988396043,B,B,C,A,B,1101.040039570751,0
1365,295,69,NY,250/500,500,1678.4294666057265,2000000,FEMALE,JD,Prof-specialty,Reading,unmarried,77286.17043419303,71412.05293740706,C,A,B,C,A,2998.3438642123456,1
1366,478,66,CA,500/1000,2000,533.8072127350584,2000000,MALE,Masters,Adm-clerical,Camping,unmarried,8112.225852998911,62642.04212910128,A,C,C,C,B,2084.839281161596,0
1367,267,67,IL,250/500,1000,522.1070306249967,1000000,MALE,College,Machine-op-inspct,Camping,own-child,14320.89849931616,96105.58990071132,A,C,C,C,A,3353.8122760321107,0
1368,307,59,FL,100/300,1000,1798.9870010638974,0,FEMALE,High School,Adm-clerical,Exercise,unmarried,70275.38593630677,24043.989673527856,C,A,C,A,B,4149.317134802071,0
1369,347,72,CA,250/500,500,1076.782542129607,0,MALE,College,Adm-clerical,Reading,not-in-family,63485.57880558544,46139.93333431915,A,B,A,C,C,5277.38486015004,0
1370,434,27,IL,100/300,1000,529.6048931482836,0,MALE,College,Adm-clerical,Exercise,wife,27384.6249452682,67607.53603425503,A,B,B,B,C,5140.2814421598505,0
1371,375,34,CA,250/500,2000,1974.4647673843133,0,FEMALE,JD,Craft-repair,Chess,own-child,51884.68803563611,14646.25344919469,B,B,B,A,C,9571.890477112715,0
1372,441,20,TX,250/500,2000,946.8875585449675,1000000,MALE,High School,Craft-repair,Exercise,own-child,80978.80798385326,24730.905383674784,A,A,A,A,B,8816.031022606801,1
1373,122,62,TX,250/500,1000,1774.560258523085,2000000,FEMALE,Masters,Machine-op-inspct,Exercise,unmarried,48834.59734910107,30675.790767102517,C,B,B,A,C,3687.223129126054,0
1374,122,43,CA,100/300,1000,1473.5896804387842,0,MALE,Masters,Prof-specialty,Exercise,husband,36769.1347983231,37582.027870660975,B,A,C,B,C,8880.095091665286,0
1375,263,28,TX,250/500,2000,610.8492523099458,0,FEMALE,Masters,Craft-repair,Camping,not-in-family,38681.91789721472,34198.06106255522,B,A,B,C,A,373.85827217949105,0
1376,274,31,IL,100/300,2000,563.7217871384818,0,MALE,JD,Adm-clerical,Reading,unmarried,17879.862042407967,5492.511063029004,A,A,C,B,B,8542.127085526363,0
1377,407,30,CA,250/500,500,1634.7798677513854,0,FEMALE,PhD,Exec-managerial,Reading,not-in-family,77206.89919548553,37209.2062619842,B,C,A,B,B,522.5757319468754,0
1378,157,30,CA,500/1000,500,1534.272967608999,2000000,FEMALE,College,Craft-repair,Camping,own-child,47700.400106386754,18398.013243581325,A,C,A,B,C,2357.14704638993,0
1379,159,50,CA,100/300,1000,668.1792634596829,0,FEMALE,High School,Exec-managerial,Exercise,own-child,40204.48808692064,9029.264648136093,B,A,A,A,A,2152.5535401944358,0
1380,251,35,FL,250/500,500,1724.9359086379459,1000000,FEMALE,College,Craft-repair,Movies,unmarried,52792.90401747042,25879.15551069542,A,B,A,A,C,3173.7557008012122,0
1381,369,28,FL,250/500,2000,1484.3464382860957,0,MALE,PhD,Prof-specialty,Chess,unmarried,64494.74115850777,23162.58825608606,C,B,C,A,C,3520.4769319628144,0
1382,394,62,IL,100/300,2000,1273.0368666299037,2000000,MALE,JD,Exec-managerial,Reading,wife,32068.134637165367,13962.2668806485,B,B,C,B,B,6859.139168371496,0
1383,78,19,CA,250/500,2000,1810.9364279088643,0,MALE,College,Adm-clerical,Exercise,other-relative,69694.97802233882,13107.028522901199,B,A,A,C,B,5016.236559286306,0
1384,385,47,IL,250/500,2000,918.8481078243817,2000000,FEMALE,PhD,Machine-op-inspct,Chess,unmarried,12417.860918745871,71911.93950756574,B,C,A,A,B,9534.07034097027,0
1385,73,33,FL,250/500,2000,1570.2332286959909,0,MALE,High School,Machine-op-inspct,Movies,unmarried,80278.4471466681,99576.25587547976,B,C,B,A,A,8263.837781482238,0
1386,449,42,NY,250/500,2000,1889.30462888015,1000000,FEMALE,High School,Exec-managerial,Movies,not-in-family,28118.242090631284,3812.930499815126,A,C,A,C,A,7283.40148760855,0
1387,27,52,IL,500/1000,2000,1525.071579654501,0,FEMALE,JD,Adm-clerical,Camping,other-relative,19125.369392002565,50394.22869610562,A,B,A,B,A,9865.628539072233,0
1388,394,24,FL,250/500,1000,1157.4073387405329,0,MALE,Masters,Adm-clerical,Movies,own-child,98182.55225331601,16294.073499847005,B,A,B,A,C,7493.067615105566,0
1389,123,31,CA,250/500,500,1864.6867870656047,1000000,MALE,JD,Prof-specialty,Reading,not-in-family,87250.381450525,12625.341462513872,A,A,C,A,A,1234.173167593061,1
1390,282,74,FL,500/1000,1000,1300.3665540180898,1000000,FEMALE,High School,Prof-specialty,Exercise,own-child,66049.30160391088,15314.03006570613,C,B,B,B,B,5127.384153919116,0
1391,350,69,NY,250/500,1000,1199.4425484916965,2000000,FEMALE,High School,Exec-managerial,Chess,own-child,55263.01814363558,66713.5554418145,A,A,A,B,A,2061.2420194214264,0
1392,106,71,CA,500/1000,2000,1703.782389029791,0,MALE,JD,Prof-specialty,Movies,other-relative,30604.233462469932,11720.09525383767,A,C,C,C,C,613.2628831080613,0
1393,327,34,FL,250/500,2000,937.8563286155036,0,FEMALE,PhD,Exec-managerial,Movies,own-child,63445.28288966507,57461.64459960999,A,A,C,B,C,9945.42583827374,0
1394,298,49,IL,100/300,2000,1510.0083965665287,0,FEMALE,High School,Craft-repair,Camping,not-in-family,28166.479534016988,22652.299987896564,A,B,A,A,C,9153.90200147293,0
1395,390,40,NY,250/500,1000,1702.3847968089235,2000000,MALE,PhD,Adm-clerical,Movies,own-child,44741.67435035294,95601.2453589005,A,B,C,B,C,6264.9605352466,0
1396,152,28,IL,100/300,1000,1082.5131660176285,1000000,MALE,JD,Craft-repair,Movies,not-in-family,56850.28649545095,50017.830801342134,A,B,A,B,C,6721.030784163593,0
1397,272,69,CA,100/300,1000,1365.3912841070294,0,FEMALE,High School,Machine-op-inspct,Camping,wife,23787.08107866562,81685.6245974865,C,C,B,A,C,2957.1357876249695,1
1398,57,25,TX,500/1000,500,1054.4819236954863,5000000,MALE,College,Exec-managerial,Movies,husband,61074.479115427726,94426.61831061571,C,A,B,C,B,785.5605287096815,0
1399,211,53,CA,250/500,500,1385.7905495045632,0,MALE,JD,Machine-op-inspct,Exercise,other-relative,24290.93512402596,32035.140363444538,A,B,A,A,C,8058.6921057598165,0
1400,430,30,FL,100/300,2000,1628.9591562717983,2000000,MALE,Masters,Adm-clerical,Exercise,unmarried,14947.637237490819,1202.5951508052412,B,A,A,A,C,5766.334895077644,0
1401,403,55,NY,100/300,2000,1231.1671216185969,0,FEMALE,JD,Prof-specialty,Chess,own-child,80156.10688067308,97969.14128873013,A,A,A,C,A,4674.94497546011,1
1402,321,20,IL,500/1000,1000,1938.101653418287,1000000,MALE,Masters,Exec-managerial,Movies,wife,68946.69344015456,17483.833095731472,A,C,A,A,C,6747.538906362558,0
1403,65,34,FL,100/300,2000,1022.574186004692,0,FEMALE,PhD,Exec-managerial,Exercise,unmarried,28300.9694679086,43211.51499048862,B,B,A,B,B,4976.656213817493,0
1404,217,44,NY,100/300,1000,1328.8309983401602,0,MALE,Masters,Adm-clerical,Camping,own-child,73310.55517938374,43379.06077486479,A,A,C,A,B,4062.7550153773955,1
1405,411,58,IL,500/1000,2000,1097.529418099226,0,FEMALE,High School,Prof-specialty,Exercise,unmarried,18708.699334395107,13965.635768928785,A,B,C,A,C,7230.601922232904,0
1406,205,36,TX,500/1000,500,1380.2169819354,1000000,FEMALE,Masters,Prof-specialty,Reading,other-relative,73448.45711404295,47743.84551939855,A,A,B,C,C,5373.97895414019,1
1407,141,45,CA,500/1000,500,1253.907174473323,0,MALE,High School,Exec-managerial,Exercise,other-relative,834.6931338696684,75766.99791339542,C,A,B,B,B,1797.3738323000002,0
1408,118,47,NY,500/1000,500,1105.322591649351,0,FEMALE,College,Adm-clerical,Camping,own-child,1666.1120642743056,40314.669209144915,A,C,C,B,C,7104.570205487545,1
1409,14,58,NY,500/1000,1000,932.3177083069702,0,MALE,College,Prof-specialty,Camping,own-child,7810.082107915461,11697.009684753844,A,A,C,C,B,3857.369786614075,1
1410,207,19,FL,500/1000,1000,1524.7314279433172,0,FEMALE,Masters,Machine-op-inspct,Camping,husband,44397.18043290121,57630.08874025135,A,C,B,C,B,7741.765214354843,0
1411,108,69,CA,100/300,1000,1050.5156327749364,0,FEMALE,College,Exec-managerial,Exercise,other-relative,18000.455600143872,94263.87740478516,A,C,B,C,C,9769.301797770911,0
1412,121,30,IL,100/300,2000,1471.277592188006,2000000,MALE,High School,Prof-specialty,Camping,wife,75488.48735516716,7856.157798748498,C,C,C,C,C,5105.685733314572,0
1413,102,34,CA,250/500,500,1255.229142071879,0,MALE,Masters,Prof-specialty,Reading,unmarried,96260.57418941037,26966.253141345696,C,A,C,B,B,7448.138953737962,0
1414,354,67,CA,100/300,2000,609.4853896868312,0,FEMALE,PhD,Exec-managerial,Movies,wife,46729.02537213348,93576.94399699566,C,C,B,A,A,5439.039708265213,0
1415,313,35,NY,500/1000,2000,1019.7141269648398,1000000,MALE,Masters,Adm-clerical,Camping,own-child,59461.68704339257,60278.27899200958,C,C,A,A,A,9715.80349903409,1
1416,451,51,TX,250/500,500,1720.3422966577605,0,FEMALE,High School,Craft-repair,Chess,not-in-family,33858.96082347836,50189.40848069926,A,C,A,A,B,5694.6490527169135,0
1417,18,28,IL,100/300,500,1646.8004079452865,0,FEMALE,PhD,Prof-specialty,Camping,not-in-family,41663.46586938737,31623.0567920198,B,A,A,B,C,4360.8194515437635,1
1418,252,67,TX,500/1000,1000,1867.8466302189397,2000000,FEMALE,Masters,Exec-managerial,Chess,husband,62686.79021753618,58096.22798036772,B,C,C,A,B,3598.220741448794,0
1419,99,66,TX,250/500,2000,603.1136015395097,2000000,MALE,PhD,Machine-op-inspct,Chess,husband,53698.45748622702,48221.73828060368,B,C,A,A,C,2140.31317528647,0
1420,481,37,FL,250/500,500,1650.983639651831,1000000,FEMALE,College,Prof-specialty,Movies,husband,30963.13606510126,58085.56159433981,A,A,A,A,B,3704.1578296964326,0
1421,302,48,CA,100/300,500,1240.9992737465693,0,FEMALE,High School,Adm-clerical,Movies,own-child,24914.013752842468,21332.14392161985,C,A,C,B,B,6070.976304806368,1
1422,290,56,IL,250/500,2000,1137.276394742785,0,FEMALE,College,Machine-op-inspct,Exercise,own-child,61417.823965975695,51374.03803814587,B,C,B,C,A,635.3919777034644,0
1423,133,26,FL,500/1000,1000,1076.0302392952358,0,FEMALE,Masters,Prof-specialty,Reading,unmarried,91352.01720700027,8782.79319299743,C,A,B,A,B,4699.614152040607,0
1424,327,72,IL,250/500,500,1224.716678800371,2000000,MALE,Masters,Adm-clerical,Chess,husband,4282.30429806794,43473.93401643177,A,A,C,B,B,3153.923922072717,0
1425,42,46,IL,500/1000,2000,1672.4031990654719,0,MALE,PhD,Adm-clerical,Chess,not-in-family,8265.805562925976,16041.71139801962,A,B,B,A,C,9374.64363482488,0
1426,151,68,TX,250/500,500,1879.7344428148047,0,MALE,Masters,Machine-op-inspct,Chess,not-in-family,20822.537121067187,21167.433990451034,B,C,A,A,C,6775.5848320796895,0
1427,98,37,NY,250/500,2000,1846.4859776874976,5000000,FEMALE,Masters,Adm-clerical,Exercise,not-in-family,68119.65513116556,54239.84475904347,B,C,C,A,C,6966.313295833571,0
1428,29,70,TX,500/1000,1000,808.3596193187069,0,FEMALE,JD,Craft-repair,Exercise,other-relative,7834.6453184856,85051.66402355206,C,A,A,B,A,6591.467491853372,1
1429,170,25,CA,500/1000,1000,1546.3073010812445,5000000,FEMALE,Masters,Adm-clerical,Movies,other-relative,89430.88210523213,47435.89378951926,B,B,C,B,B,7028.204019291674,0
1430,475,51,IL,250/500,500,1962.0405720728986,2000000,MALE,Masters,Machine-op-inspct,Camping,husband,38522.63791718302,71405.5999726547,B,A,A,A,C,2922.415966248079,0
1431,399,60,CA,500/1000,2000,1411.0664471224395,2000000,MALE,Masters,Exec-managerial,Reading,unmarried,15398.290617931065,38983.54069866988,A,A,C,A,B,6547.329161769071,0
1432,250,18,IL,250/500,1000,1032.2882635783958,2000000,FEMALE,JD,Adm-clerical,Chess,own-child,67639.36187900463,54.26753057919953,A,B,A,C,B,4678.613544531993,0
1433,20,48,CA,250/500,500,1694.5955317055436,0,FEMALE,Masters,Craft-repair,Exercise,other-relative,97842.8688471493,80056.2420393502,A,A,A,C,B,6205.156488160684,0
1434,480,71,CA,100/300,1000,1785.6299526593555,0,FEMALE,Masters,Prof-specialty,Movies,unmarried,73365.19716773563,89586.63195866415,B,B,B,A,B,4606.893504830589,0
1435,70,49,TX,250/500,500,589.1471794604279,2000000,MALE,Masters,Machine-op-inspct,Exercise,wife,43067.86487061868,31009.99417310939,C,C,A,C,C,7913.30587722214,0
1436,10,70,IL,500/1000,2000,1011.7337838876579,5000000,MALE,PhD,Machine-op-inspct,Movies,husband,91003.49815637551,98616.84051993405,B,C,C,A,A,3762.1471674610957,0
1437,474,18,IL,100/300,2000,1403.7596732813363,1000000,FEMALE,Masters,Exec-managerial,Movies,other-relative,34300.3195888502,6939.071465855884,B,C,C,B,B,8529.647196646998,0
1438,33,59,CA,250/500,500,1751.2411798976461,0,MALE,College,Machine-op-inspct,Movies,unmarried,17407.942820420263,18813.42740742007,B,A,A,A,B,2330.831247819784,1
1439,478,51,NY,250/500,1000,898.7852869348675,0,MALE,JD,Craft-repair,Camping,other-relative,97768.94716855508,68650.62004203099,A,C,C,C,B,8687.045799498095,0
1440,496,45,CA,100/300,2000,1866.2655630724632,2000000,FEMALE,High School,Machine-op-inspct,Camping,not-in-family,72307.57492555788,67661.19884726233,B,A,B,A,C,4964.407631140443,0
1441,122,47,CA,100/300,1000,1035.5887042329705,0,FEMALE,High School,Craft-repair,Camping,other-relative,23718.58725631829,93480.72566562591,B,B,B,A,C,3893.2641037483886,0
1442,414,73,NY,500/1000,500,891.7402724067115,0,FEMALE,PhD,Prof-specialty,Exercise,husband,61417.00706605162,81044.2310823075,A,C,B,B,B,4379.847557083461,0
1443,410,29,NY,100/300,1000,501.20198942145095,0,MALE,College,Machine-op-inspct,Movies,own-child,64316.935616560375,19370.17716409459,C,A,A,C,A,7025.903399271191,1
1444,454,44,TX,250/500,500,920.591219056231,2000000,FEMALE,JD,Exec-managerial,Movies,own-child,40301.37661083415,24954.639767126384,C,C,A,B,A,2562.1826184078136,0
1445,44,27,CA,500/1000,2000,1593.6985576938775,0,FEMALE,PhD,Adm-clerical,Reading,unmarried,70797.46696498965,10233.70225437047,C,A,C,C,B,6598.166720594006,0
1446,91,18,IL,250/500,500,1436.738615431294,0,FEMALE,JD,Prof-specialty,Camping,husband,34106.86970915635,27843.457150941787,A,C,C,B,A,5695.769134699661,0
1447,395,26,FL,100/300,1000,1159.1073889075851,0,FEMALE,College,Craft-repair,Reading,own-child,41956.36088576874,51248.55668265954,A,B,B,A,B,184.95027684544215,0
1448,164,74,NY,250/500,1000,1501.7101321702332,0,MALE,High School,Adm-clerical,Camping,unmarried,99588.9074364164,24409.424350675803,A,B,B,A,A,1151.2047997506627,0
1449,322,30,TX,500/1000,2000,1282.454564050064,0,FEMALE,College,Prof-specialty,Movies,unmarried,97851.47524667051,70524.93538256119,B,B,B,B,B,2883.5132079842,0
1450,379,53,CA,250/500,1000,1135.8992642393548,2000000,FEMALE,PhD,Prof-specialty,Chess,unmarried,10446.908499728679,91268.60926922511,C,A,C,C,B,6912.662304388206,0
1451,428,33,CA,100/300,2000,691.678334003949,0,FEMALE,PhD,Prof-specialty,Exercise,other-relative,55878.8729806967,19432.111243876214,A,B,C,B,A,2697.933794911939,0
1452,89,41,TX,250/500,500,1076.541730351314,0,MALE,Masters,Prof-specialty,Chess,unmarried,21087.01256711616,97198.37582974944,A,A,B,A,B,8715.708281179463,0
1453,311,64,TX,100/300,1000,631.7135211071519,0,MALE,JD,Craft-repair,Camping,not-in-family,28446.96920995128,94132.30616520283,B,B,C,A,C,1651.1651697720813,1
1454,305,41,CA,500/1000,500,1413.9545456084134,0,FEMALE,Masters,Exec-managerial,Camping,wife,68888.76739038713,33029.014652362464,C,B,B,A,B,143.90075193136659,0
1455,240,67,CA,100/300,1000,1808.7140975170914,0,FEMALE,PhD,Machine-op-inspct,Camping,wife,74683.73326831225,54339.05109160724,A,A,C,C,A,9464.269701691423,1
1456,433,23,IL,500/1000,1000,697.4711373040196,1000000,FEMALE,High School,Machine-op-inspct,Reading,not-in-family,32356.829593831415,72273.13636735933,C,B,B,C,A,3033.0681467060635,1
1457,288,47,NY,100/300,500,1510.347742677593,0,MALE,PhD,Machine-op-inspct,Movies,wife,55900.67091627698,83839.67123053428,B,A,A,C,A,5035.580882728951,0
1458,183,32,IL,500/1000,1000,820.6979027200774,1000000,FEMALE,PhD,Adm-clerical,Camping,wife,65782.9399733481,21986.890384969625,C,A,A,A,B,5598.772175668448,1
1459,411,26,IL,250/500,500,783.2305818095736,0,MALE,College,Machine-op-inspct,Reading,other-relative,52237.50810358901,64282.29076768365,A,B,C,B,A,3854.8740538356856,0
1460,85,35,FL,500/1000,1000,1690.471656098837,0,FEMALE,High School,Exec-managerial,Exercise,wife,215.29278813606777,77796.16703615204,C,C,A,B,A,644.6383184951914,0
1461,146,53,CA,500/1000,2000,1333.2021849277419,0,FEMALE,College,Prof-specialty,Reading,husband,10828.582433115163,35468.05344682651,A,B,B,B,C,5612.908934983556,0
1462,363,70,TX,250/500,500,1912.547166900337,0,MALE,High School,Craft-repair,Reading,unmarried,9605.81440697993,83518.06267457831,C,B,A,B,C,9970.878958332383,0
1463,460,55,IL,500/1000,1000,1973.7125171990592,0,FEMALE,JD,Machine-op-inspct,Chess,unmarried,38568.19709879801,64451.956989068625,A,A,A,A,B,7128.019523274219,0
1464,88,67,CA,500/1000,2000,1479.645391107732,0,MALE,PhD,Craft-repair,Camping,unmarried,43715.4848988039,51576.868570179526,B,A,A,B,C,4248.874373562558,0
1465,195,57,FL,250/500,2000,1104.1223753348816,1000000,MALE,PhD,Adm-clerical,Reading,husband,32445.193546537677,16340.448433512878,C,C,B,A,C,7879.853764283113,0
1466,373,51,IL,100/300,2000,938.6758372916474,0,MALE,PhD,Machine-op-inspct,Reading,wife,57046.06326018395,95564.24518324171,B,A,A,A,A,8714.895627576963,0
1467,38,25,NY,100/300,500,739.0730188753193,1000000,FEMALE,PhD,Exec-managerial,Camping,wife,9586.889028569612,15274.925357728953,C,A,B,C,B,5538.764552531938,0
1468,137,31,FL,500/1000,2000,1220.7843410416504,0,MALE,PhD,Craft-repair,Camping,not-in-family,98999.05357553704,68763.45595650165,C,B,A,A,C,7129.722160518848,0
1469,105,31,TX,100/300,500,1201.362385355134,2000000,FEMALE,Masters,Exec-managerial,Camping,other-relative,40154.313993580494,3983.4001046234357,B,A,A,A,A,7738.439762073235,0
1470,494,60,NY,500/1000,1000,502.3570271101057,0,MALE,College,Prof-specialty,Camping,other-relative,4493.554643050046,18066.776617259595,C,A,A,C,A,2591.861765174434,0
1471,344,37,TX,250/500,500,1564.5753183044997,0,MALE,High School,Adm-clerical,Camping,other-relative,74144.09506607115,69788.65337895296,B,B,A,C,A,4619.7316375220435,0
1472,389,46,NY,500/1000,1000,1010.666695394008,0,FEMALE,Masters,Adm-clerical,Reading,not-in-family,21821.40576069671,44444.70578293722,B,B,B,A,C,9074.578167101523,1
1473,181,62,TX,100/300,2000,1771.544200827064,1000000,FEMALE,JD,Adm-clerical,Movies,own-child,4429.996253941881,93552.4100685138,A,B,A,B,C,7070.013245284626,0
1474,226,40,NY,250/500,500,1090.6264900508418,0,FEMALE,High School,Exec-managerial,Reading,other-relative,23518.3200563563,48714.50847694859,A,C,A,B,C,4477.248773181499,0
1475,427,54,TX,250/500,1000,1901.711376513387,2000000,FEMALE,JD,Exec-managerial,Reading,unmarried,2563.2994936996,31483.32532910807,A,A,C,A,B,2645.793207026496,0
1476,353,40,CA,500/1000,1000,1558.737495184297,2000000,MALE,Masters,Prof-specialty,Movies,wife,48333.526819131,99522.78728632761,B,B,B,C,A,1350.1798981471404,0
1477,357,19,NY,100/300,500,1122.557721730976,5000000,FEMALE,PhD,Craft-repair,Reading,own-child,13945.338874521562,16676.95621433689,A,C,C,A,A,9742.521437605097,1
1478,186,54,NY,500/1000,1000,1287.5439582141612,1000000,FEMALE,PhD,Adm-clerical,Movies,own-child,86990.52735977048,31619.9893925763,A,B,B,A,A,9957.387429574324,0
1479,146,30,TX,250/500,2000,1079.3958439683734,0,MALE,JD,Prof-specialty,Reading,own-child,73039.54717410635,88651.05825471296,B,A,C,A,C,5358.789001815256,1
1480,417,69,NY,250/500,1000,1161.4002859001355,1000000,MALE,College,Craft-repair,Movies,other-relative,88636.89940356331,86735.55705735052,A,C,B,C,A,122.14649962212897,0
1481,79,40,CA,500/1000,1000,578.4688648534146,0,MALE,JD,Prof-specialty,Camping,husband,31857.295124386164,62252.89571352055,A,C,B,A,C,2013.2776653287772,0
1482,84,65,NY,100/300,2000,857.2820782048582,1000000,MALE,JD,Craft-repair,Exercise,own-child,85789.39710427029,16173.027495879343,C,C,B,B,A,2827.801669336726,0
1483,133,55,TX,500/1000,500,1905.77912511199,5000000,MALE,High School,Craft-repair,Movies,own-child,82848.89449388951,52555.42223320283,C,C,C,A,A,4648.052061736892,0
1484,444,37,FL,250/500,2000,1352.9511732823012,0,MALE,High School,Craft-repair,Chess,other-relative,8438.355496633065,66086.30375874201,A,A,A,B,B,7250.549483916651,0
1485,3,61,NY,250/500,2000,516.2958420451274,0,MALE,High School,Prof-specialty,Camping,wife,64132.15931478622,34707.69434310086,B,A,A,B,B,3074.0820431613756,0
1486,362,62,TX,100/300,500,1995.5536976480082,1000000,MALE,JD,Exec-managerial,Exercise,unmarried,88598.90183313427,93462.36246773729,C,B,A,B,A,3330.8028451501204,1
1487,234,74,NY,100/300,2000,1009.5181087810058,1000000,MALE,College,Craft-repair,Exercise,wife,78255.9949298942,25174.546541256736,C,B,B,A,A,1895.854467798757,1
1488,462,19,FL,100/300,500,1915.3308830411652,0,FEMALE,Masters,Machine-op-inspct,Chess,not-in-family,71050.98294397812,20435.172952260626,B,B,A,A,B,5603.3986838931905,1
1489,378,53,NY,500/1000,500,1927.9137878490585,0,MALE,JD,Exec-managerial,Camping,wife,50049.97039647718,39243.54805379503,C,B,B,B,A,3620.080452276434,0
1490,232,34,NY,250/500,1000,1291.48381722849,0,MALE,Masters,Prof-specialty,Chess,not-in-family,93312.26431452406,14803.688931625315,A,B,A,B,A,1282.3976178924904,0
1491,181,65,CA,500/1000,1000,1168.8183552833284,0,FEMALE,JD,Machine-op-inspct,Chess,own-child,86976.22350983329,58342.41234372145,B,C,B,C,C,4697.099778779689,0
1492,38,74,NY,500/1000,1000,1126.2747409204167,1000000,FEMALE,JD,Machine-op-inspct,Exercise,own-child,62281.313135834396,6114.855140578268,C,B,B,A,C,6669.3385170180545,0
1493,475,26,NY,100/300,500,1228.2763512842994,0,FEMALE,High School,Craft-repair,Camping,wife,5326.771401576069,5634.842730864165,A,A,B,C,C,4825.634801782541,0
1494,395,66,FL,100/300,500,1417.4378611237407,2000000,MALE,Masters,Machine-op-inspct,Chess,own-child,86448.79475033455,17515.75736244423,A,C,C,A,B,7280.450342963312,0
1495,86,59,IL,500/1000,500,678.1003850907505,1000000,MALE,High School,Machine-op-inspct,Chess,own-child,91612.68184223706,12635.876432749637,B,A,B,B,C,5421.404464618222,0
1496,426,55,NY,100/300,2000,1595.8151407175303,1000000,MALE,High School,Craft-repair,Reading,unmarried,7139.921988390519,401.8548035857883,B,B,A,B,C,4694.333744056241,0
1497,50,30,IL,250/500,500,1040.6321220040222,1000000,MALE,High School,Exec-managerial,Movies,unmarried,58960.730417234794,59059.22697274625,C,A,C,B,C,1830.3481186186036,0
1498,448,54,TX,250/500,2000,1264.2829023478048,0,MALE,PhD,Machine-op-inspct,Reading,not-in-family,12302.338631783028,61751.63108328232,A,A,A,B,B,4052.1339338043827,0
1499,8,52,CA,250/500,500,1921.316967364799,0,FEMALE,College,Craft-repair,Chess,own-child,48475.87133052289,92682.12280658515,C,C,C,C,C,1617.8142482500036,0
1500,421,66,CA,250/500,2000,1963.9650532278836,0,FEMALE,Masters,Machine-op-inspct,Camping,not-in-family,33059.5903005847,2295.5370774451867,B,C,B,C,A,986.0921249669256,0
1501,340,26,TX,250/500,500,713.6239720210476,0,FEMALE,High School,Machine-op-inspct,Exercise,wife,46789.403335274306,7690.816689555757,C,C,C,C,C,469.8514586148468,0
1502,325,47,IL,100/300,2000,1112.9440784081403,5000000,FEMALE,High School,Machine-op-inspct,Movies,own-child,39662.113412918035,40749.62027218756,B,A,B,A,A,1501.7654682090233,0
1503,222,70,TX,500/1000,1000,964.1653672936831,0,FEMALE,High School,Machine-op-inspct,Reading,not-in-family,94639.87907369595,34697.06292249834,C,C,A,B,C,274.88029277041676,0
1504,458,22,CA,100/300,1000,842.6444508518271,0,FEMALE,Masters,Adm-clerical,Exercise,husband,84612.44444850834,53727.671480790596,C,B,B,C,C,8409.284784452724,0
1505,383,37,CA,500/1000,500,1686.2064738765614,0,MALE,JD,Exec-managerial,Movies,unmarried,58641.78830914484,24004.28777826521,A,C,B,A,A,4407.24542006704,0
1506,37,53,TX,250/500,1000,687.5671114482006,1000000,FEMALE,College,Machine-op-inspct,Movies,not-in-family,35402.7714697689,55263.47287575102,A,A,A,C,C,1835.6706641128208,0
1507,80,46,TX,100/300,500,924.5019231912556,0,FEMALE,PhD,Exec-managerial,Camping,husband,20283.904932470097,87267.12498395404,A,B,C,C,C,1203.643903768394,0
1508,97,40,FL,100/300,1000,709.5556412975915,0,MALE,College,Machine-op-inspct,Movies,wife,31580.741367693878,56599.32130856802,C,B,A,A,B,8703.697060922244,0
1509,491,47,TX,500/1000,2000,1327.9683777124656,1000000,MALE,High School,Machine-op-inspct,Movies,wife,2039.5053892404035,74136.05489414581,A,B,B,B,A,644.388979169773,0
1510,104,26,CA,100/300,2000,588.268603240761,0,FEMALE,College,Machine-op-inspct,Exercise,not-in-family,15947.693863812918,64834.186833626896,A,C,C,A,A,6964.626135632505,0
1511,42,24,FL,100/300,2000,961.7896342129259,0,MALE,PhD,Exec-managerial,Movies,wife,8843.209522873674,84971.22080400899,A,B,C,C,C,8410.86307169737,0
1512,220,28,NY,500/1000,1000,1981.085819940426,0,MALE,JD,Prof-specialty,Camping,not-in-family,62519.914798908205,13259.80526447904,A,B,C,A,B,9673.321665657077,0
1513,52,30,IL,100/300,2000,566.8334072910496,2000000,FEMALE,JD,Adm-clerical,Movies,not-in-family,43138.57175595845,13536.017649642517,A,C,A,A,C,2351.2344885177095,0
1514,437,66,FL,250/500,500,1866.026630693349,0,MALE,College,Craft-repair,Movies,other-relative,18190.733854090657,89556.7580130333,A,C,A,C,A,5626.091161845846,0
1515,350,43,CA,250/500,500,1085.1328086461049,2000000,FEMALE,Masters,Prof-specialty,Exercise,husband,58321.923554541536,83000.63890979343,C,A,C,A,B,2549.8657571000545,0
1516,433,27,TX,100/300,500,1019.3261762154161,0,MALE,College,Prof-specialty,Exercise,other-relative,43438.96645186366,14008.115292615343,B,B,C,B,C,5716.586320768091,0
1517,29,38,TX,100/300,500,1470.1706936083197,0,MALE,JD,Exec-managerial,Chess,own-child,93819.11131657327,12588.895632224006,B,A,C,A,C,2909.848791445008,0
1518,34,34,FL,100/300,2000,1888.4438179242795,1000000,FEMALE,Masters,Prof-specialty,Camping,husband,58700.91999052618,83481.8575990011,B,A,B,A,A,8430.308342813632,0
1519,124,23,TX,500/1000,500,790.4604541530634,0,MALE,High School,Prof-specialty,Chess,unmarried,65540.76224804873,96883.89943027902,B,B,C,C,A,8040.368693704054,1
1520,282,35,TX,100/300,1000,994.7208357638073,2000000,MALE,Masters,Machine-op-inspct,Movies,other-relative,64920.88129286769,52627.92709971927,A,A,B,C,B,7198.285618343911,0
1521,311,25,NY,100/300,2000,1258.537357286616,0,FEMALE,PhD,Adm-clerical,Exercise,husband,30284.65359630306,47987.52392743303,C,C,A,A,A,5688.596799593337,0
1522,466,73,FL,250/500,1000,1930.2793265215996,1000000,FEMALE,College,Adm-clerical,Exercise,husband,88076.27982434114,17852.371944316503,A,C,C,C,B,7613.794012963451,0
1523,91,44,CA,500/1000,500,1887.7185817734871,0,MALE,Masters,Exec-managerial,Chess,wife,62578.641258132,3219.6821863327173,C,C,B,C,A,9053.900340745166,0
1524,132,40,FL,100/300,2000,1146.5964109395281,0,FEMALE,High School,Adm-clerical,Chess,not-in-family,97530.64198731117,27694.447232305818,A,C,A,A,A,810.3865746111318,1
1525,202,53,CA,250/500,500,560.650803347247,0,FEMALE,College,Prof-specialty,Camping,not-in-family,95949.76020517752,95390.72197099337,A,A,B,B,A,714.485718040668,0
1526,217,50,CA,250/500,500,1015.6599567299767,0,MALE,College,Prof-specialty,Movies,other-relative,58710.74608726347,67682.95964244175,A,A,A,C,A,1352.0178150324366,0
1527,453,63,CA,100/300,1000,999.0084987265361,0,FEMALE,High School,Adm-clerical,Chess,own-child,7172.441465992907,11615.62054067523,B,B,A,C,C,5887.692827287937,0
1528,160,66,CA,500/1000,500,1740.8397781371254,0,MALE,PhD,Machine-op-inspct,Chess,own-child,70577.23085952883,5067.686808254112,A,A,A,A,C,2263.649018999526,0
1529,337,62,IL,500/1000,500,1201.4885978694629,5000000,FEMALE,College,Exec-managerial,Reading,unmarried,836.1656016685592,74449.07215693283,A,B,C,C,A,8192.810533310923,0
1530,107,21,NY,500/1000,2000,757.3341022671927,0,FEMALE,College,Machine-op-inspct,Movies,own-child,69011.6894395298,33201.58989516825,A,C,B,C,B,1432.9143608369952,0
1531,69,66,NY,250/500,2000,1197.7888227996684,0,MALE,Masters,Adm-clerical,Exercise,own-child,47477.55763766577,97996.9946356651,C,B,B,C,B,960.1221907996697,1
1532,413,67,FL,100/300,1000,1377.1823830491487,0,FEMALE,High School,Exec-managerial,Chess,wife,55005.10240824008,48529.44151525651,A,A,A,B,B,4390.921623724033,1
1533,77,63,NY,500/1000,1000,778.7193058660413,5000000,FEMALE,JD,Prof-specialty,Movies,wife,89275.45072682563,33411.415540332986,B,C,B,C,B,7055.306214765077,0
1534,308,68,IL,500/1000,500,750.3264396226593,1000000,FEMALE,JD,Exec-managerial,Chess,own-child,69600.4656076429,23483.09404576906,C,A,C,A,A,7171.085660400993,0
1535,76,48,NY,100/300,500,1779.153172806266,0,FEMALE,JD,Craft-repair,Camping,husband,46444.20804014186,74771.17294886424,A,A,A,A,A,1266.2616665104274,0
1536,256,72,IL,250/500,500,877.3756321648705,0,MALE,Masters,Adm-clerical,Exercise,wife,83369.2247898281,46149.720913416626,C,C,C,B,A,971.0848261080065,1
1537,148,72,NY,100/300,1000,752.9638525059804,0,MALE,High School,Exec-managerial,Camping,unmarried,31800.893844816903,71634.92121322382,C,B,A,A,B,110.56626228225069,0
1538,401,55,CA,500/1000,500,550.6893062205066,0,FEMALE,JD,Prof-specialty,Movies,husband,89370.01376545153,59601.96830621477,B,C,A,C,C,1158.497367413021,0
1539,101,27,NY,250/500,2000,1066.9950696446704,5000000,MALE,College,Craft-repair,Reading,husband,10739.764014056107,94237.44322564009,A,B,B,B,B,9242.289132072685,0
1540,235,28,IL,250/500,1000,669.7276087907421,1000000,FEMALE,High School,Craft-repair,Reading,not-in-family,90833.6477678907,1946.960197880343,A,C,C,B,B,3319.1387391644935,0
1541,102,34,IL,250/500,1000,1844.2529325267485,0,FEMALE,Masters,Exec-managerial,Chess,other-relative,61199.14161694571,63411.70742464786,A,C,C,B,B,1623.4746764333875,0
1542,271,34,CA,500/1000,2000,1174.1298637783702,0,MALE,Masters,Exec-managerial,Chess,wife,86142.67879837107,43631.23262686457,C,A,C,C,A,8143.2001746227525,0
1543,132,29,CA,250/500,2000,1551.7066050437477,0,FEMALE,PhD,Exec-managerial,Camping,not-in-family,65896.08235380716,78436.31737356246,C,C,B,C,A,7202.2915747002635,0
1544,79,19,FL,250/500,500,868.4898318609901,1000000,FEMALE,Masters,Exec-managerial,Reading,not-in-family,88012.68526155407,68867.85172270867,A,C,A,A,A,9675.099563729318,0
1545,136,22,TX,250/500,1000,1934.5433754333144,0,MALE,JD,Craft-repair,Chess,not-in-family,75413.59977415952,37605.23329535516,A,A,C,B,B,532.2389392828809,1
1546,488,28,TX,100/300,1000,1258.390233401559,0,FEMALE,PhD,Prof-specialty,Exercise,own-child,3499.947809308446,37033.21253699062,B,B,A,C,B,1492.3323822876678,1
1547,82,51,TX,500/1000,2000,1990.801400975433,0,MALE,High School,Adm-clerical,Movies,husband,18725.383606892065,2857.556412338147,A,B,B,C,A,7175.135664691683,1
1548,399,44,NY,100/300,1000,1290.3122879282932,1000000,MALE,PhD,Prof-specialty,Exercise,own-child,43443.45145177249,99122.90588852805,B,C,B,B,C,3350.697683854503,0
1549,288,23,NY,250/500,1000,508.99089787025906,5000000,MALE,College,Adm-clerical,Exercise,wife,89716.03777154308,74853.36832249044,C,A,B,B,A,5911.170740854892,1
1550,301,40,CA,100/300,1000,1635.3852931065705,2000000,MALE,Masters,Craft-repair,Exercise,other-relative,99134.17814765357,15029.83495494038,C,C,B,C,B,6259.939303663288,0
1551,347,57,IL,250/500,500,876.6871628718827,1000000,MALE,Masters,Adm-clerical,Chess,unmarried,15223.178347906109,55764.597008537785,A,C,A,B,C,1589.6617192992126,0
1552,389,32,IL,250/500,2000,1828.6423277933284,0,MALE,Masters,Prof-specialty,Exercise,unmarried,94827.65066837335,92443.77714451487,C,A,C,A,B,4074.305560646383,0
1553,241,44,FL,500/1000,500,952.508810132903,0,FEMALE,JD,Craft-repair,Exercise,husband,34232.893098028784,14527.030164491383,C,A,B,C,A,635.230757228406,0
1554,234,44,TX,250/500,1000,1594.0549223052233,0,FEMALE,High School,Machine-op-inspct,Reading,unmarried,21495.867099011557,87050.04506104498,B,C,B,B,C,3248.200975058888,0
1555,52,34,FL,500/1000,1000,1740.7589370709513,0,FEMALE,High School,Craft-repair,Movies,unmarried,10507.682516059003,71994.75329042548,C,B,A,A,C,8813.055838279888,0
1556,61,24,NY,500/1000,1000,646.2603037614248,5000000,MALE,JD,Adm-clerical,Exercise,not-in-family,9691.720033628615,32423.42091803422,B,A,C,B,A,1579.6763627355513,0
1557,220,23,CA,500/1000,1000,1869.5648827954856,1000000,MALE,PhD,Exec-managerial,Camping,own-child,93436.53040476212,18575.697121708177,C,C,C,A,C,3871.681519271782,0
1558,377,52,FL,500/1000,2000,1673.5542069994367,0,MALE,Masters,Adm-clerical,Camping,wife,38137.54076853003,62918.59967824585,C,A,A,C,C,8789.844028355797,0
1559,318,53,NY,500/1000,500,866.6651477822969,0,FEMALE,High School,Craft-repair,Movies,unmarried,95382.42395345232,43411.71866824852,A,A,A,B,A,7220.500796783927,0
1560,466,55,IL,100/300,500,1087.8130242612758,1000000,FEMALE,College,Craft-repair,Chess,unmarried,50619.34359734509,28323.887996060002,B,C,B,C,A,3783.3699067893617,0
1561,347,34,TX,500/1000,1000,1078.943085525825,0,FEMALE,High School,Exec-managerial,Camping,wife,38910.10871348032,83747.02814918758,B,C,C,C,A,6336.441212806035,0
1562,131,45,NY,100/300,500,1884.7749288892694,0,FEMALE,High School,Exec-managerial,Camping,husband,78038.10530824614,99431.48228084773,B,B,C,A,C,8900.175751650537,0
1563,187,67,CA,100/300,1000,1758.6522484525963,0,MALE,JD,Prof-specialty,Movies,own-child,46305.63566788727,53054.98682039663,A,A,C,A,A,9068.543828509844,0
1564,257,18,IL,100/300,2000,1887.3684469805842,0,FEMALE,Masters,Machine-op-inspct,Movies,husband,51960.95962439861,8868.307408543786,B,C,B,B,C,3122.43116942625,0
1565,359,38,IL,500/1000,2000,1137.4628724627855,0,FEMALE,Masters,Machine-op-inspct,Camping,unmarried,87766.64648932793,13501.724062965925,C,B,C,A,C,3300.8628589345026,0
1566,345,53,TX,500/1000,500,1499.1324833548877,0,MALE,High School,Prof-specialty,Chess,not-in-family,76670.07882544209,79423.79436078812,A,B,A,B,C,6704.771383689054,1
1567,333,48,FL,100/300,500,1606.5605048021675,5000000,MALE,College,Exec-managerial,Reading,unmarried,79042.51694625168,93976.58127582059,A,A,A,B,A,3297.761800743216,1
1568,495,39,CA,100/300,500,1739.2095084091495,5000000,MALE,JD,Craft-repair,Movies,husband,63806.44674819411,10845.814405849085,A,A,A,C,C,3644.112781095152,0
1569,269,57,CA,100/300,1000,1804.7837377292344,1000000,FEMALE,College,Prof-specialty,Camping,own-child,16205.233924902252,16830.489802098393,B,A,C,B,A,2889.989864735952,0
1570,459,58,FL,250/500,500,1830.8431245624529,0,MALE,High School,Adm-clerical,Chess,husband,11268.420907459098,90219.35730806633,B,B,C,A,A,857.7104868633903,0
1571,348,27,IL,500/1000,1000,677.5564513544219,0,FEMALE,Masters,Exec-managerial,Chess,husband,74823.18753889958,49800.512903315815,A,A,C,B,C,4482.815152789882,0
1572,153,45,NY,100/300,500,1158.6358637781816,0,MALE,Masters,Adm-clerical,Reading,husband,74052.74048422679,97103.76564192951,B,A,C,A,B,6054.661491952677,0
1573,245,44,FL,500/1000,500,1320.9406232912552,0,MALE,JD,Prof-specialty,Exercise,unmarried,45598.840154834375,39510.514082461734,B,A,A,B,C,8736.898984570105,0
1574,28,30,FL,100/300,1000,529.1438018542759,1000000,MALE,Masters,Craft-repair,Exercise,other-relative,36045.85385614858,18598.07934470942,C,B,A,B,A,8314.308368887845,1
1575,351,18,CA,500/1000,2000,888.8395685710352,1000000,MALE,PhD,Adm-clerical,Movies,own-child,89887.63700289352,11540.157908617231,B,C,A,B,C,3922.764702395051,0
1576,250,69,IL,500/1000,1000,891.2076300871068,1000000,FEMALE,College,Adm-clerical,Reading,other-relative,34728.773586343086,53342.12234007186,C,B,B,B,A,9804.512518555677,1
1577,291,60,TX,100/300,500,1032.9951473463968,2000000,MALE,Masters,Adm-clerical,Camping,husband,26188.95265429534,60708.404989474264,B,A,C,C,B,201.98988065130686,0
1578,110,39,NY,250/500,500,1833.8721251208592,0,FEMALE,PhD,Prof-specialty,Exercise,wife,74160.74751606892,51254.89328387083,C,C,C,B,A,7413.995620260884,1
1579,435,40,CA,500/1000,2000,1319.7396176102072,0,MALE,JD,Exec-managerial,Exercise,not-in-family,15816.497481280934,60553.67575232936,A,A,A,A,A,6394.989147388882,1
1580,246,70,FL,100/300,1000,1509.6673523177735,2000000,MALE,Masters,Exec-managerial,Movies,not-in-family,64778.81902586152,72735.45207249989,B,B,B,C,C,4989.475371860844,0
1581,473,68,TX,500/1000,500,1825.5557579536276,5000000,MALE,High School,Craft-repair,Camping,unmarried,80219.52765971683,59051.93934141561,C,A,A,A,C,2885.8083413891354,0
1582,263,51,FL,500/1000,2000,1452.7926062669235,0,MALE,Masters,Adm-clerical,Reading,wife,70584.51391136297,75673.04912771843,B,A,B,C,C,3643.8101936894,0
1583,373,28,IL,500/1000,500,1157.204232152741,0,FEMALE,PhD,Craft-repair,Camping,not-in-family,33395.085956840856,58770.06775784151,A,A,B,B,A,459.5019287320644,0
1584,121,39,NY,500/1000,500,1477.2475682839527,0,FEMALE,College,Adm-clerical,Camping,wife,66563.36122595766,97477.19925827207,B,B,C,B,A,8428.455770919953,0
1585,49,66,CA,250/500,1000,1502.0664781187616,0,MALE,High School,Craft-repair,Camping,husband,43281.8468947112,67264.09670035135,A,C,C,B,C,8440.901498178755,0
1586,13,22,NY,100/300,1000,1238.76557039715,0,MALE,High School,Craft-repair,Reading,husband,47993.92728626998,76848.38889307856,A,C,A,C,C,2402.0824917726995,1
1587,179,27,FL,100/300,1000,1936.4397826690638,1000000,MALE,High School,Prof-specialty,Exercise,wife,72538.53717083654,34956.98809257186,B,A,A,B,B,8894.658869411234,1
1588,250,26,IL,500/1000,500,1004.0152754955068,0,FEMALE,High School,Adm-clerical,Chess,wife,64277.86463243902,22676.58330150364,C,A,C,A,C,9941.954339481299,1
1589,108,74,NY,100/300,2000,1842.3715773386336,2000000,FEMALE,College,Machine-op-inspct,Exercise,wife,29091.052587828694,48987.472025806856,B,C,A,C,B,6061.549982967395,0
1590,140,34,CA,250/500,500,567.4619818922258,0,MALE,JD,Prof-specialty,Exercise,other-relative,24555.283116172253,70380.04223116959,C,B,A,A,B,6643.57025925925,1
1591,61,33,TX,250/500,1000,1526.1978316798409,1000000,MALE,College,Adm-clerical,Reading,unmarried,86878.85501784121,9510.316804245933,B,B,C,A,B,540.8895714210348,0
1592,121,27,FL,250/500,2000,1645.986655046839,2000000,MALE,JD,Machine-op-inspct,Exercise,not-in-family,84904.79588260275,68348.28429221665,B,C,A,C,B,6668.635928113936,0
1593,351,72,TX,100/300,1000,670.5861961527171,2000000,FEMALE,Masters,Craft-repair,Exercise,not-in-family,40184.27120392448,62357.95314357593,B,A,C,B,C,1690.0229854119423,0
1594,99,38,CA,500/1000,500,1851.957672264304,0,MALE,JD,Adm-clerical,Camping,husband,86495.85862168904,80110.09549143662,B,A,B,A,B,6521.560755798665,1
1595,254,19,CA,100/300,2000,1556.42261908611,0,MALE,College,Craft-repair,Chess,own-child,48923.56747100525,96354.29150364296,C,B,C,B,B,6468.997272246893,1
1596,451,64,CA,500/1000,500,744.572553314278,0,MALE,High School,Adm-clerical,Reading,other-relative,84984.61490805354,47337.099408692615,C,C,C,A,B,2024.7368074528788,0
1597,357,53,CA,250/500,500,1582.8435856439228,0,MALE,Masters,Machine-op-inspct,Movies,own-child,18205.530804816874,3237.3151215652097,C,A,C,C,C,2577.9899275887087,0
1598,266,50,FL,500/1000,500,1675.7856443509108,0,MALE,PhD,Craft-repair,Reading,unmarried,76546.01691850171,74265.14945063255,C,C,B,C,B,1982.7521254063229,1
1599,11,26,FL,250/500,2000,921.0555446969611,0,MALE,High School,Adm-clerical,Camping,wife,41150.28886115911,8935.30693758161,B,A,A,C,A,119.94029888725947,0
1600,192,34,NY,500/1000,1000,1594.0984094829478,0,FEMALE,PhD,Adm-clerical,Exercise,own-child,50095.02400161082,26342.086685208666,A,C,C,B,C,7961.662309817029,0
1601,63,50,FL,100/300,500,1402.931567808964,0,MALE,JD,Adm-clerical,Chess,unmarried,55289.57465240364,63107.11737686245,C,B,B,A,C,5432.315311063805,0
1602,175,29,NY,500/1000,2000,1545.885965336988,0,FEMALE,High School,Machine-op-inspct,Movies,husband,67883.70297419133,20476.634869513942,C,A,B,B,B,5419.719642155404,0
1603,235,30,NY,500/1000,2000,1686.5360394512998,0,FEMALE,PhD,Machine-op-inspct,Movies,unmarried,10590.302448723443,92429.17770088125,B,B,C,C,A,875.567160873855,0
1604,264,63,IL,250/500,500,1889.9592261247853,0,MALE,PhD,Craft-repair,Exercise,unmarried,25127.736851260728,10341.722706224444,A,B,B,B,A,5584.518154247076,0
1605,240,62,NY,100/300,500,1005.7366052271816,0,MALE,College,Craft-repair,Exercise,unmarried,72144.89416096725,60692.07868344235,B,C,A,C,B,4824.198038073568,0
1606,36,18,NY,100/300,1000,1522.2815948024556,1000000,FEMALE,High School,Prof-specialty,Camping,husband,43.35120018708061,81386.85829886385,C,A,A,A,C,7065.04920611453,0
1607,111,57,CA,500/1000,1000,1963.3275238518233,0,MALE,High School,Adm-clerical,Chess,wife,37675.524467501644,53852.8363149331,A,C,B,C,B,5230.756541295947,0
1608,25,61,CA,100/300,1000,682.5883686260988,2000000,MALE,College,Exec-managerial,Movies,other-relative,32755.648805090397,4654.611964991551,C,C,C,B,A,8377.25709963603,0
1609,342,39,CA,500/1000,500,1502.596088788588,0,FEMALE,College,Prof-specialty,Movies,wife,49522.60666949202,66158.18557413408,A,C,A,B,C,3963.347489930435,0
1610,384,27,FL,250/500,500,535.8219969605991,0,FEMALE,JD,Craft-repair,Reading,husband,98255.05407779502,99298.14068798335,B,A,A,C,A,7885.647258457714,0
1611,67,65,NY,250/500,2000,774.9833521604114,0,MALE,JD,Craft-repair,Movies,husband,74935.15339020714,90135.2936778793,B,C,C,B,A,2072.719464416902,0
1612,397,74,IL,100/300,1000,1676.1617599307142,0,FEMALE,College,Prof-specialty,Camping,other-relative,95814.53057775006,80829.42726977232,C,A,B,C,C,1155.4874173354676,0
1613,202,55,CA,100/300,500,1604.3125869090118,0,FEMALE,PhD,Adm-clerical,Movies,unmarried,23125.8687566567,17621.639224734474,B,B,B,B,A,2744.8048755582736,0
1614,429,66,IL,500/1000,1000,1764.3033470407481,1000000,FEMALE,Masters,Adm-clerical,Exercise,other-relative,68730.0714256532,91178.97373738015,C,B,A,C,C,4712.27889370615,0
1615,31,57,IL,500/1000,2000,1258.9393008182053,1000000,FEMALE,PhD,Craft-repair,Movies,own-child,71591.5481528908,56998.3991623092,C,B,C,A,B,9767.520372936566,0
1616,166,73,CA,250/500,1000,1836.2878487213077,0,FEMALE,PhD,Craft-repair,Movies,unmarried,96710.97043546897,69297.58824149081,A,B,C,B,A,6379.839835216035,0
1617,366,61,FL,100/300,500,1435.0919686258574,2000000,FEMALE,College,Exec-managerial,Camping,own-child,99644.15957303948,45128.19006510068,B,C,C,B,A,177.87240800062546,0
1618,107,68,IL,100/300,2000,617.8798491276893,0,FEMALE,PhD,Prof-specialty,Camping,own-child,57749.36434577156,30178.885567343983,C,C,B,A,B,7384.4440260545425,0
1619,245,69,FL,100/300,500,1833.4816194384123,0,FEMALE,JD,Machine-op-inspct,Movies,unmarried,36828.45493381173,58482.89331980988,B,C,C,A,C,136.9527255451918,1
1620,373,70,TX,100/300,2000,1072.507039340186,0,MALE,High School,Craft-repair,Chess,unmarried,75282.53191591751,39448.64046463569,A,A,C,C,B,4419.635440577841,0
1621,236,49,FL,100/300,2000,774.0499380850067,0,MALE,Masters,Exec-managerial,Movies,husband,34133.63931456517,91103.59405224115,B,B,B,B,B,2079.690808590325,0
1622,84,30,TX,250/500,2000,1737.0536245936826,0,MALE,JD,Craft-repair,Movies,husband,17965.59762706652,20897.44468644451,C,A,A,A,A,4090.871841776233,0
1623,486,18,NY,100/300,500,1883.673366872512,0,FEMALE,PhD,Machine-op-inspct,Reading,unmarried,60998.53565835281,94290.71625591733,A,B,C,B,A,2706.312179392932,1
1624,386,63,CA,250/500,2000,1279.4478577976975,0,MALE,Masters,Prof-specialty,Movies,wife,71111.79276613182,49810.09939002331,C,B,C,A,C,6175.341276287162,0
1625,36,41,FL,250/500,1000,1454.5836284616896,0,MALE,PhD,Exec-managerial,Reading,wife,39928.8922400315,9225.649167534844,C,C,B,C,A,565.6425632893302,0
1626,350,53,CA,100/300,2000,1125.6941520251607,0,MALE,JD,Craft-repair,Exercise,husband,99850.10856618485,67803.02359243495,B,B,B,C,A,1489.537490129531,0
1627,127,39,FL,100/300,2000,1767.700969952302,0,FEMALE,High School,Craft-repair,Chess,own-child,29549.7637684927,8205.800782510853,C,A,A,B,C,1157.0036666133271,1
1628,151,71,NY,250/500,2000,1975.2064987501647,0,MALE,College,Adm-clerical,Camping,husband,23350.25286116814,81108.89249785573,B,A,A,A,A,8951.480860637263,1
1629,144,59,NY,250/500,1000,573.6137902508103,0,MALE,PhD,Machine-op-inspct,Reading,not-in-family,72890.51250398818,36985.63297012879,A,C,C,A,B,3779.6982028136767,0
1630,105,29,TX,500/1000,1000,884.8189285929352,1000000,MALE,College,Prof-specialty,Camping,not-in-family,1479.7788506388354,67360.15968366712,A,B,B,C,C,6397.167093442473,0
1631,288,35,CA,250/500,1000,1803.3443394855892,0,FEMALE,Masters,Craft-repair,Camping,husband,52398.35919536592,59860.78012447253,A,B,C,A,A,8583.480138200915,1
1632,221,38,IL,250/500,500,1503.4880823115545,0,MALE,College,Craft-repair,Reading,unmarried,38287.373836847924,31464.36286264448,A,C,C,A,C,9892.56504986548,0
1633,458,47,TX,100/300,2000,1278.0974793117912,1000000,FEMALE,PhD,Prof-specialty,Movies,not-in-family,9554.018363482475,32019.168909223717,A,B,C,A,A,6940.759706080149,0
1634,321,21,TX,500/1000,1000,562.7386987169317,0,MALE,JD,Exec-managerial,Camping,husband,37052.89595768658,97745.75806646213,B,C,C,B,A,2948.702186365426,0
1635,158,20,NY,500/1000,2000,1298.9176421202526,2000000,FEMALE,JD,Prof-specialty,Movies,unmarried,56506.842306113205,59712.5785812454,A,C,A,A,C,9812.30043736341,1
1636,259,19,NY,250/500,500,916.359443813941,0,MALE,PhD,Prof-specialty,Camping,other-relative,54083.74769591774,88093.71016327654,B,C,B,C,A,6203.1177227626085,0
1637,6,21,IL,250/500,2000,645.3535769268726,0,MALE,JD,Prof-specialty,Reading,husband,98959.85777189379,27253.482702921196,B,B,B,B,B,9919.114329223237,0
1638,202,21,TX,100/300,1000,631.137616023228,0,MALE,College,Craft-repair,Chess,own-child,21570.00338188658,72745.90047542819,B,C,A,A,B,2733.080919638941,0
1639,236,25,CA,500/1000,500,1787.0875511212764,5000000,FEMALE,PhD,Machine-op-inspct,Chess,other-relative,79716.43444474354,31652.397016504896,C,C,C,A,C,7515.749459673773,0
1640,346,27,TX,500/1000,500,1540.198439810913,1000000,FEMALE,High School,Exec-managerial,Movies,own-child,86606.99334921245,11614.748414601196,C,C,B,A,B,3911.104223030205,0
1641,445,72,NY,100/300,2000,1971.3809441026428,1000000,FEMALE,PhD,Adm-clerical,Camping,own-child,7935.992119194091,62613.98555910872,C,A,B,B,B,6366.221191911114,0
1642,218,46,NY,250/500,1000,683.7759925168193,0,FEMALE,PhD,Craft-repair,Camping,other-relative,1490.610520554403,37247.931928529535,C,C,C,A,C,6418.133257536166,0
1643,109,50,FL,100/300,500,1373.2101410160653,0,FEMALE,High School,Adm-clerical,Reading,not-in-family,13777.421336190331,11867.21113518291,A,A,B,A,C,2140.226568095022,1
1644,411,47,CA,100/300,500,1772.482743302351,0,FEMALE,JD,Adm-clerical,Camping,not-in-family,7455.8763788001415,49598.72764980481,A,B,B,C,A,9172.314951940829,0
1645,103,39,TX,500/1000,500,1964.912342036164,5000000,MALE,PhD,Exec-managerial,Movies,husband,91444.07589890301,41239.06931614151,A,A,C,B,A,8271.15439129086,0
1646,431,73,TX,250/500,2000,1600.8223496691917,0,FEMALE,JD,Adm-clerical,Camping,wife,7658.692313305149,27013.66449847934,C,C,A,C,A,1286.2423103613605,0
1647,250,45,IL,250/500,500,1680.489008796696,1000000,FEMALE,High School,Craft-repair,Exercise,not-in-family,49406.67613906179,12237.60872385783,C,B,C,C,C,8437.340081495639,0
1648,6,69,CA,250/500,1000,1338.0556026546378,0,FEMALE,College,Adm-clerical,Reading,own-child,99361.70993766165,60957.180359793616,B,B,C,B,B,5134.115951270389,0
1649,448,46,NY,100/300,2000,1147.8049731824913,0,MALE,Masters,Adm-clerical,Chess,unmarried,38428.16890876118,12785.506268979441,A,B,C,A,A,7430.211921004143,0
1650,94,65,CA,500/1000,1000,1077.2386005557405,0,MALE,Masters,Adm-clerical,Chess,wife,27166.116492462545,80888.05601259001,A,C,B,B,A,2212.9243291289113,0
1651,200,54,CA,500/1000,500,1204.3394214938169,2000000,MALE,High School,Craft-repair,Exercise,husband,90678.63724224926,1710.877495076868,A,B,B,C,B,9965.544950941196,0
1652,58,61,IL,250/500,1000,1658.418290698493,5000000,FEMALE,College,Prof-specialty,Movies,own-child,48328.18956574332,84631.81053386953,B,A,C,B,B,4592.956225503291,0
1653,83,30,IL,250/500,1000,1404.5376491789816,0,FEMALE,JD,Craft-repair,Reading,unmarried,75347.93909427298,24961.307473419147,A,B,A,B,C,7601.01654376725,0
1654,186,23,FL,100/300,500,871.3088836667459,0,FEMALE,JD,Adm-clerical,Exercise,other-relative,44560.57541750151,61380.74259835126,C,A,A,C,C,8551.146593242442,0
1655,357,46,NY,500/1000,2000,1593.416877057023,0,FEMALE,High School,Adm-clerical,Movies,not-in-family,48842.17630660254,60444.09410170601,A,B,A,C,C,2263.6651096084993,0
1656,14,32,IL,100/300,1000,1408.4669148797707,0,FEMALE,Masters,Prof-specialty,Camping,unmarried,87054.20629711128,31855.92042392671,C,C,A,A,C,6436.270040848798,1
1657,450,20,NY,250/500,500,1440.9527481959651,0,MALE,JD,Craft-repair,Camping,not-in-family,90584.53608965142,60177.08710600909,B,B,B,A,C,5357.296613225011,0
1658,424,20,IL,250/500,1000,1471.5124088991322,1000000,MALE,Masters,Craft-repair,Reading,not-in-family,23434.52128599446,47005.27430888093,A,A,B,B,A,257.63110993908373,0
1659,163,27,FL,250/500,2000,1024.6725959968905,5000000,MALE,High School,Craft-repair,Chess,not-in-family,56561.53401934523,67866.05227285366,B,B,C,B,B,3076.582419559734,0
1660,271,64,TX,250/500,500,662.5200795213897,0,FEMALE,Masters,Adm-clerical,Chess,husband,95413.27684442727,32970.2904327823,C,A,C,A,C,1261.2064587384634,0
1661,193,49,FL,250/500,500,1489.8787585468476,0,FEMALE,Masters,Exec-managerial,Reading,unmarried,93271.6485490906,40178.18862925405,A,C,C,C,C,4142.981164589856,0
1662,445,68,CA,100/300,2000,1417.15287698668,0,MALE,PhD,Adm-clerical,Exercise,not-in-family,89059.09277967975,74624.81192328884,B,B,A,B,B,2864.489626410475,0
1663,205,19,IL,500/1000,500,1478.1769398938932,0,MALE,PhD,Machine-op-inspct,Exercise,other-relative,88497.7071748365,6030.753860848448,A,C,C,C,A,9921.484444701482,1
1664,46,72,CA,100/300,500,1701.7981467866873,0,MALE,PhD,Prof-specialty,Reading,husband,94924.79182046502,95519.11268761815,B,B,B,A,A,9715.479870756437,1
1665,366,34,CA,100/300,2000,928.4370109461478,1000000,FEMALE,JD,Machine-op-inspct,Reading,not-in-family,87880.4902411285,36995.74585498593,A,B,C,B,C,6047.515808751706,1
1666,159,39,FL,100/300,2000,1789.733780337941,0,MALE,High School,Machine-op-inspct,Movies,unmarried,58361.067513222995,93307.50776964788,C,A,A,B,B,4272.450810269113,0
1667,97,71,TX,250/500,2000,1740.931266562165,0,FEMALE,High School,Exec-managerial,Reading,wife,90101.1672963601,31514.999859964755,C,B,A,C,A,8833.005486438555,0
1668,213,60,FL,250/500,1000,1866.3999270831184,0,MALE,Masters,Prof-specialty,Exercise,unmarried,48893.37254975457,80076.24736706844,B,C,C,C,C,5978.572401282499,0
1669,205,60,IL,250/500,2000,842.7330549585034,1000000,FEMALE,PhD,Prof-specialty,Camping,wife,11229.629637345673,14295.551539939555,C,A,C,B,B,2872.5818732592943,0
1670,123,63,TX,250/500,1000,1141.858278312167,0,FEMALE,JD,Machine-op-inspct,Chess,other-relative,34032.038401234255,75212.3889380507,A,B,C,A,B,8117.2871581320105,0
1671,83,59,CA,250/500,2000,1901.2261548306383,0,MALE,High School,Craft-repair,Reading,other-relative,25803.91576600175,55070.477632110706,A,C,B,A,C,3349.1932335635925,0
1672,209,55,CA,500/1000,500,1479.4972928079383,2000000,FEMALE,JD,Machine-op-inspct,Exercise,own-child,11361.084778822351,61436.399115947934,B,B,B,C,B,2915.0943185167985,0
1673,250,39,NY,250/500,2000,1467.5978714091646,2000000,MALE,High School,Exec-managerial,Movies,unmarried,64085.982490487746,83246.15483132626,A,C,A,A,A,8649.416622850415,1
1674,408,22,NY,250/500,500,568.1881183851984,1000000,FEMALE,High School,Exec-managerial,Exercise,other-relative,19620.11200688949,46060.544615843,B,C,A,A,A,2206.392455769039,0
1675,440,57,CA,100/300,2000,617.3123137414324,0,FEMALE,Masters,Prof-specialty,Camping,husband,18568.482289729014,70817.61135849085,A,B,C,A,A,2226.167141986439,0
1676,225,44,CA,250/500,2000,807.9710986841202,0,MALE,High School,Prof-specialty,Camping,wife,30421.368187764485,9248.92762378483,A,B,A,A,A,9049.66064547488,0
1677,380,22,TX,250/500,500,1081.841037724727,0,FEMALE,College,Exec-managerial,Movies,not-in-family,24274.29506888248,97126.6412742866,B,C,A,C,B,7454.657883674942,0
1678,150,50,NY,500/1000,2000,921.674651191297,2000000,MALE,College,Craft-repair,Movies,unmarried,55069.66914732327,51144.516643682735,A,B,B,C,C,1329.2596275130938,0
1679,69,50,FL,250/500,1000,1961.6604028745573,1000000,MALE,Masters,Exec-managerial,Chess,not-in-family,1559.9012263138977,83066.96183427394,B,A,A,C,A,337.6643951824239,0
1680,143,43,CA,100/300,500,891.5985625203903,2000000,MALE,JD,Exec-managerial,Exercise,wife,44186.50023763189,4200.439981501769,B,B,C,B,B,1920.8432229209855,0
1681,158,39,FL,250/500,500,1442.6779039482922,1000000,MALE,PhD,Craft-repair,Camping,other-relative,65866.16592386125,14141.18058245175,C,A,B,C,A,9956.625344095306,0
1682,428,34,TX,100/300,1000,1366.0721558455252,1000000,MALE,College,Exec-managerial,Chess,wife,18781.09004689732,65315.458951597895,C,C,C,C,C,9176.939681637155,0
1683,338,44,IL,250/500,1000,1568.6681394446848,1000000,FEMALE,Masters,Adm-clerical,Reading,wife,14989.058283240209,31292.994169974252,B,A,A,C,B,2405.366650702462,0
1684,425,19,CA,100/300,2000,661.76634225284,5000000,MALE,High School,Machine-op-inspct,Camping,wife,90582.30026537046,76199.24464759615,C,C,A,A,A,5736.753331423463,0
1685,31,63,TX,250/500,1000,1719.4270850796288,0,MALE,PhD,Craft-repair,Camping,wife,82006.09238023848,78760.98911961327,A,B,B,A,A,5770.7172302338095,0
1686,489,37,CA,250/500,1000,557.9826002822249,0,MALE,College,Exec-managerial,Reading,own-child,25555.213543155063,68607.80389458941,A,B,A,A,B,7730.459467453095,0
1687,420,54,TX,250/500,2000,1103.7809402472371,0,MALE,High School,Exec-managerial,Chess,unmarried,83492.75875536673,60493.57553665898,B,B,B,A,B,3433.225804634765,0
1688,173,56,IL,500/1000,1000,1191.0615130026172,0,MALE,High School,Exec-managerial,Movies,husband,88617.63723791103,61925.868058415275,A,A,C,A,A,781.2030398311297,0
1689,42,61,CA,500/1000,500,628.3532061163639,2000000,FEMALE,High School,Adm-clerical,Chess,husband,11464.021581160865,91249.42070018602,A,C,A,B,C,5097.061055313866,0
1690,212,64,CA,250/500,500,1557.1403490848954,0,FEMALE,PhD,Machine-op-inspct,Camping,unmarried,75233.87190008137,90392.35388058466,B,A,C,B,B,3211.7146864268025,0
1691,196,32,IL,100/300,500,1911.5149125916923,0,MALE,JD,Exec-managerial,Camping,other-relative,52341.17763104414,65090.97893826951,A,B,B,B,B,8017.020593744,0
1692,412,48,TX,250/500,500,1269.3037549636097,0,FEMALE,JD,Exec-managerial,Movies,wife,72725.16342485105,37199.10975550885,C,C,A,A,A,2743.5986270645444,0
1693,312,72,CA,500/1000,1000,799.732252232591,0,MALE,PhD,Machine-op-inspct,Reading,husband,71201.19736693506,16171.122850885167,B,C,B,A,C,4109.967512320218,1
1694,233,67,TX,500/1000,1000,812.2754104475894,5000000,FEMALE,College,Adm-clerical,Camping,other-relative,46248.96601540448,65069.58708941113,A,C,A,C,B,1837.964780377377,1
1695,154,45,IL,500/1000,500,653.7642187112053,0,MALE,High School,Craft-repair,Exercise,other-relative,1621.1663865802639,39758.56264567379,C,C,A,A,A,428.90788553304316,0
1696,274,58,IL,100/300,1000,1877.4310207390884,0,FEMALE,College,Exec-managerial,Camping,other-relative,66624.03124922786,43860.22474735344,B,A,A,B,A,678.7671710490014,0
1697,449,24,TX,250/500,2000,1746.303093767824,1000000,FEMALE,JD,Exec-managerial,Movies,unmarried,59196.62311432314,44658.79442914772,B,C,B,B,B,9155.190455926018,0
1698,216,56,TX,250/500,500,1866.3351772587046,0,FEMALE,PhD,Prof-specialty,Exercise,own-child,48755.80682442161,39824.33447778427,C,C,C,B,C,840.0580323822979,0
1699,145,62,TX,250/500,1000,1785.3984562439575,0,MALE,Masters,Adm-clerical,Camping,unmarried,69160.12521937973,83199.16462814996,C,A,A,B,B,4518.988985281809,0
1700,426,63,IL,500/1000,2000,1418.797950507037,1000000,FEMALE,JD,Exec-managerial,Exercise,not-in-family,56478.91019045109,10307.343456912755,A,A,C,A,C,4868.517958350515,0
1701,450,18,IL,500/1000,2000,1894.2253281484138,0,FEMALE,High School,Craft-repair,Camping,husband,35175.686283761366,49599.03333162009,A,A,C,A,A,7909.326320299528,0
1702,157,24,TX,250/500,2000,1614.747526717751,2000000,FEMALE,PhD,Prof-specialty,Chess,own-child,79430.92246534229,32838.27777334648,A,C,C,C,B,401.5659860334302,0
1703,183,24,TX,250/500,2000,1877.0893770911061,0,MALE,Masters,Adm-clerical,Movies,wife,74049.54685743671,77398.2367299007,A,A,B,A,C,5360.306757414782,0
1704,198,26,TX,250/500,1000,1107.852104216159,0,MALE,JD,Prof-specialty,Movies,unmarried,58356.4777090389,23258.581593081628,B,A,B,B,C,7604.063493077266,0
1705,257,73,CA,250/500,1000,1827.9338762083746,1000000,FEMALE,JD,Exec-managerial,Reading,wife,51585.0310455579,44916.42292125957,C,B,C,C,B,116.18537119240743,0
1706,150,28,IL,250/500,2000,1685.9794458783203,1000000,FEMALE,High School,Prof-specialty,Camping,not-in-family,64536.85314443479,77873.53222067226,B,A,B,B,C,2436.1930823366924,1
1707,480,74,CA,250/500,500,1816.3065260294513,0,MALE,College,Craft-repair,Movies,husband,61179.24462796773,40871.70603100284,A,A,B,C,A,2947.8309185460485,0
1708,100,61,IL,250/500,1000,1948.5039606163705,2000000,FEMALE,Masters,Machine-op-inspct,Chess,husband,20706.342028858082,30952.58049376912,C,B,B,B,A,5015.3603501198195,1
1709,289,70,FL,250/500,2000,1491.100117449795,0,FEMALE,High School,Adm-clerical,Camping,not-in-family,16230.085422395447,69852.95111679826,C,B,C,B,B,6152.167240263224,0
1710,251,40,CA,250/500,500,976.002001905345,0,FEMALE,PhD,Adm-clerical,Exercise,not-in-family,25443.840975922936,46978.6615087748,C,C,B,A,A,656.4393608980455,1
1711,32,69,TX,100/300,2000,533.9758327804657,0,FEMALE,JD,Craft-repair,Reading,wife,36007.92114006921,57509.43509432184,B,A,A,C,C,8375.470809862305,0
1712,54,55,IL,100/300,1000,1531.8606414675269,0,FEMALE,College,Prof-specialty,Chess,own-child,85909.46342980307,34227.311927092975,A,C,A,B,A,8216.61321554186,0
1713,219,35,FL,250/500,500,1597.1831719992645,2000000,FEMALE,College,Machine-op-inspct,Camping,wife,11057.975896114702,63362.683807725014,C,A,B,C,A,9206.297942512228,0
1714,461,66,TX,100/300,500,1525.620064842298,2000000,MALE,College,Exec-managerial,Exercise,husband,67008.03735245447,66535.12362006148,C,C,A,A,C,8497.383178649314,0
1715,54,33,IL,500/1000,500,1493.8541199392816,0,FEMALE,Masters,Prof-specialty,Camping,own-child,11422.012597197485,44094.2199516436,C,B,B,C,B,1313.0841562486362,0
1716,208,63,NY,500/1000,1000,594.0378546422343,0,FEMALE,High School,Adm-clerical,Exercise,husband,37369.196034835106,17898.38287462393,B,B,C,B,C,5793.824237221378,0
1717,458,22,NY,100/300,1000,1760.1926409082405,1000000,MALE,PhD,Adm-clerical,Camping,other-relative,39745.79923042659,27963.56207432046,A,A,A,A,C,669.3849358597939,0
1718,427,63,FL,250/500,2000,1961.915486767842,0,MALE,High School,Adm-clerical,Camping,husband,71660.61616522231,33388.63829307465,A,B,B,B,A,8045.438687389325,0
1719,122,42,CA,250/500,2000,1230.7128890979511,0,FEMALE,JD,Adm-clerical,Camping,wife,89108.99613353756,47700.332840803174,C,B,A,A,A,9762.512150368288,0
1720,479,69,FL,100/300,2000,1040.282575129761,0,FEMALE,College,Machine-op-inspct,Exercise,wife,63920.01903720711,93181.04348831596,A,C,C,B,C,1740.2644556218997,0
1721,422,22,TX,500/1000,1000,1695.591657002717,1000000,MALE,JD,Adm-clerical,Reading,other-relative,90398.9979748256,2576.676921508314,C,C,A,B,A,6258.8543988257825,0
1722,274,47,CA,500/1000,1000,1117.9217082359592,0,FEMALE,College,Machine-op-inspct,Camping,husband,37795.811418044956,20106.284785369022,B,A,B,C,A,7331.17606408345,0
1723,114,67,FL,100/300,1000,572.1669620090287,0,MALE,College,Adm-clerical,Exercise,wife,75588.68559021348,1166.1902227510623,A,B,B,C,C,1626.0335347491907,1
1724,258,60,FL,100/300,500,1258.0989503090145,2000000,MALE,High School,Craft-repair,Reading,husband,57392.090720774046,62859.74198444577,A,C,C,A,A,2247.343574446098,0
1725,273,73,NY,250/500,500,1352.034747320869,0,FEMALE,High School,Exec-managerial,Chess,not-in-family,76211.25275355681,23480.18192713658,C,A,B,C,B,3794.1090845212184,0
1726,241,42,TX,100/300,2000,1988.3322497929448,0,FEMALE,JD,Craft-repair,Camping,not-in-family,67999.6238073479,99424.70744830181,A,B,B,C,A,1925.0389610793943,0
1727,380,68,CA,100/300,1000,1163.482918212464,1000000,MALE,Masters,Adm-clerical,Movies,husband,35056.00301515994,19719.54659246241,A,A,A,B,C,3284.0789315646484,1
1728,498,21,NY,500/1000,1000,1067.471287440562,0,FEMALE,College,Machine-op-inspct,Exercise,not-in-family,54714.47996143353,45148.12314702781,B,A,A,B,C,9997.679866343151,0
1729,76,36,NY,250/500,1000,1751.8039681281493,0,FEMALE,Masters,Prof-specialty,Chess,unmarried,97780.2212564902,30754.44365287903,C,A,C,C,C,9401.835185084301,0
1730,452,49,IL,100/300,1000,504.1960461808366,1000000,MALE,JD,Machine-op-inspct,Chess,other-relative,65153.78469720067,26518.789202759242,A,C,B,C,B,138.50893367688997,0
1731,459,29,TX,250/500,500,1215.9111658388833,0,MALE,JD,Exec-managerial,Movies,wife,68952.33087565232,95617.6458259274,A,A,A,C,B,7789.9727864865845,0
1732,432,24,NY,100/300,500,1481.6904779112294,0,MALE,High School,Machine-op-inspct,Exercise,own-child,22538.934760187345,87898.37078209677,C,B,C,B,A,6008.799215945329,0
1733,150,53,IL,100/300,2000,1691.1388944659043,0,FEMALE,JD,Prof-specialty,Reading,husband,55725.17225713272,775.1371772480975,B,B,A,C,A,7909.111390897971,0
1734,466,23,TX,250/500,2000,948.551812756667,0,MALE,High School,Prof-specialty,Movies,unmarried,26071.54626335495,36142.21300599605,C,B,B,C,B,4906.950870161987,0
1735,81,61,TX,100/300,1000,1135.6415122033377,0,MALE,PhD,Exec-managerial,Movies,other-relative,75418.89761673269,65774.39575437369,B,B,C,A,B,4154.413856877145,0
1736,147,34,CA,250/500,2000,569.5837245694705,1000000,MALE,Masters,Exec-managerial,Chess,unmarried,73539.53140839118,47453.77263684422,A,A,C,A,B,148.41746187939137,0
1737,141,31,TX,100/300,1000,833.8899851478595,0,MALE,College,Prof-specialty,Movies,other-relative,78728.02353432901,98445.37357967239,A,A,A,B,A,3751.839576155211,0
1738,422,19,FL,500/1000,1000,1771.9377370397547,1000000,FEMALE,High School,Exec-managerial,Camping,other-relative,218.82823552192843,71571.56477937971,C,C,C,C,B,7090.352437925414,0
1739,285,29,TX,500/1000,1000,1534.1991872185781,0,MALE,Masters,Exec-managerial,Exercise,unmarried,68193.79179576773,60891.87596392879,B,C,A,A,B,8087.284608765023,0
1740,191,72,NY,100/300,2000,1663.3123822237585,0,MALE,PhD,Adm-clerical,Movies,unmarried,17796.996846542603,39477.41762640293,C,C,C,B,B,1286.7245902143147,0
1741,61,74,FL,250/500,500,740.5748434137217,0,MALE,JD,Prof-specialty,Reading,not-in-family,1230.577134222255,16984.179503977048,C,B,B,B,B,828.97257373026,1
1742,406,28,NY,500/1000,2000,817.988678401111,0,FEMALE,Masters,Adm-clerical,Camping,wife,81279.09444746963,71003.54389144527,A,B,B,B,B,8235.944090697092,0
1743,271,65,NY,500/1000,1000,1070.3310442533557,0,FEMALE,College,Prof-specialty,Exercise,husband,87683.64656613216,3683.9051168717106,A,B,C,A,A,3243.216739721002,1
1744,121,50,NY,250/500,2000,1798.4031175937644,0,MALE,PhD,Adm-clerical,Exercise,own-child,85593.69242575174,92760.92005386425,C,A,C,C,B,8427.455750625155,0
1745,60,19,IL,500/1000,2000,1486.813482223822,0,MALE,PhD,Exec-managerial,Reading,wife,392.84735858078346,38369.60693952798,A,A,C,B,A,9872.974273290953,0
1746,64,41,CA,250/500,2000,987.2533856449234,0,MALE,JD,Machine-op-inspct,Reading,wife,2900.4262633130606,55186.521894889585,C,A,A,C,B,1675.3697186810605,0
1747,204,33,IL,100/300,500,530.7200073899221,2000000,FEMALE,JD,Exec-managerial,Camping,unmarried,74612.99420891299,40514.68201647689,A,C,B,B,A,2808.0881896667975,0
1748,158,72,NY,500/1000,500,1576.9598139449022,2000000,MALE,High School,Prof-specialty,Camping,other-relative,88650.14293700647,36501.57856328296,C,A,B,C,B,7648.122604615689,0
1749,452,20,TX,250/500,500,606.8611433330403,0,MALE,PhD,Craft-repair,Reading,other-relative,6544.61038848162,98291.1615361295,B,C,C,C,C,3693.704083490598,0
1750,48,57,TX,250/500,500,714.9235011275348,0,MALE,JD,Machine-op-inspct,Camping,own-child,72224.93269508488,56272.732891797474,B,C,C,A,B,465.0096225009941,0
1751,426,57,NY,250/500,500,1766.9723482104089,0,FEMALE,Masters,Exec-managerial,Movies,not-in-family,58521.6597185348,88089.31670041551,A,C,B,B,C,5052.317375318036,0
1752,372,62,TX,250/500,2000,609.626704705283,0,MALE,JD,Craft-repair,Reading,husband,41869.23310696402,19468.924337414406,A,A,A,A,C,3739.3969651845064,1
1753,330,26,IL,250/500,2000,887.0311511671451,0,FEMALE,PhD,Exec-managerial,Chess,not-in-family,72164.55843106408,54208.92229186201,B,C,B,B,A,1349.4778465692998,0
1754,206,22,TX,500/1000,2000,691.6853944126403,0,FEMALE,High School,Machine-op-inspct,Movies,wife,85041.23280261546,48578.86387920427,C,C,C,C,C,1783.5041574598004,0
1755,243,60,CA,250/500,2000,1122.7033251058638,0,FEMALE,JD,Adm-clerical,Movies,own-child,77234.41623625318,39017.94569318384,C,B,B,C,C,3266.425721439295,0
1756,498,18,NY,500/1000,2000,1379.1327949505649,1000000,MALE,Masters,Adm-clerical,Movies,other-relative,60110.40103070573,49106.13624343977,A,C,C,A,A,8209.48421055298,1
1757,187,33,FL,500/1000,2000,825.5397945783739,0,FEMALE,College,Craft-repair,Movies,not-in-family,16354.096940969232,24175.540393560736,A,C,B,A,C,1605.6621440626925,0
1758,429,42,CA,500/1000,1000,1658.0242216791246,2000000,MALE,College,Prof-specialty,Exercise,wife,9667.458592288358,79324.30539001407,B,B,C,A,C,5007.568447640667,1
1759,270,42,TX,100/300,500,609.9598685646959,0,FEMALE,Masters,Prof-specialty,Movies,unmarried,33762.19158788847,60742.775452401496,C,B,B,C,C,5396.076655161151,0
1760,304,36,NY,100/300,1000,1519.5329927608868,0,FEMALE,JD,Machine-op-inspct,Reading,not-in-family,34641.39795197969,11876.874753919232,C,B,C,B,B,1065.1057443137322,1
1761,478,63,FL,100/300,1000,1342.3699317709259,1000000,MALE,JD,Exec-managerial,Reading,wife,46010.50948223948,48421.553928418245,C,B,A,B,C,5554.179800223347,1
1762,308,35,CA,500/1000,500,846.9225662410992,1000000,FEMALE,College,Adm-clerical,Movies,not-in-family,31045.618185372037,94338.37954266142,B,B,A,C,A,5170.971429878581,0
1763,4,44,TX,100/300,500,652.958914162588,0,FEMALE,High School,Craft-repair,Exercise,wife,45046.47267007886,93995.31064938784,B,A,C,C,B,6943.591172188752,0
1764,390,73,TX,250/500,1000,1902.7826612031645,0,MALE,College,Machine-op-inspct,Movies,husband,99543.37753842765,98982.74491760865,C,B,A,C,C,8001.185281219577,0
1765,20,70,NY,250/500,1000,1966.3021233845145,0,FEMALE,Masters,Adm-clerical,Movies,own-child,39500.7187141971,22134.737788514336,A,A,B,B,B,8394.061202573695,0
1766,43,26,TX,250/500,1000,1320.0671589713797,0,FEMALE,High School,Exec-managerial,Exercise,husband,34904.38683869214,80344.39637351393,B,B,C,C,B,5232.225226288991,1
1767,215,55,NY,100/300,2000,990.4775501683714,5000000,FEMALE,Masters,Exec-managerial,Movies,unmarried,46907.05234611366,59261.28561645626,B,A,A,A,A,5636.960383881434,0
1768,126,38,FL,100/300,1000,771.9812750196679,5000000,MALE,College,Prof-specialty,Chess,husband,71394.85997871838,77106.14832901148,B,C,C,B,B,6380.634489991878,0
1769,448,22,IL,500/1000,500,872.0556314445308,1000000,MALE,College,Craft-repair,Reading,husband,86904.01657051679,64830.349985215595,A,B,C,C,B,9730.291120819946,0
1770,445,65,NY,250/500,500,1771.2128976205615,1000000,MALE,High School,Prof-specialty,Exercise,unmarried,36772.0507939079,23837.16238513276,C,A,B,B,A,827.6884087739483,0
1771,430,47,CA,250/500,500,729.0108381366161,0,MALE,JD,Exec-managerial,Exercise,not-in-family,75878.08070511054,9293.348205448392,A,B,A,C,C,5601.391668703809,1
1772,156,25,IL,100/300,1000,1156.6120729528882,0,FEMALE,JD,Craft-repair,Reading,not-in-family,4416.333278420015,48850.11004913665,C,C,A,A,A,381.0874657402542,0
1773,62,45,IL,250/500,1000,1931.3512743088656,0,MALE,College,Craft-repair,Camping,wife,59165.60416108879,38677.413265800176,B,C,C,C,C,7333.2691366884865,0
1774,112,34,CA,250/500,1000,1988.2241518883793,5000000,FEMALE,JD,Machine-op-inspct,Chess,not-in-family,84605.05083529622,41302.36504419276,C,B,C,C,B,7953.40978694219,0
1775,151,54,IL,500/1000,500,933.3118965958174,0,FEMALE,Masters,Adm-clerical,Camping,own-child,18082.442738460526,57956.10967814071,B,A,C,A,C,290.76076907942047,0
1776,431,69,IL,250/500,2000,1224.4410889571516,0,MALE,Masters,Adm-clerical,Camping,other-relative,60177.31392909489,76889.9694751347,A,B,B,A,B,8408.523041427225,0
1777,132,38,CA,100/300,2000,710.6022357962023,0,MALE,JD,Exec-managerial,Movies,not-in-family,96102.4264027554,72650.24146845244,C,B,A,C,A,4079.375706679658,0
1778,342,35,CA,100/300,2000,953.6397327600954,1000000,FEMALE,High School,Craft-repair,Reading,own-child,14101.928560084863,47706.72539936101,A,A,C,B,A,3029.170006441305,1
1779,149,70,NY,100/300,500,605.7204746756418,5000000,FEMALE,Masters,Adm-clerical,Movies,wife,86684.13964432395,53164.09700485728,B,C,B,B,C,1351.0086135642373,0
1780,121,27,NY,250/500,1000,1542.9530880651146,0,MALE,Masters,Adm-clerical,Chess,own-child,73314.38961017899,58235.6255872614,A,A,C,B,B,1170.7352254107411,0
1781,256,23,NY,500/1000,2000,561.9532641071129,0,MALE,Masters,Craft-repair,Movies,other-relative,32076.11863096219,75792.03530445146,B,A,A,A,A,3543.576300845194,0
1782,283,61,IL,250/500,500,667.5062908299836,0,MALE,Masters,Exec-managerial,Reading,husband,81842.51109414139,88074.37473257419,B,C,A,A,A,4019.7687543280017,0
1783,229,54,NY,250/500,2000,1378.078574571847,5000000,FEMALE,College,Exec-managerial,Exercise,unmarried,70622.39456544182,52670.273744777885,C,B,A,C,A,9854.701564908419,0
1784,197,40,IL,100/300,1000,1300.739438742702,1000000,MALE,Masters,Machine-op-inspct,Movies,unmarried,72236.02996833427,86319.4934111527,A,C,A,B,C,9266.684739149498,0
1785,223,35,IL,100/300,2000,1654.5949393676906,0,MALE,High School,Prof-specialty,Reading,other-relative,85429.64612176818,93395.28807531235,C,B,A,C,B,9453.804783238891,0
1786,204,74,IL,100/300,2000,664.6970368265231,0,FEMALE,PhD,Adm-clerical,Exercise,own-child,31936.65240780714,19894.479377273277,C,B,C,B,A,3293.834689857014,1
1787,384,62,CA,250/500,1000,1236.023255525216,0,MALE,Masters,Exec-managerial,Exercise,unmarried,90819.67586883929,46586.563750575064,C,A,A,A,A,2260.47870682445,0
1788,365,31,FL,100/300,500,1807.3367075529125,0,MALE,High School,Prof-specialty,Exercise,not-in-family,21094.94871779326,33002.937997029556,A,B,A,C,C,1169.0721453789752,1
1789,249,49,FL,100/300,500,1254.2056678010586,0,FEMALE,Masters,Prof-specialty,Exercise,husband,28398.90621517367,14119.574403296276,B,C,A,B,C,4219.171628517234,1
1790,333,70,TX,100/300,2000,1981.3073811797856,1000000,FEMALE,High School,Craft-repair,Reading,own-child,37651.36205433644,26418.328768586918,A,A,C,B,B,3593.5016476417522,0
1791,36,37,IL,500/1000,1000,1498.9906272790695,0,FEMALE,PhD,Exec-managerial,Reading,husband,69522.66653145006,41152.32066797593,C,B,A,A,B,3171.5739405822046,0
1792,165,71,IL,250/500,500,830.1531831727157,1000000,MALE,High School,Exec-managerial,Chess,other-relative,7472.848067311888,51994.77625433533,B,C,A,B,B,769.9206632218427,0
1793,392,54,NY,100/300,2000,781.3680649712874,0,FEMALE,JD,Adm-clerical,Movies,own-child,25182.774561896636,51362.06315247687,A,B,B,B,A,3778.4144926246313,0
1794,33,74,IL,250/500,1000,1245.2723688286887,0,FEMALE,Masters,Machine-op-inspct,Movies,unmarried,42648.127860776105,32892.83605779808,C,C,C,C,C,8432.320867782695,0
1795,426,22,NY,500/1000,1000,1231.1700512294867,0,FEMALE,JD,Craft-repair,Exercise,other-relative,35343.99160067351,95258.18667188525,A,C,C,A,B,6374.732777272165,0
1796,315,42,NY,500/1000,1000,1753.8632211070624,1000000,MALE,Masters,Adm-clerical,Movies,not-in-family,95080.46670981051,5234.547671330892,C,A,B,B,A,8642.389411204442,1
1797,467,52,FL,250/500,2000,630.1865911623155,0,FEMALE,Masters,Adm-clerical,Reading,not-in-family,15923.797685460484,76456.7513225439,A,C,A,C,A,668.1889378292504,0
1798,372,39,IL,500/1000,1000,1440.4454689067352,0,MALE,JD,Exec-managerial,Camping,own-child,5734.412306604175,92107.51045860817,B,B,A,C,A,2583.127577837628,0
1799,52,25,NY,100/300,500,1977.0083083452657,0,MALE,Masters,Machine-op-inspct,Camping,other-relative,43276.15698952543,77129.6529035794,C,A,C,C,B,2694.0140668485606,0
1800,47,52,IL,500/1000,500,1205.5040480972423,0,MALE,High School,Prof-specialty,Chess,own-child,13462.992834515608,12584.321343135307,A,C,B,C,A,5522.153261310747,1
1801,416,28,NY,500/1000,500,1580.0329842933936,0,MALE,High School,Adm-clerical,Movies,husband,51092.017967444706,86911.79295686782,C,B,A,B,A,9524.257842571285,0
1802,124,18,CA,500/1000,1000,1972.4985603294738,0,FEMALE,PhD,Prof-specialty,Reading,not-in-family,5151.169656050536,30103.775795580146,C,A,B,A,C,9768.37903209437,0
1803,44,49,TX,250/500,1000,1562.843204678655,0,FEMALE,JD,Craft-repair,Chess,unmarried,92248.72191887627,24005.34305877946,C,A,A,A,C,8882.049422651684,0
1804,340,43,FL,100/300,500,1045.3372540489477,0,FEMALE,PhD,Machine-op-inspct,Exercise,unmarried,29780.52648530871,94199.80951689383,C,C,A,C,A,4346.33943088869,0
1805,25,49,CA,100/300,2000,1584.8267937000378,1000000,MALE,PhD,Craft-repair,Movies,other-relative,32525.248098166394,49972.38238307745,C,A,C,A,B,8553.382729277111,1
1806,486,49,FL,500/1000,1000,606.8157450085799,1000000,MALE,High School,Exec-managerial,Reading,wife,47974.90910312123,44447.506327791874,A,C,A,C,A,8893.354390965224,0
1807,392,51,FL,250/500,500,1061.8594968213815,0,FEMALE,PhD,Exec-managerial,Exercise,husband,25374.78490893298,25057.48160210034,A,B,A,B,C,5909.385182844629,0
1808,59,54,FL,100/300,2000,1474.8903900742919,0,FEMALE,Masters,Craft-repair,Camping,husband,26176.444247606014,52286.753882479075,B,A,A,C,C,3562.816219183343,0
1809,389,30,FL,100/300,2000,1525.3211118445613,2000000,FEMALE,JD,Adm-clerical,Reading,own-child,86327.11110104238,49512.74743928375,A,B,C,C,C,4706.332732880951,0
1810,92,32,FL,500/1000,2000,648.2688934502146,0,FEMALE,PhD,Adm-clerical,Movies,wife,88219.8600367168,35242.14869133413,A,A,B,A,A,5540.9293032088935,0
1811,355,55,CA,250/500,1000,1035.8059408924387,0,FEMALE,PhD,Machine-op-inspct,Exercise,not-in-family,5675.435956232322,33753.0315971698,B,A,A,B,C,6099.237830254326,0
1812,422,20,FL,500/1000,500,815.7295218906678,0,MALE,JD,Exec-managerial,Reading,wife,20839.68439169226,27053.475969219966,C,C,C,C,C,2514.55989773293,0
1813,274,33,NY,250/500,500,564.9501261064496,0,MALE,JD,Machine-op-inspct,Chess,wife,52071.27659217431,72938.6727932396,C,C,B,C,B,1848.0607611983382,0
1814,171,53,CA,500/1000,1000,691.766514476347,0,FEMALE,PhD,Exec-managerial,Camping,husband,99487.50809538472,88190.13394688904,B,A,A,B,A,5527.309497485148,1
1815,283,19,FL,100/300,1000,1033.3309113959708,0,FEMALE,Masters,Adm-clerical,Movies,own-child,95003.37465070929,59821.11494721768,C,A,C,B,C,3587.47141013211,0
1816,482,32,TX,250/500,500,1073.8541437027334,5000000,MALE,College,Machine-op-inspct,Movies,other-relative,74298.29984377671,53787.233030059935,A,B,B,B,C,7585.624892616302,0
1817,230,60,IL,250/500,500,1677.4130404726359,0,MALE,JD,Machine-op-inspct,Chess,other-relative,45407.31980780292,74554.25716230199,A,C,A,C,A,4459.375209256921,0
1818,369,21,CA,100/300,500,638.1179806779628,1000000,MALE,PhD,Adm-clerical,Reading,unmarried,88266.32730169143,57732.19829176722,A,C,C,B,C,2447.723250113078,0
1819,2,30,NY,500/1000,500,1008.0938976771322,1000000,FEMALE,Masters,Machine-op-inspct,Reading,wife,56119.1313484418,30906.16222054522,C,C,B,B,C,3845.9871295166586,0
1820,356,56,NY,100/300,1000,1894.5215967088861,1000000,MALE,College,Machine-op-inspct,Camping,not-in-family,12661.189176883503,43448.56762374061,B,C,C,B,C,7542.7351192597025,0
1821,397,33,TX,100/300,1000,727.3054318426426,0,FEMALE,PhD,Prof-specialty,Reading,husband,32020.99672247225,40747.73932318566,B,A,C,B,B,336.30457946503543,0
1822,14,59,IL,100/300,500,536.3033916093177,0,MALE,College,Prof-specialty,Reading,wife,90753.42306885413,41688.15182315322,C,B,B,A,A,7394.418846987604,0
1823,245,66,IL,100/300,1000,735.6297801810115,5000000,FEMALE,PhD,Machine-op-inspct,Camping,unmarried,97754.26445092897,60317.91741634139,B,A,B,B,C,2240.6656951865666,0
1824,154,26,FL,250/500,1000,1944.497518641505,2000000,MALE,Masters,Machine-op-inspct,Movies,unmarried,86067.9217133492,53203.50199123323,A,B,B,C,A,5770.874401307924,0
1825,413,52,IL,500/1000,1000,1264.6477010672168,0,FEMALE,High School,Prof-specialty,Chess,own-child,31327.74163450013,4239.607494611164,A,A,B,A,C,3741.5740483694904,0
1826,468,71,CA,500/1000,2000,1462.0769849250933,5000000,FEMALE,Masters,Prof-specialty,Movies,wife,87192.210045385,9296.074264736066,A,C,A,C,A,6458.809163535545,1
1827,470,65,IL,100/300,1000,648.3515090712874,2000000,MALE,Masters,Craft-repair,Exercise,not-in-family,4114.262982151973,313.31563724165125,C,A,B,C,B,1012.8338409866625,1
1828,8,43,FL,250/500,1000,1132.7017588298045,1000000,FEMALE,High School,Craft-repair,Camping,not-in-family,76900.8717656006,89451.43747470684,C,A,C,A,B,298.16278482992107,1
1829,70,44,NY,250/500,1000,1270.1831676557117,1000000,FEMALE,Masters,Craft-repair,Reading,unmarried,94159.6623115294,39198.47709931374,B,C,C,A,B,7453.830269514914,0
1830,300,56,IL,250/500,500,1228.2542081248166,1000000,MALE,High School,Craft-repair,Reading,not-in-family,26569.276357173323,46891.21766265849,C,A,C,B,C,4573.172719684772,0
1831,443,33,FL,100/300,500,1790.278420313614,0,MALE,JD,Machine-op-inspct,Movies,wife,1447.8550682309187,1984.5387071038444,C,B,A,B,B,4414.828071682233,0
1832,61,71,FL,500/1000,500,804.4309606120678,1000000,FEMALE,College,Prof-specialty,Chess,husband,80873.95601459977,40653.72037345475,C,B,C,A,B,2257.1344609388534,0
1833,378,27,TX,500/1000,500,1091.5661916884765,0,MALE,JD,Adm-clerical,Exercise,husband,30831.0588866877,67596.47037833865,A,C,A,A,B,8102.813403325264,0
1834,481,38,IL,100/300,500,1449.985122513372,5000000,FEMALE,JD,Prof-specialty,Reading,unmarried,15467.133198256079,25554.30502063788,C,A,A,B,B,2729.783870606952,0
1835,448,44,NY,500/1000,1000,1690.7973281122936,0,MALE,PhD,Craft-repair,Exercise,wife,12241.963016119616,64352.34769830763,B,A,C,B,A,7976.003047494246,1
1836,215,33,FL,100/300,500,1252.3616560180778,2000000,MALE,College,Adm-clerical,Camping,unmarried,3985.9378586891594,8016.346816794795,A,C,C,B,C,2590.4904163787182,0
1837,400,73,IL,500/1000,1000,1548.352300735541,0,FEMALE,PhD,Adm-clerical,Exercise,husband,94507.5177926397,53543.51216277304,A,B,C,B,B,3986.0447544489816,0
1838,48,48,CA,500/1000,500,577.1728486689855,0,MALE,High School,Exec-managerial,Movies,other-relative,68990.68481887886,97458.31884911338,C,A,C,C,C,782.4912685327203,0
1839,0,42,CA,250/500,500,823.7472820044572,0,MALE,Masters,Exec-managerial,Chess,husband,41105.056140270535,95314.569852383,A,B,C,B,A,4807.33734193307,0
1840,67,68,NY,250/500,2000,526.1996015822884,0,MALE,JD,Machine-op-inspct,Chess,husband,71880.15097311792,81634.59003865036,A,A,A,C,C,7268.848161845577,0
1841,413,30,CA,100/300,500,1521.6399065576911,0,FEMALE,High School,Craft-repair,Reading,unmarried,70878.03639869306,47194.53881586253,B,B,C,A,A,5838.497463539506,0
1842,354,59,FL,250/500,1000,576.9269949750467,0,MALE,JD,Exec-managerial,Chess,unmarried,81982.95245448014,1825.8726136449077,A,C,B,C,A,7451.771094998217,0
1843,97,72,TX,100/300,1000,1074.3895735334172,0,FEMALE,PhD,Craft-repair,Reading,unmarried,26660.97865024212,57819.09866629587,B,C,A,C,B,5645.465117726431,0
1844,41,53,FL,100/300,1000,680.6740925190925,0,MALE,High School,Machine-op-inspct,Reading,wife,80172.26068892961,9328.313806767163,B,C,C,A,C,8952.840332464111,0
1845,238,47,CA,100/300,2000,525.2868582283277,2000000,FEMALE,JD,Craft-repair,Exercise,other-relative,12209.959993487662,21069.948885733626,B,A,B,A,C,9856.017837306441,1
1846,393,23,TX,500/1000,1000,1653.1532683989305,1000000,FEMALE,JD,Machine-op-inspct,Reading,unmarried,26657.48281657565,59932.24635077724,C,A,B,B,B,7504.864052258704,0
1847,290,56,IL,100/300,1000,1647.5924536746393,2000000,MALE,JD,Adm-clerical,Exercise,husband,91708.54972724245,38930.73866009882,B,A,A,B,C,4551.325149711381,0
1848,495,50,FL,100/300,1000,517.3877249805691,5000000,FEMALE,JD,Exec-managerial,Exercise,unmarried,31154.97632398091,12137.693951926354,C,C,B,B,C,4804.851833792293,0
1849,21,23,NY,250/500,1000,780.0023560527169,1000000,FEMALE,High School,Machine-op-inspct,Exercise,husband,91263.80882833467,20704.304865387046,A,B,B,C,A,6500.386536487482,1
1850,18,22,NY,500/1000,2000,1198.6472775827483,2000000,MALE,High School,Craft-repair,Movies,husband,52668.67967382545,31947.76684574803,C,A,A,A,C,2172.2759438590456,0
1851,414,59,TX,500/1000,500,1991.2101355043674,1000000,MALE,College,Machine-op-inspct,Camping,wife,34653.669118215235,86239.12229452353,C,B,A,C,B,3225.557381757405,0
1852,93,46,CA,500/1000,500,673.7939319432369,0,MALE,Masters,Prof-specialty,Reading,unmarried,43871.95413948595,93224.02701699283,A,A,C,A,C,4327.802915954574,0
1853,1,35,TX,500/1000,1000,733.637221478107,0,MALE,High School,Craft-repair,Reading,wife,3388.42358564474,99284.857055257,C,B,B,B,B,1839.3406749112794,0
1854,316,63,CA,100/300,500,1896.4372673182472,0,MALE,High School,Adm-clerical,Camping,unmarried,32980.87338800424,85620.46614040318,A,B,C,A,C,509.6276950203124,0
1855,36,31,NY,500/1000,2000,911.1039434203408,0,MALE,High School,Exec-managerial,Movies,unmarried,11300.111862851647,96589.06273247619,A,B,A,A,B,5554.385187186555,0
1856,180,27,CA,500/1000,1000,1668.7859875230415,0,MALE,College,Exec-managerial,Exercise,unmarried,84660.2997313991,52037.8230786065,C,A,A,B,A,4635.108270835921,0
1857,288,59,CA,100/300,500,617.2781818182755,1000000,MALE,High School,Exec-managerial,Movies,not-in-family,87619.66338551031,51039.56096626706,A,A,C,C,A,8315.135793881378,0
1858,241,33,CA,100/300,1000,1536.2043379754489,0,FEMALE,JD,Craft-repair,Movies,other-relative,79762.45289893418,39236.646933192365,A,B,B,B,C,5983.00898775285,0
1859,77,64,TX,100/300,1000,1290.5172007041026,0,MALE,PhD,Prof-specialty,Reading,other-relative,3692.9710069278144,30110.78147952475,A,B,A,A,A,8101.330842103459,0
1860,280,60,IL,250/500,1000,1051.02182504053,0,FEMALE,Masters,Craft-repair,Movies,husband,8844.98036252328,65558.97167186814,B,B,B,C,B,3643.6557373183214,0
1861,271,25,FL,250/500,500,1568.0998501054078,0,MALE,JD,Prof-specialty,Reading,husband,40718.616772934125,79719.88838973656,C,B,B,C,B,6479.577622851372,0
1862,25,25,FL,500/1000,1000,1556.2683942893905,5000000,FEMALE,High School,Exec-managerial,Reading,not-in-family,43063.34636794897,97151.46092250479,B,A,B,A,C,5786.572350085626,0
1863,483,72,FL,250/500,1000,1206.2703810714702,2000000,FEMALE,High School,Prof-specialty,Exercise,other-relative,96630.92493524612,63392.62383831595,A,B,B,B,C,8514.511023569125,0
1864,443,36,FL,500/1000,2000,1881.843209792677,0,FEMALE,High School,Prof-specialty,Movies,wife,72583.03902127821,77901.8888963124,A,A,B,B,B,6527.62530652066,1
1865,404,65,CA,100/300,500,1258.2823355345058,2000000,MALE,College,Machine-op-inspct,Chess,own-child,53897.75899057858,30621.55019381174,C,A,A,A,C,413.7092730639103,0
1866,269,56,FL,500/1000,1000,1497.1723927422045,0,FEMALE,Masters,Adm-clerical,Camping,other-relative,56518.04129902104,32179.45395273447,A,A,C,A,A,5580.170467698418,0
1867,75,55,CA,100/300,2000,1662.2190442707404,1000000,MALE,PhD,Machine-op-inspct,Chess,other-relative,68647.709375448,3206.5967803029394,A,A,B,C,C,6482.848498015783,0
1868,40,40,IL,500/1000,500,1390.1081781985124,0,FEMALE,JD,Prof-specialty,Reading,own-child,67104.31234406149,51709.19222525281,A,A,B,B,B,7207.755215856518,1
1869,311,59,IL,250/500,1000,812.1370276283882,0,MALE,High School,Adm-clerical,Exercise,not-in-family,98585.28675452236,64220.58908133679,C,B,A,C,A,6822.175873182463,0
1870,244,40,TX,100/300,2000,663.3480376561621,0,FEMALE,PhD,Adm-clerical,Exercise,unmarried,98436.63685570899,45018.27759358542,C,A,A,A,C,9370.895022734681,0
1871,91,46,FL,100/300,500,695.3430339431372,0,FEMALE,High School,Exec-managerial,Chess,wife,89346.45310694947,31460.28070312321,B,A,C,C,A,4529.827838959017,0
1872,305,28,IL,500/1000,2000,828.8555234235911,0,FEMALE,High School,Prof-specialty,Movies,not-in-family,71538.37463758628,79588.25527742201,C,C,A,C,A,377.6555877711896,0
1873,421,23,FL,100/300,500,969.2891125682249,0,FEMALE,High School,Prof-specialty,Reading,not-in-family,55668.23002124922,64266.19807962828,A,C,B,B,A,697.7534651642495,0
1874,467,66,IL,250/500,500,1763.795325188462,0,MALE,College,Craft-repair,Reading,other-relative,10342.807690043932,96502.65456757016,A,B,B,C,B,2492.026249436554,1
1875,93,51,IL,100/300,2000,1035.5816480173246,2000000,MALE,Masters,Machine-op-inspct,Reading,husband,99464.67387108906,38929.57701633286,A,C,C,B,B,401.60334326742645,1
1876,29,47,NY,250/500,1000,694.4779580635951,0,FEMALE,High School,Prof-specialty,Movies,unmarried,80457.40035383267,92057.58868581995,C,C,A,B,A,2521.1686148330627,0
1877,364,60,NY,100/300,1000,795.4901157403478,0,MALE,High School,Craft-repair,Movies,other-relative,76920.84037022741,94325.85619433978,A,C,A,B,A,966.1143449615867,0
1878,339,33,IL,250/500,2000,1377.9273496161104,0,FEMALE,High School,Machine-op-inspct,Chess,unmarried,56625.87571607678,78735.00076296862,B,B,A,A,A,2272.1141033663316,1
1879,219,21,CA,250/500,2000,1016.1741650899961,0,FEMALE,High School,Prof-specialty,Reading,husband,11991.088972964215,61283.096027740336,B,B,C,A,C,1147.6581229108706,0
1880,439,35,FL,250/500,500,1077.9310088546845,0,MALE,JD,Adm-clerical,Camping,husband,11560.99902650093,59975.28458868559,A,C,C,C,C,722.5596097786085,0
1881,135,70,NY,500/1000,1000,1035.9241074331678,0,MALE,High School,Exec-managerial,Reading,not-in-family,53486.71994103051,96814.74651271163,C,C,B,B,B,700.2603999699409,0
1882,265,55,IL,100/300,2000,1219.7304304493036,0,MALE,Masters,Adm-clerical,Exercise,unmarried,46168.79480947369,44285.48658503854,A,A,C,B,B,4708.509683387065,0
1883,409,57,NY,250/500,2000,1327.5572258221741,0,FEMALE,PhD,Craft-repair,Movies,own-child,69763.64466172268,47908.26104165161,B,B,A,C,C,2665.6049739445175,1
1884,301,62,NY,100/300,500,1354.2699509678148,0,FEMALE,College,Craft-repair,Movies,own-child,86381.74732547588,93025.36882515659,C,C,B,A,C,9800.076147515781,0
1885,131,55,IL,100/300,1000,1364.2606997066086,1000000,FEMALE,PhD,Prof-specialty,Movies,unmarried,1696.9155123588764,91326.28196263599,B,C,B,C,B,953.665742589745,0
1886,3,46,FL,250/500,1000,685.1124232759149,2000000,FEMALE,JD,Craft-repair,Chess,unmarried,58810.48410002917,30194.6135040438,A,B,B,C,C,935.8852435862997,1
1887,224,55,IL,250/500,2000,1697.6745897572287,1000000,FEMALE,High School,Adm-clerical,Chess,unmarried,45219.73532421693,77265.48085034214,C,B,B,C,A,7087.505315586827,0
1888,445,26,FL,250/500,2000,631.104052053897,1000000,MALE,Masters,Prof-specialty,Movies,own-child,19071.17683997108,53538.60431333494,A,C,B,C,A,3722.811096608411,0
1889,85,68,TX,250/500,500,947.4562870283924,5000000,MALE,College,Machine-op-inspct,Reading,other-relative,29847.810949755483,70465.29759073051,A,A,B,C,C,792.909135912419,0
1890,382,73,CA,100/300,500,1947.1769916051835,0,MALE,College,Prof-specialty,Movies,unmarried,93354.57323133675,54024.67371220424,C,C,A,C,B,6506.02748691268,0
1891,87,44,TX,250/500,2000,1984.459592728741,0,FEMALE,JD,Craft-repair,Camping,husband,73516.68333259587,37552.0839344022,C,A,A,C,C,6082.408343179349,0
1892,487,34,FL,100/300,500,1201.4486125949184,1000000,MALE,College,Craft-repair,Camping,other-relative,90916.13428504254,18996.988076772846,A,C,B,A,C,5641.609512046978,0
1893,46,28,FL,100/300,500,1389.8381413481607,0,FEMALE,Masters,Prof-specialty,Reading,other-relative,33700.454746484786,32200.026931675086,B,A,A,C,A,5276.836570641028,0
1894,231,50,NY,500/1000,500,1987.4525099449402,0,MALE,PhD,Craft-repair,Reading,not-in-family,28004.26288660701,8328.873494437894,B,A,B,A,C,5053.214032355251,0
1895,221,67,CA,100/300,1000,1256.1530716440318,0,MALE,High School,Craft-repair,Camping,husband,25958.176299262526,26682.734015230602,B,B,B,B,C,6677.804691152117,0
1896,147,25,NY,500/1000,1000,1418.9777090164002,0,MALE,PhD,Craft-repair,Exercise,own-child,52318.76836023671,45257.933014258146,A,A,A,C,A,3381.2435163773466,0
1897,172,29,FL,100/300,2000,925.455225801564,0,FEMALE,Masters,Adm-clerical,Camping,other-relative,65049.16321221013,49643.035601574884,C,B,A,B,A,4755.7230863787645,0
1898,383,70,IL,500/1000,500,1267.9744634119243,0,MALE,PhD,Machine-op-inspct,Reading,not-in-family,74107.14697577992,84270.34013942025,A,B,C,B,A,3812.8400171132994,0
1899,179,20,CA,100/300,500,598.8605415683593,2000000,FEMALE,High School,Machine-op-inspct,Chess,husband,13866.362643952834,6664.554198598061,B,B,B,C,C,3726.019004617333,0
1900,110,61,CA,100/300,1000,1767.2640065235755,1000000,MALE,JD,Prof-specialty,Camping,wife,25077.56194622638,5776.453508146584,C,A,C,C,A,3868.973664385293,0
1901,190,28,TX,250/500,2000,1468.8596523405397,1000000,FEMALE,College,Adm-clerical,Exercise,other-relative,35760.27886991546,29377.557724511473,A,B,A,A,B,214.73931824895976,0
1902,37,27,TX,100/300,1000,525.3925507045377,2000000,FEMALE,Masters,Exec-managerial,Camping,wife,3079.645554249355,5046.181945009364,A,A,C,B,A,634.7436133216895,0
1903,440,40,TX,100/300,500,513.3801177914341,2000000,FEMALE,PhD,Machine-op-inspct,Chess,wife,71779.60020038248,1800.6919847473935,B,A,C,A,C,4475.563668659215,0
1904,65,32,NY,500/1000,2000,1711.981160446084,0,FEMALE,College,Craft-repair,Chess,husband,15024.353253124635,48192.670208113064,A,C,A,A,B,466.4005836167796,0
1905,102,51,CA,500/1000,1000,1890.7175707340589,0,MALE,High School,Adm-clerical,Reading,other-relative,39559.78821300776,55406.91790018748,B,C,A,C,A,9371.286235129384,0
1906,16,43,FL,500/1000,500,1066.9986523379114,0,FEMALE,PhD,Craft-repair,Movies,own-child,96130.0024752205,24930.770514936685,C,C,C,C,C,9069.341259157683,0
1907,291,51,NY,500/1000,500,706.2886441894574,0,MALE,Masters,Craft-repair,Chess,own-child,67958.36802350555,94519.89969679137,A,B,B,A,B,4740.573112439206,0
1908,229,34,TX,250/500,2000,1793.9957951453441,0,FEMALE,High School,Machine-op-inspct,Chess,not-in-family,60630.59580075617,70381.003958996,B,A,B,B,A,2684.8119630479305,0
1909,337,66,NY,250/500,1000,1286.363448983118,1000000,MALE,Masters,Prof-specialty,Chess,other-relative,6795.140398860766,7798.594501832701,A,B,A,A,C,8094.017651068146,0
1910,279,24,CA,500/1000,1000,764.9979035435183,0,FEMALE,PhD,Craft-repair,Chess,unmarried,7091.300331729167,95580.96252217579,A,B,C,A,B,7013.0713335675555,1
1911,3,43,CA,500/1000,500,1979.6395166803436,1000000,MALE,PhD,Craft-repair,Chess,not-in-family,64168.30504132586,61669.13574945358,C,C,C,B,A,8625.255820474182,1
1912,442,59,TX,100/300,2000,982.126906135242,0,FEMALE,High School,Adm-clerical,Movies,other-relative,31567.603445468972,14735.813915822038,C,B,C,A,C,8818.934258899353,0
1913,411,44,NY,500/1000,1000,1378.6632151475687,5000000,MALE,Masters,Machine-op-inspct,Camping,other-relative,29743.374703808735,8821.740276135326,C,B,A,A,B,5768.000402038578,0
1914,410,32,CA,100/300,2000,643.6121749861421,1000000,MALE,JD,Craft-repair,Camping,other-relative,33648.53147675035,11686.736704189738,A,B,C,B,A,9184.733665471524,0
1915,461,49,IL,100/300,500,1116.8266824580985,0,MALE,High School,Prof-specialty,Chess,wife,64426.77219854292,51287.45147273611,B,C,B,A,C,6391.876736016579,0
1916,248,52,FL,100/300,2000,1401.8841634751284,0,MALE,College,Machine-op-inspct,Reading,other-relative,15312.162947502828,48343.35215186046,B,C,B,C,B,2310.428907661436,1
1917,8,41,NY,100/300,500,1969.4023226944687,0,FEMALE,PhD,Craft-repair,Movies,wife,94703.02068290944,87235.89522039132,B,C,B,B,C,2692.5957030959844,0
1918,3,38,CA,250/500,2000,1141.1389959908665,1000000,FEMALE,High School,Adm-clerical,Chess,other-relative,95713.01214798378,15504.067091016339,C,B,B,A,B,3748.253761501492,0
1919,393,35,TX,100/300,500,732.3315876701338,0,FEMALE,JD,Machine-op-inspct,Chess,other-relative,69941.24700962573,25674.853335247306,C,C,B,C,B,8923.651209803706,0
1920,14,55,IL,500/1000,500,1323.2915014047612,0,FEMALE,PhD,Prof-specialty,Exercise,husband,95869.90067141918,77880.50727006614,C,C,A,A,B,9893.9017573651,0
1921,440,72,FL,250/500,2000,1024.0271190037301,0,FEMALE,Masters,Craft-repair,Movies,unmarried,36318.36037916232,48664.07237814607,C,B,C,A,C,5303.398807794759,1
1922,258,36,NY,500/1000,2000,1429.94922664789,1000000,FEMALE,College,Exec-managerial,Camping,not-in-family,18536.639918464003,62469.42928779038,A,C,B,A,A,702.3117596517126,0
1923,423,40,IL,250/500,500,1674.9791200438203,0,FEMALE,High School,Adm-clerical,Movies,unmarried,18248.876974710303,41305.460250060874,C,A,B,A,B,254.32669411444496,1
1924,353,71,FL,250/500,500,512.0037635653927,0,FEMALE,PhD,Adm-clerical,Camping,husband,53581.587575880905,41660.67494622041,A,A,A,C,B,8817.18220320317,0
1925,454,40,NY,250/500,1000,1025.6174537802974,0,MALE,JD,Machine-op-inspct,Camping,not-in-family,18723.439959576404,97817.03468007703,C,B,B,B,C,2519.706333579105,0
1926,227,51,FL,100/300,1000,1042.6098556847444,0,MALE,PhD,Craft-repair,Exercise,own-child,18423.637658929838,93713.67723787311,A,B,B,C,A,9257.293346791164,0
1927,471,18,NY,250/500,1000,1266.7777873160694,0,FEMALE,High School,Adm-clerical,Chess,own-child,86742.39367064855,66744.33722384958,B,C,A,A,A,515.8814215287296,0
1928,418,65,IL,500/1000,1000,1601.4334896275473,0,MALE,PhD,Craft-repair,Movies,wife,35517.994751114966,26213.531155272707,C,A,C,C,A,669.659266908497,1
1929,331,25,FL,500/1000,2000,1312.0328949894842,1000000,FEMALE,High School,Craft-repair,Camping,wife,70940.89834717779,79030.34207325034,C,C,B,B,C,6519.040953309035,0
1930,350,25,NY,100/300,500,1323.6655188016857,0,FEMALE,JD,Prof-specialty,Exercise,husband,92401.311213517,55022.65343463614,B,C,C,C,A,7217.076541807113,0
1931,97,42,CA,500/1000,1000,1372.0635936421934,1000000,FEMALE,High School,Adm-clerical,Reading,wife,28106.609465185073,63106.058057829214,B,B,A,B,C,2548.320485514137,1
1932,92,57,CA,250/500,2000,1400.745109732285,0,FEMALE,College,Machine-op-inspct,Reading,not-in-family,46821.594740644054,61058.68989070257,A,C,A,C,C,7375.514663799298,1
1933,169,24,IL,100/300,500,582.0245217484551,0,FEMALE,High School,Adm-clerical,Reading,unmarried,66789.80045748268,3511.3541687015527,A,A,A,C,C,2072.2691916071863,0
1934,109,33,TX,500/1000,2000,1576.0142226655719,0,MALE,JD,Craft-repair,Chess,own-child,19352.050453518532,16677.989208667077,A,C,A,B,B,2222.731903333458,0
1935,377,68,IL,250/500,2000,706.2733029809585,1000000,FEMALE,College,Machine-op-inspct,Exercise,unmarried,59959.26483259325,39525.584996210484,C,A,A,A,C,3405.5357552882288,0
1936,80,52,FL,100/300,2000,711.7070094373496,0,MALE,High School,Exec-managerial,Chess,own-child,98332.74065685685,6217.023325314486,A,B,A,C,C,118.54313864959957,0
1937,121,34,TX,500/1000,500,1609.28883542772,0,FEMALE,PhD,Machine-op-inspct,Chess,other-relative,97296.03097970516,69782.94973340674,C,C,C,A,C,3706.7546968242013,0
1938,71,65,CA,100/300,1000,1431.5142390148235,0,FEMALE,Masters,Exec-managerial,Camping,other-relative,65468.96373361745,22269.038570129997,B,A,C,B,C,6295.109268566124,0
1939,291,39,CA,500/1000,500,675.35419893275,0,FEMALE,High School,Machine-op-inspct,Chess,wife,40221.96115336039,93390.62516474801,C,A,C,B,B,9943.196693664042,0
1940,74,44,IL,250/500,500,1850.206405132444,0,MALE,College,Exec-managerial,Movies,other-relative,22136.055775597062,88637.76582404878,B,C,A,C,C,4478.330994254556,0
1941,165,54,IL,250/500,500,1702.57610642158,0,MALE,High School,Adm-clerical,Reading,unmarried,84886.89600284613,60838.670528922325,B,A,A,B,B,1480.2247841748028,0
1942,370,28,CA,250/500,1000,1307.2088884643774,0,FEMALE,PhD,Exec-managerial,Exercise,wife,66648.2857208997,22912.401476062594,B,C,A,C,C,9085.452222471537,0
1943,413,20,IL,100/300,1000,1269.3150489402417,2000000,MALE,Masters,Exec-managerial,Reading,wife,80568.55310774138,63968.5146839229,A,B,A,C,A,6702.32455000596,0
1944,63,31,NY,250/500,2000,1511.3477523291863,0,FEMALE,High School,Machine-op-inspct,Chess,own-child,88862.82966058474,15050.718805125829,A,C,A,A,C,5939.178523124992,0
1945,282,71,IL,100/300,1000,929.8340536678704,0,FEMALE,PhD,Exec-managerial,Chess,husband,96713.17557363553,46221.718092097675,A,A,C,A,B,958.8655454974119,0
1946,133,35,TX,250/500,500,1540.8586132090995,0,MALE,JD,Machine-op-inspct,Exercise,husband,11364.410986456185,30633.176480178357,C,C,C,B,A,1121.7759444572637,0
1947,246,74,CA,250/500,2000,1728.334957162155,0,FEMALE,College,Machine-op-inspct,Chess,wife,42248.33219931204,32851.12793712482,A,A,B,B,B,9478.829174103514,0
1948,104,72,FL,250/500,2000,617.8594205210021,0,MALE,College,Prof-specialty,Exercise,wife,60545.726040254485,28793.95269660052,C,C,C,B,C,6823.269100486388,1
1949,150,26,CA,500/1000,2000,674.6906876913931,1000000,FEMALE,JD,Craft-repair,Camping,other-relative,11314.952316756133,27580.14248168985,B,C,C,A,B,8427.030922859522,0
1950,235,74,TX,500/1000,2000,1154.7332757664217,0,MALE,Masters,Adm-clerical,Movies,not-in-family,10639.431204750672,49410.11873434985,A,B,A,A,A,884.2398630273952,0
1951,282,25,IL,250/500,2000,1512.2646836239603,1000000,MALE,Masters,Prof-specialty,Reading,wife,215.9519942367627,34991.0785314965,A,B,B,B,C,9502.602062165117,0
1952,280,21,FL,500/1000,500,997.2928665284635,0,FEMALE,College,Exec-managerial,Chess,other-relative,65294.73856796323,25042.179775274555,A,A,C,A,A,6083.99973764928,0
1953,464,67,CA,100/300,1000,1121.759169485324,0,FEMALE,JD,Machine-op-inspct,Exercise,unmarried,62105.89543116911,22486.43541792553,B,A,C,C,B,7101.099564044979,0
1954,405,18,NY,250/500,1000,1152.160402030131,0,MALE,College,Adm-clerical,Movies,own-child,44016.500252533544,78377.79226384975,B,B,B,C,B,4338.172618218764,0
1955,364,74,NY,250/500,1000,1148.615305032236,0,MALE,College,Craft-repair,Camping,other-relative,20239.265376626492,10880.069757275201,A,B,B,A,B,781.5426353561135,1
1956,368,31,CA,100/300,1000,1620.211820988655,0,FEMALE,Masters,Exec-managerial,Exercise,own-child,30765.574236520242,37853.13182585509,A,A,B,A,C,7101.44032180966,0
1957,372,64,IL,100/300,500,1034.5940737064916,0,FEMALE,High School,Craft-repair,Reading,unmarried,64447.49497990757,76042.38486570457,A,B,A,B,A,5701.450220021277,0
1958,277,43,NY,500/1000,500,1848.789831276272,1000000,MALE,College,Adm-clerical,Exercise,own-child,44036.055783000775,18519.555452770754,B,C,C,C,B,2106.831654841201,0
1959,380,52,NY,100/300,1000,851.4133233576986,0,MALE,College,Craft-repair,Movies,not-in-family,97247.7391034478,34239.58859913991,C,C,B,B,B,4182.84868430713,0
1960,231,72,FL,100/300,1000,1897.7360956056984,0,FEMALE,PhD,Prof-specialty,Movies,not-in-family,65968.9479070291,2194.276427155906,A,A,B,C,A,7971.877498665407,0
1961,45,62,NY,250/500,1000,687.4393061671735,0,MALE,JD,Prof-specialty,Chess,other-relative,50426.9270245118,75838.13061935552,A,A,C,B,C,7421.75906316086,1
1962,499,56,IL,250/500,1000,1294.1277452481138,5000000,MALE,JD,Exec-managerial,Chess,husband,3904.7688057497253,78468.95624786272,B,A,B,B,C,8913.743736193552,0
1963,446,26,CA,100/300,500,828.6822639955676,2000000,FEMALE,Masters,Machine-op-inspct,Movies,wife,68284.64150990943,55498.31608219383,C,A,B,B,C,2304.3534701045533,0
1964,432,25,NY,500/1000,500,1748.3022229472745,0,FEMALE,JD,Exec-managerial,Movies,own-child,56927.89858834918,64106.5536604208,A,C,A,A,A,5953.744782721207,0
1965,186,63,NY,100/300,500,1836.1837173664087,1000000,FEMALE,College,Adm-clerical,Reading,other-relative,63298.89589275296,21206.67557639375,C,A,B,B,A,9967.457367502175,0
1966,306,38,IL,500/1000,1000,1167.1194251911124,1000000,MALE,College,Machine-op-inspct,Movies,husband,39062.929517945435,66857.08008726653,A,B,C,C,B,4555.922791460405,0
1967,491,60,TX,100/300,2000,1054.9887979643677,0,FEMALE,JD,Adm-clerical,Exercise,unmarried,52532.0362252167,84103.71442602806,C,C,B,A,C,1205.467157570599,0
1968,344,49,NY,500/1000,500,576.5405503306424,5000000,MALE,Masters,Adm-clerical,Reading,other-relative,92290.14964581496,18988.919134142823,B,B,C,B,C,4211.288433018608,0
1969,26,24,IL,100/300,500,1184.6008311702249,0,MALE,College,Adm-clerical,Exercise,wife,21628.069321615894,75376.64362317653,B,A,A,C,C,8860.152076527325,0
1970,267,33,TX,500/1000,1000,500.54608852886463,0,FEMALE,JD,Prof-specialty,Movies,not-in-family,21028.184755477596,65908.37684940902,A,C,C,B,C,4194.839955635485,0
1971,197,49,FL,250/500,500,1323.0939069540232,2000000,FEMALE,PhD,Exec-managerial,Exercise,husband,2677.199418816478,42646.22014666288,A,B,B,B,C,3932.5540641545085,0
1972,304,49,NY,500/1000,500,1787.3549202966283,2000000,MALE,PhD,Craft-repair,Exercise,other-relative,32467.092065776003,158.13204092653964,C,C,B,B,A,274.9164930893413,0
1973,79,67,FL,100/300,2000,1814.3644071867666,5000000,FEMALE,High School,Machine-op-inspct,Chess,other-relative,83926.24874776056,82444.88384104588,A,B,B,B,A,5390.785247504213,0
1974,188,72,IL,500/1000,2000,1061.9747896502884,0,MALE,College,Adm-clerical,Chess,wife,25638.140184810454,34439.91438956009,A,C,C,C,A,9959.062258164071,0
1975,174,52,CA,100/300,1000,1359.2836804239128,1000000,MALE,JD,Craft-repair,Camping,wife,84243.94617666863,5965.087905797451,A,A,B,A,C,2407.014082010036,1
1976,84,70,FL,500/1000,500,991.0445491960555,0,MALE,High School,Craft-repair,Chess,not-in-family,56353.34086530447,74971.57940755037,A,C,C,A,C,7603.357619046629,1
1977,351,27,NY,500/1000,1000,1887.5967281728344,0,FEMALE,Masters,Machine-op-inspct,Camping,wife,18281.348196073788,91406.2784116519,A,B,C,C,A,1618.119376686283,0
1978,251,49,TX,250/500,1000,1472.710212580377,0,MALE,PhD,Exec-managerial,Movies,own-child,12971.760815583644,36306.32748359751,B,C,B,B,B,3678.31032084452,0
1979,217,40,NY,100/300,500,1225.6169425148723,0,FEMALE,Masters,Exec-managerial,Chess,not-in-family,68498.46820544222,57135.7624411207,C,A,B,C,A,5871.853570168597,0
1980,340,37,FL,250/500,1000,682.0072311884501,0,MALE,PhD,Machine-op-inspct,Camping,husband,22947.06515520475,41942.13134319537,C,A,B,A,A,2267.157210046184,0
1981,389,18,NY,500/1000,500,710.5892496680899,0,MALE,College,Exec-managerial,Reading,husband,92928.71293025358,31038.892833820697,A,A,A,A,A,3659.0713871279036,0
1982,229,53,CA,250/500,500,1786.1835742128394,2000000,FEMALE,Masters,Machine-op-inspct,Camping,own-child,81291.01502798076,84611.55809430091,A,B,C,B,C,8877.613442442887,0
1983,289,48,TX,250/500,1000,665.6025445186149,2000000,MALE,Masters,Machine-op-inspct,Reading,other-relative,81957.89293945824,7862.023843275745,B,C,C,B,B,888.0968536781926,1
1984,16,24,FL,250/500,500,702.4716836037856,0,MALE,PhD,Prof-specialty,Reading,not-in-family,4882.785144050894,21238.29458435972,C,B,B,B,A,8862.48132944066,1
1985,401,72,NY,100/300,2000,902.3145348619423,0,FEMALE,Masters,Machine-op-inspct,Reading,unmarried,24166.327443509716,17092.163017834726,C,C,C,B,A,2897.3643906817824,1
1986,80,65,FL,250/500,2000,753.7823005154622,0,MALE,Masters,Machine-op-inspct,Reading,wife,42107.97115063459,91054.09736375774,A,B,A,C,B,1052.7598463857594,0
1987,330,44,TX,500/1000,1000,1735.388343482705,5000000,MALE,PhD,Exec-managerial,Exercise,other-relative,24461.182358308175,79878.20614733615,A,B,A,C,A,4870.009597113835,1
1988,168,19,CA,500/1000,2000,509.3634841055984,0,FEMALE,PhD,Exec-managerial,Reading,husband,32637.384278479298,75124.49288786505,A,B,A,C,A,2814.9559282540185,1
1989,128,45,CA,500/1000,1000,1772.1069773620218,2000000,MALE,Masters,Craft-repair,Exercise,husband,14456.324077076011,97963.04190873419,C,B,C,B,C,9683.68276203399,1
1990,280,69,IL,500/1000,1000,1138.5409679674062,0,FEMALE,High School,Craft-repair,Exercise,unmarried,12234.095395385191,14736.270856438716,B,A,C,B,A,2625.825342334636,0
1991,364,51,CA,500/1000,500,1577.0812321210944,0,MALE,Masters,Prof-specialty,Exercise,not-in-family,36686.13772694655,45032.7439287058,C,B,B,A,C,8711.514913282803,1
1992,46,39,TX,100/300,2000,1077.7438057239247,0,MALE,College,Machine-op-inspct,Chess,own-child,91386.37810783155,74894.85562780642,C,C,B,B,C,9706.085646459744,0
1993,51,27,FL,250/500,1000,1874.572995361537,5000000,FEMALE,College,Adm-clerical,Camping,husband,88037.34175183163,69159.11659900741,A,A,A,C,A,3708.4677655005457,1
1994,398,40,CA,100/300,1000,882.6516424620827,1000000,MALE,High School,Craft-repair,Camping,other-relative,53710.03457277278,17328.511223004596,B,C,C,C,B,3753.16340649953,0
1995,418,67,CA,500/1000,500,831.231831806525,0,MALE,College,Machine-op-inspct,Movies,unmarried,69550.50892102314,74561.52820144054,A,A,A,C,A,8848.393286042277,0
1996,203,36,CA,100/300,500,1683.54673638859,0,MALE,Masters,Exec-managerial,Exercise,unmarried,32562.713406834322,44564.371093591006,B,C,A,C,A,4800.004116803907,0
1997,104,57,NY,250/500,500,513.7553688167983,0,FEMALE,PhD,Machine-op-inspct,Reading,not-in-family,14483.578042374245,83306.4318072346,C,C,C,B,B,7095.842477882174,0
1998,277,61,IL,250/500,500,587.3226513586144,0,MALE,College,Machine-op-inspct,Movies,wife,6033.552303308232,15587.879101016,C,B,A,B,B,4690.704488820047,0
1999,303,63,CA,500/1000,1000,893.484890278717,0,FEMALE,College,Exec-managerial,Camping,not-in-family,44946.17396295321,65893.48792901933,B,A,B,B,B,3984.1034092572445,0
2000,342,61,CA,500/1000,1000,1678.283323855302,0,MALE,JD,Craft-repair,Camping,husband,47563.030223755086,7095.236665930971,A,B,C,A,B,9304.404178319184,0
